adjuster_id,capacity_days,day,claim_id,modality,effective_progress_per_day,productivity_loss_abs,assigned_flag
45899542,1.0,1,,,,,0
45899542,1.0,2,,,,,0
45899542,1.0,3,,,,,0
45899542,1.0,4,,,,,0
45899542,1.0,5,,,,,0
45899542,1.0,6,,,,,0
45899542,1.0,7,,,,,0
45899542,1.0,8,,,,,0
45899542,1.0,9,,,,,0
45899542,1.0,10,,,,,0
45899542,1.0,11,,,,,0
45899542,1.0,12,,,,,0
45899542,1.0,13,,,,,0
45899542,1.0,14,,,,,0
45899542,1.0,15,,,,,0
45899542,1.0,16,,,,,0
45899542,1.0,17,,,,,0
45899542,1.0,18,,,,,0
45899542,1.0,19,,,,,0
45899542,1.0,20,,,,,0
45899542,1.0,21,,,,,0
45899542,1.0,22,,,,,0
45899542,1.0,23,,,,,0
45899542,1.0,24,,,,,0
45899542,1.0,25,,,,,0
45899542,1.0,26,,,,,0
45899542,1.0,27,,,,,0
45899542,1.0,28,,,,,0
45899542,1.0,29,,,,,0
45899542,1.0,30,,,,,0
45899542,1.0,31,,,,,0
45899542,1.0,32,,,,,0
45899542,1.0,33,,,,,0
45899542,1.0,34,,,,,0
45899542,1.0,35,,,,,0
45899542,1.0,36,,,,,0
45899542,1.0,37,,,,,0
45899542,1.0,38,,,,,0
45899542,1.0,39,,,,,0
45899542,1.0,40,,,,,0
45899542,1.0,41,,,,,0
45899542,1.0,42,,,,,0
45899542,1.0,43,,,,,0
45899542,1.0,44,,,,,0
45899542,1.0,45,,,,,0
45899542,1.0,46,,,,,0
45899542,1.0,47,,,,,0
45899542,1.0,48,,,,,0
45899542,1.0,49,,,,,0
45899542,1.0,50,,,,,0
45899542,1.0,51,,,,,0
45899542,1.0,52,,,,,0
45899542,1.0,53,,,,,0
45899542,1.0,54,,,,,0
45899542,1.0,55,,,,,0
45899542,1.0,56,,,,,0
45899542,1.0,57,,,,,0
45899542,1.0,58,,,,,0
45899542,1.0,59,,,,,0
45899542,1.0,60,,,,,0
41040719,1.0,1,,,,,0
41040719,1.0,2,,,,,0
41040719,1.0,3,,,,,0
41040719,1.0,4,,,,,0
41040719,1.0,5,,,,,0
41040719,1.0,6,,,,,0
41040719,1.0,7,,,,,0
41040719,1.0,8,,,,,0
41040719,1.0,9,,,,,0
41040719,1.0,10,,,,,0
41040719,1.0,11,,,,,0
41040719,1.0,12,,,,,0
41040719,1.0,13,,,,,0
41040719,1.0,14,,,,,0
41040719,1.0,15,,,,,0
41040719,1.0,16,,,,,0
41040719,1.0,17,,,,,0
41040719,1.0,18,,,,,0
41040719,1.0,19,,,,,0
41040719,1.0,20,,,,,0
41040719,1.0,21,,,,,0
41040719,1.0,22,,,,,0
41040719,1.0,23,,,,,0
41040719,1.0,24,,,,,0
41040719,1.0,25,,,,,0
41040719,1.0,26,,,,,0
41040719,1.0,27,,,,,0
41040719,1.0,28,,,,,0
41040719,1.0,29,,,,,0
41040719,1.0,30,,,,,0
41040719,1.0,31,,,,,0
41040719,1.0,32,,,,,0
41040719,1.0,33,,,,,0
41040719,1.0,34,,,,,0
41040719,1.0,35,,,,,0
41040719,1.0,36,,,,,0
41040719,1.0,37,,,,,0
41040719,1.0,38,,,,,0
41040719,1.0,39,,,,,0
41040719,1.0,40,,,,,0
41040719,1.0,41,,,,,0
41040719,1.0,42,,,,,0
41040719,1.0,43,,,,,0
41040719,1.0,44,,,,,0
41040719,1.0,45,,,,,0
41040719,1.0,46,,,,,0
41040719,1.0,47,,,,,0
41040719,1.0,48,,,,,0
41040719,1.0,49,,,,,0
41040719,1.0,50,,,,,0
41040719,1.0,51,,,,,0
41040719,1.0,52,,,,,0
41040719,1.0,53,,,,,0
41040719,1.0,54,,,,,0
41040719,1.0,55,,,,,0
41040719,1.0,56,,,,,0
41040719,1.0,57,,,,,0
41040719,1.0,58,,,,,0
41040719,1.0,59,,,,,0
41040719,1.0,60,,,,,0
92150926,1.0,1,,,,,0
92150926,1.0,2,,,,,0
92150926,1.0,3,,,,,0
92150926,1.0,4,,,,,0
92150926,1.0,5,,,,,0
92150926,1.0,6,,,,,0
92150926,1.0,7,,,,,0
92150926,1.0,8,,,,,0
92150926,1.0,9,,,,,0
92150926,1.0,10,,,,,0
92150926,1.0,11,,,,,0
92150926,1.0,12,,,,,0
92150926,1.0,13,,,,,0
92150926,1.0,14,,,,,0
92150926,1.0,15,,,,,0
92150926,1.0,16,,,,,0
92150926,1.0,17,,,,,0
92150926,1.0,18,,,,,0
92150926,1.0,19,,,,,0
92150926,1.0,20,,,,,0
92150926,1.0,21,,,,,0
92150926,1.0,22,,,,,0
92150926,1.0,23,,,,,0
92150926,1.0,24,,,,,0
92150926,1.0,25,,,,,0
92150926,1.0,26,,,,,0
92150926,1.0,27,,,,,0
92150926,1.0,28,,,,,0
92150926,1.0,29,,,,,0
92150926,1.0,30,,,,,0
92150926,1.0,31,,,,,0
92150926,1.0,32,,,,,0
92150926,1.0,33,,,,,0
92150926,1.0,34,,,,,0
92150926,1.0,35,,,,,0
92150926,1.0,36,,,,,0
92150926,1.0,37,,,,,0
92150926,1.0,38,,,,,0
92150926,1.0,39,,,,,0
92150926,1.0,40,,,,,0
92150926,1.0,41,,,,,0
92150926,1.0,42,,,,,0
92150926,1.0,43,,,,,0
92150926,1.0,44,,,,,0
92150926,1.0,45,,,,,0
92150926,1.0,46,,,,,0
92150926,1.0,47,,,,,0
92150926,1.0,48,,,,,0
92150926,1.0,49,,,,,0
92150926,1.0,50,,,,,0
92150926,1.0,51,,,,,0
92150926,1.0,52,,,,,0
92150926,1.0,53,,,,,0
92150926,1.0,54,,,,,0
92150926,1.0,55,,,,,0
92150926,1.0,56,,,,,0
92150926,1.0,57,,,,,0
92150926,1.0,58,,,,,0
92150926,1.0,59,,,,,0
92150926,1.0,60,,,,,0
44312033,1.0,1,,,,,0
44312033,1.0,2,,,,,0
44312033,1.0,3,,,,,0
44312033,1.0,4,,,,,0
44312033,1.0,5,,,,,0
44312033,1.0,6,,,,,0
44312033,1.0,7,,,,,0
44312033,1.0,8,,,,,0
44312033,1.0,9,,,,,0
44312033,1.0,10,,,,,0
44312033,1.0,11,,,,,0
44312033,1.0,12,,,,,0
44312033,1.0,13,,,,,0
44312033,1.0,14,,,,,0
44312033,1.0,15,,,,,0
44312033,1.0,16,,,,,0
44312033,1.0,17,,,,,0
44312033,1.0,18,,,,,0
44312033,1.0,19,,,,,0
44312033,1.0,20,,,,,0
44312033,1.0,21,,,,,0
44312033,1.0,22,,,,,0
44312033,1.0,23,,,,,0
44312033,1.0,24,,,,,0
44312033,1.0,25,,,,,0
44312033,1.0,26,,,,,0
44312033,1.0,27,,,,,0
44312033,1.0,28,,,,,0
44312033,1.0,29,,,,,0
44312033,1.0,30,,,,,0
44312033,1.0,31,,,,,0
44312033,1.0,32,,,,,0
44312033,1.0,33,,,,,0
44312033,1.0,34,,,,,0
44312033,1.0,35,,,,,0
44312033,1.0,36,,,,,0
44312033,1.0,37,,,,,0
44312033,1.0,38,,,,,0
44312033,1.0,39,,,,,0
44312033,1.0,40,,,,,0
44312033,1.0,41,,,,,0
44312033,1.0,42,,,,,0
44312033,1.0,43,,,,,0
44312033,1.0,44,,,,,0
44312033,1.0,45,,,,,0
44312033,1.0,46,,,,,0
44312033,1.0,47,,,,,0
44312033,1.0,48,,,,,0
44312033,1.0,49,,,,,0
44312033,1.0,50,,,,,0
44312033,1.0,51,,,,,0
44312033,1.0,52,,,,,0
44312033,1.0,53,,,,,0
44312033,1.0,54,,,,,0
44312033,1.0,55,,,,,0
44312033,1.0,56,,,,,0
44312033,1.0,57,,,,,0
44312033,1.0,58,,,,,0
44312033,1.0,59,,,,,0
44312033,1.0,60,,,,,0
35541067,1.0,1,,,,,0
35541067,1.0,2,,,,,0
35541067,1.0,3,,,,,0
35541067,1.0,4,,,,,0
35541067,1.0,5,,,,,0
35541067,1.0,6,,,,,0
35541067,1.0,7,,,,,0
35541067,1.0,8,,,,,0
35541067,1.0,9,,,,,0
35541067,1.0,10,,,,,0
35541067,1.0,11,,,,,0
35541067,1.0,12,,,,,0
35541067,1.0,13,,,,,0
35541067,1.0,14,,,,,0
35541067,1.0,15,,,,,0
35541067,1.0,16,,,,,0
35541067,1.0,17,,,,,0
35541067,1.0,18,,,,,0
35541067,1.0,19,,,,,0
35541067,1.0,20,,,,,0
35541067,1.0,21,,,,,0
35541067,1.0,22,,,,,0
35541067,1.0,23,,,,,0
35541067,1.0,24,,,,,0
35541067,1.0,25,,,,,0
35541067,1.0,26,,,,,0
35541067,1.0,27,,,,,0
35541067,1.0,28,,,,,0
35541067,1.0,29,,,,,0
35541067,1.0,30,,,,,0
35541067,1.0,31,,,,,0
35541067,1.0,32,,,,,0
35541067,1.0,33,,,,,0
35541067,1.0,34,,,,,0
35541067,1.0,35,,,,,0
35541067,1.0,36,,,,,0
35541067,1.0,37,,,,,0
35541067,1.0,38,,,,,0
35541067,1.0,39,,,,,0
35541067,1.0,40,,,,,0
35541067,1.0,41,,,,,0
35541067,1.0,42,,,,,0
35541067,1.0,43,,,,,0
35541067,1.0,44,,,,,0
35541067,1.0,45,,,,,0
35541067,1.0,46,,,,,0
35541067,1.0,47,,,,,0
35541067,1.0,48,,,,,0
35541067,1.0,49,,,,,0
35541067,1.0,50,,,,,0
35541067,1.0,51,,,,,0
35541067,1.0,52,,,,,0
35541067,1.0,53,,,,,0
35541067,1.0,54,,,,,0
35541067,1.0,55,,,,,0
35541067,1.0,56,,,,,0
35541067,1.0,57,,,,,0
35541067,1.0,58,,,,,0
35541067,1.0,59,,,,,0
35541067,1.0,60,,,,,0
26898448,1.0,1,,,,,0
26898448,1.0,2,,,,,0
26898448,1.0,3,,,,,0
26898448,1.0,4,,,,,0
26898448,1.0,5,,,,,0
26898448,1.0,6,,,,,0
26898448,1.0,7,,,,,0
26898448,1.0,8,,,,,0
26898448,1.0,9,,,,,0
26898448,1.0,10,,,,,0
26898448,1.0,11,,,,,0
26898448,1.0,12,,,,,0
26898448,1.0,13,,,,,0
26898448,1.0,14,,,,,0
26898448,1.0,15,,,,,0
26898448,1.0,16,,,,,0
26898448,1.0,17,,,,,0
26898448,1.0,18,,,,,0
26898448,1.0,19,,,,,0
26898448,1.0,20,,,,,0
26898448,1.0,21,,,,,0
26898448,1.0,22,,,,,0
26898448,1.0,23,,,,,0
26898448,1.0,24,,,,,0
26898448,1.0,25,,,,,0
26898448,1.0,26,,,,,0
26898448,1.0,27,,,,,0
26898448,1.0,28,,,,,0
26898448,1.0,29,,,,,0
26898448,1.0,30,,,,,0
26898448,1.0,31,,,,,0
26898448,1.0,32,,,,,0
26898448,1.0,33,,,,,0
26898448,1.0,34,,,,,0
26898448,1.0,35,,,,,0
26898448,1.0,36,,,,,0
26898448,1.0,37,,,,,0
26898448,1.0,38,,,,,0
26898448,1.0,39,,,,,0
26898448,1.0,40,,,,,0
26898448,1.0,41,,,,,0
26898448,1.0,42,,,,,0
26898448,1.0,43,,,,,0
26898448,1.0,44,,,,,0
26898448,1.0,45,,,,,0
26898448,1.0,46,,,,,0
26898448,1.0,47,,,,,0
26898448,1.0,48,,,,,0
26898448,1.0,49,,,,,0
26898448,1.0,50,,,,,0
26898448,1.0,51,,,,,0
26898448,1.0,52,,,,,0
26898448,1.0,53,,,,,0
26898448,1.0,54,,,,,0
26898448,1.0,55,,,,,0
26898448,1.0,56,,,,,0
26898448,1.0,57,,,,,0
26898448,1.0,58,,,,,0
26898448,1.0,59,,,,,0
26898448,1.0,60,,,,,0
95170993,1.0,1,,,,,0
95170993,1.0,2,,,,,0
95170993,1.0,3,,,,,0
95170993,1.0,4,,,,,0
95170993,1.0,5,,,,,0
95170993,1.0,6,,,,,0
95170993,1.0,7,,,,,0
95170993,1.0,8,,,,,0
95170993,1.0,9,,,,,0
95170993,1.0,10,,,,,0
95170993,1.0,11,,,,,0
95170993,1.0,12,,,,,0
95170993,1.0,13,,,,,0
95170993,1.0,14,,,,,0
95170993,1.0,15,,,,,0
95170993,1.0,16,,,,,0
95170993,1.0,17,,,,,0
95170993,1.0,18,,,,,0
95170993,1.0,19,,,,,0
95170993,1.0,20,,,,,0
95170993,1.0,21,,,,,0
95170993,1.0,22,,,,,0
95170993,1.0,23,,,,,0
95170993,1.0,24,,,,,0
95170993,1.0,25,,,,,0
95170993,1.0,26,,,,,0
95170993,1.0,27,,,,,0
95170993,1.0,28,,,,,0
95170993,1.0,29,,,,,0
95170993,1.0,30,,,,,0
95170993,1.0,31,,,,,0
95170993,1.0,32,,,,,0
95170993,1.0,33,,,,,0
95170993,1.0,34,,,,,0
95170993,1.0,35,,,,,0
95170993,1.0,36,,,,,0
95170993,1.0,37,,,,,0
95170993,1.0,38,,,,,0
95170993,1.0,39,,,,,0
95170993,1.0,40,,,,,0
95170993,1.0,41,,,,,0
95170993,1.0,42,,,,,0
95170993,1.0,43,,,,,0
95170993,1.0,44,,,,,0
95170993,1.0,45,,,,,0
95170993,1.0,46,,,,,0
95170993,1.0,47,,,,,0
95170993,1.0,48,,,,,0
95170993,1.0,49,,,,,0
95170993,1.0,50,,,,,0
95170993,1.0,51,,,,,0
95170993,1.0,52,,,,,0
95170993,1.0,53,,,,,0
95170993,1.0,54,,,,,0
95170993,1.0,55,,,,,0
95170993,1.0,56,,,,,0
95170993,1.0,57,,,,,0
95170993,1.0,58,,,,,0
95170993,1.0,59,,,,,0
95170993,1.0,60,,,,,0
25807176,1.0,1,,,,,0
25807176,1.0,2,,,,,0
25807176,1.0,3,,,,,0
25807176,1.0,4,,,,,0
25807176,1.0,5,,,,,0
25807176,1.0,6,,,,,0
25807176,1.0,7,,,,,0
25807176,1.0,8,,,,,0
25807176,1.0,9,,,,,0
25807176,1.0,10,,,,,0
25807176,1.0,11,,,,,0
25807176,1.0,12,,,,,0
25807176,1.0,13,,,,,0
25807176,1.0,14,,,,,0
25807176,1.0,15,,,,,0
25807176,1.0,16,,,,,0
25807176,1.0,17,,,,,0
25807176,1.0,18,,,,,0
25807176,1.0,19,,,,,0
25807176,1.0,20,,,,,0
25807176,1.0,21,,,,,0
25807176,1.0,22,,,,,0
25807176,1.0,23,,,,,0
25807176,1.0,24,,,,,0
25807176,1.0,25,,,,,0
25807176,1.0,26,,,,,0
25807176,1.0,27,,,,,0
25807176,1.0,28,,,,,0
25807176,1.0,29,,,,,0
25807176,1.0,30,,,,,0
25807176,1.0,31,,,,,0
25807176,1.0,32,,,,,0
25807176,1.0,33,,,,,0
25807176,1.0,34,,,,,0
25807176,1.0,35,,,,,0
25807176,1.0,36,,,,,0
25807176,1.0,37,,,,,0
25807176,1.0,38,,,,,0
25807176,1.0,39,,,,,0
25807176,1.0,40,,,,,0
25807176,1.0,41,,,,,0
25807176,1.0,42,,,,,0
25807176,1.0,43,,,,,0
25807176,1.0,44,,,,,0
25807176,1.0,45,,,,,0
25807176,1.0,46,,,,,0
25807176,1.0,47,,,,,0
25807176,1.0,48,,,,,0
25807176,1.0,49,,,,,0
25807176,1.0,50,,,,,0
25807176,1.0,51,,,,,0
25807176,1.0,52,,,,,0
25807176,1.0,53,,,,,0
25807176,1.0,54,,,,,0
25807176,1.0,55,,,,,0
25807176,1.0,56,,,,,0
25807176,1.0,57,,,,,0
25807176,1.0,58,,,,,0
25807176,1.0,59,,,,,0
25807176,1.0,60,,,,,0
73124359,1.0,1,,,,,0
73124359,1.0,2,,,,,0
73124359,1.0,3,,,,,0
73124359,1.0,4,,,,,0
73124359,1.0,5,,,,,0
73124359,1.0,6,,,,,0
73124359,1.0,7,,,,,0
73124359,1.0,8,,,,,0
73124359,1.0,9,,,,,0
73124359,1.0,10,,,,,0
73124359,1.0,11,,,,,0
73124359,1.0,12,,,,,0
73124359,1.0,13,,,,,0
73124359,1.0,14,,,,,0
73124359,1.0,15,,,,,0
73124359,1.0,16,,,,,0
73124359,1.0,17,,,,,0
73124359,1.0,18,,,,,0
73124359,1.0,19,,,,,0
73124359,1.0,20,,,,,0
73124359,1.0,21,,,,,0
73124359,1.0,22,,,,,0
73124359,1.0,23,,,,,0
73124359,1.0,24,,,,,0
73124359,1.0,25,,,,,0
73124359,1.0,26,,,,,0
73124359,1.0,27,,,,,0
73124359,1.0,28,,,,,0
73124359,1.0,29,,,,,0
73124359,1.0,30,,,,,0
73124359,1.0,31,,,,,0
73124359,1.0,32,,,,,0
73124359,1.0,33,,,,,0
73124359,1.0,34,,,,,0
73124359,1.0,35,,,,,0
73124359,1.0,36,,,,,0
73124359,1.0,37,,,,,0
73124359,1.0,38,,,,,0
73124359,1.0,39,,,,,0
73124359,1.0,40,,,,,0
73124359,1.0,41,,,,,0
73124359,1.0,42,,,,,0
73124359,1.0,43,,,,,0
73124359,1.0,44,,,,,0
73124359,1.0,45,,,,,0
73124359,1.0,46,,,,,0
73124359,1.0,47,,,,,0
73124359,1.0,48,,,,,0
73124359,1.0,49,,,,,0
73124359,1.0,50,,,,,0
73124359,1.0,51,,,,,0
73124359,1.0,52,,,,,0
73124359,1.0,53,,,,,0
73124359,1.0,54,,,,,0
73124359,1.0,55,,,,,0
73124359,1.0,56,,,,,0
73124359,1.0,57,,,,,0
73124359,1.0,58,,,,,0
73124359,1.0,59,,,,,0
73124359,1.0,60,,,,,0
76537144,1.0,1,,,,,0
76537144,1.0,2,,,,,0
76537144,1.0,3,,,,,0
76537144,1.0,4,,,,,0
76537144,1.0,5,,,,,0
76537144,1.0,6,,,,,0
76537144,1.0,7,,,,,0
76537144,1.0,8,,,,,0
76537144,1.0,9,,,,,0
76537144,1.0,10,,,,,0
76537144,1.0,11,,,,,0
76537144,1.0,12,,,,,0
76537144,1.0,13,,,,,0
76537144,1.0,14,,,,,0
76537144,1.0,15,,,,,0
76537144,1.0,16,,,,,0
76537144,1.0,17,,,,,0
76537144,1.0,18,,,,,0
76537144,1.0,19,,,,,0
76537144,1.0,20,,,,,0
76537144,1.0,21,,,,,0
76537144,1.0,22,,,,,0
76537144,1.0,23,,,,,0
76537144,1.0,24,,,,,0
76537144,1.0,25,,,,,0
76537144,1.0,26,,,,,0
76537144,1.0,27,,,,,0
76537144,1.0,28,,,,,0
76537144,1.0,29,,,,,0
76537144,1.0,30,,,,,0
76537144,1.0,31,,,,,0
76537144,1.0,32,,,,,0
76537144,1.0,33,,,,,0
76537144,1.0,34,,,,,0
76537144,1.0,35,,,,,0
76537144,1.0,36,,,,,0
76537144,1.0,37,,,,,0
76537144,1.0,38,,,,,0
76537144,1.0,39,,,,,0
76537144,1.0,40,,,,,0
76537144,1.0,41,,,,,0
76537144,1.0,42,,,,,0
76537144,1.0,43,,,,,0
76537144,1.0,44,,,,,0
76537144,1.0,45,,,,,0
76537144,1.0,46,,,,,0
76537144,1.0,47,,,,,0
76537144,1.0,48,,,,,0
76537144,1.0,49,,,,,0
76537144,1.0,50,,,,,0
76537144,1.0,51,,,,,0
76537144,1.0,52,,,,,0
76537144,1.0,53,,,,,0
76537144,1.0,54,,,,,0
76537144,1.0,55,,,,,0
76537144,1.0,56,,,,,0
76537144,1.0,57,,,,,0
76537144,1.0,58,,,,,0
76537144,1.0,59,,,,,0
76537144,1.0,60,,,,,0
75100794,1.0,1,,,,,0
75100794,1.0,2,,,,,0
75100794,1.0,3,,,,,0
75100794,1.0,4,,,,,0
75100794,1.0,5,,,,,0
75100794,1.0,6,,,,,0
75100794,1.0,7,,,,,0
75100794,1.0,8,,,,,0
75100794,1.0,9,,,,,0
75100794,1.0,10,,,,,0
75100794,1.0,11,,,,,0
75100794,1.0,12,,,,,0
75100794,1.0,13,,,,,0
75100794,1.0,14,,,,,0
75100794,1.0,15,,,,,0
75100794,1.0,16,,,,,0
75100794,1.0,17,,,,,0
75100794,1.0,18,,,,,0
75100794,1.0,19,,,,,0
75100794,1.0,20,,,,,0
75100794,1.0,21,,,,,0
75100794,1.0,22,,,,,0
75100794,1.0,23,,,,,0
75100794,1.0,24,,,,,0
75100794,1.0,25,,,,,0
75100794,1.0,26,,,,,0
75100794,1.0,27,,,,,0
75100794,1.0,28,,,,,0
75100794,1.0,29,,,,,0
75100794,1.0,30,,,,,0
75100794,1.0,31,,,,,0
75100794,1.0,32,,,,,0
75100794,1.0,33,,,,,0
75100794,1.0,34,,,,,0
75100794,1.0,35,,,,,0
75100794,1.0,36,,,,,0
75100794,1.0,37,,,,,0
75100794,1.0,38,,,,,0
75100794,1.0,39,,,,,0
75100794,1.0,40,,,,,0
75100794,1.0,41,,,,,0
75100794,1.0,42,,,,,0
75100794,1.0,43,,,,,0
75100794,1.0,44,,,,,0
75100794,1.0,45,,,,,0
75100794,1.0,46,,,,,0
75100794,1.0,47,,,,,0
75100794,1.0,48,,,,,0
75100794,1.0,49,,,,,0
75100794,1.0,50,,,,,0
75100794,1.0,51,,,,,0
75100794,1.0,52,,,,,0
75100794,1.0,53,,,,,0
75100794,1.0,54,,,,,0
75100794,1.0,55,,,,,0
75100794,1.0,56,,,,,0
75100794,1.0,57,,,,,0
75100794,1.0,58,,,,,0
75100794,1.0,59,,,,,0
75100794,1.0,60,,,,,0
64042219,1.0,1,,,,,0
64042219,1.0,2,,,,,0
64042219,1.0,3,,,,,0
64042219,1.0,4,,,,,0
64042219,1.0,5,,,,,0
64042219,1.0,6,,,,,0
64042219,1.0,7,,,,,0
64042219,1.0,8,,,,,0
64042219,1.0,9,,,,,0
64042219,1.0,10,,,,,0
64042219,1.0,11,,,,,0
64042219,1.0,12,,,,,0
64042219,1.0,13,,,,,0
64042219,1.0,14,,,,,0
64042219,1.0,15,,,,,0
64042219,1.0,16,,,,,0
64042219,1.0,17,,,,,0
64042219,1.0,18,,,,,0
64042219,1.0,19,,,,,0
64042219,1.0,20,,,,,0
64042219,1.0,21,,,,,0
64042219,1.0,22,,,,,0
64042219,1.0,23,,,,,0
64042219,1.0,24,,,,,0
64042219,1.0,25,,,,,0
64042219,1.0,26,,,,,0
64042219,1.0,27,,,,,0
64042219,1.0,28,,,,,0
64042219,1.0,29,,,,,0
64042219,1.0,30,,,,,0
64042219,1.0,31,,,,,0
64042219,1.0,32,,,,,0
64042219,1.0,33,,,,,0
64042219,1.0,34,,,,,0
64042219,1.0,35,,,,,0
64042219,1.0,36,,,,,0
64042219,1.0,37,,,,,0
64042219,1.0,38,,,,,0
64042219,1.0,39,,,,,0
64042219,1.0,40,,,,,0
64042219,1.0,41,,,,,0
64042219,1.0,42,,,,,0
64042219,1.0,43,,,,,0
64042219,1.0,44,,,,,0
64042219,1.0,45,,,,,0
64042219,1.0,46,,,,,0
64042219,1.0,47,,,,,0
64042219,1.0,48,,,,,0
64042219,1.0,49,,,,,0
64042219,1.0,50,,,,,0
64042219,1.0,51,,,,,0
64042219,1.0,52,,,,,0
64042219,1.0,53,,,,,0
64042219,1.0,54,,,,,0
64042219,1.0,55,,,,,0
64042219,1.0,56,,,,,0
64042219,1.0,57,,,,,0
64042219,1.0,58,,,,,0
64042219,1.0,59,,,,,0
64042219,1.0,60,,,,,0
89172774,1.0,1,,,,,0
89172774,1.0,2,,,,,0
89172774,1.0,3,,,,,0
89172774,1.0,4,,,,,0
89172774,1.0,5,,,,,0
89172774,1.0,6,,,,,0
89172774,1.0,7,,,,,0
89172774,1.0,8,,,,,0
89172774,1.0,9,,,,,0
89172774,1.0,10,,,,,0
89172774,1.0,11,,,,,0
89172774,1.0,12,,,,,0
89172774,1.0,13,,,,,0
89172774,1.0,14,,,,,0
89172774,1.0,15,,,,,0
89172774,1.0,16,,,,,0
89172774,1.0,17,,,,,0
89172774,1.0,18,,,,,0
89172774,1.0,19,,,,,0
89172774,1.0,20,,,,,0
89172774,1.0,21,,,,,0
89172774,1.0,22,,,,,0
89172774,1.0,23,,,,,0
89172774,1.0,24,,,,,0
89172774,1.0,25,,,,,0
89172774,1.0,26,,,,,0
89172774,1.0,27,,,,,0
89172774,1.0,28,,,,,0
89172774,1.0,29,,,,,0
89172774,1.0,30,,,,,0
89172774,1.0,31,,,,,0
89172774,1.0,32,,,,,0
89172774,1.0,33,,,,,0
89172774,1.0,34,,,,,0
89172774,1.0,35,,,,,0
89172774,1.0,36,,,,,0
89172774,1.0,37,,,,,0
89172774,1.0,38,,,,,0
89172774,1.0,39,,,,,0
89172774,1.0,40,,,,,0
89172774,1.0,41,,,,,0
89172774,1.0,42,,,,,0
89172774,1.0,43,,,,,0
89172774,1.0,44,,,,,0
89172774,1.0,45,,,,,0
89172774,1.0,46,,,,,0
89172774,1.0,47,,,,,0
89172774,1.0,48,,,,,0
89172774,1.0,49,,,,,0
89172774,1.0,50,,,,,0
89172774,1.0,51,,,,,0
89172774,1.0,52,,,,,0
89172774,1.0,53,,,,,0
89172774,1.0,54,,,,,0
89172774,1.0,55,,,,,0
89172774,1.0,56,,,,,0
89172774,1.0,57,,,,,0
89172774,1.0,58,,,,,0
89172774,1.0,59,,,,,0
89172774,1.0,60,,,,,0
45488039,1.0,1,,,,,0
45488039,1.0,2,,,,,0
45488039,1.0,3,,,,,0
45488039,1.0,4,,,,,0
45488039,1.0,5,,,,,0
45488039,1.0,6,,,,,0
45488039,1.0,7,,,,,0
45488039,1.0,8,,,,,0
45488039,1.0,9,,,,,0
45488039,1.0,10,,,,,0
45488039,1.0,11,,,,,0
45488039,1.0,12,,,,,0
45488039,1.0,13,,,,,0
45488039,1.0,14,,,,,0
45488039,1.0,15,,,,,0
45488039,1.0,16,,,,,0
45488039,1.0,17,,,,,0
45488039,1.0,18,,,,,0
45488039,1.0,19,,,,,0
45488039,1.0,20,,,,,0
45488039,1.0,21,,,,,0
45488039,1.0,22,,,,,0
45488039,1.0,23,,,,,0
45488039,1.0,24,,,,,0
45488039,1.0,25,,,,,0
45488039,1.0,26,,,,,0
45488039,1.0,27,,,,,0
45488039,1.0,28,,,,,0
45488039,1.0,29,,,,,0
45488039,1.0,30,,,,,0
45488039,1.0,31,,,,,0
45488039,1.0,32,,,,,0
45488039,1.0,33,,,,,0
45488039,1.0,34,,,,,0
45488039,1.0,35,,,,,0
45488039,1.0,36,,,,,0
45488039,1.0,37,,,,,0
45488039,1.0,38,,,,,0
45488039,1.0,39,,,,,0
45488039,1.0,40,,,,,0
45488039,1.0,41,,,,,0
45488039,1.0,42,,,,,0
45488039,1.0,43,,,,,0
45488039,1.0,44,,,,,0
45488039,1.0,45,,,,,0
45488039,1.0,46,,,,,0
45488039,1.0,47,,,,,0
45488039,1.0,48,,,,,0
45488039,1.0,49,,,,,0
45488039,1.0,50,,,,,0
45488039,1.0,51,,,,,0
45488039,1.0,52,,,,,0
45488039,1.0,53,,,,,0
45488039,1.0,54,,,,,0
45488039,1.0,55,,,,,0
45488039,1.0,56,,,,,0
45488039,1.0,57,,,,,0
45488039,1.0,58,,,,,0
45488039,1.0,59,,,,,0
45488039,1.0,60,,,,,0
97697276,1.0,1,,,,,0
97697276,1.0,2,,,,,0
97697276,1.0,3,,,,,0
97697276,1.0,4,,,,,0
97697276,1.0,5,,,,,0
97697276,1.0,6,,,,,0
97697276,1.0,7,,,,,0
97697276,1.0,8,,,,,0
97697276,1.0,9,,,,,0
97697276,1.0,10,,,,,0
97697276,1.0,11,,,,,0
97697276,1.0,12,,,,,0
97697276,1.0,13,,,,,0
97697276,1.0,14,,,,,0
97697276,1.0,15,,,,,0
97697276,1.0,16,,,,,0
97697276,1.0,17,,,,,0
97697276,1.0,18,,,,,0
97697276,1.0,19,,,,,0
97697276,1.0,20,,,,,0
97697276,1.0,21,,,,,0
97697276,1.0,22,,,,,0
97697276,1.0,23,,,,,0
97697276,1.0,24,,,,,0
97697276,1.0,25,,,,,0
97697276,1.0,26,,,,,0
97697276,1.0,27,,,,,0
97697276,1.0,28,,,,,0
97697276,1.0,29,,,,,0
97697276,1.0,30,,,,,0
97697276,1.0,31,,,,,0
97697276,1.0,32,,,,,0
97697276,1.0,33,,,,,0
97697276,1.0,34,,,,,0
97697276,1.0,35,,,,,0
97697276,1.0,36,,,,,0
97697276,1.0,37,,,,,0
97697276,1.0,38,,,,,0
97697276,1.0,39,,,,,0
97697276,1.0,40,,,,,0
97697276,1.0,41,,,,,0
97697276,1.0,42,,,,,0
97697276,1.0,43,,,,,0
97697276,1.0,44,,,,,0
97697276,1.0,45,,,,,0
97697276,1.0,46,,,,,0
97697276,1.0,47,,,,,0
97697276,1.0,48,,,,,0
97697276,1.0,49,,,,,0
97697276,1.0,50,,,,,0
97697276,1.0,51,,,,,0
97697276,1.0,52,,,,,0
97697276,1.0,53,,,,,0
97697276,1.0,54,,,,,0
97697276,1.0,55,,,,,0
97697276,1.0,56,,,,,0
97697276,1.0,57,,,,,0
97697276,1.0,58,,,,,0
97697276,1.0,59,,,,,0
97697276,1.0,60,,,,,0
34685362,1.0,1,,,,,0
34685362,1.0,2,,,,,0
34685362,1.0,3,,,,,0
34685362,1.0,4,,,,,0
34685362,1.0,5,,,,,0
34685362,1.0,6,,,,,0
34685362,1.0,7,,,,,0
34685362,1.0,8,,,,,0
34685362,1.0,9,,,,,0
34685362,1.0,10,,,,,0
34685362,1.0,11,,,,,0
34685362,1.0,12,,,,,0
34685362,1.0,13,,,,,0
34685362,1.0,14,,,,,0
34685362,1.0,15,,,,,0
34685362,1.0,16,,,,,0
34685362,1.0,17,,,,,0
34685362,1.0,18,,,,,0
34685362,1.0,19,,,,,0
34685362,1.0,20,,,,,0
34685362,1.0,21,,,,,0
34685362,1.0,22,,,,,0
34685362,1.0,23,,,,,0
34685362,1.0,24,,,,,0
34685362,1.0,25,,,,,0
34685362,1.0,26,,,,,0
34685362,1.0,27,,,,,0
34685362,1.0,28,,,,,0
34685362,1.0,29,,,,,0
34685362,1.0,30,,,,,0
34685362,1.0,31,,,,,0
34685362,1.0,32,,,,,0
34685362,1.0,33,,,,,0
34685362,1.0,34,,,,,0
34685362,1.0,35,,,,,0
34685362,1.0,36,,,,,0
34685362,1.0,37,,,,,0
34685362,1.0,38,,,,,0
34685362,1.0,39,,,,,0
34685362,1.0,40,,,,,0
34685362,1.0,41,,,,,0
34685362,1.0,42,,,,,0
34685362,1.0,43,,,,,0
34685362,1.0,44,,,,,0
34685362,1.0,45,,,,,0
34685362,1.0,46,,,,,0
34685362,1.0,47,,,,,0
34685362,1.0,48,,,,,0
34685362,1.0,49,,,,,0
34685362,1.0,50,,,,,0
34685362,1.0,51,,,,,0
34685362,1.0,52,,,,,0
34685362,1.0,53,,,,,0
34685362,1.0,54,,,,,0
34685362,1.0,55,,,,,0
34685362,1.0,56,,,,,0
34685362,1.0,57,,,,,0
34685362,1.0,58,,,,,0
34685362,1.0,59,,,,,0
34685362,1.0,60,,,,,0
30017739,1.0,1,,,,,0
30017739,1.0,2,,,,,0
30017739,1.0,3,,,,,0
30017739,1.0,4,,,,,0
30017739,1.0,5,,,,,0
30017739,1.0,6,,,,,0
30017739,1.0,7,,,,,0
30017739,1.0,8,,,,,0
30017739,1.0,9,,,,,0
30017739,1.0,10,,,,,0
30017739,1.0,11,,,,,0
30017739,1.0,12,,,,,0
30017739,1.0,13,,,,,0
30017739,1.0,14,,,,,0
30017739,1.0,15,,,,,0
30017739,1.0,16,,,,,0
30017739,1.0,17,,,,,0
30017739,1.0,18,,,,,0
30017739,1.0,19,,,,,0
30017739,1.0,20,,,,,0
30017739,1.0,21,,,,,0
30017739,1.0,22,,,,,0
30017739,1.0,23,,,,,0
30017739,1.0,24,,,,,0
30017739,1.0,25,,,,,0
30017739,1.0,26,,,,,0
30017739,1.0,27,,,,,0
30017739,1.0,28,,,,,0
30017739,1.0,29,,,,,0
30017739,1.0,30,,,,,0
30017739,1.0,31,,,,,0
30017739,1.0,32,,,,,0
30017739,1.0,33,,,,,0
30017739,1.0,34,,,,,0
30017739,1.0,35,,,,,0
30017739,1.0,36,,,,,0
30017739,1.0,37,,,,,0
30017739,1.0,38,,,,,0
30017739,1.0,39,,,,,0
30017739,1.0,40,,,,,0
30017739,1.0,41,,,,,0
30017739,1.0,42,,,,,0
30017739,1.0,43,,,,,0
30017739,1.0,44,,,,,0
30017739,1.0,45,,,,,0
30017739,1.0,46,,,,,0
30017739,1.0,47,,,,,0
30017739,1.0,48,,,,,0
30017739,1.0,49,,,,,0
30017739,1.0,50,,,,,0
30017739,1.0,51,,,,,0
30017739,1.0,52,,,,,0
30017739,1.0,53,,,,,0
30017739,1.0,54,,,,,0
30017739,1.0,55,,,,,0
30017739,1.0,56,,,,,0
30017739,1.0,57,,,,,0
30017739,1.0,58,,,,,0
30017739,1.0,59,,,,,0
30017739,1.0,60,,,,,0
83759331,1.0,1,,,,,0
83759331,1.0,2,,,,,0
83759331,1.0,3,,,,,0
83759331,1.0,4,,,,,0
83759331,1.0,5,,,,,0
83759331,1.0,6,,,,,0
83759331,1.0,7,,,,,0
83759331,1.0,8,,,,,0
83759331,1.0,9,,,,,0
83759331,1.0,10,,,,,0
83759331,1.0,11,,,,,0
83759331,1.0,12,,,,,0
83759331,1.0,13,,,,,0
83759331,1.0,14,,,,,0
83759331,1.0,15,,,,,0
83759331,1.0,16,,,,,0
83759331,1.0,17,,,,,0
83759331,1.0,18,,,,,0
83759331,1.0,19,,,,,0
83759331,1.0,20,,,,,0
83759331,1.0,21,,,,,0
83759331,1.0,22,,,,,0
83759331,1.0,23,,,,,0
83759331,1.0,24,,,,,0
83759331,1.0,25,,,,,0
83759331,1.0,26,,,,,0
83759331,1.0,27,,,,,0
83759331,1.0,28,,,,,0
83759331,1.0,29,,,,,0
83759331,1.0,30,,,,,0
83759331,1.0,31,,,,,0
83759331,1.0,32,,,,,0
83759331,1.0,33,,,,,0
83759331,1.0,34,,,,,0
83759331,1.0,35,,,,,0
83759331,1.0,36,,,,,0
83759331,1.0,37,,,,,0
83759331,1.0,38,,,,,0
83759331,1.0,39,,,,,0
83759331,1.0,40,,,,,0
83759331,1.0,41,,,,,0
83759331,1.0,42,,,,,0
83759331,1.0,43,,,,,0
83759331,1.0,44,,,,,0
83759331,1.0,45,,,,,0
83759331,1.0,46,,,,,0
83759331,1.0,47,,,,,0
83759331,1.0,48,,,,,0
83759331,1.0,49,,,,,0
83759331,1.0,50,,,,,0
83759331,1.0,51,,,,,0
83759331,1.0,52,,,,,0
83759331,1.0,53,,,,,0
83759331,1.0,54,,,,,0
83759331,1.0,55,,,,,0
83759331,1.0,56,,,,,0
83759331,1.0,57,,,,,0
83759331,1.0,58,,,,,0
83759331,1.0,59,,,,,0
83759331,1.0,60,,,,,0
17756848,1.0,1,,,,,0
17756848,1.0,2,,,,,0
17756848,1.0,3,,,,,0
17756848,1.0,4,,,,,0
17756848,1.0,5,,,,,0
17756848,1.0,6,,,,,0
17756848,1.0,7,,,,,0
17756848,1.0,8,,,,,0
17756848,1.0,9,,,,,0
17756848,1.0,10,,,,,0
17756848,1.0,11,,,,,0
17756848,1.0,12,,,,,0
17756848,1.0,13,,,,,0
17756848,1.0,14,,,,,0
17756848,1.0,15,,,,,0
17756848,1.0,16,,,,,0
17756848,1.0,17,,,,,0
17756848,1.0,18,,,,,0
17756848,1.0,19,,,,,0
17756848,1.0,20,,,,,0
17756848,1.0,21,,,,,0
17756848,1.0,22,,,,,0
17756848,1.0,23,,,,,0
17756848,1.0,24,,,,,0
17756848,1.0,25,,,,,0
17756848,1.0,26,,,,,0
17756848,1.0,27,,,,,0
17756848,1.0,28,,,,,0
17756848,1.0,29,,,,,0
17756848,1.0,30,,,,,0
17756848,1.0,31,,,,,0
17756848,1.0,32,,,,,0
17756848,1.0,33,,,,,0
17756848,1.0,34,,,,,0
17756848,1.0,35,,,,,0
17756848,1.0,36,,,,,0
17756848,1.0,37,,,,,0
17756848,1.0,38,,,,,0
17756848,1.0,39,,,,,0
17756848,1.0,40,,,,,0
17756848,1.0,41,,,,,0
17756848,1.0,42,,,,,0
17756848,1.0,43,,,,,0
17756848,1.0,44,,,,,0
17756848,1.0,45,,,,,0
17756848,1.0,46,,,,,0
17756848,1.0,47,,,,,0
17756848,1.0,48,,,,,0
17756848,1.0,49,,,,,0
17756848,1.0,50,,,,,0
17756848,1.0,51,,,,,0
17756848,1.0,52,,,,,0
17756848,1.0,53,,,,,0
17756848,1.0,54,,,,,0
17756848,1.0,55,,,,,0
17756848,1.0,56,,,,,0
17756848,1.0,57,,,,,0
17756848,1.0,58,,,,,0
17756848,1.0,59,,,,,0
17756848,1.0,60,,,,,0
36499460,1.0,1,,,,,0
36499460,1.0,2,,,,,0
36499460,1.0,3,,,,,0
36499460,1.0,4,,,,,0
36499460,1.0,5,,,,,0
36499460,1.0,6,,,,,0
36499460,1.0,7,,,,,0
36499460,1.0,8,,,,,0
36499460,1.0,9,,,,,0
36499460,1.0,10,,,,,0
36499460,1.0,11,,,,,0
36499460,1.0,12,,,,,0
36499460,1.0,13,,,,,0
36499460,1.0,14,,,,,0
36499460,1.0,15,,,,,0
36499460,1.0,16,,,,,0
36499460,1.0,17,,,,,0
36499460,1.0,18,,,,,0
36499460,1.0,19,,,,,0
36499460,1.0,20,,,,,0
36499460,1.0,21,,,,,0
36499460,1.0,22,,,,,0
36499460,1.0,23,,,,,0
36499460,1.0,24,,,,,0
36499460,1.0,25,,,,,0
36499460,1.0,26,,,,,0
36499460,1.0,27,,,,,0
36499460,1.0,28,,,,,0
36499460,1.0,29,,,,,0
36499460,1.0,30,,,,,0
36499460,1.0,31,,,,,0
36499460,1.0,32,,,,,0
36499460,1.0,33,,,,,0
36499460,1.0,34,,,,,0
36499460,1.0,35,,,,,0
36499460,1.0,36,,,,,0
36499460,1.0,37,,,,,0
36499460,1.0,38,,,,,0
36499460,1.0,39,,,,,0
36499460,1.0,40,,,,,0
36499460,1.0,41,,,,,0
36499460,1.0,42,,,,,0
36499460,1.0,43,,,,,0
36499460,1.0,44,,,,,0
36499460,1.0,45,,,,,0
36499460,1.0,46,,,,,0
36499460,1.0,47,,,,,0
36499460,1.0,48,,,,,0
36499460,1.0,49,,,,,0
36499460,1.0,50,,,,,0
36499460,1.0,51,,,,,0
36499460,1.0,52,,,,,0
36499460,1.0,53,,,,,0
36499460,1.0,54,,,,,0
36499460,1.0,55,,,,,0
36499460,1.0,56,,,,,0
36499460,1.0,57,,,,,0
36499460,1.0,58,,,,,0
36499460,1.0,59,,,,,0
36499460,1.0,60,,,,,0
12822897,1.0,1,,,,,0
12822897,1.0,2,,,,,0
12822897,1.0,3,,,,,0
12822897,1.0,4,,,,,0
12822897,1.0,5,,,,,0
12822897,1.0,6,,,,,0
12822897,1.0,7,,,,,0
12822897,1.0,8,,,,,0
12822897,1.0,9,,,,,0
12822897,1.0,10,,,,,0
12822897,1.0,11,,,,,0
12822897,1.0,12,,,,,0
12822897,1.0,13,,,,,0
12822897,1.0,14,,,,,0
12822897,1.0,15,,,,,0
12822897,1.0,16,,,,,0
12822897,1.0,17,,,,,0
12822897,1.0,18,,,,,0
12822897,1.0,19,,,,,0
12822897,1.0,20,,,,,0
12822897,1.0,21,,,,,0
12822897,1.0,22,,,,,0
12822897,1.0,23,,,,,0
12822897,1.0,24,,,,,0
12822897,1.0,25,,,,,0
12822897,1.0,26,,,,,0
12822897,1.0,27,,,,,0
12822897,1.0,28,,,,,0
12822897,1.0,29,,,,,0
12822897,1.0,30,,,,,0
12822897,1.0,31,,,,,0
12822897,1.0,32,,,,,0
12822897,1.0,33,,,,,0
12822897,1.0,34,,,,,0
12822897,1.0,35,,,,,0
12822897,1.0,36,,,,,0
12822897,1.0,37,,,,,0
12822897,1.0,38,,,,,0
12822897,1.0,39,,,,,0
12822897,1.0,40,,,,,0
12822897,1.0,41,,,,,0
12822897,1.0,42,,,,,0
12822897,1.0,43,,,,,0
12822897,1.0,44,,,,,0
12822897,1.0,45,,,,,0
12822897,1.0,46,,,,,0
12822897,1.0,47,,,,,0
12822897,1.0,48,,,,,0
12822897,1.0,49,,,,,0
12822897,1.0,50,,,,,0
12822897,1.0,51,,,,,0
12822897,1.0,52,,,,,0
12822897,1.0,53,,,,,0
12822897,1.0,54,,,,,0
12822897,1.0,55,,,,,0
12822897,1.0,56,,,,,0
12822897,1.0,57,,,,,0
12822897,1.0,58,,,,,0
12822897,1.0,59,,,,,0
12822897,1.0,60,,,,,0
58463786,1.0,1,,,,,0
58463786,1.0,2,,,,,0
58463786,1.0,3,,,,,0
58463786,1.0,4,,,,,0
58463786,1.0,5,,,,,0
58463786,1.0,6,,,,,0
58463786,1.0,7,,,,,0
58463786,1.0,8,,,,,0
58463786,1.0,9,,,,,0
58463786,1.0,10,,,,,0
58463786,1.0,11,,,,,0
58463786,1.0,12,,,,,0
58463786,1.0,13,,,,,0
58463786,1.0,14,,,,,0
58463786,1.0,15,,,,,0
58463786,1.0,16,,,,,0
58463786,1.0,17,,,,,0
58463786,1.0,18,,,,,0
58463786,1.0,19,,,,,0
58463786,1.0,20,,,,,0
58463786,1.0,21,,,,,0
58463786,1.0,22,,,,,0
58463786,1.0,23,,,,,0
58463786,1.0,24,,,,,0
58463786,1.0,25,,,,,0
58463786,1.0,26,,,,,0
58463786,1.0,27,,,,,0
58463786,1.0,28,,,,,0
58463786,1.0,29,,,,,0
58463786,1.0,30,,,,,0
58463786,1.0,31,,,,,0
58463786,1.0,32,,,,,0
58463786,1.0,33,,,,,0
58463786,1.0,34,,,,,0
58463786,1.0,35,,,,,0
58463786,1.0,36,,,,,0
58463786,1.0,37,,,,,0
58463786,1.0,38,,,,,0
58463786,1.0,39,,,,,0
58463786,1.0,40,,,,,0
58463786,1.0,41,,,,,0
58463786,1.0,42,,,,,0
58463786,1.0,43,,,,,0
58463786,1.0,44,,,,,0
58463786,1.0,45,,,,,0
58463786,1.0,46,,,,,0
58463786,1.0,47,,,,,0
58463786,1.0,48,,,,,0
58463786,1.0,49,,,,,0
58463786,1.0,50,,,,,0
58463786,1.0,51,,,,,0
58463786,1.0,52,,,,,0
58463786,1.0,53,,,,,0
58463786,1.0,54,,,,,0
58463786,1.0,55,,,,,0
58463786,1.0,56,,,,,0
58463786,1.0,57,,,,,0
58463786,1.0,58,,,,,0
58463786,1.0,59,,,,,0
58463786,1.0,60,,,,,0
74145812,1.0,1,,,,,0
74145812,1.0,2,,,,,0
74145812,1.0,3,,,,,0
74145812,1.0,4,,,,,0
74145812,1.0,5,,,,,0
74145812,1.0,6,,,,,0
74145812,1.0,7,,,,,0
74145812,1.0,8,,,,,0
74145812,1.0,9,,,,,0
74145812,1.0,10,,,,,0
74145812,1.0,11,,,,,0
74145812,1.0,12,,,,,0
74145812,1.0,13,,,,,0
74145812,1.0,14,,,,,0
74145812,1.0,15,,,,,0
74145812,1.0,16,,,,,0
74145812,1.0,17,,,,,0
74145812,1.0,18,,,,,0
74145812,1.0,19,,,,,0
74145812,1.0,20,,,,,0
74145812,1.0,21,,,,,0
74145812,1.0,22,,,,,0
74145812,1.0,23,,,,,0
74145812,1.0,24,,,,,0
74145812,1.0,25,,,,,0
74145812,1.0,26,,,,,0
74145812,1.0,27,,,,,0
74145812,1.0,28,,,,,0
74145812,1.0,29,,,,,0
74145812,1.0,30,,,,,0
74145812,1.0,31,,,,,0
74145812,1.0,32,,,,,0
74145812,1.0,33,,,,,0
74145812,1.0,34,,,,,0
74145812,1.0,35,,,,,0
74145812,1.0,36,,,,,0
74145812,1.0,37,,,,,0
74145812,1.0,38,,,,,0
74145812,1.0,39,,,,,0
74145812,1.0,40,,,,,0
74145812,1.0,41,,,,,0
74145812,1.0,42,,,,,0
74145812,1.0,43,,,,,0
74145812,1.0,44,,,,,0
74145812,1.0,45,,,,,0
74145812,1.0,46,,,,,0
74145812,1.0,47,,,,,0
74145812,1.0,48,,,,,0
74145812,1.0,49,,,,,0
74145812,1.0,50,,,,,0
74145812,1.0,51,,,,,0
74145812,1.0,52,,,,,0
74145812,1.0,53,,,,,0
74145812,1.0,54,,,,,0
74145812,1.0,55,,,,,0
74145812,1.0,56,,,,,0
74145812,1.0,57,,,,,0
74145812,1.0,58,,,,,0
74145812,1.0,59,,,,,0
74145812,1.0,60,,,,,0
67110545,1.0,1,,,,,0
67110545,1.0,2,,,,,0
67110545,1.0,3,,,,,0
67110545,1.0,4,,,,,0
67110545,1.0,5,,,,,0
67110545,1.0,6,,,,,0
67110545,1.0,7,,,,,0
67110545,1.0,8,,,,,0
67110545,1.0,9,,,,,0
67110545,1.0,10,,,,,0
67110545,1.0,11,,,,,0
67110545,1.0,12,,,,,0
67110545,1.0,13,,,,,0
67110545,1.0,14,,,,,0
67110545,1.0,15,,,,,0
67110545,1.0,16,,,,,0
67110545,1.0,17,,,,,0
67110545,1.0,18,,,,,0
67110545,1.0,19,,,,,0
67110545,1.0,20,,,,,0
67110545,1.0,21,,,,,0
67110545,1.0,22,,,,,0
67110545,1.0,23,,,,,0
67110545,1.0,24,,,,,0
67110545,1.0,25,,,,,0
67110545,1.0,26,,,,,0
67110545,1.0,27,,,,,0
67110545,1.0,28,,,,,0
67110545,1.0,29,,,,,0
67110545,1.0,30,,,,,0
67110545,1.0,31,,,,,0
67110545,1.0,32,,,,,0
67110545,1.0,33,,,,,0
67110545,1.0,34,,,,,0
67110545,1.0,35,,,,,0
67110545,1.0,36,,,,,0
67110545,1.0,37,,,,,0
67110545,1.0,38,,,,,0
67110545,1.0,39,,,,,0
67110545,1.0,40,,,,,0
67110545,1.0,41,,,,,0
67110545,1.0,42,,,,,0
67110545,1.0,43,,,,,0
67110545,1.0,44,,,,,0
67110545,1.0,45,,,,,0
67110545,1.0,46,,,,,0
67110545,1.0,47,,,,,0
67110545,1.0,48,,,,,0
67110545,1.0,49,,,,,0
67110545,1.0,50,,,,,0
67110545,1.0,51,,,,,0
67110545,1.0,52,,,,,0
67110545,1.0,53,,,,,0
67110545,1.0,54,,,,,0
67110545,1.0,55,,,,,0
67110545,1.0,56,,,,,0
67110545,1.0,57,,,,,0
67110545,1.0,58,,,,,0
67110545,1.0,59,,,,,0
67110545,1.0,60,,,,,0
13291327,1.0,1,,,,,0
13291327,1.0,2,,,,,0
13291327,1.0,3,,,,,0
13291327,1.0,4,,,,,0
13291327,1.0,5,,,,,0
13291327,1.0,6,,,,,0
13291327,1.0,7,,,,,0
13291327,1.0,8,,,,,0
13291327,1.0,9,,,,,0
13291327,1.0,10,,,,,0
13291327,1.0,11,,,,,0
13291327,1.0,12,,,,,0
13291327,1.0,13,,,,,0
13291327,1.0,14,,,,,0
13291327,1.0,15,,,,,0
13291327,1.0,16,,,,,0
13291327,1.0,17,,,,,0
13291327,1.0,18,,,,,0
13291327,1.0,19,,,,,0
13291327,1.0,20,,,,,0
13291327,1.0,21,,,,,0
13291327,1.0,22,,,,,0
13291327,1.0,23,,,,,0
13291327,1.0,24,,,,,0
13291327,1.0,25,,,,,0
13291327,1.0,26,,,,,0
13291327,1.0,27,,,,,0
13291327,1.0,28,,,,,0
13291327,1.0,29,,,,,0
13291327,1.0,30,,,,,0
13291327,1.0,31,,,,,0
13291327,1.0,32,,,,,0
13291327,1.0,33,,,,,0
13291327,1.0,34,,,,,0
13291327,1.0,35,,,,,0
13291327,1.0,36,,,,,0
13291327,1.0,37,,,,,0
13291327,1.0,38,,,,,0
13291327,1.0,39,,,,,0
13291327,1.0,40,,,,,0
13291327,1.0,41,,,,,0
13291327,1.0,42,,,,,0
13291327,1.0,43,,,,,0
13291327,1.0,44,,,,,0
13291327,1.0,45,,,,,0
13291327,1.0,46,,,,,0
13291327,1.0,47,,,,,0
13291327,1.0,48,,,,,0
13291327,1.0,49,,,,,0
13291327,1.0,50,,,,,0
13291327,1.0,51,,,,,0
13291327,1.0,52,,,,,0
13291327,1.0,53,,,,,0
13291327,1.0,54,,,,,0
13291327,1.0,55,,,,,0
13291327,1.0,56,,,,,0
13291327,1.0,57,,,,,0
13291327,1.0,58,,,,,0
13291327,1.0,59,,,,,0
13291327,1.0,60,,,,,0
73475111,1.0,1,,,,,0
73475111,1.0,2,,,,,0
73475111,1.0,3,,,,,0
73475111,1.0,4,,,,,0
73475111,1.0,5,,,,,0
73475111,1.0,6,,,,,0
73475111,1.0,7,,,,,0
73475111,1.0,8,,,,,0
73475111,1.0,9,,,,,0
73475111,1.0,10,,,,,0
73475111,1.0,11,,,,,0
73475111,1.0,12,,,,,0
73475111,1.0,13,,,,,0
73475111,1.0,14,,,,,0
73475111,1.0,15,,,,,0
73475111,1.0,16,,,,,0
73475111,1.0,17,,,,,0
73475111,1.0,18,,,,,0
73475111,1.0,19,,,,,0
73475111,1.0,20,,,,,0
73475111,1.0,21,,,,,0
73475111,1.0,22,,,,,0
73475111,1.0,23,,,,,0
73475111,1.0,24,,,,,0
73475111,1.0,25,,,,,0
73475111,1.0,26,,,,,0
73475111,1.0,27,,,,,0
73475111,1.0,28,,,,,0
73475111,1.0,29,,,,,0
73475111,1.0,30,,,,,0
73475111,1.0,31,,,,,0
73475111,1.0,32,,,,,0
73475111,1.0,33,,,,,0
73475111,1.0,34,,,,,0
73475111,1.0,35,,,,,0
73475111,1.0,36,,,,,0
73475111,1.0,37,,,,,0
73475111,1.0,38,,,,,0
73475111,1.0,39,,,,,0
73475111,1.0,40,,,,,0
73475111,1.0,41,,,,,0
73475111,1.0,42,,,,,0
73475111,1.0,43,,,,,0
73475111,1.0,44,,,,,0
73475111,1.0,45,,,,,0
73475111,1.0,46,,,,,0
73475111,1.0,47,,,,,0
73475111,1.0,48,,,,,0
73475111,1.0,49,,,,,0
73475111,1.0,50,,,,,0
73475111,1.0,51,,,,,0
73475111,1.0,52,,,,,0
73475111,1.0,53,,,,,0
73475111,1.0,54,,,,,0
73475111,1.0,55,,,,,0
73475111,1.0,56,,,,,0
73475111,1.0,57,,,,,0
73475111,1.0,58,,,,,0
73475111,1.0,59,,,,,0
73475111,1.0,60,,,,,0
61282745,1.0,1,,,,,0
61282745,1.0,2,,,,,0
61282745,1.0,3,,,,,0
61282745,1.0,4,,,,,0
61282745,1.0,5,,,,,0
61282745,1.0,6,,,,,0
61282745,1.0,7,,,,,0
61282745,1.0,8,,,,,0
61282745,1.0,9,,,,,0
61282745,1.0,10,,,,,0
61282745,1.0,11,,,,,0
61282745,1.0,12,,,,,0
61282745,1.0,13,,,,,0
61282745,1.0,14,,,,,0
61282745,1.0,15,,,,,0
61282745,1.0,16,,,,,0
61282745,1.0,17,,,,,0
61282745,1.0,18,,,,,0
61282745,1.0,19,,,,,0
61282745,1.0,20,,,,,0
61282745,1.0,21,,,,,0
61282745,1.0,22,,,,,0
61282745,1.0,23,,,,,0
61282745,1.0,24,,,,,0
61282745,1.0,25,,,,,0
61282745,1.0,26,,,,,0
61282745,1.0,27,,,,,0
61282745,1.0,28,,,,,0
61282745,1.0,29,,,,,0
61282745,1.0,30,,,,,0
61282745,1.0,31,,,,,0
61282745,1.0,32,,,,,0
61282745,1.0,33,,,,,0
61282745,1.0,34,,,,,0
61282745,1.0,35,,,,,0
61282745,1.0,36,,,,,0
61282745,1.0,37,,,,,0
61282745,1.0,38,,,,,0
61282745,1.0,39,,,,,0
61282745,1.0,40,,,,,0
61282745,1.0,41,,,,,0
61282745,1.0,42,,,,,0
61282745,1.0,43,,,,,0
61282745,1.0,44,,,,,0
61282745,1.0,45,,,,,0
61282745,1.0,46,,,,,0
61282745,1.0,47,,,,,0
61282745,1.0,48,,,,,0
61282745,1.0,49,,,,,0
61282745,1.0,50,,,,,0
61282745,1.0,51,,,,,0
61282745,1.0,52,,,,,0
61282745,1.0,53,,,,,0
61282745,1.0,54,,,,,0
61282745,1.0,55,,,,,0
61282745,1.0,56,,,,,0
61282745,1.0,57,,,,,0
61282745,1.0,58,,,,,0
61282745,1.0,59,,,,,0
61282745,1.0,60,,,,,0
17995646,1.0,1,,,,,0
17995646,1.0,2,,,,,0
17995646,1.0,3,,,,,0
17995646,1.0,4,,,,,0
17995646,1.0,5,,,,,0
17995646,1.0,6,,,,,0
17995646,1.0,7,,,,,0
17995646,1.0,8,,,,,0
17995646,1.0,9,,,,,0
17995646,1.0,10,,,,,0
17995646,1.0,11,,,,,0
17995646,1.0,12,,,,,0
17995646,1.0,13,,,,,0
17995646,1.0,14,,,,,0
17995646,1.0,15,,,,,0
17995646,1.0,16,,,,,0
17995646,1.0,17,,,,,0
17995646,1.0,18,,,,,0
17995646,1.0,19,,,,,0
17995646,1.0,20,,,,,0
17995646,1.0,21,,,,,0
17995646,1.0,22,,,,,0
17995646,1.0,23,,,,,0
17995646,1.0,24,,,,,0
17995646,1.0,25,,,,,0
17995646,1.0,26,,,,,0
17995646,1.0,27,,,,,0
17995646,1.0,28,,,,,0
17995646,1.0,29,,,,,0
17995646,1.0,30,,,,,0
17995646,1.0,31,,,,,0
17995646,1.0,32,,,,,0
17995646,1.0,33,,,,,0
17995646,1.0,34,,,,,0
17995646,1.0,35,,,,,0
17995646,1.0,36,,,,,0
17995646,1.0,37,,,,,0
17995646,1.0,38,,,,,0
17995646,1.0,39,,,,,0
17995646,1.0,40,,,,,0
17995646,1.0,41,,,,,0
17995646,1.0,42,,,,,0
17995646,1.0,43,,,,,0
17995646,1.0,44,,,,,0
17995646,1.0,45,,,,,0
17995646,1.0,46,,,,,0
17995646,1.0,47,,,,,0
17995646,1.0,48,,,,,0
17995646,1.0,49,,,,,0
17995646,1.0,50,,,,,0
17995646,1.0,51,,,,,0
17995646,1.0,52,,,,,0
17995646,1.0,53,,,,,0
17995646,1.0,54,,,,,0
17995646,1.0,55,,,,,0
17995646,1.0,56,,,,,0
17995646,1.0,57,,,,,0
17995646,1.0,58,,,,,0
17995646,1.0,59,,,,,0
17995646,1.0,60,,,,,0
36754354,1.0,1,,,,,0
36754354,1.0,2,,,,,0
36754354,1.0,3,,,,,0
36754354,1.0,4,,,,,0
36754354,1.0,5,,,,,0
36754354,1.0,6,,,,,0
36754354,1.0,7,,,,,0
36754354,1.0,8,,,,,0
36754354,1.0,9,,,,,0
36754354,1.0,10,,,,,0
36754354,1.0,11,,,,,0
36754354,1.0,12,,,,,0
36754354,1.0,13,,,,,0
36754354,1.0,14,,,,,0
36754354,1.0,15,,,,,0
36754354,1.0,16,,,,,0
36754354,1.0,17,,,,,0
36754354,1.0,18,,,,,0
36754354,1.0,19,,,,,0
36754354,1.0,20,,,,,0
36754354,1.0,21,,,,,0
36754354,1.0,22,,,,,0
36754354,1.0,23,,,,,0
36754354,1.0,24,,,,,0
36754354,1.0,25,,,,,0
36754354,1.0,26,,,,,0
36754354,1.0,27,,,,,0
36754354,1.0,28,,,,,0
36754354,1.0,29,,,,,0
36754354,1.0,30,,,,,0
36754354,1.0,31,,,,,0
36754354,1.0,32,,,,,0
36754354,1.0,33,,,,,0
36754354,1.0,34,,,,,0
36754354,1.0,35,,,,,0
36754354,1.0,36,,,,,0
36754354,1.0,37,,,,,0
36754354,1.0,38,,,,,0
36754354,1.0,39,,,,,0
36754354,1.0,40,,,,,0
36754354,1.0,41,,,,,0
36754354,1.0,42,,,,,0
36754354,1.0,43,,,,,0
36754354,1.0,44,,,,,0
36754354,1.0,45,,,,,0
36754354,1.0,46,,,,,0
36754354,1.0,47,,,,,0
36754354,1.0,48,,,,,0
36754354,1.0,49,,,,,0
36754354,1.0,50,,,,,0
36754354,1.0,51,,,,,0
36754354,1.0,52,,,,,0
36754354,1.0,53,,,,,0
36754354,1.0,54,,,,,0
36754354,1.0,55,,,,,0
36754354,1.0,56,,,,,0
36754354,1.0,57,,,,,0
36754354,1.0,58,,,,,0
36754354,1.0,59,,,,,0
36754354,1.0,60,,,,,0
76882374,1.0,1,,,,,0
76882374,1.0,2,,,,,0
76882374,1.0,3,,,,,0
76882374,1.0,4,,,,,0
76882374,1.0,5,,,,,0
76882374,1.0,6,,,,,0
76882374,1.0,7,,,,,0
76882374,1.0,8,,,,,0
76882374,1.0,9,,,,,0
76882374,1.0,10,,,,,0
76882374,1.0,11,,,,,0
76882374,1.0,12,,,,,0
76882374,1.0,13,,,,,0
76882374,1.0,14,,,,,0
76882374,1.0,15,,,,,0
76882374,1.0,16,,,,,0
76882374,1.0,17,,,,,0
76882374,1.0,18,,,,,0
76882374,1.0,19,,,,,0
76882374,1.0,20,,,,,0
76882374,1.0,21,,,,,0
76882374,1.0,22,,,,,0
76882374,1.0,23,,,,,0
76882374,1.0,24,,,,,0
76882374,1.0,25,,,,,0
76882374,1.0,26,,,,,0
76882374,1.0,27,,,,,0
76882374,1.0,28,,,,,0
76882374,1.0,29,,,,,0
76882374,1.0,30,,,,,0
76882374,1.0,31,,,,,0
76882374,1.0,32,,,,,0
76882374,1.0,33,,,,,0
76882374,1.0,34,,,,,0
76882374,1.0,35,,,,,0
76882374,1.0,36,,,,,0
76882374,1.0,37,,,,,0
76882374,1.0,38,,,,,0
76882374,1.0,39,,,,,0
76882374,1.0,40,,,,,0
76882374,1.0,41,,,,,0
76882374,1.0,42,,,,,0
76882374,1.0,43,,,,,0
76882374,1.0,44,,,,,0
76882374,1.0,45,,,,,0
76882374,1.0,46,,,,,0
76882374,1.0,47,,,,,0
76882374,1.0,48,,,,,0
76882374,1.0,49,,,,,0
76882374,1.0,50,,,,,0
76882374,1.0,51,,,,,0
76882374,1.0,52,,,,,0
76882374,1.0,53,,,,,0
76882374,1.0,54,,,,,0
76882374,1.0,55,,,,,0
76882374,1.0,56,,,,,0
76882374,1.0,57,,,,,0
76882374,1.0,58,,,,,0
76882374,1.0,59,,,,,0
76882374,1.0,60,,,,,0
52900724,1.0,1,,,,,0
52900724,1.0,2,,,,,0
52900724,1.0,3,,,,,0
52900724,1.0,4,,,,,0
52900724,1.0,5,,,,,0
52900724,1.0,6,,,,,0
52900724,1.0,7,,,,,0
52900724,1.0,8,,,,,0
52900724,1.0,9,,,,,0
52900724,1.0,10,,,,,0
52900724,1.0,11,,,,,0
52900724,1.0,12,,,,,0
52900724,1.0,13,,,,,0
52900724,1.0,14,,,,,0
52900724,1.0,15,,,,,0
52900724,1.0,16,,,,,0
52900724,1.0,17,,,,,0
52900724,1.0,18,,,,,0
52900724,1.0,19,,,,,0
52900724,1.0,20,,,,,0
52900724,1.0,21,,,,,0
52900724,1.0,22,,,,,0
52900724,1.0,23,,,,,0
52900724,1.0,24,,,,,0
52900724,1.0,25,,,,,0
52900724,1.0,26,,,,,0
52900724,1.0,27,,,,,0
52900724,1.0,28,,,,,0
52900724,1.0,29,,,,,0
52900724,1.0,30,,,,,0
52900724,1.0,31,,,,,0
52900724,1.0,32,,,,,0
52900724,1.0,33,,,,,0
52900724,1.0,34,,,,,0
52900724,1.0,35,,,,,0
52900724,1.0,36,,,,,0
52900724,1.0,37,,,,,0
52900724,1.0,38,,,,,0
52900724,1.0,39,,,,,0
52900724,1.0,40,,,,,0
52900724,1.0,41,,,,,0
52900724,1.0,42,,,,,0
52900724,1.0,43,,,,,0
52900724,1.0,44,,,,,0
52900724,1.0,45,,,,,0
52900724,1.0,46,,,,,0
52900724,1.0,47,,,,,0
52900724,1.0,48,,,,,0
52900724,1.0,49,,,,,0
52900724,1.0,50,,,,,0
52900724,1.0,51,,,,,0
52900724,1.0,52,,,,,0
52900724,1.0,53,,,,,0
52900724,1.0,54,,,,,0
52900724,1.0,55,,,,,0
52900724,1.0,56,,,,,0
52900724,1.0,57,,,,,0
52900724,1.0,58,,,,,0
52900724,1.0,59,,,,,0
52900724,1.0,60,,,,,0
36144326,1.0,1,,,,,0
36144326,1.0,2,,,,,0
36144326,1.0,3,,,,,0
36144326,1.0,4,,,,,0
36144326,1.0,5,,,,,0
36144326,1.0,6,,,,,0
36144326,1.0,7,,,,,0
36144326,1.0,8,,,,,0
36144326,1.0,9,,,,,0
36144326,1.0,10,,,,,0
36144326,1.0,11,,,,,0
36144326,1.0,12,,,,,0
36144326,1.0,13,,,,,0
36144326,1.0,14,,,,,0
36144326,1.0,15,,,,,0
36144326,1.0,16,,,,,0
36144326,1.0,17,,,,,0
36144326,1.0,18,,,,,0
36144326,1.0,19,,,,,0
36144326,1.0,20,,,,,0
36144326,1.0,21,,,,,0
36144326,1.0,22,,,,,0
36144326,1.0,23,,,,,0
36144326,1.0,24,,,,,0
36144326,1.0,25,,,,,0
36144326,1.0,26,,,,,0
36144326,1.0,27,,,,,0
36144326,1.0,28,,,,,0
36144326,1.0,29,,,,,0
36144326,1.0,30,,,,,0
36144326,1.0,31,,,,,0
36144326,1.0,32,,,,,0
36144326,1.0,33,,,,,0
36144326,1.0,34,,,,,0
36144326,1.0,35,,,,,0
36144326,1.0,36,,,,,0
36144326,1.0,37,,,,,0
36144326,1.0,38,,,,,0
36144326,1.0,39,,,,,0
36144326,1.0,40,,,,,0
36144326,1.0,41,,,,,0
36144326,1.0,42,,,,,0
36144326,1.0,43,,,,,0
36144326,1.0,44,,,,,0
36144326,1.0,45,,,,,0
36144326,1.0,46,,,,,0
36144326,1.0,47,,,,,0
36144326,1.0,48,,,,,0
36144326,1.0,49,,,,,0
36144326,1.0,50,,,,,0
36144326,1.0,51,,,,,0
36144326,1.0,52,,,,,0
36144326,1.0,53,,,,,0
36144326,1.0,54,,,,,0
36144326,1.0,55,,,,,0
36144326,1.0,56,,,,,0
36144326,1.0,57,,,,,0
36144326,1.0,58,,,,,0
36144326,1.0,59,,,,,0
36144326,1.0,60,,,,,0
51795914,1.0,1,,,,,0
51795914,1.0,2,,,,,0
51795914,1.0,3,,,,,0
51795914,1.0,4,,,,,0
51795914,1.0,5,,,,,0
51795914,1.0,6,,,,,0
51795914,1.0,7,,,,,0
51795914,1.0,8,,,,,0
51795914,1.0,9,,,,,0
51795914,1.0,10,,,,,0
51795914,1.0,11,,,,,0
51795914,1.0,12,,,,,0
51795914,1.0,13,,,,,0
51795914,1.0,14,,,,,0
51795914,1.0,15,,,,,0
51795914,1.0,16,,,,,0
51795914,1.0,17,,,,,0
51795914,1.0,18,,,,,0
51795914,1.0,19,,,,,0
51795914,1.0,20,,,,,0
51795914,1.0,21,,,,,0
51795914,1.0,22,,,,,0
51795914,1.0,23,,,,,0
51795914,1.0,24,,,,,0
51795914,1.0,25,,,,,0
51795914,1.0,26,,,,,0
51795914,1.0,27,,,,,0
51795914,1.0,28,,,,,0
51795914,1.0,29,,,,,0
51795914,1.0,30,,,,,0
51795914,1.0,31,,,,,0
51795914,1.0,32,,,,,0
51795914,1.0,33,,,,,0
51795914,1.0,34,,,,,0
51795914,1.0,35,,,,,0
51795914,1.0,36,,,,,0
51795914,1.0,37,,,,,0
51795914,1.0,38,,,,,0
51795914,1.0,39,,,,,0
51795914,1.0,40,,,,,0
51795914,1.0,41,,,,,0
51795914,1.0,42,,,,,0
51795914,1.0,43,,,,,0
51795914,1.0,44,,,,,0
51795914,1.0,45,,,,,0
51795914,1.0,46,,,,,0
51795914,1.0,47,,,,,0
51795914,1.0,48,,,,,0
51795914,1.0,49,,,,,0
51795914,1.0,50,,,,,0
51795914,1.0,51,,,,,0
51795914,1.0,52,,,,,0
51795914,1.0,53,,,,,0
51795914,1.0,54,,,,,0
51795914,1.0,55,,,,,0
51795914,1.0,56,,,,,0
51795914,1.0,57,,,,,0
51795914,1.0,58,,,,,0
51795914,1.0,59,,,,,0
51795914,1.0,60,,,,,0
59234276,1.0,1,,,,,0
59234276,1.0,2,,,,,0
59234276,1.0,3,,,,,0
59234276,1.0,4,,,,,0
59234276,1.0,5,,,,,0
59234276,1.0,6,,,,,0
59234276,1.0,7,,,,,0
59234276,1.0,8,,,,,0
59234276,1.0,9,,,,,0
59234276,1.0,10,,,,,0
59234276,1.0,11,,,,,0
59234276,1.0,12,,,,,0
59234276,1.0,13,,,,,0
59234276,1.0,14,,,,,0
59234276,1.0,15,,,,,0
59234276,1.0,16,,,,,0
59234276,1.0,17,,,,,0
59234276,1.0,18,,,,,0
59234276,1.0,19,,,,,0
59234276,1.0,20,,,,,0
59234276,1.0,21,,,,,0
59234276,1.0,22,,,,,0
59234276,1.0,23,,,,,0
59234276,1.0,24,,,,,0
59234276,1.0,25,,,,,0
59234276,1.0,26,,,,,0
59234276,1.0,27,,,,,0
59234276,1.0,28,,,,,0
59234276,1.0,29,,,,,0
59234276,1.0,30,,,,,0
59234276,1.0,31,,,,,0
59234276,1.0,32,,,,,0
59234276,1.0,33,,,,,0
59234276,1.0,34,,,,,0
59234276,1.0,35,,,,,0
59234276,1.0,36,,,,,0
59234276,1.0,37,,,,,0
59234276,1.0,38,,,,,0
59234276,1.0,39,,,,,0
59234276,1.0,40,,,,,0
59234276,1.0,41,,,,,0
59234276,1.0,42,,,,,0
59234276,1.0,43,,,,,0
59234276,1.0,44,,,,,0
59234276,1.0,45,,,,,0
59234276,1.0,46,,,,,0
59234276,1.0,47,,,,,0
59234276,1.0,48,,,,,0
59234276,1.0,49,,,,,0
59234276,1.0,50,,,,,0
59234276,1.0,51,,,,,0
59234276,1.0,52,,,,,0
59234276,1.0,53,,,,,0
59234276,1.0,54,,,,,0
59234276,1.0,55,,,,,0
59234276,1.0,56,,,,,0
59234276,1.0,57,,,,,0
59234276,1.0,58,,,,,0
59234276,1.0,59,,,,,0
59234276,1.0,60,,,,,0
72430057,1.0,1,,,,,0
72430057,1.0,2,,,,,0
72430057,1.0,3,,,,,0
72430057,1.0,4,,,,,0
72430057,1.0,5,,,,,0
72430057,1.0,6,,,,,0
72430057,1.0,7,,,,,0
72430057,1.0,8,,,,,0
72430057,1.0,9,,,,,0
72430057,1.0,10,,,,,0
72430057,1.0,11,,,,,0
72430057,1.0,12,,,,,0
72430057,1.0,13,,,,,0
72430057,1.0,14,,,,,0
72430057,1.0,15,,,,,0
72430057,1.0,16,,,,,0
72430057,1.0,17,,,,,0
72430057,1.0,18,,,,,0
72430057,1.0,19,,,,,0
72430057,1.0,20,,,,,0
72430057,1.0,21,,,,,0
72430057,1.0,22,,,,,0
72430057,1.0,23,,,,,0
72430057,1.0,24,,,,,0
72430057,1.0,25,,,,,0
72430057,1.0,26,,,,,0
72430057,1.0,27,,,,,0
72430057,1.0,28,,,,,0
72430057,1.0,29,,,,,0
72430057,1.0,30,,,,,0
72430057,1.0,31,,,,,0
72430057,1.0,32,,,,,0
72430057,1.0,33,,,,,0
72430057,1.0,34,,,,,0
72430057,1.0,35,,,,,0
72430057,1.0,36,,,,,0
72430057,1.0,37,,,,,0
72430057,1.0,38,,,,,0
72430057,1.0,39,,,,,0
72430057,1.0,40,,,,,0
72430057,1.0,41,,,,,0
72430057,1.0,42,,,,,0
72430057,1.0,43,,,,,0
72430057,1.0,44,,,,,0
72430057,1.0,45,,,,,0
72430057,1.0,46,,,,,0
72430057,1.0,47,,,,,0
72430057,1.0,48,,,,,0
72430057,1.0,49,,,,,0
72430057,1.0,50,,,,,0
72430057,1.0,51,,,,,0
72430057,1.0,52,,,,,0
72430057,1.0,53,,,,,0
72430057,1.0,54,,,,,0
72430057,1.0,55,,,,,0
72430057,1.0,56,,,,,0
72430057,1.0,57,,,,,0
72430057,1.0,58,,,,,0
72430057,1.0,59,,,,,0
72430057,1.0,60,,,,,0
68056990,1.0,1,,,,,0
68056990,1.0,2,,,,,0
68056990,1.0,3,,,,,0
68056990,1.0,4,,,,,0
68056990,1.0,5,,,,,0
68056990,1.0,6,,,,,0
68056990,1.0,7,,,,,0
68056990,1.0,8,,,,,0
68056990,1.0,9,,,,,0
68056990,1.0,10,,,,,0
68056990,1.0,11,,,,,0
68056990,1.0,12,,,,,0
68056990,1.0,13,,,,,0
68056990,1.0,14,,,,,0
68056990,1.0,15,,,,,0
68056990,1.0,16,,,,,0
68056990,1.0,17,,,,,0
68056990,1.0,18,,,,,0
68056990,1.0,19,,,,,0
68056990,1.0,20,,,,,0
68056990,1.0,21,,,,,0
68056990,1.0,22,,,,,0
68056990,1.0,23,,,,,0
68056990,1.0,24,,,,,0
68056990,1.0,25,,,,,0
68056990,1.0,26,,,,,0
68056990,1.0,27,,,,,0
68056990,1.0,28,,,,,0
68056990,1.0,29,,,,,0
68056990,1.0,30,,,,,0
68056990,1.0,31,,,,,0
68056990,1.0,32,,,,,0
68056990,1.0,33,,,,,0
68056990,1.0,34,,,,,0
68056990,1.0,35,,,,,0
68056990,1.0,36,,,,,0
68056990,1.0,37,,,,,0
68056990,1.0,38,,,,,0
68056990,1.0,39,,,,,0
68056990,1.0,40,,,,,0
68056990,1.0,41,,,,,0
68056990,1.0,42,,,,,0
68056990,1.0,43,,,,,0
68056990,1.0,44,,,,,0
68056990,1.0,45,,,,,0
68056990,1.0,46,,,,,0
68056990,1.0,47,,,,,0
68056990,1.0,48,,,,,0
68056990,1.0,49,,,,,0
68056990,1.0,50,,,,,0
68056990,1.0,51,,,,,0
68056990,1.0,52,,,,,0
68056990,1.0,53,,,,,0
68056990,1.0,54,,,,,0
68056990,1.0,55,,,,,0
68056990,1.0,56,,,,,0
68056990,1.0,57,,,,,0
68056990,1.0,58,,,,,0
68056990,1.0,59,,,,,0
68056990,1.0,60,,,,,0
26249582,1.0,1,,,,,0
26249582,1.0,2,,,,,0
26249582,1.0,3,,,,,0
26249582,1.0,4,,,,,0
26249582,1.0,5,,,,,0
26249582,1.0,6,,,,,0
26249582,1.0,7,,,,,0
26249582,1.0,8,,,,,0
26249582,1.0,9,,,,,0
26249582,1.0,10,,,,,0
26249582,1.0,11,,,,,0
26249582,1.0,12,,,,,0
26249582,1.0,13,,,,,0
26249582,1.0,14,,,,,0
26249582,1.0,15,,,,,0
26249582,1.0,16,,,,,0
26249582,1.0,17,,,,,0
26249582,1.0,18,,,,,0
26249582,1.0,19,,,,,0
26249582,1.0,20,,,,,0
26249582,1.0,21,,,,,0
26249582,1.0,22,,,,,0
26249582,1.0,23,,,,,0
26249582,1.0,24,,,,,0
26249582,1.0,25,,,,,0
26249582,1.0,26,,,,,0
26249582,1.0,27,,,,,0
26249582,1.0,28,,,,,0
26249582,1.0,29,,,,,0
26249582,1.0,30,,,,,0
26249582,1.0,31,,,,,0
26249582,1.0,32,,,,,0
26249582,1.0,33,,,,,0
26249582,1.0,34,,,,,0
26249582,1.0,35,,,,,0
26249582,1.0,36,,,,,0
26249582,1.0,37,,,,,0
26249582,1.0,38,,,,,0
26249582,1.0,39,,,,,0
26249582,1.0,40,,,,,0
26249582,1.0,41,,,,,0
26249582,1.0,42,,,,,0
26249582,1.0,43,,,,,0
26249582,1.0,44,,,,,0
26249582,1.0,45,,,,,0
26249582,1.0,46,,,,,0
26249582,1.0,47,,,,,0
26249582,1.0,48,,,,,0
26249582,1.0,49,,,,,0
26249582,1.0,50,,,,,0
26249582,1.0,51,,,,,0
26249582,1.0,52,,,,,0
26249582,1.0,53,,,,,0
26249582,1.0,54,,,,,0
26249582,1.0,55,,,,,0
26249582,1.0,56,,,,,0
26249582,1.0,57,,,,,0
26249582,1.0,58,,,,,0
26249582,1.0,59,,,,,0
26249582,1.0,60,,,,,0
85893734,1.0,1,,,,,0
85893734,1.0,2,26512783,onsite,0.125,0.0,1
85893734,1.0,3,40737428,onsite,0.125,0.0,1
85893734,1.0,4,28507914,onsite,0.125,0.0,1
85893734,1.0,5,40737428,onsite,0.125,0.0,1
85893734,1.0,6,40984670,onsite,0.125,0.0,1
85893734,1.0,7,28507914,onsite,0.125,0.0,1
85893734,1.0,8,16490446,onsite,0.125,0.0,1
85893734,1.0,9,86498344,onsite,0.125,0.0,1
85893734,1.0,10,16490446,onsite,0.125,0.0,1
85893734,1.0,11,,,,,0
85893734,1.0,12,55903838,onsite,0.7501875468867217,0.0,1
85893734,1.0,13,,,,,0
85893734,1.0,14,,,,,0
85893734,1.0,15,,,,,0
85893734,1.0,16,91148787,onsite,0.7501875468867217,0.0,1
85893734,1.0,17,,,,,0
85893734,1.0,18,,,,,0
85893734,1.0,19,,,,,0
85893734,1.0,20,84606193,online,2.0,0.0,1
85893734,1.0,21,76247345,onsite,2.0,0.0,1
85893734,1.0,22,,,,,0
85893734,1.0,23,39112945,onsite,2.0,0.0,1
85893734,1.0,24,80622748,onsite,2.0,0.0,1
85893734,1.0,25,,,,,0
85893734,1.0,26,,,,,0
85893734,1.0,27,,,,,0
85893734,1.0,28,,,,,0
85893734,1.0,29,,,,,0
85893734,1.0,30,85977664,onsite,2.0,0.0,1
85893734,1.0,31,,,,,0
85893734,1.0,32,,,,,0
85893734,1.0,33,75944436,online,3.003003003003003,0.0,1
85893734,1.0,34,,,,,0
85893734,1.0,35,,,,,0
85893734,1.0,36,,,,,0
85893734,1.0,37,,,,,0
85893734,1.0,38,,,,,0
85893734,1.0,39,,,,,0
85893734,1.0,40,,,,,0
85893734,1.0,41,,,,,0
85893734,1.0,42,,,,,0
85893734,1.0,43,,,,,0
85893734,1.0,44,,,,,0
85893734,1.0,45,,,,,0
85893734,1.0,46,,,,,0
85893734,1.0,47,,,,,0
85893734,1.0,48,,,,,0
85893734,1.0,49,,,,,0
85893734,1.0,50,,,,,0
85893734,1.0,51,,,,,0
85893734,1.0,52,,,,,0
85893734,1.0,53,,,,,0
85893734,1.0,54,,,,,0
85893734,1.0,55,,,,,0
85893734,1.0,56,,,,,0
85893734,1.0,57,,,,,0
85893734,1.0,58,,,,,0
85893734,1.0,59,,,,,0
85893734,1.0,60,,,,,0
23354345,1.0,1,,,,,0
23354345,1.0,2,,,,,0
23354345,1.0,3,36599335,onsite,0.125,0.0,1
23354345,1.0,4,24073253,onsite,0.125,0.0,1
23354345,1.0,5,63105228,onsite,0.125,0.0,1
23354345,1.0,6,71015832,onsite,0.125,0.0,1
23354345,1.0,7,54070382,onsite,0.125,0.0,1
23354345,1.0,8,94178133,onsite,0.125,0.0,1
23354345,1.0,9,54359883,onsite,0.125,0.0,1
23354345,1.0,10,47555912,onsite,0.125,0.0,1
23354345,1.0,11,34500973,onsite,0.125,0.0,1
23354345,1.0,12,75931096,onsite,0.125,0.0,1
23354345,1.0,13,95190490,onsite,0.125,0.0,1
23354345,1.0,14,39034200,onsite,0.125,0.0,1
23354345,1.0,15,33870428,onsite,0.125,0.0,1
23354345,1.0,16,51989309,onsite,0.125,0.0,1
23354345,1.0,17,10892619,onsite,0.125,0.0,1
23354345,1.0,18,58916221,onsite,0.125,0.0,1
23354345,1.0,19,,,,,0
23354345,1.0,20,22815074,onsite,2.0,0.0,1
23354345,1.0,21,,,,,0
23354345,1.0,22,,,,,0
23354345,1.0,23,,,,,0
23354345,1.0,24,82661340,onsite,2.0,0.0,1
23354345,1.0,25,,,,,0
23354345,1.0,26,,,,,0
23354345,1.0,27,,,,,0
23354345,1.0,28,,,,,0
23354345,1.0,29,,,,,0
23354345,1.0,30,,,,,0
23354345,1.0,31,,,,,0
23354345,1.0,32,,,,,0
23354345,1.0,33,,,,,0
23354345,1.0,34,,,,,0
23354345,1.0,35,,,,,0
23354345,1.0,36,,,,,0
23354345,1.0,37,,,,,0
23354345,1.0,38,,,,,0
23354345,1.0,39,,,,,0
23354345,1.0,40,,,,,0
23354345,1.0,41,,,,,0
23354345,1.0,42,,,,,0
23354345,1.0,43,,,,,0
23354345,1.0,44,,,,,0
23354345,1.0,45,,,,,0
23354345,1.0,46,,,,,0
23354345,1.0,47,,,,,0
23354345,1.0,48,,,,,0
23354345,1.0,49,,,,,0
23354345,1.0,50,,,,,0
23354345,1.0,51,,,,,0
23354345,1.0,52,,,,,0
23354345,1.0,53,,,,,0
23354345,1.0,54,,,,,0
23354345,1.0,55,,,,,0
23354345,1.0,56,,,,,0
23354345,1.0,57,,,,,0
23354345,1.0,58,,,,,0
23354345,1.0,59,,,,,0
23354345,1.0,60,,,,,0
52472655,1.0,1,,,,,0
52472655,1.0,2,,,,,0
52472655,1.0,3,,,,,0
52472655,1.0,4,,,,,0
52472655,1.0,5,,,,,0
52472655,1.0,6,,,,,0
52472655,1.0,7,,,,,0
52472655,1.0,8,,,,,0
52472655,1.0,9,,,,,0
52472655,1.0,10,,,,,0
52472655,1.0,11,,,,,0
52472655,1.0,12,,,,,0
52472655,1.0,13,,,,,0
52472655,1.0,14,,,,,0
52472655,1.0,15,,,,,0
52472655,1.0,16,,,,,0
52472655,1.0,17,,,,,0
52472655,1.0,18,,,,,0
52472655,1.0,19,,,,,0
52472655,1.0,20,,,,,0
52472655,1.0,21,,,,,0
52472655,1.0,22,,,,,0
52472655,1.0,23,,,,,0
52472655,1.0,24,,,,,0
52472655,1.0,25,,,,,0
52472655,1.0,26,,,,,0
52472655,1.0,27,,,,,0
52472655,1.0,28,,,,,0
52472655,1.0,29,,,,,0
52472655,1.0,30,,,,,0
52472655,1.0,31,,,,,0
52472655,1.0,32,,,,,0
52472655,1.0,33,,,,,0
52472655,1.0,34,,,,,0
52472655,1.0,35,,,,,0
52472655,1.0,36,,,,,0
52472655,1.0,37,,,,,0
52472655,1.0,38,,,,,0
52472655,1.0,39,,,,,0
52472655,1.0,40,,,,,0
52472655,1.0,41,,,,,0
52472655,1.0,42,,,,,0
52472655,1.0,43,,,,,0
52472655,1.0,44,,,,,0
52472655,1.0,45,,,,,0
52472655,1.0,46,,,,,0
52472655,1.0,47,,,,,0
52472655,1.0,48,,,,,0
52472655,1.0,49,,,,,0
52472655,1.0,50,,,,,0
52472655,1.0,51,,,,,0
52472655,1.0,52,,,,,0
52472655,1.0,53,,,,,0
52472655,1.0,54,,,,,0
52472655,1.0,55,,,,,0
52472655,1.0,56,,,,,0
52472655,1.0,57,,,,,0
52472655,1.0,58,,,,,0
52472655,1.0,59,,,,,0
52472655,1.0,60,,,,,0
33460718,1.0,1,,,,,0
33460718,1.0,2,,,,,0
33460718,1.0,3,,,,,0
33460718,1.0,4,,,,,0
33460718,1.0,5,,,,,0
33460718,1.0,6,,,,,0
33460718,1.0,7,,,,,0
33460718,1.0,8,,,,,0
33460718,1.0,9,,,,,0
33460718,1.0,10,,,,,0
33460718,1.0,11,,,,,0
33460718,1.0,12,,,,,0
33460718,1.0,13,,,,,0
33460718,1.0,14,,,,,0
33460718,1.0,15,,,,,0
33460718,1.0,16,,,,,0
33460718,1.0,17,,,,,0
33460718,1.0,18,,,,,0
33460718,1.0,19,,,,,0
33460718,1.0,20,,,,,0
33460718,1.0,21,,,,,0
33460718,1.0,22,,,,,0
33460718,1.0,23,,,,,0
33460718,1.0,24,,,,,0
33460718,1.0,25,,,,,0
33460718,1.0,26,,,,,0
33460718,1.0,27,,,,,0
33460718,1.0,28,,,,,0
33460718,1.0,29,,,,,0
33460718,1.0,30,,,,,0
33460718,1.0,31,,,,,0
33460718,1.0,32,,,,,0
33460718,1.0,33,,,,,0
33460718,1.0,34,,,,,0
33460718,1.0,35,,,,,0
33460718,1.0,36,,,,,0
33460718,1.0,37,,,,,0
33460718,1.0,38,,,,,0
33460718,1.0,39,,,,,0
33460718,1.0,40,,,,,0
33460718,1.0,41,,,,,0
33460718,1.0,42,,,,,0
33460718,1.0,43,,,,,0
33460718,1.0,44,,,,,0
33460718,1.0,45,,,,,0
33460718,1.0,46,,,,,0
33460718,1.0,47,,,,,0
33460718,1.0,48,,,,,0
33460718,1.0,49,,,,,0
33460718,1.0,50,,,,,0
33460718,1.0,51,,,,,0
33460718,1.0,52,,,,,0
33460718,1.0,53,,,,,0
33460718,1.0,54,,,,,0
33460718,1.0,55,,,,,0
33460718,1.0,56,,,,,0
33460718,1.0,57,,,,,0
33460718,1.0,58,,,,,0
33460718,1.0,59,,,,,0
33460718,1.0,60,,,,,0
13919972,1.0,1,,,,,0
13919972,1.0,2,,,,,0
13919972,1.0,3,,,,,0
13919972,1.0,4,,,,,0
13919972,1.0,5,,,,,0
13919972,1.0,6,,,,,0
13919972,1.0,7,,,,,0
13919972,1.0,8,,,,,0
13919972,1.0,9,,,,,0
13919972,1.0,10,,,,,0
13919972,1.0,11,,,,,0
13919972,1.0,12,,,,,0
13919972,1.0,13,,,,,0
13919972,1.0,14,,,,,0
13919972,1.0,15,,,,,0
13919972,1.0,16,,,,,0
13919972,1.0,17,,,,,0
13919972,1.0,18,,,,,0
13919972,1.0,19,,,,,0
13919972,1.0,20,,,,,0
13919972,1.0,21,,,,,0
13919972,1.0,22,,,,,0
13919972,1.0,23,,,,,0
13919972,1.0,24,,,,,0
13919972,1.0,25,,,,,0
13919972,1.0,26,,,,,0
13919972,1.0,27,,,,,0
13919972,1.0,28,,,,,0
13919972,1.0,29,,,,,0
13919972,1.0,30,,,,,0
13919972,1.0,31,,,,,0
13919972,1.0,32,,,,,0
13919972,1.0,33,,,,,0
13919972,1.0,34,,,,,0
13919972,1.0,35,,,,,0
13919972,1.0,36,,,,,0
13919972,1.0,37,,,,,0
13919972,1.0,38,,,,,0
13919972,1.0,39,,,,,0
13919972,1.0,40,,,,,0
13919972,1.0,41,,,,,0
13919972,1.0,42,,,,,0
13919972,1.0,43,,,,,0
13919972,1.0,44,,,,,0
13919972,1.0,45,,,,,0
13919972,1.0,46,,,,,0
13919972,1.0,47,,,,,0
13919972,1.0,48,,,,,0
13919972,1.0,49,,,,,0
13919972,1.0,50,,,,,0
13919972,1.0,51,,,,,0
13919972,1.0,52,,,,,0
13919972,1.0,53,,,,,0
13919972,1.0,54,,,,,0
13919972,1.0,55,,,,,0
13919972,1.0,56,,,,,0
13919972,1.0,57,,,,,0
13919972,1.0,58,,,,,0
13919972,1.0,59,,,,,0
13919972,1.0,60,,,,,0
50686141,1.0,1,,,,,0
50686141,1.0,2,,,,,0
50686141,1.0,3,,,,,0
50686141,1.0,4,,,,,0
50686141,1.0,5,,,,,0
50686141,1.0,6,,,,,0
50686141,1.0,7,,,,,0
50686141,1.0,8,,,,,0
50686141,1.0,9,,,,,0
50686141,1.0,10,,,,,0
50686141,1.0,11,,,,,0
50686141,1.0,12,,,,,0
50686141,1.0,13,,,,,0
50686141,1.0,14,,,,,0
50686141,1.0,15,,,,,0
50686141,1.0,16,,,,,0
50686141,1.0,17,,,,,0
50686141,1.0,18,,,,,0
50686141,1.0,19,,,,,0
50686141,1.0,20,,,,,0
50686141,1.0,21,,,,,0
50686141,1.0,22,,,,,0
50686141,1.0,23,,,,,0
50686141,1.0,24,,,,,0
50686141,1.0,25,,,,,0
50686141,1.0,26,,,,,0
50686141,1.0,27,,,,,0
50686141,1.0,28,,,,,0
50686141,1.0,29,,,,,0
50686141,1.0,30,,,,,0
50686141,1.0,31,,,,,0
50686141,1.0,32,,,,,0
50686141,1.0,33,,,,,0
50686141,1.0,34,,,,,0
50686141,1.0,35,,,,,0
50686141,1.0,36,,,,,0
50686141,1.0,37,,,,,0
50686141,1.0,38,,,,,0
50686141,1.0,39,,,,,0
50686141,1.0,40,,,,,0
50686141,1.0,41,,,,,0
50686141,1.0,42,,,,,0
50686141,1.0,43,,,,,0
50686141,1.0,44,,,,,0
50686141,1.0,45,,,,,0
50686141,1.0,46,,,,,0
50686141,1.0,47,,,,,0
50686141,1.0,48,,,,,0
50686141,1.0,49,,,,,0
50686141,1.0,50,,,,,0
50686141,1.0,51,,,,,0
50686141,1.0,52,,,,,0
50686141,1.0,53,,,,,0
50686141,1.0,54,,,,,0
50686141,1.0,55,,,,,0
50686141,1.0,56,,,,,0
50686141,1.0,57,,,,,0
50686141,1.0,58,,,,,0
50686141,1.0,59,,,,,0
50686141,1.0,60,,,,,0
48193247,1.0,1,,,,,0
48193247,1.0,2,,,,,0
48193247,1.0,3,,,,,0
48193247,1.0,4,,,,,0
48193247,1.0,5,,,,,0
48193247,1.0,6,,,,,0
48193247,1.0,7,,,,,0
48193247,1.0,8,,,,,0
48193247,1.0,9,,,,,0
48193247,1.0,10,,,,,0
48193247,1.0,11,,,,,0
48193247,1.0,12,,,,,0
48193247,1.0,13,,,,,0
48193247,1.0,14,,,,,0
48193247,1.0,15,,,,,0
48193247,1.0,16,,,,,0
48193247,1.0,17,,,,,0
48193247,1.0,18,,,,,0
48193247,1.0,19,,,,,0
48193247,1.0,20,,,,,0
48193247,1.0,21,,,,,0
48193247,1.0,22,,,,,0
48193247,1.0,23,,,,,0
48193247,1.0,24,,,,,0
48193247,1.0,25,,,,,0
48193247,1.0,26,,,,,0
48193247,1.0,27,,,,,0
48193247,1.0,28,,,,,0
48193247,1.0,29,,,,,0
48193247,1.0,30,,,,,0
48193247,1.0,31,,,,,0
48193247,1.0,32,,,,,0
48193247,1.0,33,,,,,0
48193247,1.0,34,,,,,0
48193247,1.0,35,,,,,0
48193247,1.0,36,,,,,0
48193247,1.0,37,,,,,0
48193247,1.0,38,,,,,0
48193247,1.0,39,,,,,0
48193247,1.0,40,,,,,0
48193247,1.0,41,,,,,0
48193247,1.0,42,,,,,0
48193247,1.0,43,,,,,0
48193247,1.0,44,,,,,0
48193247,1.0,45,,,,,0
48193247,1.0,46,,,,,0
48193247,1.0,47,,,,,0
48193247,1.0,48,,,,,0
48193247,1.0,49,,,,,0
48193247,1.0,50,,,,,0
48193247,1.0,51,,,,,0
48193247,1.0,52,,,,,0
48193247,1.0,53,,,,,0
48193247,1.0,54,,,,,0
48193247,1.0,55,,,,,0
48193247,1.0,56,,,,,0
48193247,1.0,57,,,,,0
48193247,1.0,58,,,,,0
48193247,1.0,59,,,,,0
48193247,1.0,60,,,,,0
80241609,1.0,1,,,,,0
80241609,1.0,2,,,,,0
80241609,1.0,3,,,,,0
80241609,1.0,4,,,,,0
80241609,1.0,5,,,,,0
80241609,1.0,6,,,,,0
80241609,1.0,7,,,,,0
80241609,1.0,8,,,,,0
80241609,1.0,9,,,,,0
80241609,1.0,10,,,,,0
80241609,1.0,11,,,,,0
80241609,1.0,12,,,,,0
80241609,1.0,13,,,,,0
80241609,1.0,14,,,,,0
80241609,1.0,15,,,,,0
80241609,1.0,16,,,,,0
80241609,1.0,17,,,,,0
80241609,1.0,18,,,,,0
80241609,1.0,19,,,,,0
80241609,1.0,20,,,,,0
80241609,1.0,21,,,,,0
80241609,1.0,22,,,,,0
80241609,1.0,23,,,,,0
80241609,1.0,24,,,,,0
80241609,1.0,25,,,,,0
80241609,1.0,26,,,,,0
80241609,1.0,27,,,,,0
80241609,1.0,28,,,,,0
80241609,1.0,29,,,,,0
80241609,1.0,30,,,,,0
80241609,1.0,31,,,,,0
80241609,1.0,32,,,,,0
80241609,1.0,33,,,,,0
80241609,1.0,34,,,,,0
80241609,1.0,35,,,,,0
80241609,1.0,36,,,,,0
80241609,1.0,37,,,,,0
80241609,1.0,38,,,,,0
80241609,1.0,39,,,,,0
80241609,1.0,40,,,,,0
80241609,1.0,41,,,,,0
80241609,1.0,42,,,,,0
80241609,1.0,43,,,,,0
80241609,1.0,44,,,,,0
80241609,1.0,45,,,,,0
80241609,1.0,46,,,,,0
80241609,1.0,47,,,,,0
80241609,1.0,48,,,,,0
80241609,1.0,49,,,,,0
80241609,1.0,50,,,,,0
80241609,1.0,51,,,,,0
80241609,1.0,52,,,,,0
80241609,1.0,53,,,,,0
80241609,1.0,54,,,,,0
80241609,1.0,55,,,,,0
80241609,1.0,56,,,,,0
80241609,1.0,57,,,,,0
80241609,1.0,58,,,,,0
80241609,1.0,59,,,,,0
80241609,1.0,60,,,,,0
87478824,1.0,1,,,,,0
87478824,1.0,2,,,,,0
87478824,1.0,3,,,,,0
87478824,1.0,4,,,,,0
87478824,1.0,5,,,,,0
87478824,1.0,6,,,,,0
87478824,1.0,7,,,,,0
87478824,1.0,8,,,,,0
87478824,1.0,9,,,,,0
87478824,1.0,10,,,,,0
87478824,1.0,11,,,,,0
87478824,1.0,12,,,,,0
87478824,1.0,13,,,,,0
87478824,1.0,14,,,,,0
87478824,1.0,15,,,,,0
87478824,1.0,16,,,,,0
87478824,1.0,17,,,,,0
87478824,1.0,18,,,,,0
87478824,1.0,19,,,,,0
87478824,1.0,20,,,,,0
87478824,1.0,21,,,,,0
87478824,1.0,22,,,,,0
87478824,1.0,23,,,,,0
87478824,1.0,24,,,,,0
87478824,1.0,25,,,,,0
87478824,1.0,26,,,,,0
87478824,1.0,27,,,,,0
87478824,1.0,28,,,,,0
87478824,1.0,29,,,,,0
87478824,1.0,30,,,,,0
87478824,1.0,31,,,,,0
87478824,1.0,32,,,,,0
87478824,1.0,33,,,,,0
87478824,1.0,34,,,,,0
87478824,1.0,35,,,,,0
87478824,1.0,36,,,,,0
87478824,1.0,37,,,,,0
87478824,1.0,38,,,,,0
87478824,1.0,39,,,,,0
87478824,1.0,40,,,,,0
87478824,1.0,41,,,,,0
87478824,1.0,42,,,,,0
87478824,1.0,43,,,,,0
87478824,1.0,44,,,,,0
87478824,1.0,45,,,,,0
87478824,1.0,46,,,,,0
87478824,1.0,47,,,,,0
87478824,1.0,48,,,,,0
87478824,1.0,49,,,,,0
87478824,1.0,50,,,,,0
87478824,1.0,51,,,,,0
87478824,1.0,52,,,,,0
87478824,1.0,53,,,,,0
87478824,1.0,54,,,,,0
87478824,1.0,55,,,,,0
87478824,1.0,56,,,,,0
87478824,1.0,57,,,,,0
87478824,1.0,58,,,,,0
87478824,1.0,59,,,,,0
87478824,1.0,60,,,,,0
52527100,1.0,1,,,,,0
52527100,1.0,2,,,,,0
52527100,1.0,3,,,,,0
52527100,1.0,4,,,,,0
52527100,1.0,5,,,,,0
52527100,1.0,6,,,,,0
52527100,1.0,7,,,,,0
52527100,1.0,8,,,,,0
52527100,1.0,9,,,,,0
52527100,1.0,10,,,,,0
52527100,1.0,11,,,,,0
52527100,1.0,12,,,,,0
52527100,1.0,13,,,,,0
52527100,1.0,14,,,,,0
52527100,1.0,15,,,,,0
52527100,1.0,16,,,,,0
52527100,1.0,17,,,,,0
52527100,1.0,18,,,,,0
52527100,1.0,19,,,,,0
52527100,1.0,20,,,,,0
52527100,1.0,21,,,,,0
52527100,1.0,22,,,,,0
52527100,1.0,23,,,,,0
52527100,1.0,24,,,,,0
52527100,1.0,25,,,,,0
52527100,1.0,26,,,,,0
52527100,1.0,27,,,,,0
52527100,1.0,28,,,,,0
52527100,1.0,29,,,,,0
52527100,1.0,30,,,,,0
52527100,1.0,31,,,,,0
52527100,1.0,32,,,,,0
52527100,1.0,33,,,,,0
52527100,1.0,34,,,,,0
52527100,1.0,35,,,,,0
52527100,1.0,36,,,,,0
52527100,1.0,37,,,,,0
52527100,1.0,38,,,,,0
52527100,1.0,39,,,,,0
52527100,1.0,40,,,,,0
52527100,1.0,41,,,,,0
52527100,1.0,42,,,,,0
52527100,1.0,43,,,,,0
52527100,1.0,44,,,,,0
52527100,1.0,45,,,,,0
52527100,1.0,46,,,,,0
52527100,1.0,47,,,,,0
52527100,1.0,48,,,,,0
52527100,1.0,49,,,,,0
52527100,1.0,50,,,,,0
52527100,1.0,51,,,,,0
52527100,1.0,52,,,,,0
52527100,1.0,53,,,,,0
52527100,1.0,54,,,,,0
52527100,1.0,55,,,,,0
52527100,1.0,56,,,,,0
52527100,1.0,57,,,,,0
52527100,1.0,58,,,,,0
52527100,1.0,59,,,,,0
52527100,1.0,60,,,,,0
39377810,1.0,1,,,,,0
39377810,1.0,2,,,,,0
39377810,1.0,3,,,,,0
39377810,1.0,4,,,,,0
39377810,1.0,5,,,,,0
39377810,1.0,6,,,,,0
39377810,1.0,7,,,,,0
39377810,1.0,8,,,,,0
39377810,1.0,9,,,,,0
39377810,1.0,10,,,,,0
39377810,1.0,11,,,,,0
39377810,1.0,12,,,,,0
39377810,1.0,13,,,,,0
39377810,1.0,14,,,,,0
39377810,1.0,15,,,,,0
39377810,1.0,16,,,,,0
39377810,1.0,17,,,,,0
39377810,1.0,18,,,,,0
39377810,1.0,19,,,,,0
39377810,1.0,20,,,,,0
39377810,1.0,21,,,,,0
39377810,1.0,22,,,,,0
39377810,1.0,23,,,,,0
39377810,1.0,24,,,,,0
39377810,1.0,25,,,,,0
39377810,1.0,26,,,,,0
39377810,1.0,27,,,,,0
39377810,1.0,28,,,,,0
39377810,1.0,29,,,,,0
39377810,1.0,30,,,,,0
39377810,1.0,31,,,,,0
39377810,1.0,32,,,,,0
39377810,1.0,33,,,,,0
39377810,1.0,34,,,,,0
39377810,1.0,35,,,,,0
39377810,1.0,36,,,,,0
39377810,1.0,37,,,,,0
39377810,1.0,38,,,,,0
39377810,1.0,39,,,,,0
39377810,1.0,40,,,,,0
39377810,1.0,41,,,,,0
39377810,1.0,42,,,,,0
39377810,1.0,43,,,,,0
39377810,1.0,44,,,,,0
39377810,1.0,45,,,,,0
39377810,1.0,46,,,,,0
39377810,1.0,47,,,,,0
39377810,1.0,48,,,,,0
39377810,1.0,49,,,,,0
39377810,1.0,50,,,,,0
39377810,1.0,51,,,,,0
39377810,1.0,52,,,,,0
39377810,1.0,53,,,,,0
39377810,1.0,54,,,,,0
39377810,1.0,55,,,,,0
39377810,1.0,56,,,,,0
39377810,1.0,57,,,,,0
39377810,1.0,58,,,,,0
39377810,1.0,59,,,,,0
39377810,1.0,60,,,,,0
80214506,1.0,1,,,,,0
80214506,1.0,2,,,,,0
80214506,1.0,3,,,,,0
80214506,1.0,4,,,,,0
80214506,1.0,5,,,,,0
80214506,1.0,6,,,,,0
80214506,1.0,7,,,,,0
80214506,1.0,8,,,,,0
80214506,1.0,9,,,,,0
80214506,1.0,10,,,,,0
80214506,1.0,11,,,,,0
80214506,1.0,12,,,,,0
80214506,1.0,13,,,,,0
80214506,1.0,14,,,,,0
80214506,1.0,15,,,,,0
80214506,1.0,16,,,,,0
80214506,1.0,17,,,,,0
80214506,1.0,18,,,,,0
80214506,1.0,19,,,,,0
80214506,1.0,20,,,,,0
80214506,1.0,21,,,,,0
80214506,1.0,22,,,,,0
80214506,1.0,23,,,,,0
80214506,1.0,24,,,,,0
80214506,1.0,25,,,,,0
80214506,1.0,26,,,,,0
80214506,1.0,27,,,,,0
80214506,1.0,28,,,,,0
80214506,1.0,29,,,,,0
80214506,1.0,30,,,,,0
80214506,1.0,31,,,,,0
80214506,1.0,32,,,,,0
80214506,1.0,33,,,,,0
80214506,1.0,34,,,,,0
80214506,1.0,35,,,,,0
80214506,1.0,36,,,,,0
80214506,1.0,37,,,,,0
80214506,1.0,38,,,,,0
80214506,1.0,39,,,,,0
80214506,1.0,40,,,,,0
80214506,1.0,41,,,,,0
80214506,1.0,42,,,,,0
80214506,1.0,43,,,,,0
80214506,1.0,44,,,,,0
80214506,1.0,45,,,,,0
80214506,1.0,46,,,,,0
80214506,1.0,47,,,,,0
80214506,1.0,48,,,,,0
80214506,1.0,49,,,,,0
80214506,1.0,50,,,,,0
80214506,1.0,51,,,,,0
80214506,1.0,52,,,,,0
80214506,1.0,53,,,,,0
80214506,1.0,54,,,,,0
80214506,1.0,55,,,,,0
80214506,1.0,56,,,,,0
80214506,1.0,57,,,,,0
80214506,1.0,58,,,,,0
80214506,1.0,59,,,,,0
80214506,1.0,60,,,,,0
55528593,1.0,1,,,,,0
55528593,1.0,2,,,,,0
55528593,1.0,3,,,,,0
55528593,1.0,4,,,,,0
55528593,1.0,5,,,,,0
55528593,1.0,6,,,,,0
55528593,1.0,7,,,,,0
55528593,1.0,8,,,,,0
55528593,1.0,9,,,,,0
55528593,1.0,10,,,,,0
55528593,1.0,11,,,,,0
55528593,1.0,12,,,,,0
55528593,1.0,13,,,,,0
55528593,1.0,14,,,,,0
55528593,1.0,15,,,,,0
55528593,1.0,16,,,,,0
55528593,1.0,17,,,,,0
55528593,1.0,18,,,,,0
55528593,1.0,19,,,,,0
55528593,1.0,20,,,,,0
55528593,1.0,21,,,,,0
55528593,1.0,22,,,,,0
55528593,1.0,23,,,,,0
55528593,1.0,24,,,,,0
55528593,1.0,25,,,,,0
55528593,1.0,26,,,,,0
55528593,1.0,27,,,,,0
55528593,1.0,28,,,,,0
55528593,1.0,29,,,,,0
55528593,1.0,30,,,,,0
55528593,1.0,31,,,,,0
55528593,1.0,32,,,,,0
55528593,1.0,33,,,,,0
55528593,1.0,34,,,,,0
55528593,1.0,35,,,,,0
55528593,1.0,36,,,,,0
55528593,1.0,37,,,,,0
55528593,1.0,38,,,,,0
55528593,1.0,39,,,,,0
55528593,1.0,40,,,,,0
55528593,1.0,41,,,,,0
55528593,1.0,42,,,,,0
55528593,1.0,43,,,,,0
55528593,1.0,44,,,,,0
55528593,1.0,45,,,,,0
55528593,1.0,46,,,,,0
55528593,1.0,47,,,,,0
55528593,1.0,48,,,,,0
55528593,1.0,49,,,,,0
55528593,1.0,50,,,,,0
55528593,1.0,51,,,,,0
55528593,1.0,52,,,,,0
55528593,1.0,53,,,,,0
55528593,1.0,54,,,,,0
55528593,1.0,55,,,,,0
55528593,1.0,56,,,,,0
55528593,1.0,57,,,,,0
55528593,1.0,58,,,,,0
55528593,1.0,59,,,,,0
55528593,1.0,60,,,,,0
80995603,1.0,1,,,,,0
80995603,1.0,2,,,,,0
80995603,1.0,3,,,,,0
80995603,1.0,4,,,,,0
80995603,1.0,5,,,,,0
80995603,1.0,6,,,,,0
80995603,1.0,7,,,,,0
80995603,1.0,8,,,,,0
80995603,1.0,9,,,,,0
80995603,1.0,10,,,,,0
80995603,1.0,11,,,,,0
80995603,1.0,12,,,,,0
80995603,1.0,13,,,,,0
80995603,1.0,14,,,,,0
80995603,1.0,15,,,,,0
80995603,1.0,16,,,,,0
80995603,1.0,17,,,,,0
80995603,1.0,18,,,,,0
80995603,1.0,19,,,,,0
80995603,1.0,20,,,,,0
80995603,1.0,21,,,,,0
80995603,1.0,22,,,,,0
80995603,1.0,23,,,,,0
80995603,1.0,24,,,,,0
80995603,1.0,25,,,,,0
80995603,1.0,26,,,,,0
80995603,1.0,27,,,,,0
80995603,1.0,28,,,,,0
80995603,1.0,29,,,,,0
80995603,1.0,30,,,,,0
80995603,1.0,31,,,,,0
80995603,1.0,32,,,,,0
80995603,1.0,33,,,,,0
80995603,1.0,34,,,,,0
80995603,1.0,35,,,,,0
80995603,1.0,36,,,,,0
80995603,1.0,37,,,,,0
80995603,1.0,38,,,,,0
80995603,1.0,39,,,,,0
80995603,1.0,40,,,,,0
80995603,1.0,41,,,,,0
80995603,1.0,42,,,,,0
80995603,1.0,43,,,,,0
80995603,1.0,44,,,,,0
80995603,1.0,45,,,,,0
80995603,1.0,46,,,,,0
80995603,1.0,47,,,,,0
80995603,1.0,48,,,,,0
80995603,1.0,49,,,,,0
80995603,1.0,50,,,,,0
80995603,1.0,51,,,,,0
80995603,1.0,52,,,,,0
80995603,1.0,53,,,,,0
80995603,1.0,54,,,,,0
80995603,1.0,55,,,,,0
80995603,1.0,56,,,,,0
80995603,1.0,57,,,,,0
80995603,1.0,58,,,,,0
80995603,1.0,59,,,,,0
80995603,1.0,60,,,,,0
19851071,1.0,1,,,,,0
19851071,1.0,2,,,,,0
19851071,1.0,3,,,,,0
19851071,1.0,4,,,,,0
19851071,1.0,5,,,,,0
19851071,1.0,6,,,,,0
19851071,1.0,7,,,,,0
19851071,1.0,8,,,,,0
19851071,1.0,9,,,,,0
19851071,1.0,10,,,,,0
19851071,1.0,11,,,,,0
19851071,1.0,12,,,,,0
19851071,1.0,13,,,,,0
19851071,1.0,14,,,,,0
19851071,1.0,15,,,,,0
19851071,1.0,16,,,,,0
19851071,1.0,17,,,,,0
19851071,1.0,18,,,,,0
19851071,1.0,19,,,,,0
19851071,1.0,20,,,,,0
19851071,1.0,21,,,,,0
19851071,1.0,22,,,,,0
19851071,1.0,23,,,,,0
19851071,1.0,24,,,,,0
19851071,1.0,25,,,,,0
19851071,1.0,26,,,,,0
19851071,1.0,27,,,,,0
19851071,1.0,28,,,,,0
19851071,1.0,29,,,,,0
19851071,1.0,30,,,,,0
19851071,1.0,31,,,,,0
19851071,1.0,32,,,,,0
19851071,1.0,33,,,,,0
19851071,1.0,34,,,,,0
19851071,1.0,35,,,,,0
19851071,1.0,36,,,,,0
19851071,1.0,37,,,,,0
19851071,1.0,38,,,,,0
19851071,1.0,39,,,,,0
19851071,1.0,40,,,,,0
19851071,1.0,41,,,,,0
19851071,1.0,42,,,,,0
19851071,1.0,43,,,,,0
19851071,1.0,44,,,,,0
19851071,1.0,45,,,,,0
19851071,1.0,46,,,,,0
19851071,1.0,47,,,,,0
19851071,1.0,48,,,,,0
19851071,1.0,49,,,,,0
19851071,1.0,50,,,,,0
19851071,1.0,51,,,,,0
19851071,1.0,52,,,,,0
19851071,1.0,53,,,,,0
19851071,1.0,54,,,,,0
19851071,1.0,55,,,,,0
19851071,1.0,56,,,,,0
19851071,1.0,57,,,,,0
19851071,1.0,58,,,,,0
19851071,1.0,59,,,,,0
19851071,1.0,60,,,,,0
53633617,1.0,1,,,,,0
53633617,1.0,2,,,,,0
53633617,1.0,3,,,,,0
53633617,1.0,4,,,,,0
53633617,1.0,5,,,,,0
53633617,1.0,6,,,,,0
53633617,1.0,7,,,,,0
53633617,1.0,8,,,,,0
53633617,1.0,9,,,,,0
53633617,1.0,10,,,,,0
53633617,1.0,11,,,,,0
53633617,1.0,12,,,,,0
53633617,1.0,13,,,,,0
53633617,1.0,14,,,,,0
53633617,1.0,15,,,,,0
53633617,1.0,16,,,,,0
53633617,1.0,17,,,,,0
53633617,1.0,18,,,,,0
53633617,1.0,19,,,,,0
53633617,1.0,20,,,,,0
53633617,1.0,21,,,,,0
53633617,1.0,22,,,,,0
53633617,1.0,23,,,,,0
53633617,1.0,24,,,,,0
53633617,1.0,25,,,,,0
53633617,1.0,26,,,,,0
53633617,1.0,27,,,,,0
53633617,1.0,28,,,,,0
53633617,1.0,29,,,,,0
53633617,1.0,30,,,,,0
53633617,1.0,31,,,,,0
53633617,1.0,32,,,,,0
53633617,1.0,33,,,,,0
53633617,1.0,34,,,,,0
53633617,1.0,35,,,,,0
53633617,1.0,36,,,,,0
53633617,1.0,37,,,,,0
53633617,1.0,38,,,,,0
53633617,1.0,39,,,,,0
53633617,1.0,40,,,,,0
53633617,1.0,41,,,,,0
53633617,1.0,42,,,,,0
53633617,1.0,43,,,,,0
53633617,1.0,44,,,,,0
53633617,1.0,45,,,,,0
53633617,1.0,46,,,,,0
53633617,1.0,47,,,,,0
53633617,1.0,48,,,,,0
53633617,1.0,49,,,,,0
53633617,1.0,50,,,,,0
53633617,1.0,51,,,,,0
53633617,1.0,52,,,,,0
53633617,1.0,53,,,,,0
53633617,1.0,54,,,,,0
53633617,1.0,55,,,,,0
53633617,1.0,56,,,,,0
53633617,1.0,57,,,,,0
53633617,1.0,58,,,,,0
53633617,1.0,59,,,,,0
53633617,1.0,60,,,,,0
32563086,1.0,1,,,,,0
32563086,1.0,2,,,,,0
32563086,1.0,3,,,,,0
32563086,1.0,4,,,,,0
32563086,1.0,5,,,,,0
32563086,1.0,6,,,,,0
32563086,1.0,7,,,,,0
32563086,1.0,8,,,,,0
32563086,1.0,9,,,,,0
32563086,1.0,10,,,,,0
32563086,1.0,11,,,,,0
32563086,1.0,12,,,,,0
32563086,1.0,13,,,,,0
32563086,1.0,14,,,,,0
32563086,1.0,15,,,,,0
32563086,1.0,16,,,,,0
32563086,1.0,17,,,,,0
32563086,1.0,18,,,,,0
32563086,1.0,19,,,,,0
32563086,1.0,20,,,,,0
32563086,1.0,21,,,,,0
32563086,1.0,22,,,,,0
32563086,1.0,23,,,,,0
32563086,1.0,24,,,,,0
32563086,1.0,25,,,,,0
32563086,1.0,26,,,,,0
32563086,1.0,27,,,,,0
32563086,1.0,28,,,,,0
32563086,1.0,29,,,,,0
32563086,1.0,30,,,,,0
32563086,1.0,31,,,,,0
32563086,1.0,32,,,,,0
32563086,1.0,33,,,,,0
32563086,1.0,34,,,,,0
32563086,1.0,35,,,,,0
32563086,1.0,36,,,,,0
32563086,1.0,37,,,,,0
32563086,1.0,38,,,,,0
32563086,1.0,39,,,,,0
32563086,1.0,40,,,,,0
32563086,1.0,41,,,,,0
32563086,1.0,42,,,,,0
32563086,1.0,43,,,,,0
32563086,1.0,44,,,,,0
32563086,1.0,45,,,,,0
32563086,1.0,46,,,,,0
32563086,1.0,47,,,,,0
32563086,1.0,48,,,,,0
32563086,1.0,49,,,,,0
32563086,1.0,50,,,,,0
32563086,1.0,51,,,,,0
32563086,1.0,52,,,,,0
32563086,1.0,53,,,,,0
32563086,1.0,54,,,,,0
32563086,1.0,55,,,,,0
32563086,1.0,56,,,,,0
32563086,1.0,57,,,,,0
32563086,1.0,58,,,,,0
32563086,1.0,59,,,,,0
32563086,1.0,60,,,,,0
46820756,1.0,1,,,,,0
46820756,1.0,2,,,,,0
46820756,1.0,3,,,,,0
46820756,1.0,4,,,,,0
46820756,1.0,5,,,,,0
46820756,1.0,6,,,,,0
46820756,1.0,7,,,,,0
46820756,1.0,8,,,,,0
46820756,1.0,9,,,,,0
46820756,1.0,10,,,,,0
46820756,1.0,11,,,,,0
46820756,1.0,12,,,,,0
46820756,1.0,13,,,,,0
46820756,1.0,14,,,,,0
46820756,1.0,15,,,,,0
46820756,1.0,16,,,,,0
46820756,1.0,17,,,,,0
46820756,1.0,18,,,,,0
46820756,1.0,19,,,,,0
46820756,1.0,20,,,,,0
46820756,1.0,21,,,,,0
46820756,1.0,22,,,,,0
46820756,1.0,23,,,,,0
46820756,1.0,24,,,,,0
46820756,1.0,25,,,,,0
46820756,1.0,26,,,,,0
46820756,1.0,27,,,,,0
46820756,1.0,28,,,,,0
46820756,1.0,29,,,,,0
46820756,1.0,30,,,,,0
46820756,1.0,31,,,,,0
46820756,1.0,32,,,,,0
46820756,1.0,33,,,,,0
46820756,1.0,34,,,,,0
46820756,1.0,35,,,,,0
46820756,1.0,36,,,,,0
46820756,1.0,37,,,,,0
46820756,1.0,38,,,,,0
46820756,1.0,39,,,,,0
46820756,1.0,40,,,,,0
46820756,1.0,41,,,,,0
46820756,1.0,42,,,,,0
46820756,1.0,43,,,,,0
46820756,1.0,44,,,,,0
46820756,1.0,45,,,,,0
46820756,1.0,46,,,,,0
46820756,1.0,47,,,,,0
46820756,1.0,48,,,,,0
46820756,1.0,49,,,,,0
46820756,1.0,50,,,,,0
46820756,1.0,51,,,,,0
46820756,1.0,52,,,,,0
46820756,1.0,53,,,,,0
46820756,1.0,54,,,,,0
46820756,1.0,55,,,,,0
46820756,1.0,56,,,,,0
46820756,1.0,57,,,,,0
46820756,1.0,58,,,,,0
46820756,1.0,59,,,,,0
46820756,1.0,60,,,,,0
13613144,1.0,1,,,,,0
13613144,1.0,2,,,,,0
13613144,1.0,3,,,,,0
13613144,1.0,4,,,,,0
13613144,1.0,5,,,,,0
13613144,1.0,6,,,,,0
13613144,1.0,7,,,,,0
13613144,1.0,8,,,,,0
13613144,1.0,9,,,,,0
13613144,1.0,10,,,,,0
13613144,1.0,11,,,,,0
13613144,1.0,12,,,,,0
13613144,1.0,13,,,,,0
13613144,1.0,14,,,,,0
13613144,1.0,15,,,,,0
13613144,1.0,16,,,,,0
13613144,1.0,17,,,,,0
13613144,1.0,18,,,,,0
13613144,1.0,19,,,,,0
13613144,1.0,20,,,,,0
13613144,1.0,21,,,,,0
13613144,1.0,22,,,,,0
13613144,1.0,23,,,,,0
13613144,1.0,24,,,,,0
13613144,1.0,25,,,,,0
13613144,1.0,26,,,,,0
13613144,1.0,27,,,,,0
13613144,1.0,28,,,,,0
13613144,1.0,29,,,,,0
13613144,1.0,30,,,,,0
13613144,1.0,31,,,,,0
13613144,1.0,32,,,,,0
13613144,1.0,33,,,,,0
13613144,1.0,34,,,,,0
13613144,1.0,35,,,,,0
13613144,1.0,36,,,,,0
13613144,1.0,37,,,,,0
13613144,1.0,38,,,,,0
13613144,1.0,39,,,,,0
13613144,1.0,40,,,,,0
13613144,1.0,41,,,,,0
13613144,1.0,42,,,,,0
13613144,1.0,43,,,,,0
13613144,1.0,44,,,,,0
13613144,1.0,45,,,,,0
13613144,1.0,46,,,,,0
13613144,1.0,47,,,,,0
13613144,1.0,48,,,,,0
13613144,1.0,49,,,,,0
13613144,1.0,50,,,,,0
13613144,1.0,51,,,,,0
13613144,1.0,52,,,,,0
13613144,1.0,53,,,,,0
13613144,1.0,54,,,,,0
13613144,1.0,55,,,,,0
13613144,1.0,56,,,,,0
13613144,1.0,57,,,,,0
13613144,1.0,58,,,,,0
13613144,1.0,59,,,,,0
13613144,1.0,60,,,,,0
56553565,1.0,1,,,,,0
56553565,1.0,2,,,,,0
56553565,1.0,3,,,,,0
56553565,1.0,4,,,,,0
56553565,1.0,5,,,,,0
56553565,1.0,6,,,,,0
56553565,1.0,7,,,,,0
56553565,1.0,8,,,,,0
56553565,1.0,9,,,,,0
56553565,1.0,10,,,,,0
56553565,1.0,11,,,,,0
56553565,1.0,12,,,,,0
56553565,1.0,13,,,,,0
56553565,1.0,14,,,,,0
56553565,1.0,15,,,,,0
56553565,1.0,16,,,,,0
56553565,1.0,17,,,,,0
56553565,1.0,18,,,,,0
56553565,1.0,19,,,,,0
56553565,1.0,20,,,,,0
56553565,1.0,21,,,,,0
56553565,1.0,22,,,,,0
56553565,1.0,23,,,,,0
56553565,1.0,24,,,,,0
56553565,1.0,25,,,,,0
56553565,1.0,26,,,,,0
56553565,1.0,27,,,,,0
56553565,1.0,28,,,,,0
56553565,1.0,29,,,,,0
56553565,1.0,30,,,,,0
56553565,1.0,31,,,,,0
56553565,1.0,32,,,,,0
56553565,1.0,33,,,,,0
56553565,1.0,34,,,,,0
56553565,1.0,35,,,,,0
56553565,1.0,36,,,,,0
56553565,1.0,37,,,,,0
56553565,1.0,38,,,,,0
56553565,1.0,39,,,,,0
56553565,1.0,40,,,,,0
56553565,1.0,41,,,,,0
56553565,1.0,42,,,,,0
56553565,1.0,43,,,,,0
56553565,1.0,44,,,,,0
56553565,1.0,45,,,,,0
56553565,1.0,46,,,,,0
56553565,1.0,47,,,,,0
56553565,1.0,48,,,,,0
56553565,1.0,49,,,,,0
56553565,1.0,50,,,,,0
56553565,1.0,51,,,,,0
56553565,1.0,52,,,,,0
56553565,1.0,53,,,,,0
56553565,1.0,54,,,,,0
56553565,1.0,55,,,,,0
56553565,1.0,56,,,,,0
56553565,1.0,57,,,,,0
56553565,1.0,58,,,,,0
56553565,1.0,59,,,,,0
56553565,1.0,60,,,,,0
97732442,1.0,1,,,,,0
97732442,1.0,2,,,,,0
97732442,1.0,3,,,,,0
97732442,1.0,4,,,,,0
97732442,1.0,5,,,,,0
97732442,1.0,6,,,,,0
97732442,1.0,7,,,,,0
97732442,1.0,8,,,,,0
97732442,1.0,9,,,,,0
97732442,1.0,10,,,,,0
97732442,1.0,11,,,,,0
97732442,1.0,12,,,,,0
97732442,1.0,13,,,,,0
97732442,1.0,14,,,,,0
97732442,1.0,15,,,,,0
97732442,1.0,16,,,,,0
97732442,1.0,17,,,,,0
97732442,1.0,18,,,,,0
97732442,1.0,19,,,,,0
97732442,1.0,20,,,,,0
97732442,1.0,21,,,,,0
97732442,1.0,22,,,,,0
97732442,1.0,23,,,,,0
97732442,1.0,24,,,,,0
97732442,1.0,25,,,,,0
97732442,1.0,26,,,,,0
97732442,1.0,27,,,,,0
97732442,1.0,28,,,,,0
97732442,1.0,29,,,,,0
97732442,1.0,30,,,,,0
97732442,1.0,31,,,,,0
97732442,1.0,32,,,,,0
97732442,1.0,33,,,,,0
97732442,1.0,34,,,,,0
97732442,1.0,35,,,,,0
97732442,1.0,36,,,,,0
97732442,1.0,37,,,,,0
97732442,1.0,38,,,,,0
97732442,1.0,39,,,,,0
97732442,1.0,40,,,,,0
97732442,1.0,41,,,,,0
97732442,1.0,42,,,,,0
97732442,1.0,43,,,,,0
97732442,1.0,44,,,,,0
97732442,1.0,45,,,,,0
97732442,1.0,46,,,,,0
97732442,1.0,47,,,,,0
97732442,1.0,48,,,,,0
97732442,1.0,49,,,,,0
97732442,1.0,50,,,,,0
97732442,1.0,51,,,,,0
97732442,1.0,52,,,,,0
97732442,1.0,53,,,,,0
97732442,1.0,54,,,,,0
97732442,1.0,55,,,,,0
97732442,1.0,56,,,,,0
97732442,1.0,57,,,,,0
97732442,1.0,58,,,,,0
97732442,1.0,59,,,,,0
97732442,1.0,60,,,,,0
88178386,1.0,1,,,,,0
88178386,1.0,2,,,,,0
88178386,1.0,3,,,,,0
88178386,1.0,4,,,,,0
88178386,1.0,5,,,,,0
88178386,1.0,6,,,,,0
88178386,1.0,7,,,,,0
88178386,1.0,8,,,,,0
88178386,1.0,9,,,,,0
88178386,1.0,10,,,,,0
88178386,1.0,11,,,,,0
88178386,1.0,12,,,,,0
88178386,1.0,13,,,,,0
88178386,1.0,14,,,,,0
88178386,1.0,15,,,,,0
88178386,1.0,16,,,,,0
88178386,1.0,17,,,,,0
88178386,1.0,18,,,,,0
88178386,1.0,19,,,,,0
88178386,1.0,20,,,,,0
88178386,1.0,21,,,,,0
88178386,1.0,22,,,,,0
88178386,1.0,23,,,,,0
88178386,1.0,24,,,,,0
88178386,1.0,25,,,,,0
88178386,1.0,26,,,,,0
88178386,1.0,27,,,,,0
88178386,1.0,28,,,,,0
88178386,1.0,29,,,,,0
88178386,1.0,30,,,,,0
88178386,1.0,31,,,,,0
88178386,1.0,32,,,,,0
88178386,1.0,33,,,,,0
88178386,1.0,34,,,,,0
88178386,1.0,35,,,,,0
88178386,1.0,36,,,,,0
88178386,1.0,37,,,,,0
88178386,1.0,38,,,,,0
88178386,1.0,39,,,,,0
88178386,1.0,40,,,,,0
88178386,1.0,41,,,,,0
88178386,1.0,42,,,,,0
88178386,1.0,43,,,,,0
88178386,1.0,44,,,,,0
88178386,1.0,45,,,,,0
88178386,1.0,46,,,,,0
88178386,1.0,47,,,,,0
88178386,1.0,48,,,,,0
88178386,1.0,49,,,,,0
88178386,1.0,50,,,,,0
88178386,1.0,51,,,,,0
88178386,1.0,52,,,,,0
88178386,1.0,53,,,,,0
88178386,1.0,54,,,,,0
88178386,1.0,55,,,,,0
88178386,1.0,56,,,,,0
88178386,1.0,57,,,,,0
88178386,1.0,58,,,,,0
88178386,1.0,59,,,,,0
88178386,1.0,60,,,,,0
52633927,1.0,1,,,,,0
52633927,1.0,2,,,,,0
52633927,1.0,3,,,,,0
52633927,1.0,4,,,,,0
52633927,1.0,5,,,,,0
52633927,1.0,6,,,,,0
52633927,1.0,7,,,,,0
52633927,1.0,8,,,,,0
52633927,1.0,9,,,,,0
52633927,1.0,10,,,,,0
52633927,1.0,11,,,,,0
52633927,1.0,12,,,,,0
52633927,1.0,13,,,,,0
52633927,1.0,14,,,,,0
52633927,1.0,15,,,,,0
52633927,1.0,16,,,,,0
52633927,1.0,17,,,,,0
52633927,1.0,18,,,,,0
52633927,1.0,19,,,,,0
52633927,1.0,20,,,,,0
52633927,1.0,21,,,,,0
52633927,1.0,22,,,,,0
52633927,1.0,23,,,,,0
52633927,1.0,24,,,,,0
52633927,1.0,25,,,,,0
52633927,1.0,26,,,,,0
52633927,1.0,27,,,,,0
52633927,1.0,28,,,,,0
52633927,1.0,29,,,,,0
52633927,1.0,30,,,,,0
52633927,1.0,31,,,,,0
52633927,1.0,32,,,,,0
52633927,1.0,33,,,,,0
52633927,1.0,34,,,,,0
52633927,1.0,35,,,,,0
52633927,1.0,36,,,,,0
52633927,1.0,37,,,,,0
52633927,1.0,38,,,,,0
52633927,1.0,39,,,,,0
52633927,1.0,40,,,,,0
52633927,1.0,41,,,,,0
52633927,1.0,42,,,,,0
52633927,1.0,43,,,,,0
52633927,1.0,44,,,,,0
52633927,1.0,45,,,,,0
52633927,1.0,46,,,,,0
52633927,1.0,47,,,,,0
52633927,1.0,48,,,,,0
52633927,1.0,49,,,,,0
52633927,1.0,50,,,,,0
52633927,1.0,51,,,,,0
52633927,1.0,52,,,,,0
52633927,1.0,53,,,,,0
52633927,1.0,54,,,,,0
52633927,1.0,55,,,,,0
52633927,1.0,56,,,,,0
52633927,1.0,57,,,,,0
52633927,1.0,58,,,,,0
52633927,1.0,59,,,,,0
52633927,1.0,60,,,,,0
63163734,1.0,1,,,,,0
63163734,1.0,2,,,,,0
63163734,1.0,3,,,,,0
63163734,1.0,4,,,,,0
63163734,1.0,5,,,,,0
63163734,1.0,6,,,,,0
63163734,1.0,7,,,,,0
63163734,1.0,8,,,,,0
63163734,1.0,9,,,,,0
63163734,1.0,10,,,,,0
63163734,1.0,11,,,,,0
63163734,1.0,12,,,,,0
63163734,1.0,13,,,,,0
63163734,1.0,14,,,,,0
63163734,1.0,15,,,,,0
63163734,1.0,16,,,,,0
63163734,1.0,17,,,,,0
63163734,1.0,18,,,,,0
63163734,1.0,19,,,,,0
63163734,1.0,20,,,,,0
63163734,1.0,21,,,,,0
63163734,1.0,22,,,,,0
63163734,1.0,23,,,,,0
63163734,1.0,24,,,,,0
63163734,1.0,25,,,,,0
63163734,1.0,26,,,,,0
63163734,1.0,27,,,,,0
63163734,1.0,28,,,,,0
63163734,1.0,29,,,,,0
63163734,1.0,30,,,,,0
63163734,1.0,31,,,,,0
63163734,1.0,32,,,,,0
63163734,1.0,33,,,,,0
63163734,1.0,34,,,,,0
63163734,1.0,35,,,,,0
63163734,1.0,36,,,,,0
63163734,1.0,37,,,,,0
63163734,1.0,38,,,,,0
63163734,1.0,39,,,,,0
63163734,1.0,40,,,,,0
63163734,1.0,41,,,,,0
63163734,1.0,42,,,,,0
63163734,1.0,43,,,,,0
63163734,1.0,44,,,,,0
63163734,1.0,45,,,,,0
63163734,1.0,46,,,,,0
63163734,1.0,47,,,,,0
63163734,1.0,48,,,,,0
63163734,1.0,49,,,,,0
63163734,1.0,50,,,,,0
63163734,1.0,51,,,,,0
63163734,1.0,52,,,,,0
63163734,1.0,53,,,,,0
63163734,1.0,54,,,,,0
63163734,1.0,55,,,,,0
63163734,1.0,56,,,,,0
63163734,1.0,57,,,,,0
63163734,1.0,58,,,,,0
63163734,1.0,59,,,,,0
63163734,1.0,60,,,,,0
16559402,1.0,1,,,,,0
16559402,1.0,2,,,,,0
16559402,1.0,3,21868312,onsite,0.075,0.05,1
16559402,1.0,4,21868312,onsite,0.075,0.05,1
16559402,1.0,5,,,,,0
16559402,1.0,6,21868312,onsite,0.075,0.05,1
16559402,1.0,7,21868312,onsite,0.075,0.05,1
16559402,1.0,8,,,,,0
16559402,1.0,9,46524537,onsite,0.04999999999999999,0.07500000000000001,1
16559402,1.0,10,21868312,onsite,0.075,0.05,1
16559402,1.0,11,21868312,onsite,0.075,0.05,1
16559402,1.0,12,46524537,onsite,0.04999999999999999,0.07500000000000001,1
16559402,1.0,13,46524537,onsite,0.04999999999999999,0.07500000000000001,1
16559402,1.0,14,46524537,onsite,0.04999999999999999,0.07500000000000001,1
16559402,1.0,15,21868312,onsite,0.075,0.05,1
16559402,1.0,16,52777855,onsite,0.125,0.0,1
16559402,1.0,17,21868312,onsite,0.075,0.05,1
16559402,1.0,18,52777855,onsite,0.125,0.0,1
16559402,1.0,19,52777855,onsite,0.125,0.0,1
16559402,1.0,20,52777855,onsite,0.125,0.0,1
16559402,1.0,21,,,,,0
16559402,1.0,22,,,,,0
16559402,1.0,23,,,,,0
16559402,1.0,24,,,,,0
16559402,1.0,25,,,,,0
16559402,1.0,26,,,,,0
16559402,1.0,27,,,,,0
16559402,1.0,28,,,,,0
16559402,1.0,29,,,,,0
16559402,1.0,30,,,,,0
16559402,1.0,31,,,,,0
16559402,1.0,32,,,,,0
16559402,1.0,33,,,,,0
16559402,1.0,34,,,,,0
16559402,1.0,35,,,,,0
16559402,1.0,36,,,,,0
16559402,1.0,37,,,,,0
16559402,1.0,38,,,,,0
16559402,1.0,39,,,,,0
16559402,1.0,40,,,,,0
16559402,1.0,41,,,,,0
16559402,1.0,42,,,,,0
16559402,1.0,43,,,,,0
16559402,1.0,44,,,,,0
16559402,1.0,45,,,,,0
16559402,1.0,46,,,,,0
16559402,1.0,47,,,,,0
16559402,1.0,48,,,,,0
16559402,1.0,49,,,,,0
16559402,1.0,50,,,,,0
16559402,1.0,51,,,,,0
16559402,1.0,52,,,,,0
16559402,1.0,53,,,,,0
16559402,1.0,54,,,,,0
16559402,1.0,55,,,,,0
16559402,1.0,56,,,,,0
16559402,1.0,57,,,,,0
16559402,1.0,58,,,,,0
16559402,1.0,59,,,,,0
16559402,1.0,60,,,,,0
99044234,1.0,1,,,,,0
99044234,1.0,2,,,,,0
99044234,1.0,3,,,,,0
99044234,1.0,4,,,,,0
99044234,1.0,5,,,,,0
99044234,1.0,6,,,,,0
99044234,1.0,7,,,,,0
99044234,1.0,8,,,,,0
99044234,1.0,9,,,,,0
99044234,1.0,10,,,,,0
99044234,1.0,11,,,,,0
99044234,1.0,12,,,,,0
99044234,1.0,13,,,,,0
99044234,1.0,14,,,,,0
99044234,1.0,15,,,,,0
99044234,1.0,16,,,,,0
99044234,1.0,17,,,,,0
99044234,1.0,18,,,,,0
99044234,1.0,19,,,,,0
99044234,1.0,20,,,,,0
99044234,1.0,21,,,,,0
99044234,1.0,22,,,,,0
99044234,1.0,23,,,,,0
99044234,1.0,24,,,,,0
99044234,1.0,25,,,,,0
99044234,1.0,26,,,,,0
99044234,1.0,27,,,,,0
99044234,1.0,28,,,,,0
99044234,1.0,29,,,,,0
99044234,1.0,30,,,,,0
99044234,1.0,31,,,,,0
99044234,1.0,32,,,,,0
99044234,1.0,33,,,,,0
99044234,1.0,34,,,,,0
99044234,1.0,35,,,,,0
99044234,1.0,36,,,,,0
99044234,1.0,37,,,,,0
99044234,1.0,38,,,,,0
99044234,1.0,39,,,,,0
99044234,1.0,40,,,,,0
99044234,1.0,41,,,,,0
99044234,1.0,42,,,,,0
99044234,1.0,43,,,,,0
99044234,1.0,44,,,,,0
99044234,1.0,45,,,,,0
99044234,1.0,46,,,,,0
99044234,1.0,47,,,,,0
99044234,1.0,48,,,,,0
99044234,1.0,49,,,,,0
99044234,1.0,50,,,,,0
99044234,1.0,51,,,,,0
99044234,1.0,52,,,,,0
99044234,1.0,53,,,,,0
99044234,1.0,54,,,,,0
99044234,1.0,55,,,,,0
99044234,1.0,56,,,,,0
99044234,1.0,57,,,,,0
99044234,1.0,58,,,,,0
99044234,1.0,59,,,,,0
99044234,1.0,60,,,,,0
65441680,1.0,1,,,,,0
65441680,1.0,2,,,,,0
65441680,1.0,3,,,,,0
65441680,1.0,4,,,,,0
65441680,1.0,5,,,,,0
65441680,1.0,6,,,,,0
65441680,1.0,7,,,,,0
65441680,1.0,8,,,,,0
65441680,1.0,9,,,,,0
65441680,1.0,10,,,,,0
65441680,1.0,11,,,,,0
65441680,1.0,12,,,,,0
65441680,1.0,13,,,,,0
65441680,1.0,14,,,,,0
65441680,1.0,15,,,,,0
65441680,1.0,16,,,,,0
65441680,1.0,17,,,,,0
65441680,1.0,18,,,,,0
65441680,1.0,19,,,,,0
65441680,1.0,20,,,,,0
65441680,1.0,21,,,,,0
65441680,1.0,22,,,,,0
65441680,1.0,23,,,,,0
65441680,1.0,24,,,,,0
65441680,1.0,25,,,,,0
65441680,1.0,26,,,,,0
65441680,1.0,27,,,,,0
65441680,1.0,28,,,,,0
65441680,1.0,29,,,,,0
65441680,1.0,30,,,,,0
65441680,1.0,31,,,,,0
65441680,1.0,32,,,,,0
65441680,1.0,33,,,,,0
65441680,1.0,34,,,,,0
65441680,1.0,35,,,,,0
65441680,1.0,36,,,,,0
65441680,1.0,37,,,,,0
65441680,1.0,38,,,,,0
65441680,1.0,39,,,,,0
65441680,1.0,40,,,,,0
65441680,1.0,41,,,,,0
65441680,1.0,42,,,,,0
65441680,1.0,43,,,,,0
65441680,1.0,44,,,,,0
65441680,1.0,45,,,,,0
65441680,1.0,46,,,,,0
65441680,1.0,47,,,,,0
65441680,1.0,48,,,,,0
65441680,1.0,49,,,,,0
65441680,1.0,50,,,,,0
65441680,1.0,51,,,,,0
65441680,1.0,52,,,,,0
65441680,1.0,53,,,,,0
65441680,1.0,54,,,,,0
65441680,1.0,55,,,,,0
65441680,1.0,56,,,,,0
65441680,1.0,57,,,,,0
65441680,1.0,58,,,,,0
65441680,1.0,59,,,,,0
65441680,1.0,60,,,,,0
12777663,1.0,1,,,,,0
12777663,1.0,2,,,,,0
12777663,1.0,3,,,,,0
12777663,1.0,4,,,,,0
12777663,1.0,5,,,,,0
12777663,1.0,6,,,,,0
12777663,1.0,7,,,,,0
12777663,1.0,8,,,,,0
12777663,1.0,9,,,,,0
12777663,1.0,10,,,,,0
12777663,1.0,11,,,,,0
12777663,1.0,12,,,,,0
12777663,1.0,13,,,,,0
12777663,1.0,14,,,,,0
12777663,1.0,15,,,,,0
12777663,1.0,16,,,,,0
12777663,1.0,17,,,,,0
12777663,1.0,18,,,,,0
12777663,1.0,19,,,,,0
12777663,1.0,20,,,,,0
12777663,1.0,21,,,,,0
12777663,1.0,22,,,,,0
12777663,1.0,23,,,,,0
12777663,1.0,24,,,,,0
12777663,1.0,25,,,,,0
12777663,1.0,26,,,,,0
12777663,1.0,27,,,,,0
12777663,1.0,28,,,,,0
12777663,1.0,29,,,,,0
12777663,1.0,30,,,,,0
12777663,1.0,31,,,,,0
12777663,1.0,32,,,,,0
12777663,1.0,33,,,,,0
12777663,1.0,34,,,,,0
12777663,1.0,35,,,,,0
12777663,1.0,36,,,,,0
12777663,1.0,37,,,,,0
12777663,1.0,38,,,,,0
12777663,1.0,39,,,,,0
12777663,1.0,40,,,,,0
12777663,1.0,41,,,,,0
12777663,1.0,42,,,,,0
12777663,1.0,43,,,,,0
12777663,1.0,44,,,,,0
12777663,1.0,45,,,,,0
12777663,1.0,46,,,,,0
12777663,1.0,47,,,,,0
12777663,1.0,48,,,,,0
12777663,1.0,49,,,,,0
12777663,1.0,50,,,,,0
12777663,1.0,51,,,,,0
12777663,1.0,52,,,,,0
12777663,1.0,53,,,,,0
12777663,1.0,54,,,,,0
12777663,1.0,55,,,,,0
12777663,1.0,56,,,,,0
12777663,1.0,57,,,,,0
12777663,1.0,58,,,,,0
12777663,1.0,59,,,,,0
12777663,1.0,60,,,,,0
40393820,1.0,1,,,,,0
40393820,1.0,2,,,,,0
40393820,1.0,3,,,,,0
40393820,1.0,4,,,,,0
40393820,1.0,5,,,,,0
40393820,1.0,6,,,,,0
40393820,1.0,7,,,,,0
40393820,1.0,8,,,,,0
40393820,1.0,9,,,,,0
40393820,1.0,10,,,,,0
40393820,1.0,11,,,,,0
40393820,1.0,12,,,,,0
40393820,1.0,13,,,,,0
40393820,1.0,14,,,,,0
40393820,1.0,15,,,,,0
40393820,1.0,16,,,,,0
40393820,1.0,17,,,,,0
40393820,1.0,18,,,,,0
40393820,1.0,19,,,,,0
40393820,1.0,20,,,,,0
40393820,1.0,21,,,,,0
40393820,1.0,22,,,,,0
40393820,1.0,23,,,,,0
40393820,1.0,24,,,,,0
40393820,1.0,25,,,,,0
40393820,1.0,26,,,,,0
40393820,1.0,27,,,,,0
40393820,1.0,28,,,,,0
40393820,1.0,29,,,,,0
40393820,1.0,30,,,,,0
40393820,1.0,31,,,,,0
40393820,1.0,32,,,,,0
40393820,1.0,33,,,,,0
40393820,1.0,34,,,,,0
40393820,1.0,35,,,,,0
40393820,1.0,36,,,,,0
40393820,1.0,37,,,,,0
40393820,1.0,38,,,,,0
40393820,1.0,39,,,,,0
40393820,1.0,40,,,,,0
40393820,1.0,41,,,,,0
40393820,1.0,42,,,,,0
40393820,1.0,43,,,,,0
40393820,1.0,44,,,,,0
40393820,1.0,45,,,,,0
40393820,1.0,46,,,,,0
40393820,1.0,47,,,,,0
40393820,1.0,48,,,,,0
40393820,1.0,49,,,,,0
40393820,1.0,50,,,,,0
40393820,1.0,51,,,,,0
40393820,1.0,52,,,,,0
40393820,1.0,53,,,,,0
40393820,1.0,54,,,,,0
40393820,1.0,55,,,,,0
40393820,1.0,56,,,,,0
40393820,1.0,57,,,,,0
40393820,1.0,58,,,,,0
40393820,1.0,59,,,,,0
40393820,1.0,60,,,,,0
57500632,1.0,1,,,,,0
57500632,1.0,2,,,,,0
57500632,1.0,3,,,,,0
57500632,1.0,4,,,,,0
57500632,1.0,5,,,,,0
57500632,1.0,6,,,,,0
57500632,1.0,7,,,,,0
57500632,1.0,8,,,,,0
57500632,1.0,9,,,,,0
57500632,1.0,10,,,,,0
57500632,1.0,11,,,,,0
57500632,1.0,12,,,,,0
57500632,1.0,13,,,,,0
57500632,1.0,14,,,,,0
57500632,1.0,15,,,,,0
57500632,1.0,16,,,,,0
57500632,1.0,17,,,,,0
57500632,1.0,18,,,,,0
57500632,1.0,19,,,,,0
57500632,1.0,20,,,,,0
57500632,1.0,21,,,,,0
57500632,1.0,22,,,,,0
57500632,1.0,23,,,,,0
57500632,1.0,24,,,,,0
57500632,1.0,25,,,,,0
57500632,1.0,26,,,,,0
57500632,1.0,27,,,,,0
57500632,1.0,28,,,,,0
57500632,1.0,29,,,,,0
57500632,1.0,30,,,,,0
57500632,1.0,31,,,,,0
57500632,1.0,32,,,,,0
57500632,1.0,33,,,,,0
57500632,1.0,34,,,,,0
57500632,1.0,35,,,,,0
57500632,1.0,36,,,,,0
57500632,1.0,37,,,,,0
57500632,1.0,38,,,,,0
57500632,1.0,39,,,,,0
57500632,1.0,40,,,,,0
57500632,1.0,41,,,,,0
57500632,1.0,42,,,,,0
57500632,1.0,43,,,,,0
57500632,1.0,44,,,,,0
57500632,1.0,45,,,,,0
57500632,1.0,46,,,,,0
57500632,1.0,47,,,,,0
57500632,1.0,48,,,,,0
57500632,1.0,49,,,,,0
57500632,1.0,50,,,,,0
57500632,1.0,51,,,,,0
57500632,1.0,52,,,,,0
57500632,1.0,53,,,,,0
57500632,1.0,54,,,,,0
57500632,1.0,55,,,,,0
57500632,1.0,56,,,,,0
57500632,1.0,57,,,,,0
57500632,1.0,58,,,,,0
57500632,1.0,59,,,,,0
57500632,1.0,60,,,,,0
83489762,1.0,1,,,,,0
83489762,1.0,2,,,,,0
83489762,1.0,3,,,,,0
83489762,1.0,4,,,,,0
83489762,1.0,5,,,,,0
83489762,1.0,6,,,,,0
83489762,1.0,7,,,,,0
83489762,1.0,8,,,,,0
83489762,1.0,9,,,,,0
83489762,1.0,10,,,,,0
83489762,1.0,11,,,,,0
83489762,1.0,12,,,,,0
83489762,1.0,13,,,,,0
83489762,1.0,14,,,,,0
83489762,1.0,15,,,,,0
83489762,1.0,16,,,,,0
83489762,1.0,17,,,,,0
83489762,1.0,18,,,,,0
83489762,1.0,19,,,,,0
83489762,1.0,20,,,,,0
83489762,1.0,21,,,,,0
83489762,1.0,22,,,,,0
83489762,1.0,23,,,,,0
83489762,1.0,24,,,,,0
83489762,1.0,25,,,,,0
83489762,1.0,26,,,,,0
83489762,1.0,27,,,,,0
83489762,1.0,28,,,,,0
83489762,1.0,29,,,,,0
83489762,1.0,30,,,,,0
83489762,1.0,31,,,,,0
83489762,1.0,32,,,,,0
83489762,1.0,33,,,,,0
83489762,1.0,34,,,,,0
83489762,1.0,35,,,,,0
83489762,1.0,36,,,,,0
83489762,1.0,37,,,,,0
83489762,1.0,38,,,,,0
83489762,1.0,39,,,,,0
83489762,1.0,40,,,,,0
83489762,1.0,41,,,,,0
83489762,1.0,42,,,,,0
83489762,1.0,43,,,,,0
83489762,1.0,44,,,,,0
83489762,1.0,45,,,,,0
83489762,1.0,46,,,,,0
83489762,1.0,47,,,,,0
83489762,1.0,48,,,,,0
83489762,1.0,49,,,,,0
83489762,1.0,50,,,,,0
83489762,1.0,51,,,,,0
83489762,1.0,52,,,,,0
83489762,1.0,53,,,,,0
83489762,1.0,54,,,,,0
83489762,1.0,55,,,,,0
83489762,1.0,56,,,,,0
83489762,1.0,57,,,,,0
83489762,1.0,58,,,,,0
83489762,1.0,59,,,,,0
83489762,1.0,60,,,,,0
67270475,1.0,1,,,,,0
67270475,1.0,2,,,,,0
67270475,1.0,3,,,,,0
67270475,1.0,4,,,,,0
67270475,1.0,5,,,,,0
67270475,1.0,6,,,,,0
67270475,1.0,7,,,,,0
67270475,1.0,8,,,,,0
67270475,1.0,9,,,,,0
67270475,1.0,10,,,,,0
67270475,1.0,11,,,,,0
67270475,1.0,12,,,,,0
67270475,1.0,13,,,,,0
67270475,1.0,14,,,,,0
67270475,1.0,15,,,,,0
67270475,1.0,16,,,,,0
67270475,1.0,17,,,,,0
67270475,1.0,18,,,,,0
67270475,1.0,19,,,,,0
67270475,1.0,20,,,,,0
67270475,1.0,21,,,,,0
67270475,1.0,22,,,,,0
67270475,1.0,23,,,,,0
67270475,1.0,24,,,,,0
67270475,1.0,25,,,,,0
67270475,1.0,26,,,,,0
67270475,1.0,27,,,,,0
67270475,1.0,28,,,,,0
67270475,1.0,29,,,,,0
67270475,1.0,30,,,,,0
67270475,1.0,31,,,,,0
67270475,1.0,32,,,,,0
67270475,1.0,33,,,,,0
67270475,1.0,34,,,,,0
67270475,1.0,35,,,,,0
67270475,1.0,36,,,,,0
67270475,1.0,37,,,,,0
67270475,1.0,38,,,,,0
67270475,1.0,39,,,,,0
67270475,1.0,40,,,,,0
67270475,1.0,41,,,,,0
67270475,1.0,42,,,,,0
67270475,1.0,43,,,,,0
67270475,1.0,44,,,,,0
67270475,1.0,45,,,,,0
67270475,1.0,46,,,,,0
67270475,1.0,47,,,,,0
67270475,1.0,48,,,,,0
67270475,1.0,49,,,,,0
67270475,1.0,50,,,,,0
67270475,1.0,51,,,,,0
67270475,1.0,52,,,,,0
67270475,1.0,53,,,,,0
67270475,1.0,54,,,,,0
67270475,1.0,55,,,,,0
67270475,1.0,56,,,,,0
67270475,1.0,57,,,,,0
67270475,1.0,58,,,,,0
67270475,1.0,59,,,,,0
67270475,1.0,60,,,,,0
36555833,1.0,1,,,,,0
36555833,1.0,2,,,,,0
36555833,1.0,3,,,,,0
36555833,1.0,4,,,,,0
36555833,1.0,5,,,,,0
36555833,1.0,6,,,,,0
36555833,1.0,7,,,,,0
36555833,1.0,8,,,,,0
36555833,1.0,9,,,,,0
36555833,1.0,10,,,,,0
36555833,1.0,11,,,,,0
36555833,1.0,12,,,,,0
36555833,1.0,13,,,,,0
36555833,1.0,14,,,,,0
36555833,1.0,15,,,,,0
36555833,1.0,16,,,,,0
36555833,1.0,17,,,,,0
36555833,1.0,18,,,,,0
36555833,1.0,19,,,,,0
36555833,1.0,20,,,,,0
36555833,1.0,21,,,,,0
36555833,1.0,22,,,,,0
36555833,1.0,23,,,,,0
36555833,1.0,24,,,,,0
36555833,1.0,25,,,,,0
36555833,1.0,26,,,,,0
36555833,1.0,27,,,,,0
36555833,1.0,28,,,,,0
36555833,1.0,29,,,,,0
36555833,1.0,30,,,,,0
36555833,1.0,31,,,,,0
36555833,1.0,32,,,,,0
36555833,1.0,33,,,,,0
36555833,1.0,34,,,,,0
36555833,1.0,35,,,,,0
36555833,1.0,36,,,,,0
36555833,1.0,37,,,,,0
36555833,1.0,38,,,,,0
36555833,1.0,39,,,,,0
36555833,1.0,40,,,,,0
36555833,1.0,41,,,,,0
36555833,1.0,42,,,,,0
36555833,1.0,43,,,,,0
36555833,1.0,44,,,,,0
36555833,1.0,45,,,,,0
36555833,1.0,46,,,,,0
36555833,1.0,47,,,,,0
36555833,1.0,48,,,,,0
36555833,1.0,49,,,,,0
36555833,1.0,50,,,,,0
36555833,1.0,51,,,,,0
36555833,1.0,52,,,,,0
36555833,1.0,53,,,,,0
36555833,1.0,54,,,,,0
36555833,1.0,55,,,,,0
36555833,1.0,56,,,,,0
36555833,1.0,57,,,,,0
36555833,1.0,58,,,,,0
36555833,1.0,59,,,,,0
36555833,1.0,60,,,,,0
14343602,1.0,1,,,,,0
14343602,1.0,2,,,,,0
14343602,1.0,3,91833791,onsite,0.125,0.0,1
14343602,1.0,4,,,,,0
14343602,1.0,5,66327959,onsite,0.125,0.0,1
14343602,1.0,6,91833791,onsite,0.125,0.0,1
14343602,1.0,7,88878361,onsite,0.125,0.0,1
14343602,1.0,8,66327959,onsite,0.125,0.0,1
14343602,1.0,9,,,,,0
14343602,1.0,10,88878361,onsite,0.125,0.0,1
14343602,1.0,11,,,,,0
14343602,1.0,12,,,,,0
14343602,1.0,13,,,,,0
14343602,1.0,14,66327959,onsite,0.125,0.0,1
14343602,1.0,15,66327959,onsite,0.125,0.0,1
14343602,1.0,16,,,,,0
14343602,1.0,17,,,,,0
14343602,1.0,18,66327959,onsite,0.125,0.0,1
14343602,1.0,19,,,,,0
14343602,1.0,20,,,,,0
14343602,1.0,21,,,,,0
14343602,1.0,22,34607809,online,2.0,0.0,1
14343602,1.0,23,29535293,online,2.5,0.0,1
14343602,1.0,24,31727016,online,2.0,0.0,1
14343602,1.0,25,,,,,0
14343602,1.0,26,,,,,0
14343602,1.0,27,,,,,0
14343602,1.0,28,,,,,0
14343602,1.0,29,,,,,0
14343602,1.0,30,95279447,online,2.0,0.0,1
14343602,1.0,31,,,,,0
14343602,1.0,32,,,,,0
14343602,1.0,33,,,,,0
14343602,1.0,34,,,,,0
14343602,1.0,35,,,,,0
14343602,1.0,36,,,,,0
14343602,1.0,37,,,,,0
14343602,1.0,38,,,,,0
14343602,1.0,39,,,,,0
14343602,1.0,40,,,,,0
14343602,1.0,41,,,,,0
14343602,1.0,42,,,,,0
14343602,1.0,43,,,,,0
14343602,1.0,44,,,,,0
14343602,1.0,45,,,,,0
14343602,1.0,46,,,,,0
14343602,1.0,47,,,,,0
14343602,1.0,48,,,,,0
14343602,1.0,49,,,,,0
14343602,1.0,50,,,,,0
14343602,1.0,51,,,,,0
14343602,1.0,52,,,,,0
14343602,1.0,53,,,,,0
14343602,1.0,54,,,,,0
14343602,1.0,55,,,,,0
14343602,1.0,56,,,,,0
14343602,1.0,57,,,,,0
14343602,1.0,58,,,,,0
14343602,1.0,59,,,,,0
14343602,1.0,60,,,,,0
93264573,1.0,1,,,,,0
93264573,1.0,2,,,,,0
93264573,1.0,3,,,,,0
93264573,1.0,4,,,,,0
93264573,1.0,5,,,,,0
93264573,1.0,6,,,,,0
93264573,1.0,7,,,,,0
93264573,1.0,8,,,,,0
93264573,1.0,9,,,,,0
93264573,1.0,10,,,,,0
93264573,1.0,11,,,,,0
93264573,1.0,12,,,,,0
93264573,1.0,13,,,,,0
93264573,1.0,14,,,,,0
93264573,1.0,15,,,,,0
93264573,1.0,16,,,,,0
93264573,1.0,17,,,,,0
93264573,1.0,18,,,,,0
93264573,1.0,19,,,,,0
93264573,1.0,20,,,,,0
93264573,1.0,21,,,,,0
93264573,1.0,22,,,,,0
93264573,1.0,23,,,,,0
93264573,1.0,24,,,,,0
93264573,1.0,25,,,,,0
93264573,1.0,26,,,,,0
93264573,1.0,27,,,,,0
93264573,1.0,28,,,,,0
93264573,1.0,29,,,,,0
93264573,1.0,30,,,,,0
93264573,1.0,31,,,,,0
93264573,1.0,32,,,,,0
93264573,1.0,33,,,,,0
93264573,1.0,34,,,,,0
93264573,1.0,35,,,,,0
93264573,1.0,36,,,,,0
93264573,1.0,37,,,,,0
93264573,1.0,38,,,,,0
93264573,1.0,39,,,,,0
93264573,1.0,40,,,,,0
93264573,1.0,41,,,,,0
93264573,1.0,42,,,,,0
93264573,1.0,43,,,,,0
93264573,1.0,44,,,,,0
93264573,1.0,45,,,,,0
93264573,1.0,46,,,,,0
93264573,1.0,47,,,,,0
93264573,1.0,48,,,,,0
93264573,1.0,49,,,,,0
93264573,1.0,50,,,,,0
93264573,1.0,51,,,,,0
93264573,1.0,52,,,,,0
93264573,1.0,53,,,,,0
93264573,1.0,54,,,,,0
93264573,1.0,55,,,,,0
93264573,1.0,56,,,,,0
93264573,1.0,57,,,,,0
93264573,1.0,58,,,,,0
93264573,1.0,59,,,,,0
93264573,1.0,60,,,,,0
99009880,1.0,1,,,,,0
99009880,1.0,2,,,,,0
99009880,1.0,3,,,,,0
99009880,1.0,4,,,,,0
99009880,1.0,5,,,,,0
99009880,1.0,6,,,,,0
99009880,1.0,7,,,,,0
99009880,1.0,8,,,,,0
99009880,1.0,9,,,,,0
99009880,1.0,10,,,,,0
99009880,1.0,11,,,,,0
99009880,1.0,12,,,,,0
99009880,1.0,13,,,,,0
99009880,1.0,14,,,,,0
99009880,1.0,15,,,,,0
99009880,1.0,16,,,,,0
99009880,1.0,17,,,,,0
99009880,1.0,18,,,,,0
99009880,1.0,19,,,,,0
99009880,1.0,20,,,,,0
99009880,1.0,21,,,,,0
99009880,1.0,22,,,,,0
99009880,1.0,23,,,,,0
99009880,1.0,24,,,,,0
99009880,1.0,25,,,,,0
99009880,1.0,26,,,,,0
99009880,1.0,27,,,,,0
99009880,1.0,28,,,,,0
99009880,1.0,29,,,,,0
99009880,1.0,30,,,,,0
99009880,1.0,31,,,,,0
99009880,1.0,32,,,,,0
99009880,1.0,33,,,,,0
99009880,1.0,34,,,,,0
99009880,1.0,35,,,,,0
99009880,1.0,36,,,,,0
99009880,1.0,37,,,,,0
99009880,1.0,38,,,,,0
99009880,1.0,39,,,,,0
99009880,1.0,40,,,,,0
99009880,1.0,41,,,,,0
99009880,1.0,42,,,,,0
99009880,1.0,43,,,,,0
99009880,1.0,44,,,,,0
99009880,1.0,45,,,,,0
99009880,1.0,46,,,,,0
99009880,1.0,47,,,,,0
99009880,1.0,48,,,,,0
99009880,1.0,49,,,,,0
99009880,1.0,50,,,,,0
99009880,1.0,51,,,,,0
99009880,1.0,52,,,,,0
99009880,1.0,53,,,,,0
99009880,1.0,54,,,,,0
99009880,1.0,55,,,,,0
99009880,1.0,56,,,,,0
99009880,1.0,57,,,,,0
99009880,1.0,58,,,,,0
99009880,1.0,59,,,,,0
99009880,1.0,60,,,,,0
73706546,1.0,1,,,,,0
73706546,1.0,2,,,,,0
73706546,1.0,3,,,,,0
73706546,1.0,4,,,,,0
73706546,1.0,5,,,,,0
73706546,1.0,6,,,,,0
73706546,1.0,7,,,,,0
73706546,1.0,8,,,,,0
73706546,1.0,9,,,,,0
73706546,1.0,10,,,,,0
73706546,1.0,11,,,,,0
73706546,1.0,12,,,,,0
73706546,1.0,13,,,,,0
73706546,1.0,14,,,,,0
73706546,1.0,15,,,,,0
73706546,1.0,16,,,,,0
73706546,1.0,17,,,,,0
73706546,1.0,18,,,,,0
73706546,1.0,19,,,,,0
73706546,1.0,20,,,,,0
73706546,1.0,21,,,,,0
73706546,1.0,22,,,,,0
73706546,1.0,23,,,,,0
73706546,1.0,24,,,,,0
73706546,1.0,25,,,,,0
73706546,1.0,26,,,,,0
73706546,1.0,27,,,,,0
73706546,1.0,28,,,,,0
73706546,1.0,29,,,,,0
73706546,1.0,30,,,,,0
73706546,1.0,31,,,,,0
73706546,1.0,32,,,,,0
73706546,1.0,33,,,,,0
73706546,1.0,34,,,,,0
73706546,1.0,35,,,,,0
73706546,1.0,36,,,,,0
73706546,1.0,37,,,,,0
73706546,1.0,38,,,,,0
73706546,1.0,39,,,,,0
73706546,1.0,40,,,,,0
73706546,1.0,41,,,,,0
73706546,1.0,42,,,,,0
73706546,1.0,43,,,,,0
73706546,1.0,44,,,,,0
73706546,1.0,45,,,,,0
73706546,1.0,46,,,,,0
73706546,1.0,47,,,,,0
73706546,1.0,48,,,,,0
73706546,1.0,49,,,,,0
73706546,1.0,50,,,,,0
73706546,1.0,51,,,,,0
73706546,1.0,52,,,,,0
73706546,1.0,53,,,,,0
73706546,1.0,54,,,,,0
73706546,1.0,55,,,,,0
73706546,1.0,56,,,,,0
73706546,1.0,57,,,,,0
73706546,1.0,58,,,,,0
73706546,1.0,59,,,,,0
73706546,1.0,60,,,,,0
18768735,1.0,1,,,,,0
18768735,1.0,2,,,,,0
18768735,1.0,3,,,,,0
18768735,1.0,4,,,,,0
18768735,1.0,5,,,,,0
18768735,1.0,6,,,,,0
18768735,1.0,7,,,,,0
18768735,1.0,8,,,,,0
18768735,1.0,9,,,,,0
18768735,1.0,10,,,,,0
18768735,1.0,11,,,,,0
18768735,1.0,12,,,,,0
18768735,1.0,13,,,,,0
18768735,1.0,14,,,,,0
18768735,1.0,15,,,,,0
18768735,1.0,16,,,,,0
18768735,1.0,17,,,,,0
18768735,1.0,18,,,,,0
18768735,1.0,19,,,,,0
18768735,1.0,20,,,,,0
18768735,1.0,21,,,,,0
18768735,1.0,22,,,,,0
18768735,1.0,23,,,,,0
18768735,1.0,24,,,,,0
18768735,1.0,25,,,,,0
18768735,1.0,26,,,,,0
18768735,1.0,27,,,,,0
18768735,1.0,28,,,,,0
18768735,1.0,29,,,,,0
18768735,1.0,30,,,,,0
18768735,1.0,31,,,,,0
18768735,1.0,32,,,,,0
18768735,1.0,33,,,,,0
18768735,1.0,34,,,,,0
18768735,1.0,35,,,,,0
18768735,1.0,36,,,,,0
18768735,1.0,37,,,,,0
18768735,1.0,38,,,,,0
18768735,1.0,39,,,,,0
18768735,1.0,40,,,,,0
18768735,1.0,41,,,,,0
18768735,1.0,42,,,,,0
18768735,1.0,43,,,,,0
18768735,1.0,44,,,,,0
18768735,1.0,45,,,,,0
18768735,1.0,46,,,,,0
18768735,1.0,47,,,,,0
18768735,1.0,48,,,,,0
18768735,1.0,49,,,,,0
18768735,1.0,50,,,,,0
18768735,1.0,51,,,,,0
18768735,1.0,52,,,,,0
18768735,1.0,53,,,,,0
18768735,1.0,54,,,,,0
18768735,1.0,55,,,,,0
18768735,1.0,56,,,,,0
18768735,1.0,57,,,,,0
18768735,1.0,58,,,,,0
18768735,1.0,59,,,,,0
18768735,1.0,60,,,,,0
54577283,1.0,1,,,,,0
54577283,1.0,2,,,,,0
54577283,1.0,3,,,,,0
54577283,1.0,4,,,,,0
54577283,1.0,5,,,,,0
54577283,1.0,6,,,,,0
54577283,1.0,7,,,,,0
54577283,1.0,8,,,,,0
54577283,1.0,9,,,,,0
54577283,1.0,10,,,,,0
54577283,1.0,11,,,,,0
54577283,1.0,12,,,,,0
54577283,1.0,13,,,,,0
54577283,1.0,14,,,,,0
54577283,1.0,15,,,,,0
54577283,1.0,16,,,,,0
54577283,1.0,17,,,,,0
54577283,1.0,18,,,,,0
54577283,1.0,19,,,,,0
54577283,1.0,20,,,,,0
54577283,1.0,21,,,,,0
54577283,1.0,22,,,,,0
54577283,1.0,23,,,,,0
54577283,1.0,24,,,,,0
54577283,1.0,25,,,,,0
54577283,1.0,26,,,,,0
54577283,1.0,27,,,,,0
54577283,1.0,28,,,,,0
54577283,1.0,29,,,,,0
54577283,1.0,30,,,,,0
54577283,1.0,31,,,,,0
54577283,1.0,32,,,,,0
54577283,1.0,33,,,,,0
54577283,1.0,34,,,,,0
54577283,1.0,35,,,,,0
54577283,1.0,36,,,,,0
54577283,1.0,37,,,,,0
54577283,1.0,38,,,,,0
54577283,1.0,39,,,,,0
54577283,1.0,40,,,,,0
54577283,1.0,41,,,,,0
54577283,1.0,42,,,,,0
54577283,1.0,43,,,,,0
54577283,1.0,44,,,,,0
54577283,1.0,45,,,,,0
54577283,1.0,46,,,,,0
54577283,1.0,47,,,,,0
54577283,1.0,48,,,,,0
54577283,1.0,49,,,,,0
54577283,1.0,50,,,,,0
54577283,1.0,51,,,,,0
54577283,1.0,52,,,,,0
54577283,1.0,53,,,,,0
54577283,1.0,54,,,,,0
54577283,1.0,55,,,,,0
54577283,1.0,56,,,,,0
54577283,1.0,57,,,,,0
54577283,1.0,58,,,,,0
54577283,1.0,59,,,,,0
54577283,1.0,60,,,,,0
55604019,1.0,1,,,,,0
55604019,1.0,2,,,,,0
55604019,1.0,3,,,,,0
55604019,1.0,4,,,,,0
55604019,1.0,5,,,,,0
55604019,1.0,6,,,,,0
55604019,1.0,7,,,,,0
55604019,1.0,8,,,,,0
55604019,1.0,9,,,,,0
55604019,1.0,10,,,,,0
55604019,1.0,11,,,,,0
55604019,1.0,12,,,,,0
55604019,1.0,13,,,,,0
55604019,1.0,14,,,,,0
55604019,1.0,15,,,,,0
55604019,1.0,16,,,,,0
55604019,1.0,17,,,,,0
55604019,1.0,18,,,,,0
55604019,1.0,19,,,,,0
55604019,1.0,20,,,,,0
55604019,1.0,21,,,,,0
55604019,1.0,22,,,,,0
55604019,1.0,23,,,,,0
55604019,1.0,24,,,,,0
55604019,1.0,25,,,,,0
55604019,1.0,26,,,,,0
55604019,1.0,27,,,,,0
55604019,1.0,28,,,,,0
55604019,1.0,29,,,,,0
55604019,1.0,30,,,,,0
55604019,1.0,31,,,,,0
55604019,1.0,32,,,,,0
55604019,1.0,33,,,,,0
55604019,1.0,34,,,,,0
55604019,1.0,35,,,,,0
55604019,1.0,36,,,,,0
55604019,1.0,37,,,,,0
55604019,1.0,38,,,,,0
55604019,1.0,39,,,,,0
55604019,1.0,40,,,,,0
55604019,1.0,41,,,,,0
55604019,1.0,42,,,,,0
55604019,1.0,43,,,,,0
55604019,1.0,44,,,,,0
55604019,1.0,45,,,,,0
55604019,1.0,46,,,,,0
55604019,1.0,47,,,,,0
55604019,1.0,48,,,,,0
55604019,1.0,49,,,,,0
55604019,1.0,50,,,,,0
55604019,1.0,51,,,,,0
55604019,1.0,52,,,,,0
55604019,1.0,53,,,,,0
55604019,1.0,54,,,,,0
55604019,1.0,55,,,,,0
55604019,1.0,56,,,,,0
55604019,1.0,57,,,,,0
55604019,1.0,58,,,,,0
55604019,1.0,59,,,,,0
55604019,1.0,60,,,,,0
78236485,1.0,1,,,,,0
78236485,1.0,2,,,,,0
78236485,1.0,3,,,,,0
78236485,1.0,4,,,,,0
78236485,1.0,5,,,,,0
78236485,1.0,6,,,,,0
78236485,1.0,7,,,,,0
78236485,1.0,8,,,,,0
78236485,1.0,9,,,,,0
78236485,1.0,10,,,,,0
78236485,1.0,11,,,,,0
78236485,1.0,12,,,,,0
78236485,1.0,13,,,,,0
78236485,1.0,14,,,,,0
78236485,1.0,15,,,,,0
78236485,1.0,16,,,,,0
78236485,1.0,17,,,,,0
78236485,1.0,18,,,,,0
78236485,1.0,19,,,,,0
78236485,1.0,20,,,,,0
78236485,1.0,21,,,,,0
78236485,1.0,22,,,,,0
78236485,1.0,23,,,,,0
78236485,1.0,24,,,,,0
78236485,1.0,25,,,,,0
78236485,1.0,26,,,,,0
78236485,1.0,27,,,,,0
78236485,1.0,28,,,,,0
78236485,1.0,29,,,,,0
78236485,1.0,30,,,,,0
78236485,1.0,31,,,,,0
78236485,1.0,32,,,,,0
78236485,1.0,33,,,,,0
78236485,1.0,34,,,,,0
78236485,1.0,35,,,,,0
78236485,1.0,36,,,,,0
78236485,1.0,37,,,,,0
78236485,1.0,38,,,,,0
78236485,1.0,39,,,,,0
78236485,1.0,40,,,,,0
78236485,1.0,41,,,,,0
78236485,1.0,42,,,,,0
78236485,1.0,43,,,,,0
78236485,1.0,44,,,,,0
78236485,1.0,45,,,,,0
78236485,1.0,46,,,,,0
78236485,1.0,47,,,,,0
78236485,1.0,48,,,,,0
78236485,1.0,49,,,,,0
78236485,1.0,50,,,,,0
78236485,1.0,51,,,,,0
78236485,1.0,52,,,,,0
78236485,1.0,53,,,,,0
78236485,1.0,54,,,,,0
78236485,1.0,55,,,,,0
78236485,1.0,56,,,,,0
78236485,1.0,57,,,,,0
78236485,1.0,58,,,,,0
78236485,1.0,59,,,,,0
78236485,1.0,60,,,,,0
38041560,1.0,1,,,,,0
38041560,1.0,2,,,,,0
38041560,1.0,3,,,,,0
38041560,1.0,4,,,,,0
38041560,1.0,5,,,,,0
38041560,1.0,6,,,,,0
38041560,1.0,7,,,,,0
38041560,1.0,8,,,,,0
38041560,1.0,9,,,,,0
38041560,1.0,10,,,,,0
38041560,1.0,11,,,,,0
38041560,1.0,12,,,,,0
38041560,1.0,13,,,,,0
38041560,1.0,14,,,,,0
38041560,1.0,15,,,,,0
38041560,1.0,16,,,,,0
38041560,1.0,17,,,,,0
38041560,1.0,18,,,,,0
38041560,1.0,19,,,,,0
38041560,1.0,20,,,,,0
38041560,1.0,21,,,,,0
38041560,1.0,22,,,,,0
38041560,1.0,23,,,,,0
38041560,1.0,24,,,,,0
38041560,1.0,25,,,,,0
38041560,1.0,26,,,,,0
38041560,1.0,27,,,,,0
38041560,1.0,28,,,,,0
38041560,1.0,29,,,,,0
38041560,1.0,30,,,,,0
38041560,1.0,31,,,,,0
38041560,1.0,32,,,,,0
38041560,1.0,33,,,,,0
38041560,1.0,34,,,,,0
38041560,1.0,35,,,,,0
38041560,1.0,36,,,,,0
38041560,1.0,37,,,,,0
38041560,1.0,38,,,,,0
38041560,1.0,39,,,,,0
38041560,1.0,40,,,,,0
38041560,1.0,41,,,,,0
38041560,1.0,42,,,,,0
38041560,1.0,43,,,,,0
38041560,1.0,44,,,,,0
38041560,1.0,45,,,,,0
38041560,1.0,46,,,,,0
38041560,1.0,47,,,,,0
38041560,1.0,48,,,,,0
38041560,1.0,49,,,,,0
38041560,1.0,50,,,,,0
38041560,1.0,51,,,,,0
38041560,1.0,52,,,,,0
38041560,1.0,53,,,,,0
38041560,1.0,54,,,,,0
38041560,1.0,55,,,,,0
38041560,1.0,56,,,,,0
38041560,1.0,57,,,,,0
38041560,1.0,58,,,,,0
38041560,1.0,59,,,,,0
38041560,1.0,60,,,,,0
76387474,1.0,1,,,,,0
76387474,1.0,2,,,,,0
76387474,1.0,3,,,,,0
76387474,1.0,4,,,,,0
76387474,1.0,5,,,,,0
76387474,1.0,6,,,,,0
76387474,1.0,7,,,,,0
76387474,1.0,8,,,,,0
76387474,1.0,9,,,,,0
76387474,1.0,10,,,,,0
76387474,1.0,11,,,,,0
76387474,1.0,12,,,,,0
76387474,1.0,13,,,,,0
76387474,1.0,14,,,,,0
76387474,1.0,15,,,,,0
76387474,1.0,16,,,,,0
76387474,1.0,17,,,,,0
76387474,1.0,18,,,,,0
76387474,1.0,19,,,,,0
76387474,1.0,20,,,,,0
76387474,1.0,21,,,,,0
76387474,1.0,22,,,,,0
76387474,1.0,23,,,,,0
76387474,1.0,24,,,,,0
76387474,1.0,25,,,,,0
76387474,1.0,26,,,,,0
76387474,1.0,27,,,,,0
76387474,1.0,28,,,,,0
76387474,1.0,29,,,,,0
76387474,1.0,30,,,,,0
76387474,1.0,31,,,,,0
76387474,1.0,32,,,,,0
76387474,1.0,33,,,,,0
76387474,1.0,34,,,,,0
76387474,1.0,35,,,,,0
76387474,1.0,36,,,,,0
76387474,1.0,37,,,,,0
76387474,1.0,38,,,,,0
76387474,1.0,39,,,,,0
76387474,1.0,40,,,,,0
76387474,1.0,41,,,,,0
76387474,1.0,42,,,,,0
76387474,1.0,43,,,,,0
76387474,1.0,44,,,,,0
76387474,1.0,45,,,,,0
76387474,1.0,46,,,,,0
76387474,1.0,47,,,,,0
76387474,1.0,48,,,,,0
76387474,1.0,49,,,,,0
76387474,1.0,50,,,,,0
76387474,1.0,51,,,,,0
76387474,1.0,52,,,,,0
76387474,1.0,53,,,,,0
76387474,1.0,54,,,,,0
76387474,1.0,55,,,,,0
76387474,1.0,56,,,,,0
76387474,1.0,57,,,,,0
76387474,1.0,58,,,,,0
76387474,1.0,59,,,,,0
76387474,1.0,60,,,,,0
50787000,1.0,1,,,,,0
50787000,1.0,2,,,,,0
50787000,1.0,3,,,,,0
50787000,1.0,4,,,,,0
50787000,1.0,5,,,,,0
50787000,1.0,6,,,,,0
50787000,1.0,7,,,,,0
50787000,1.0,8,,,,,0
50787000,1.0,9,,,,,0
50787000,1.0,10,,,,,0
50787000,1.0,11,,,,,0
50787000,1.0,12,,,,,0
50787000,1.0,13,,,,,0
50787000,1.0,14,,,,,0
50787000,1.0,15,,,,,0
50787000,1.0,16,,,,,0
50787000,1.0,17,,,,,0
50787000,1.0,18,,,,,0
50787000,1.0,19,,,,,0
50787000,1.0,20,,,,,0
50787000,1.0,21,,,,,0
50787000,1.0,22,,,,,0
50787000,1.0,23,,,,,0
50787000,1.0,24,,,,,0
50787000,1.0,25,,,,,0
50787000,1.0,26,,,,,0
50787000,1.0,27,,,,,0
50787000,1.0,28,,,,,0
50787000,1.0,29,,,,,0
50787000,1.0,30,,,,,0
50787000,1.0,31,,,,,0
50787000,1.0,32,,,,,0
50787000,1.0,33,,,,,0
50787000,1.0,34,,,,,0
50787000,1.0,35,,,,,0
50787000,1.0,36,,,,,0
50787000,1.0,37,,,,,0
50787000,1.0,38,,,,,0
50787000,1.0,39,,,,,0
50787000,1.0,40,,,,,0
50787000,1.0,41,,,,,0
50787000,1.0,42,,,,,0
50787000,1.0,43,,,,,0
50787000,1.0,44,,,,,0
50787000,1.0,45,,,,,0
50787000,1.0,46,,,,,0
50787000,1.0,47,,,,,0
50787000,1.0,48,,,,,0
50787000,1.0,49,,,,,0
50787000,1.0,50,,,,,0
50787000,1.0,51,,,,,0
50787000,1.0,52,,,,,0
50787000,1.0,53,,,,,0
50787000,1.0,54,,,,,0
50787000,1.0,55,,,,,0
50787000,1.0,56,,,,,0
50787000,1.0,57,,,,,0
50787000,1.0,58,,,,,0
50787000,1.0,59,,,,,0
50787000,1.0,60,,,,,0
12253904,1.0,1,,,,,0
12253904,1.0,2,,,,,0
12253904,1.0,3,,,,,0
12253904,1.0,4,,,,,0
12253904,1.0,5,,,,,0
12253904,1.0,6,,,,,0
12253904,1.0,7,,,,,0
12253904,1.0,8,,,,,0
12253904,1.0,9,,,,,0
12253904,1.0,10,,,,,0
12253904,1.0,11,,,,,0
12253904,1.0,12,,,,,0
12253904,1.0,13,,,,,0
12253904,1.0,14,,,,,0
12253904,1.0,15,,,,,0
12253904,1.0,16,,,,,0
12253904,1.0,17,,,,,0
12253904,1.0,18,,,,,0
12253904,1.0,19,,,,,0
12253904,1.0,20,,,,,0
12253904,1.0,21,,,,,0
12253904,1.0,22,,,,,0
12253904,1.0,23,,,,,0
12253904,1.0,24,,,,,0
12253904,1.0,25,,,,,0
12253904,1.0,26,,,,,0
12253904,1.0,27,,,,,0
12253904,1.0,28,,,,,0
12253904,1.0,29,,,,,0
12253904,1.0,30,,,,,0
12253904,1.0,31,,,,,0
12253904,1.0,32,,,,,0
12253904,1.0,33,,,,,0
12253904,1.0,34,,,,,0
12253904,1.0,35,,,,,0
12253904,1.0,36,,,,,0
12253904,1.0,37,,,,,0
12253904,1.0,38,,,,,0
12253904,1.0,39,,,,,0
12253904,1.0,40,,,,,0
12253904,1.0,41,,,,,0
12253904,1.0,42,,,,,0
12253904,1.0,43,,,,,0
12253904,1.0,44,,,,,0
12253904,1.0,45,,,,,0
12253904,1.0,46,,,,,0
12253904,1.0,47,,,,,0
12253904,1.0,48,,,,,0
12253904,1.0,49,,,,,0
12253904,1.0,50,,,,,0
12253904,1.0,51,,,,,0
12253904,1.0,52,,,,,0
12253904,1.0,53,,,,,0
12253904,1.0,54,,,,,0
12253904,1.0,55,,,,,0
12253904,1.0,56,,,,,0
12253904,1.0,57,,,,,0
12253904,1.0,58,,,,,0
12253904,1.0,59,,,,,0
12253904,1.0,60,,,,,0
63350081,1.0,1,,,,,0
63350081,1.0,2,,,,,0
63350081,1.0,3,,,,,0
63350081,1.0,4,,,,,0
63350081,1.0,5,,,,,0
63350081,1.0,6,,,,,0
63350081,1.0,7,,,,,0
63350081,1.0,8,,,,,0
63350081,1.0,9,,,,,0
63350081,1.0,10,,,,,0
63350081,1.0,11,,,,,0
63350081,1.0,12,,,,,0
63350081,1.0,13,,,,,0
63350081,1.0,14,,,,,0
63350081,1.0,15,,,,,0
63350081,1.0,16,,,,,0
63350081,1.0,17,,,,,0
63350081,1.0,18,,,,,0
63350081,1.0,19,,,,,0
63350081,1.0,20,,,,,0
63350081,1.0,21,,,,,0
63350081,1.0,22,,,,,0
63350081,1.0,23,,,,,0
63350081,1.0,24,,,,,0
63350081,1.0,25,,,,,0
63350081,1.0,26,,,,,0
63350081,1.0,27,,,,,0
63350081,1.0,28,,,,,0
63350081,1.0,29,,,,,0
63350081,1.0,30,,,,,0
63350081,1.0,31,,,,,0
63350081,1.0,32,,,,,0
63350081,1.0,33,,,,,0
63350081,1.0,34,,,,,0
63350081,1.0,35,,,,,0
63350081,1.0,36,,,,,0
63350081,1.0,37,,,,,0
63350081,1.0,38,,,,,0
63350081,1.0,39,,,,,0
63350081,1.0,40,,,,,0
63350081,1.0,41,,,,,0
63350081,1.0,42,,,,,0
63350081,1.0,43,,,,,0
63350081,1.0,44,,,,,0
63350081,1.0,45,,,,,0
63350081,1.0,46,,,,,0
63350081,1.0,47,,,,,0
63350081,1.0,48,,,,,0
63350081,1.0,49,,,,,0
63350081,1.0,50,,,,,0
63350081,1.0,51,,,,,0
63350081,1.0,52,,,,,0
63350081,1.0,53,,,,,0
63350081,1.0,54,,,,,0
63350081,1.0,55,,,,,0
63350081,1.0,56,,,,,0
63350081,1.0,57,,,,,0
63350081,1.0,58,,,,,0
63350081,1.0,59,,,,,0
63350081,1.0,60,,,,,0
26038140,1.0,1,,,,,0
26038140,1.0,2,,,,,0
26038140,1.0,3,,,,,0
26038140,1.0,4,,,,,0
26038140,1.0,5,,,,,0
26038140,1.0,6,,,,,0
26038140,1.0,7,,,,,0
26038140,1.0,8,,,,,0
26038140,1.0,9,,,,,0
26038140,1.0,10,,,,,0
26038140,1.0,11,,,,,0
26038140,1.0,12,,,,,0
26038140,1.0,13,,,,,0
26038140,1.0,14,,,,,0
26038140,1.0,15,,,,,0
26038140,1.0,16,,,,,0
26038140,1.0,17,,,,,0
26038140,1.0,18,,,,,0
26038140,1.0,19,,,,,0
26038140,1.0,20,,,,,0
26038140,1.0,21,,,,,0
26038140,1.0,22,,,,,0
26038140,1.0,23,,,,,0
26038140,1.0,24,,,,,0
26038140,1.0,25,,,,,0
26038140,1.0,26,,,,,0
26038140,1.0,27,,,,,0
26038140,1.0,28,,,,,0
26038140,1.0,29,,,,,0
26038140,1.0,30,,,,,0
26038140,1.0,31,,,,,0
26038140,1.0,32,,,,,0
26038140,1.0,33,,,,,0
26038140,1.0,34,,,,,0
26038140,1.0,35,,,,,0
26038140,1.0,36,,,,,0
26038140,1.0,37,,,,,0
26038140,1.0,38,,,,,0
26038140,1.0,39,,,,,0
26038140,1.0,40,,,,,0
26038140,1.0,41,,,,,0
26038140,1.0,42,,,,,0
26038140,1.0,43,,,,,0
26038140,1.0,44,,,,,0
26038140,1.0,45,,,,,0
26038140,1.0,46,,,,,0
26038140,1.0,47,,,,,0
26038140,1.0,48,,,,,0
26038140,1.0,49,,,,,0
26038140,1.0,50,,,,,0
26038140,1.0,51,,,,,0
26038140,1.0,52,,,,,0
26038140,1.0,53,,,,,0
26038140,1.0,54,,,,,0
26038140,1.0,55,,,,,0
26038140,1.0,56,,,,,0
26038140,1.0,57,,,,,0
26038140,1.0,58,,,,,0
26038140,1.0,59,,,,,0
26038140,1.0,60,,,,,0
50146144,1.0,1,,,,,0
50146144,1.0,2,,,,,0
50146144,1.0,3,,,,,0
50146144,1.0,4,,,,,0
50146144,1.0,5,,,,,0
50146144,1.0,6,,,,,0
50146144,1.0,7,,,,,0
50146144,1.0,8,,,,,0
50146144,1.0,9,,,,,0
50146144,1.0,10,,,,,0
50146144,1.0,11,,,,,0
50146144,1.0,12,,,,,0
50146144,1.0,13,,,,,0
50146144,1.0,14,,,,,0
50146144,1.0,15,,,,,0
50146144,1.0,16,,,,,0
50146144,1.0,17,,,,,0
50146144,1.0,18,,,,,0
50146144,1.0,19,,,,,0
50146144,1.0,20,,,,,0
50146144,1.0,21,,,,,0
50146144,1.0,22,,,,,0
50146144,1.0,23,,,,,0
50146144,1.0,24,,,,,0
50146144,1.0,25,,,,,0
50146144,1.0,26,,,,,0
50146144,1.0,27,,,,,0
50146144,1.0,28,,,,,0
50146144,1.0,29,,,,,0
50146144,1.0,30,,,,,0
50146144,1.0,31,,,,,0
50146144,1.0,32,,,,,0
50146144,1.0,33,,,,,0
50146144,1.0,34,,,,,0
50146144,1.0,35,,,,,0
50146144,1.0,36,,,,,0
50146144,1.0,37,,,,,0
50146144,1.0,38,,,,,0
50146144,1.0,39,,,,,0
50146144,1.0,40,,,,,0
50146144,1.0,41,,,,,0
50146144,1.0,42,,,,,0
50146144,1.0,43,,,,,0
50146144,1.0,44,,,,,0
50146144,1.0,45,,,,,0
50146144,1.0,46,,,,,0
50146144,1.0,47,,,,,0
50146144,1.0,48,,,,,0
50146144,1.0,49,,,,,0
50146144,1.0,50,,,,,0
50146144,1.0,51,,,,,0
50146144,1.0,52,,,,,0
50146144,1.0,53,,,,,0
50146144,1.0,54,,,,,0
50146144,1.0,55,,,,,0
50146144,1.0,56,,,,,0
50146144,1.0,57,,,,,0
50146144,1.0,58,,,,,0
50146144,1.0,59,,,,,0
50146144,1.0,60,,,,,0
88499296,1.0,1,,,,,0
88499296,1.0,2,,,,,0
88499296,1.0,3,,,,,0
88499296,1.0,4,,,,,0
88499296,1.0,5,,,,,0
88499296,1.0,6,,,,,0
88499296,1.0,7,,,,,0
88499296,1.0,8,,,,,0
88499296,1.0,9,,,,,0
88499296,1.0,10,,,,,0
88499296,1.0,11,,,,,0
88499296,1.0,12,,,,,0
88499296,1.0,13,,,,,0
88499296,1.0,14,,,,,0
88499296,1.0,15,,,,,0
88499296,1.0,16,,,,,0
88499296,1.0,17,,,,,0
88499296,1.0,18,,,,,0
88499296,1.0,19,,,,,0
88499296,1.0,20,,,,,0
88499296,1.0,21,,,,,0
88499296,1.0,22,,,,,0
88499296,1.0,23,,,,,0
88499296,1.0,24,,,,,0
88499296,1.0,25,,,,,0
88499296,1.0,26,,,,,0
88499296,1.0,27,,,,,0
88499296,1.0,28,,,,,0
88499296,1.0,29,,,,,0
88499296,1.0,30,,,,,0
88499296,1.0,31,,,,,0
88499296,1.0,32,,,,,0
88499296,1.0,33,,,,,0
88499296,1.0,34,,,,,0
88499296,1.0,35,,,,,0
88499296,1.0,36,,,,,0
88499296,1.0,37,,,,,0
88499296,1.0,38,,,,,0
88499296,1.0,39,,,,,0
88499296,1.0,40,,,,,0
88499296,1.0,41,,,,,0
88499296,1.0,42,,,,,0
88499296,1.0,43,,,,,0
88499296,1.0,44,,,,,0
88499296,1.0,45,,,,,0
88499296,1.0,46,,,,,0
88499296,1.0,47,,,,,0
88499296,1.0,48,,,,,0
88499296,1.0,49,,,,,0
88499296,1.0,50,,,,,0
88499296,1.0,51,,,,,0
88499296,1.0,52,,,,,0
88499296,1.0,53,,,,,0
88499296,1.0,54,,,,,0
88499296,1.0,55,,,,,0
88499296,1.0,56,,,,,0
88499296,1.0,57,,,,,0
88499296,1.0,58,,,,,0
88499296,1.0,59,,,,,0
88499296,1.0,60,,,,,0
67493721,1.0,1,,,,,0
67493721,1.0,2,,,,,0
67493721,1.0,3,,,,,0
67493721,1.0,4,,,,,0
67493721,1.0,5,,,,,0
67493721,1.0,6,,,,,0
67493721,1.0,7,,,,,0
67493721,1.0,8,,,,,0
67493721,1.0,9,,,,,0
67493721,1.0,10,,,,,0
67493721,1.0,11,,,,,0
67493721,1.0,12,,,,,0
67493721,1.0,13,,,,,0
67493721,1.0,14,,,,,0
67493721,1.0,15,,,,,0
67493721,1.0,16,,,,,0
67493721,1.0,17,,,,,0
67493721,1.0,18,,,,,0
67493721,1.0,19,,,,,0
67493721,1.0,20,,,,,0
67493721,1.0,21,,,,,0
67493721,1.0,22,,,,,0
67493721,1.0,23,,,,,0
67493721,1.0,24,,,,,0
67493721,1.0,25,,,,,0
67493721,1.0,26,,,,,0
67493721,1.0,27,,,,,0
67493721,1.0,28,,,,,0
67493721,1.0,29,,,,,0
67493721,1.0,30,,,,,0
67493721,1.0,31,,,,,0
67493721,1.0,32,,,,,0
67493721,1.0,33,,,,,0
67493721,1.0,34,,,,,0
67493721,1.0,35,,,,,0
67493721,1.0,36,,,,,0
67493721,1.0,37,,,,,0
67493721,1.0,38,,,,,0
67493721,1.0,39,,,,,0
67493721,1.0,40,,,,,0
67493721,1.0,41,,,,,0
67493721,1.0,42,,,,,0
67493721,1.0,43,,,,,0
67493721,1.0,44,,,,,0
67493721,1.0,45,,,,,0
67493721,1.0,46,,,,,0
67493721,1.0,47,,,,,0
67493721,1.0,48,,,,,0
67493721,1.0,49,,,,,0
67493721,1.0,50,,,,,0
67493721,1.0,51,,,,,0
67493721,1.0,52,,,,,0
67493721,1.0,53,,,,,0
67493721,1.0,54,,,,,0
67493721,1.0,55,,,,,0
67493721,1.0,56,,,,,0
67493721,1.0,57,,,,,0
67493721,1.0,58,,,,,0
67493721,1.0,59,,,,,0
67493721,1.0,60,,,,,0
45999943,1.0,1,,,,,0
45999943,1.0,2,,,,,0
45999943,1.0,3,,,,,0
45999943,1.0,4,,,,,0
45999943,1.0,5,,,,,0
45999943,1.0,6,,,,,0
45999943,1.0,7,,,,,0
45999943,1.0,8,,,,,0
45999943,1.0,9,,,,,0
45999943,1.0,10,,,,,0
45999943,1.0,11,,,,,0
45999943,1.0,12,,,,,0
45999943,1.0,13,,,,,0
45999943,1.0,14,,,,,0
45999943,1.0,15,,,,,0
45999943,1.0,16,,,,,0
45999943,1.0,17,,,,,0
45999943,1.0,18,,,,,0
45999943,1.0,19,,,,,0
45999943,1.0,20,,,,,0
45999943,1.0,21,,,,,0
45999943,1.0,22,,,,,0
45999943,1.0,23,,,,,0
45999943,1.0,24,,,,,0
45999943,1.0,25,,,,,0
45999943,1.0,26,,,,,0
45999943,1.0,27,,,,,0
45999943,1.0,28,,,,,0
45999943,1.0,29,,,,,0
45999943,1.0,30,,,,,0
45999943,1.0,31,,,,,0
45999943,1.0,32,,,,,0
45999943,1.0,33,,,,,0
45999943,1.0,34,,,,,0
45999943,1.0,35,,,,,0
45999943,1.0,36,,,,,0
45999943,1.0,37,,,,,0
45999943,1.0,38,,,,,0
45999943,1.0,39,,,,,0
45999943,1.0,40,,,,,0
45999943,1.0,41,,,,,0
45999943,1.0,42,,,,,0
45999943,1.0,43,,,,,0
45999943,1.0,44,,,,,0
45999943,1.0,45,,,,,0
45999943,1.0,46,,,,,0
45999943,1.0,47,,,,,0
45999943,1.0,48,,,,,0
45999943,1.0,49,,,,,0
45999943,1.0,50,,,,,0
45999943,1.0,51,,,,,0
45999943,1.0,52,,,,,0
45999943,1.0,53,,,,,0
45999943,1.0,54,,,,,0
45999943,1.0,55,,,,,0
45999943,1.0,56,,,,,0
45999943,1.0,57,,,,,0
45999943,1.0,58,,,,,0
45999943,1.0,59,,,,,0
45999943,1.0,60,,,,,0
85652856,1.0,1,,,,,0
85652856,1.0,2,,,,,0
85652856,1.0,3,,,,,0
85652856,1.0,4,,,,,0
85652856,1.0,5,,,,,0
85652856,1.0,6,,,,,0
85652856,1.0,7,,,,,0
85652856,1.0,8,,,,,0
85652856,1.0,9,,,,,0
85652856,1.0,10,,,,,0
85652856,1.0,11,,,,,0
85652856,1.0,12,,,,,0
85652856,1.0,13,,,,,0
85652856,1.0,14,,,,,0
85652856,1.0,15,,,,,0
85652856,1.0,16,,,,,0
85652856,1.0,17,,,,,0
85652856,1.0,18,,,,,0
85652856,1.0,19,,,,,0
85652856,1.0,20,,,,,0
85652856,1.0,21,,,,,0
85652856,1.0,22,,,,,0
85652856,1.0,23,,,,,0
85652856,1.0,24,,,,,0
85652856,1.0,25,,,,,0
85652856,1.0,26,,,,,0
85652856,1.0,27,,,,,0
85652856,1.0,28,,,,,0
85652856,1.0,29,,,,,0
85652856,1.0,30,,,,,0
85652856,1.0,31,,,,,0
85652856,1.0,32,,,,,0
85652856,1.0,33,,,,,0
85652856,1.0,34,,,,,0
85652856,1.0,35,,,,,0
85652856,1.0,36,,,,,0
85652856,1.0,37,,,,,0
85652856,1.0,38,,,,,0
85652856,1.0,39,,,,,0
85652856,1.0,40,,,,,0
85652856,1.0,41,,,,,0
85652856,1.0,42,,,,,0
85652856,1.0,43,,,,,0
85652856,1.0,44,,,,,0
85652856,1.0,45,,,,,0
85652856,1.0,46,,,,,0
85652856,1.0,47,,,,,0
85652856,1.0,48,,,,,0
85652856,1.0,49,,,,,0
85652856,1.0,50,,,,,0
85652856,1.0,51,,,,,0
85652856,1.0,52,,,,,0
85652856,1.0,53,,,,,0
85652856,1.0,54,,,,,0
85652856,1.0,55,,,,,0
85652856,1.0,56,,,,,0
85652856,1.0,57,,,,,0
85652856,1.0,58,,,,,0
85652856,1.0,59,,,,,0
85652856,1.0,60,,,,,0
35765505,1.0,1,,,,,0
35765505,1.0,2,,,,,0
35765505,1.0,3,,,,,0
35765505,1.0,4,,,,,0
35765505,1.0,5,,,,,0
35765505,1.0,6,,,,,0
35765505,1.0,7,,,,,0
35765505,1.0,8,,,,,0
35765505,1.0,9,,,,,0
35765505,1.0,10,,,,,0
35765505,1.0,11,,,,,0
35765505,1.0,12,,,,,0
35765505,1.0,13,,,,,0
35765505,1.0,14,,,,,0
35765505,1.0,15,,,,,0
35765505,1.0,16,,,,,0
35765505,1.0,17,,,,,0
35765505,1.0,18,,,,,0
35765505,1.0,19,,,,,0
35765505,1.0,20,,,,,0
35765505,1.0,21,,,,,0
35765505,1.0,22,,,,,0
35765505,1.0,23,,,,,0
35765505,1.0,24,,,,,0
35765505,1.0,25,,,,,0
35765505,1.0,26,,,,,0
35765505,1.0,27,,,,,0
35765505,1.0,28,,,,,0
35765505,1.0,29,,,,,0
35765505,1.0,30,,,,,0
35765505,1.0,31,,,,,0
35765505,1.0,32,,,,,0
35765505,1.0,33,,,,,0
35765505,1.0,34,,,,,0
35765505,1.0,35,,,,,0
35765505,1.0,36,,,,,0
35765505,1.0,37,,,,,0
35765505,1.0,38,,,,,0
35765505,1.0,39,,,,,0
35765505,1.0,40,,,,,0
35765505,1.0,41,,,,,0
35765505,1.0,42,,,,,0
35765505,1.0,43,,,,,0
35765505,1.0,44,,,,,0
35765505,1.0,45,,,,,0
35765505,1.0,46,,,,,0
35765505,1.0,47,,,,,0
35765505,1.0,48,,,,,0
35765505,1.0,49,,,,,0
35765505,1.0,50,,,,,0
35765505,1.0,51,,,,,0
35765505,1.0,52,,,,,0
35765505,1.0,53,,,,,0
35765505,1.0,54,,,,,0
35765505,1.0,55,,,,,0
35765505,1.0,56,,,,,0
35765505,1.0,57,,,,,0
35765505,1.0,58,,,,,0
35765505,1.0,59,,,,,0
35765505,1.0,60,,,,,0
42666259,1.0,1,,,,,0
42666259,1.0,2,,,,,0
42666259,1.0,3,,,,,0
42666259,1.0,4,,,,,0
42666259,1.0,5,,,,,0
42666259,1.0,6,,,,,0
42666259,1.0,7,,,,,0
42666259,1.0,8,,,,,0
42666259,1.0,9,,,,,0
42666259,1.0,10,,,,,0
42666259,1.0,11,,,,,0
42666259,1.0,12,,,,,0
42666259,1.0,13,,,,,0
42666259,1.0,14,,,,,0
42666259,1.0,15,,,,,0
42666259,1.0,16,,,,,0
42666259,1.0,17,,,,,0
42666259,1.0,18,,,,,0
42666259,1.0,19,,,,,0
42666259,1.0,20,,,,,0
42666259,1.0,21,,,,,0
42666259,1.0,22,,,,,0
42666259,1.0,23,,,,,0
42666259,1.0,24,,,,,0
42666259,1.0,25,,,,,0
42666259,1.0,26,,,,,0
42666259,1.0,27,,,,,0
42666259,1.0,28,,,,,0
42666259,1.0,29,,,,,0
42666259,1.0,30,,,,,0
42666259,1.0,31,,,,,0
42666259,1.0,32,,,,,0
42666259,1.0,33,,,,,0
42666259,1.0,34,,,,,0
42666259,1.0,35,,,,,0
42666259,1.0,36,,,,,0
42666259,1.0,37,,,,,0
42666259,1.0,38,,,,,0
42666259,1.0,39,,,,,0
42666259,1.0,40,,,,,0
42666259,1.0,41,,,,,0
42666259,1.0,42,,,,,0
42666259,1.0,43,,,,,0
42666259,1.0,44,,,,,0
42666259,1.0,45,,,,,0
42666259,1.0,46,,,,,0
42666259,1.0,47,,,,,0
42666259,1.0,48,,,,,0
42666259,1.0,49,,,,,0
42666259,1.0,50,,,,,0
42666259,1.0,51,,,,,0
42666259,1.0,52,,,,,0
42666259,1.0,53,,,,,0
42666259,1.0,54,,,,,0
42666259,1.0,55,,,,,0
42666259,1.0,56,,,,,0
42666259,1.0,57,,,,,0
42666259,1.0,58,,,,,0
42666259,1.0,59,,,,,0
42666259,1.0,60,,,,,0
57059901,1.0,1,,,,,0
57059901,1.0,2,,,,,0
57059901,1.0,3,,,,,0
57059901,1.0,4,,,,,0
57059901,1.0,5,,,,,0
57059901,1.0,6,,,,,0
57059901,1.0,7,,,,,0
57059901,1.0,8,,,,,0
57059901,1.0,9,,,,,0
57059901,1.0,10,,,,,0
57059901,1.0,11,,,,,0
57059901,1.0,12,,,,,0
57059901,1.0,13,,,,,0
57059901,1.0,14,,,,,0
57059901,1.0,15,,,,,0
57059901,1.0,16,,,,,0
57059901,1.0,17,,,,,0
57059901,1.0,18,,,,,0
57059901,1.0,19,,,,,0
57059901,1.0,20,,,,,0
57059901,1.0,21,,,,,0
57059901,1.0,22,,,,,0
57059901,1.0,23,,,,,0
57059901,1.0,24,,,,,0
57059901,1.0,25,,,,,0
57059901,1.0,26,,,,,0
57059901,1.0,27,,,,,0
57059901,1.0,28,,,,,0
57059901,1.0,29,,,,,0
57059901,1.0,30,,,,,0
57059901,1.0,31,,,,,0
57059901,1.0,32,,,,,0
57059901,1.0,33,,,,,0
57059901,1.0,34,,,,,0
57059901,1.0,35,,,,,0
57059901,1.0,36,,,,,0
57059901,1.0,37,,,,,0
57059901,1.0,38,,,,,0
57059901,1.0,39,,,,,0
57059901,1.0,40,,,,,0
57059901,1.0,41,,,,,0
57059901,1.0,42,,,,,0
57059901,1.0,43,,,,,0
57059901,1.0,44,,,,,0
57059901,1.0,45,,,,,0
57059901,1.0,46,,,,,0
57059901,1.0,47,,,,,0
57059901,1.0,48,,,,,0
57059901,1.0,49,,,,,0
57059901,1.0,50,,,,,0
57059901,1.0,51,,,,,0
57059901,1.0,52,,,,,0
57059901,1.0,53,,,,,0
57059901,1.0,54,,,,,0
57059901,1.0,55,,,,,0
57059901,1.0,56,,,,,0
57059901,1.0,57,,,,,0
57059901,1.0,58,,,,,0
57059901,1.0,59,,,,,0
57059901,1.0,60,,,,,0
39441991,1.0,1,,,,,0
39441991,1.0,2,,,,,0
39441991,1.0,3,,,,,0
39441991,1.0,4,,,,,0
39441991,1.0,5,,,,,0
39441991,1.0,6,,,,,0
39441991,1.0,7,,,,,0
39441991,1.0,8,,,,,0
39441991,1.0,9,,,,,0
39441991,1.0,10,,,,,0
39441991,1.0,11,,,,,0
39441991,1.0,12,,,,,0
39441991,1.0,13,,,,,0
39441991,1.0,14,,,,,0
39441991,1.0,15,,,,,0
39441991,1.0,16,,,,,0
39441991,1.0,17,,,,,0
39441991,1.0,18,,,,,0
39441991,1.0,19,,,,,0
39441991,1.0,20,,,,,0
39441991,1.0,21,,,,,0
39441991,1.0,22,,,,,0
39441991,1.0,23,,,,,0
39441991,1.0,24,,,,,0
39441991,1.0,25,,,,,0
39441991,1.0,26,,,,,0
39441991,1.0,27,,,,,0
39441991,1.0,28,,,,,0
39441991,1.0,29,,,,,0
39441991,1.0,30,,,,,0
39441991,1.0,31,,,,,0
39441991,1.0,32,,,,,0
39441991,1.0,33,,,,,0
39441991,1.0,34,,,,,0
39441991,1.0,35,,,,,0
39441991,1.0,36,,,,,0
39441991,1.0,37,,,,,0
39441991,1.0,38,,,,,0
39441991,1.0,39,,,,,0
39441991,1.0,40,,,,,0
39441991,1.0,41,,,,,0
39441991,1.0,42,,,,,0
39441991,1.0,43,,,,,0
39441991,1.0,44,,,,,0
39441991,1.0,45,,,,,0
39441991,1.0,46,,,,,0
39441991,1.0,47,,,,,0
39441991,1.0,48,,,,,0
39441991,1.0,49,,,,,0
39441991,1.0,50,,,,,0
39441991,1.0,51,,,,,0
39441991,1.0,52,,,,,0
39441991,1.0,53,,,,,0
39441991,1.0,54,,,,,0
39441991,1.0,55,,,,,0
39441991,1.0,56,,,,,0
39441991,1.0,57,,,,,0
39441991,1.0,58,,,,,0
39441991,1.0,59,,,,,0
39441991,1.0,60,,,,,0
63992202,1.0,1,,,,,0
63992202,1.0,2,,,,,0
63992202,1.0,3,,,,,0
63992202,1.0,4,,,,,0
63992202,1.0,5,,,,,0
63992202,1.0,6,,,,,0
63992202,1.0,7,,,,,0
63992202,1.0,8,,,,,0
63992202,1.0,9,,,,,0
63992202,1.0,10,,,,,0
63992202,1.0,11,,,,,0
63992202,1.0,12,,,,,0
63992202,1.0,13,,,,,0
63992202,1.0,14,,,,,0
63992202,1.0,15,,,,,0
63992202,1.0,16,,,,,0
63992202,1.0,17,,,,,0
63992202,1.0,18,,,,,0
63992202,1.0,19,,,,,0
63992202,1.0,20,,,,,0
63992202,1.0,21,,,,,0
63992202,1.0,22,,,,,0
63992202,1.0,23,,,,,0
63992202,1.0,24,,,,,0
63992202,1.0,25,,,,,0
63992202,1.0,26,,,,,0
63992202,1.0,27,,,,,0
63992202,1.0,28,,,,,0
63992202,1.0,29,,,,,0
63992202,1.0,30,,,,,0
63992202,1.0,31,,,,,0
63992202,1.0,32,,,,,0
63992202,1.0,33,,,,,0
63992202,1.0,34,,,,,0
63992202,1.0,35,,,,,0
63992202,1.0,36,,,,,0
63992202,1.0,37,,,,,0
63992202,1.0,38,,,,,0
63992202,1.0,39,,,,,0
63992202,1.0,40,,,,,0
63992202,1.0,41,,,,,0
63992202,1.0,42,,,,,0
63992202,1.0,43,,,,,0
63992202,1.0,44,,,,,0
63992202,1.0,45,,,,,0
63992202,1.0,46,,,,,0
63992202,1.0,47,,,,,0
63992202,1.0,48,,,,,0
63992202,1.0,49,,,,,0
63992202,1.0,50,,,,,0
63992202,1.0,51,,,,,0
63992202,1.0,52,,,,,0
63992202,1.0,53,,,,,0
63992202,1.0,54,,,,,0
63992202,1.0,55,,,,,0
63992202,1.0,56,,,,,0
63992202,1.0,57,,,,,0
63992202,1.0,58,,,,,0
63992202,1.0,59,,,,,0
63992202,1.0,60,,,,,0
31812654,1.0,1,,,,,0
31812654,1.0,2,,,,,0
31812654,1.0,3,,,,,0
31812654,1.0,4,,,,,0
31812654,1.0,5,,,,,0
31812654,1.0,6,,,,,0
31812654,1.0,7,,,,,0
31812654,1.0,8,,,,,0
31812654,1.0,9,,,,,0
31812654,1.0,10,,,,,0
31812654,1.0,11,,,,,0
31812654,1.0,12,,,,,0
31812654,1.0,13,,,,,0
31812654,1.0,14,,,,,0
31812654,1.0,15,,,,,0
31812654,1.0,16,,,,,0
31812654,1.0,17,,,,,0
31812654,1.0,18,,,,,0
31812654,1.0,19,,,,,0
31812654,1.0,20,,,,,0
31812654,1.0,21,,,,,0
31812654,1.0,22,,,,,0
31812654,1.0,23,,,,,0
31812654,1.0,24,,,,,0
31812654,1.0,25,,,,,0
31812654,1.0,26,,,,,0
31812654,1.0,27,,,,,0
31812654,1.0,28,,,,,0
31812654,1.0,29,,,,,0
31812654,1.0,30,,,,,0
31812654,1.0,31,,,,,0
31812654,1.0,32,,,,,0
31812654,1.0,33,,,,,0
31812654,1.0,34,,,,,0
31812654,1.0,35,,,,,0
31812654,1.0,36,,,,,0
31812654,1.0,37,,,,,0
31812654,1.0,38,,,,,0
31812654,1.0,39,,,,,0
31812654,1.0,40,,,,,0
31812654,1.0,41,,,,,0
31812654,1.0,42,,,,,0
31812654,1.0,43,,,,,0
31812654,1.0,44,,,,,0
31812654,1.0,45,,,,,0
31812654,1.0,46,,,,,0
31812654,1.0,47,,,,,0
31812654,1.0,48,,,,,0
31812654,1.0,49,,,,,0
31812654,1.0,50,,,,,0
31812654,1.0,51,,,,,0
31812654,1.0,52,,,,,0
31812654,1.0,53,,,,,0
31812654,1.0,54,,,,,0
31812654,1.0,55,,,,,0
31812654,1.0,56,,,,,0
31812654,1.0,57,,,,,0
31812654,1.0,58,,,,,0
31812654,1.0,59,,,,,0
31812654,1.0,60,,,,,0
25027882,1.0,1,,,,,0
25027882,1.0,2,,,,,0
25027882,1.0,3,,,,,0
25027882,1.0,4,,,,,0
25027882,1.0,5,,,,,0
25027882,1.0,6,,,,,0
25027882,1.0,7,,,,,0
25027882,1.0,8,,,,,0
25027882,1.0,9,,,,,0
25027882,1.0,10,,,,,0
25027882,1.0,11,,,,,0
25027882,1.0,12,,,,,0
25027882,1.0,13,,,,,0
25027882,1.0,14,,,,,0
25027882,1.0,15,,,,,0
25027882,1.0,16,,,,,0
25027882,1.0,17,,,,,0
25027882,1.0,18,,,,,0
25027882,1.0,19,,,,,0
25027882,1.0,20,,,,,0
25027882,1.0,21,,,,,0
25027882,1.0,22,,,,,0
25027882,1.0,23,,,,,0
25027882,1.0,24,,,,,0
25027882,1.0,25,,,,,0
25027882,1.0,26,,,,,0
25027882,1.0,27,,,,,0
25027882,1.0,28,,,,,0
25027882,1.0,29,,,,,0
25027882,1.0,30,,,,,0
25027882,1.0,31,,,,,0
25027882,1.0,32,,,,,0
25027882,1.0,33,,,,,0
25027882,1.0,34,,,,,0
25027882,1.0,35,,,,,0
25027882,1.0,36,,,,,0
25027882,1.0,37,,,,,0
25027882,1.0,38,,,,,0
25027882,1.0,39,,,,,0
25027882,1.0,40,,,,,0
25027882,1.0,41,,,,,0
25027882,1.0,42,,,,,0
25027882,1.0,43,,,,,0
25027882,1.0,44,,,,,0
25027882,1.0,45,,,,,0
25027882,1.0,46,,,,,0
25027882,1.0,47,,,,,0
25027882,1.0,48,,,,,0
25027882,1.0,49,,,,,0
25027882,1.0,50,,,,,0
25027882,1.0,51,,,,,0
25027882,1.0,52,,,,,0
25027882,1.0,53,,,,,0
25027882,1.0,54,,,,,0
25027882,1.0,55,,,,,0
25027882,1.0,56,,,,,0
25027882,1.0,57,,,,,0
25027882,1.0,58,,,,,0
25027882,1.0,59,,,,,0
25027882,1.0,60,,,,,0
37752176,1.0,1,,,,,0
37752176,1.0,2,,,,,0
37752176,1.0,3,,,,,0
37752176,1.0,4,,,,,0
37752176,1.0,5,,,,,0
37752176,1.0,6,,,,,0
37752176,1.0,7,,,,,0
37752176,1.0,8,,,,,0
37752176,1.0,9,,,,,0
37752176,1.0,10,,,,,0
37752176,1.0,11,,,,,0
37752176,1.0,12,,,,,0
37752176,1.0,13,,,,,0
37752176,1.0,14,,,,,0
37752176,1.0,15,,,,,0
37752176,1.0,16,,,,,0
37752176,1.0,17,,,,,0
37752176,1.0,18,,,,,0
37752176,1.0,19,,,,,0
37752176,1.0,20,,,,,0
37752176,1.0,21,,,,,0
37752176,1.0,22,,,,,0
37752176,1.0,23,,,,,0
37752176,1.0,24,,,,,0
37752176,1.0,25,,,,,0
37752176,1.0,26,,,,,0
37752176,1.0,27,,,,,0
37752176,1.0,28,,,,,0
37752176,1.0,29,,,,,0
37752176,1.0,30,,,,,0
37752176,1.0,31,,,,,0
37752176,1.0,32,,,,,0
37752176,1.0,33,,,,,0
37752176,1.0,34,,,,,0
37752176,1.0,35,,,,,0
37752176,1.0,36,,,,,0
37752176,1.0,37,,,,,0
37752176,1.0,38,,,,,0
37752176,1.0,39,,,,,0
37752176,1.0,40,,,,,0
37752176,1.0,41,,,,,0
37752176,1.0,42,,,,,0
37752176,1.0,43,,,,,0
37752176,1.0,44,,,,,0
37752176,1.0,45,,,,,0
37752176,1.0,46,,,,,0
37752176,1.0,47,,,,,0
37752176,1.0,48,,,,,0
37752176,1.0,49,,,,,0
37752176,1.0,50,,,,,0
37752176,1.0,51,,,,,0
37752176,1.0,52,,,,,0
37752176,1.0,53,,,,,0
37752176,1.0,54,,,,,0
37752176,1.0,55,,,,,0
37752176,1.0,56,,,,,0
37752176,1.0,57,,,,,0
37752176,1.0,58,,,,,0
37752176,1.0,59,,,,,0
37752176,1.0,60,,,,,0
14230570,1.0,1,,,,,0
14230570,1.0,2,,,,,0
14230570,1.0,3,,,,,0
14230570,1.0,4,,,,,0
14230570,1.0,5,,,,,0
14230570,1.0,6,,,,,0
14230570,1.0,7,,,,,0
14230570,1.0,8,,,,,0
14230570,1.0,9,,,,,0
14230570,1.0,10,,,,,0
14230570,1.0,11,,,,,0
14230570,1.0,12,,,,,0
14230570,1.0,13,,,,,0
14230570,1.0,14,,,,,0
14230570,1.0,15,,,,,0
14230570,1.0,16,,,,,0
14230570,1.0,17,,,,,0
14230570,1.0,18,,,,,0
14230570,1.0,19,,,,,0
14230570,1.0,20,,,,,0
14230570,1.0,21,,,,,0
14230570,1.0,22,,,,,0
14230570,1.0,23,,,,,0
14230570,1.0,24,,,,,0
14230570,1.0,25,,,,,0
14230570,1.0,26,,,,,0
14230570,1.0,27,,,,,0
14230570,1.0,28,,,,,0
14230570,1.0,29,,,,,0
14230570,1.0,30,,,,,0
14230570,1.0,31,,,,,0
14230570,1.0,32,,,,,0
14230570,1.0,33,,,,,0
14230570,1.0,34,,,,,0
14230570,1.0,35,,,,,0
14230570,1.0,36,,,,,0
14230570,1.0,37,,,,,0
14230570,1.0,38,,,,,0
14230570,1.0,39,,,,,0
14230570,1.0,40,,,,,0
14230570,1.0,41,,,,,0
14230570,1.0,42,,,,,0
14230570,1.0,43,,,,,0
14230570,1.0,44,,,,,0
14230570,1.0,45,,,,,0
14230570,1.0,46,,,,,0
14230570,1.0,47,,,,,0
14230570,1.0,48,,,,,0
14230570,1.0,49,,,,,0
14230570,1.0,50,,,,,0
14230570,1.0,51,,,,,0
14230570,1.0,52,,,,,0
14230570,1.0,53,,,,,0
14230570,1.0,54,,,,,0
14230570,1.0,55,,,,,0
14230570,1.0,56,,,,,0
14230570,1.0,57,,,,,0
14230570,1.0,58,,,,,0
14230570,1.0,59,,,,,0
14230570,1.0,60,,,,,0
24124185,1.0,1,,,,,0
24124185,1.0,2,,,,,0
24124185,1.0,3,,,,,0
24124185,1.0,4,,,,,0
24124185,1.0,5,,,,,0
24124185,1.0,6,,,,,0
24124185,1.0,7,,,,,0
24124185,1.0,8,,,,,0
24124185,1.0,9,,,,,0
24124185,1.0,10,,,,,0
24124185,1.0,11,,,,,0
24124185,1.0,12,,,,,0
24124185,1.0,13,,,,,0
24124185,1.0,14,,,,,0
24124185,1.0,15,,,,,0
24124185,1.0,16,,,,,0
24124185,1.0,17,,,,,0
24124185,1.0,18,,,,,0
24124185,1.0,19,,,,,0
24124185,1.0,20,,,,,0
24124185,1.0,21,,,,,0
24124185,1.0,22,,,,,0
24124185,1.0,23,,,,,0
24124185,1.0,24,,,,,0
24124185,1.0,25,,,,,0
24124185,1.0,26,,,,,0
24124185,1.0,27,,,,,0
24124185,1.0,28,,,,,0
24124185,1.0,29,,,,,0
24124185,1.0,30,,,,,0
24124185,1.0,31,,,,,0
24124185,1.0,32,,,,,0
24124185,1.0,33,,,,,0
24124185,1.0,34,,,,,0
24124185,1.0,35,,,,,0
24124185,1.0,36,,,,,0
24124185,1.0,37,,,,,0
24124185,1.0,38,,,,,0
24124185,1.0,39,,,,,0
24124185,1.0,40,,,,,0
24124185,1.0,41,,,,,0
24124185,1.0,42,,,,,0
24124185,1.0,43,,,,,0
24124185,1.0,44,,,,,0
24124185,1.0,45,,,,,0
24124185,1.0,46,,,,,0
24124185,1.0,47,,,,,0
24124185,1.0,48,,,,,0
24124185,1.0,49,,,,,0
24124185,1.0,50,,,,,0
24124185,1.0,51,,,,,0
24124185,1.0,52,,,,,0
24124185,1.0,53,,,,,0
24124185,1.0,54,,,,,0
24124185,1.0,55,,,,,0
24124185,1.0,56,,,,,0
24124185,1.0,57,,,,,0
24124185,1.0,58,,,,,0
24124185,1.0,59,,,,,0
24124185,1.0,60,,,,,0
64978459,1.0,1,,,,,0
64978459,1.0,2,,,,,0
64978459,1.0,3,,,,,0
64978459,1.0,4,,,,,0
64978459,1.0,5,,,,,0
64978459,1.0,6,,,,,0
64978459,1.0,7,,,,,0
64978459,1.0,8,,,,,0
64978459,1.0,9,,,,,0
64978459,1.0,10,,,,,0
64978459,1.0,11,,,,,0
64978459,1.0,12,,,,,0
64978459,1.0,13,,,,,0
64978459,1.0,14,,,,,0
64978459,1.0,15,,,,,0
64978459,1.0,16,,,,,0
64978459,1.0,17,,,,,0
64978459,1.0,18,,,,,0
64978459,1.0,19,,,,,0
64978459,1.0,20,,,,,0
64978459,1.0,21,,,,,0
64978459,1.0,22,,,,,0
64978459,1.0,23,,,,,0
64978459,1.0,24,,,,,0
64978459,1.0,25,,,,,0
64978459,1.0,26,,,,,0
64978459,1.0,27,,,,,0
64978459,1.0,28,,,,,0
64978459,1.0,29,,,,,0
64978459,1.0,30,,,,,0
64978459,1.0,31,,,,,0
64978459,1.0,32,,,,,0
64978459,1.0,33,,,,,0
64978459,1.0,34,,,,,0
64978459,1.0,35,,,,,0
64978459,1.0,36,,,,,0
64978459,1.0,37,,,,,0
64978459,1.0,38,,,,,0
64978459,1.0,39,,,,,0
64978459,1.0,40,,,,,0
64978459,1.0,41,,,,,0
64978459,1.0,42,,,,,0
64978459,1.0,43,,,,,0
64978459,1.0,44,,,,,0
64978459,1.0,45,,,,,0
64978459,1.0,46,,,,,0
64978459,1.0,47,,,,,0
64978459,1.0,48,,,,,0
64978459,1.0,49,,,,,0
64978459,1.0,50,,,,,0
64978459,1.0,51,,,,,0
64978459,1.0,52,,,,,0
64978459,1.0,53,,,,,0
64978459,1.0,54,,,,,0
64978459,1.0,55,,,,,0
64978459,1.0,56,,,,,0
64978459,1.0,57,,,,,0
64978459,1.0,58,,,,,0
64978459,1.0,59,,,,,0
64978459,1.0,60,,,,,0
67242784,1.0,1,,,,,0
67242784,1.0,2,,,,,0
67242784,1.0,3,,,,,0
67242784,1.0,4,,,,,0
67242784,1.0,5,,,,,0
67242784,1.0,6,,,,,0
67242784,1.0,7,,,,,0
67242784,1.0,8,,,,,0
67242784,1.0,9,,,,,0
67242784,1.0,10,,,,,0
67242784,1.0,11,,,,,0
67242784,1.0,12,,,,,0
67242784,1.0,13,,,,,0
67242784,1.0,14,,,,,0
67242784,1.0,15,,,,,0
67242784,1.0,16,,,,,0
67242784,1.0,17,,,,,0
67242784,1.0,18,,,,,0
67242784,1.0,19,,,,,0
67242784,1.0,20,,,,,0
67242784,1.0,21,,,,,0
67242784,1.0,22,,,,,0
67242784,1.0,23,,,,,0
67242784,1.0,24,,,,,0
67242784,1.0,25,,,,,0
67242784,1.0,26,,,,,0
67242784,1.0,27,,,,,0
67242784,1.0,28,,,,,0
67242784,1.0,29,,,,,0
67242784,1.0,30,,,,,0
67242784,1.0,31,,,,,0
67242784,1.0,32,,,,,0
67242784,1.0,33,,,,,0
67242784,1.0,34,,,,,0
67242784,1.0,35,,,,,0
67242784,1.0,36,,,,,0
67242784,1.0,37,,,,,0
67242784,1.0,38,,,,,0
67242784,1.0,39,,,,,0
67242784,1.0,40,,,,,0
67242784,1.0,41,,,,,0
67242784,1.0,42,,,,,0
67242784,1.0,43,,,,,0
67242784,1.0,44,,,,,0
67242784,1.0,45,,,,,0
67242784,1.0,46,,,,,0
67242784,1.0,47,,,,,0
67242784,1.0,48,,,,,0
67242784,1.0,49,,,,,0
67242784,1.0,50,,,,,0
67242784,1.0,51,,,,,0
67242784,1.0,52,,,,,0
67242784,1.0,53,,,,,0
67242784,1.0,54,,,,,0
67242784,1.0,55,,,,,0
67242784,1.0,56,,,,,0
67242784,1.0,57,,,,,0
67242784,1.0,58,,,,,0
67242784,1.0,59,,,,,0
67242784,1.0,60,,,,,0
94476647,1.0,1,,,,,0
94476647,1.0,2,,,,,0
94476647,1.0,3,,,,,0
94476647,1.0,4,,,,,0
94476647,1.0,5,,,,,0
94476647,1.0,6,,,,,0
94476647,1.0,7,,,,,0
94476647,1.0,8,,,,,0
94476647,1.0,9,,,,,0
94476647,1.0,10,,,,,0
94476647,1.0,11,,,,,0
94476647,1.0,12,,,,,0
94476647,1.0,13,,,,,0
94476647,1.0,14,,,,,0
94476647,1.0,15,,,,,0
94476647,1.0,16,,,,,0
94476647,1.0,17,,,,,0
94476647,1.0,18,,,,,0
94476647,1.0,19,,,,,0
94476647,1.0,20,,,,,0
94476647,1.0,21,,,,,0
94476647,1.0,22,,,,,0
94476647,1.0,23,,,,,0
94476647,1.0,24,,,,,0
94476647,1.0,25,,,,,0
94476647,1.0,26,,,,,0
94476647,1.0,27,,,,,0
94476647,1.0,28,,,,,0
94476647,1.0,29,,,,,0
94476647,1.0,30,,,,,0
94476647,1.0,31,,,,,0
94476647,1.0,32,,,,,0
94476647,1.0,33,,,,,0
94476647,1.0,34,,,,,0
94476647,1.0,35,,,,,0
94476647,1.0,36,,,,,0
94476647,1.0,37,,,,,0
94476647,1.0,38,,,,,0
94476647,1.0,39,,,,,0
94476647,1.0,40,,,,,0
94476647,1.0,41,,,,,0
94476647,1.0,42,,,,,0
94476647,1.0,43,,,,,0
94476647,1.0,44,,,,,0
94476647,1.0,45,,,,,0
94476647,1.0,46,,,,,0
94476647,1.0,47,,,,,0
94476647,1.0,48,,,,,0
94476647,1.0,49,,,,,0
94476647,1.0,50,,,,,0
94476647,1.0,51,,,,,0
94476647,1.0,52,,,,,0
94476647,1.0,53,,,,,0
94476647,1.0,54,,,,,0
94476647,1.0,55,,,,,0
94476647,1.0,56,,,,,0
94476647,1.0,57,,,,,0
94476647,1.0,58,,,,,0
94476647,1.0,59,,,,,0
94476647,1.0,60,,,,,0
36032353,1.0,1,,,,,0
36032353,1.0,2,,,,,0
36032353,1.0,3,,,,,0
36032353,1.0,4,,,,,0
36032353,1.0,5,,,,,0
36032353,1.0,6,,,,,0
36032353,1.0,7,,,,,0
36032353,1.0,8,,,,,0
36032353,1.0,9,,,,,0
36032353,1.0,10,,,,,0
36032353,1.0,11,,,,,0
36032353,1.0,12,,,,,0
36032353,1.0,13,,,,,0
36032353,1.0,14,,,,,0
36032353,1.0,15,,,,,0
36032353,1.0,16,,,,,0
36032353,1.0,17,,,,,0
36032353,1.0,18,,,,,0
36032353,1.0,19,,,,,0
36032353,1.0,20,,,,,0
36032353,1.0,21,,,,,0
36032353,1.0,22,,,,,0
36032353,1.0,23,,,,,0
36032353,1.0,24,,,,,0
36032353,1.0,25,,,,,0
36032353,1.0,26,,,,,0
36032353,1.0,27,,,,,0
36032353,1.0,28,,,,,0
36032353,1.0,29,,,,,0
36032353,1.0,30,,,,,0
36032353,1.0,31,,,,,0
36032353,1.0,32,,,,,0
36032353,1.0,33,,,,,0
36032353,1.0,34,,,,,0
36032353,1.0,35,,,,,0
36032353,1.0,36,,,,,0
36032353,1.0,37,,,,,0
36032353,1.0,38,,,,,0
36032353,1.0,39,,,,,0
36032353,1.0,40,,,,,0
36032353,1.0,41,,,,,0
36032353,1.0,42,,,,,0
36032353,1.0,43,,,,,0
36032353,1.0,44,,,,,0
36032353,1.0,45,,,,,0
36032353,1.0,46,,,,,0
36032353,1.0,47,,,,,0
36032353,1.0,48,,,,,0
36032353,1.0,49,,,,,0
36032353,1.0,50,,,,,0
36032353,1.0,51,,,,,0
36032353,1.0,52,,,,,0
36032353,1.0,53,,,,,0
36032353,1.0,54,,,,,0
36032353,1.0,55,,,,,0
36032353,1.0,56,,,,,0
36032353,1.0,57,,,,,0
36032353,1.0,58,,,,,0
36032353,1.0,59,,,,,0
36032353,1.0,60,,,,,0
76518510,1.0,1,,,,,0
76518510,1.0,2,,,,,0
76518510,1.0,3,,,,,0
76518510,1.0,4,,,,,0
76518510,1.0,5,,,,,0
76518510,1.0,6,,,,,0
76518510,1.0,7,,,,,0
76518510,1.0,8,,,,,0
76518510,1.0,9,,,,,0
76518510,1.0,10,,,,,0
76518510,1.0,11,,,,,0
76518510,1.0,12,,,,,0
76518510,1.0,13,,,,,0
76518510,1.0,14,,,,,0
76518510,1.0,15,,,,,0
76518510,1.0,16,,,,,0
76518510,1.0,17,,,,,0
76518510,1.0,18,,,,,0
76518510,1.0,19,,,,,0
76518510,1.0,20,,,,,0
76518510,1.0,21,,,,,0
76518510,1.0,22,,,,,0
76518510,1.0,23,,,,,0
76518510,1.0,24,,,,,0
76518510,1.0,25,,,,,0
76518510,1.0,26,,,,,0
76518510,1.0,27,,,,,0
76518510,1.0,28,,,,,0
76518510,1.0,29,,,,,0
76518510,1.0,30,,,,,0
76518510,1.0,31,,,,,0
76518510,1.0,32,,,,,0
76518510,1.0,33,,,,,0
76518510,1.0,34,,,,,0
76518510,1.0,35,,,,,0
76518510,1.0,36,,,,,0
76518510,1.0,37,,,,,0
76518510,1.0,38,,,,,0
76518510,1.0,39,,,,,0
76518510,1.0,40,,,,,0
76518510,1.0,41,,,,,0
76518510,1.0,42,,,,,0
76518510,1.0,43,,,,,0
76518510,1.0,44,,,,,0
76518510,1.0,45,,,,,0
76518510,1.0,46,,,,,0
76518510,1.0,47,,,,,0
76518510,1.0,48,,,,,0
76518510,1.0,49,,,,,0
76518510,1.0,50,,,,,0
76518510,1.0,51,,,,,0
76518510,1.0,52,,,,,0
76518510,1.0,53,,,,,0
76518510,1.0,54,,,,,0
76518510,1.0,55,,,,,0
76518510,1.0,56,,,,,0
76518510,1.0,57,,,,,0
76518510,1.0,58,,,,,0
76518510,1.0,59,,,,,0
76518510,1.0,60,,,,,0
99707772,1.0,1,,,,,0
99707772,1.0,2,,,,,0
99707772,1.0,3,,,,,0
99707772,1.0,4,,,,,0
99707772,1.0,5,,,,,0
99707772,1.0,6,,,,,0
99707772,1.0,7,,,,,0
99707772,1.0,8,,,,,0
99707772,1.0,9,,,,,0
99707772,1.0,10,,,,,0
99707772,1.0,11,,,,,0
99707772,1.0,12,,,,,0
99707772,1.0,13,,,,,0
99707772,1.0,14,,,,,0
99707772,1.0,15,,,,,0
99707772,1.0,16,,,,,0
99707772,1.0,17,,,,,0
99707772,1.0,18,,,,,0
99707772,1.0,19,,,,,0
99707772,1.0,20,,,,,0
99707772,1.0,21,,,,,0
99707772,1.0,22,,,,,0
99707772,1.0,23,,,,,0
99707772,1.0,24,,,,,0
99707772,1.0,25,,,,,0
99707772,1.0,26,,,,,0
99707772,1.0,27,,,,,0
99707772,1.0,28,,,,,0
99707772,1.0,29,,,,,0
99707772,1.0,30,,,,,0
99707772,1.0,31,,,,,0
99707772,1.0,32,,,,,0
99707772,1.0,33,,,,,0
99707772,1.0,34,,,,,0
99707772,1.0,35,,,,,0
99707772,1.0,36,,,,,0
99707772,1.0,37,,,,,0
99707772,1.0,38,,,,,0
99707772,1.0,39,,,,,0
99707772,1.0,40,,,,,0
99707772,1.0,41,,,,,0
99707772,1.0,42,,,,,0
99707772,1.0,43,,,,,0
99707772,1.0,44,,,,,0
99707772,1.0,45,,,,,0
99707772,1.0,46,,,,,0
99707772,1.0,47,,,,,0
99707772,1.0,48,,,,,0
99707772,1.0,49,,,,,0
99707772,1.0,50,,,,,0
99707772,1.0,51,,,,,0
99707772,1.0,52,,,,,0
99707772,1.0,53,,,,,0
99707772,1.0,54,,,,,0
99707772,1.0,55,,,,,0
99707772,1.0,56,,,,,0
99707772,1.0,57,,,,,0
99707772,1.0,58,,,,,0
99707772,1.0,59,,,,,0
99707772,1.0,60,,,,,0
59349061,1.0,1,,,,,0
59349061,1.0,2,,,,,0
59349061,1.0,3,,,,,0
59349061,1.0,4,,,,,0
59349061,1.0,5,,,,,0
59349061,1.0,6,,,,,0
59349061,1.0,7,,,,,0
59349061,1.0,8,,,,,0
59349061,1.0,9,,,,,0
59349061,1.0,10,,,,,0
59349061,1.0,11,,,,,0
59349061,1.0,12,,,,,0
59349061,1.0,13,,,,,0
59349061,1.0,14,,,,,0
59349061,1.0,15,,,,,0
59349061,1.0,16,,,,,0
59349061,1.0,17,,,,,0
59349061,1.0,18,,,,,0
59349061,1.0,19,,,,,0
59349061,1.0,20,,,,,0
59349061,1.0,21,,,,,0
59349061,1.0,22,,,,,0
59349061,1.0,23,,,,,0
59349061,1.0,24,,,,,0
59349061,1.0,25,,,,,0
59349061,1.0,26,,,,,0
59349061,1.0,27,,,,,0
59349061,1.0,28,,,,,0
59349061,1.0,29,,,,,0
59349061,1.0,30,,,,,0
59349061,1.0,31,,,,,0
59349061,1.0,32,,,,,0
59349061,1.0,33,,,,,0
59349061,1.0,34,,,,,0
59349061,1.0,35,,,,,0
59349061,1.0,36,,,,,0
59349061,1.0,37,,,,,0
59349061,1.0,38,,,,,0
59349061,1.0,39,,,,,0
59349061,1.0,40,,,,,0
59349061,1.0,41,,,,,0
59349061,1.0,42,,,,,0
59349061,1.0,43,,,,,0
59349061,1.0,44,,,,,0
59349061,1.0,45,,,,,0
59349061,1.0,46,,,,,0
59349061,1.0,47,,,,,0
59349061,1.0,48,,,,,0
59349061,1.0,49,,,,,0
59349061,1.0,50,,,,,0
59349061,1.0,51,,,,,0
59349061,1.0,52,,,,,0
59349061,1.0,53,,,,,0
59349061,1.0,54,,,,,0
59349061,1.0,55,,,,,0
59349061,1.0,56,,,,,0
59349061,1.0,57,,,,,0
59349061,1.0,58,,,,,0
59349061,1.0,59,,,,,0
59349061,1.0,60,,,,,0
29643423,1.0,1,,,,,0
29643423,1.0,2,,,,,0
29643423,1.0,3,,,,,0
29643423,1.0,4,,,,,0
29643423,1.0,5,,,,,0
29643423,1.0,6,,,,,0
29643423,1.0,7,,,,,0
29643423,1.0,8,,,,,0
29643423,1.0,9,,,,,0
29643423,1.0,10,,,,,0
29643423,1.0,11,,,,,0
29643423,1.0,12,,,,,0
29643423,1.0,13,,,,,0
29643423,1.0,14,,,,,0
29643423,1.0,15,,,,,0
29643423,1.0,16,,,,,0
29643423,1.0,17,,,,,0
29643423,1.0,18,,,,,0
29643423,1.0,19,,,,,0
29643423,1.0,20,,,,,0
29643423,1.0,21,,,,,0
29643423,1.0,22,,,,,0
29643423,1.0,23,,,,,0
29643423,1.0,24,,,,,0
29643423,1.0,25,,,,,0
29643423,1.0,26,,,,,0
29643423,1.0,27,,,,,0
29643423,1.0,28,,,,,0
29643423,1.0,29,,,,,0
29643423,1.0,30,,,,,0
29643423,1.0,31,,,,,0
29643423,1.0,32,,,,,0
29643423,1.0,33,,,,,0
29643423,1.0,34,,,,,0
29643423,1.0,35,,,,,0
29643423,1.0,36,,,,,0
29643423,1.0,37,,,,,0
29643423,1.0,38,,,,,0
29643423,1.0,39,,,,,0
29643423,1.0,40,,,,,0
29643423,1.0,41,,,,,0
29643423,1.0,42,,,,,0
29643423,1.0,43,,,,,0
29643423,1.0,44,,,,,0
29643423,1.0,45,,,,,0
29643423,1.0,46,,,,,0
29643423,1.0,47,,,,,0
29643423,1.0,48,,,,,0
29643423,1.0,49,,,,,0
29643423,1.0,50,,,,,0
29643423,1.0,51,,,,,0
29643423,1.0,52,,,,,0
29643423,1.0,53,,,,,0
29643423,1.0,54,,,,,0
29643423,1.0,55,,,,,0
29643423,1.0,56,,,,,0
29643423,1.0,57,,,,,0
29643423,1.0,58,,,,,0
29643423,1.0,59,,,,,0
29643423,1.0,60,,,,,0
58863024,1.0,1,,,,,0
58863024,1.0,2,,,,,0
58863024,1.0,3,,,,,0
58863024,1.0,4,,,,,0
58863024,1.0,5,,,,,0
58863024,1.0,6,,,,,0
58863024,1.0,7,,,,,0
58863024,1.0,8,,,,,0
58863024,1.0,9,,,,,0
58863024,1.0,10,,,,,0
58863024,1.0,11,,,,,0
58863024,1.0,12,,,,,0
58863024,1.0,13,,,,,0
58863024,1.0,14,,,,,0
58863024,1.0,15,,,,,0
58863024,1.0,16,,,,,0
58863024,1.0,17,,,,,0
58863024,1.0,18,,,,,0
58863024,1.0,19,,,,,0
58863024,1.0,20,,,,,0
58863024,1.0,21,,,,,0
58863024,1.0,22,,,,,0
58863024,1.0,23,,,,,0
58863024,1.0,24,,,,,0
58863024,1.0,25,,,,,0
58863024,1.0,26,,,,,0
58863024,1.0,27,,,,,0
58863024,1.0,28,,,,,0
58863024,1.0,29,,,,,0
58863024,1.0,30,,,,,0
58863024,1.0,31,,,,,0
58863024,1.0,32,,,,,0
58863024,1.0,33,,,,,0
58863024,1.0,34,,,,,0
58863024,1.0,35,,,,,0
58863024,1.0,36,,,,,0
58863024,1.0,37,,,,,0
58863024,1.0,38,,,,,0
58863024,1.0,39,,,,,0
58863024,1.0,40,,,,,0
58863024,1.0,41,,,,,0
58863024,1.0,42,,,,,0
58863024,1.0,43,,,,,0
58863024,1.0,44,,,,,0
58863024,1.0,45,,,,,0
58863024,1.0,46,,,,,0
58863024,1.0,47,,,,,0
58863024,1.0,48,,,,,0
58863024,1.0,49,,,,,0
58863024,1.0,50,,,,,0
58863024,1.0,51,,,,,0
58863024,1.0,52,,,,,0
58863024,1.0,53,,,,,0
58863024,1.0,54,,,,,0
58863024,1.0,55,,,,,0
58863024,1.0,56,,,,,0
58863024,1.0,57,,,,,0
58863024,1.0,58,,,,,0
58863024,1.0,59,,,,,0
58863024,1.0,60,,,,,0
91053715,1.0,1,,,,,0
91053715,1.0,2,,,,,0
91053715,1.0,3,,,,,0
91053715,1.0,4,,,,,0
91053715,1.0,5,,,,,0
91053715,1.0,6,,,,,0
91053715,1.0,7,,,,,0
91053715,1.0,8,,,,,0
91053715,1.0,9,,,,,0
91053715,1.0,10,,,,,0
91053715,1.0,11,,,,,0
91053715,1.0,12,,,,,0
91053715,1.0,13,,,,,0
91053715,1.0,14,,,,,0
91053715,1.0,15,,,,,0
91053715,1.0,16,,,,,0
91053715,1.0,17,,,,,0
91053715,1.0,18,,,,,0
91053715,1.0,19,,,,,0
91053715,1.0,20,,,,,0
91053715,1.0,21,,,,,0
91053715,1.0,22,,,,,0
91053715,1.0,23,,,,,0
91053715,1.0,24,,,,,0
91053715,1.0,25,,,,,0
91053715,1.0,26,,,,,0
91053715,1.0,27,,,,,0
91053715,1.0,28,,,,,0
91053715,1.0,29,,,,,0
91053715,1.0,30,,,,,0
91053715,1.0,31,,,,,0
91053715,1.0,32,,,,,0
91053715,1.0,33,,,,,0
91053715,1.0,34,,,,,0
91053715,1.0,35,,,,,0
91053715,1.0,36,,,,,0
91053715,1.0,37,,,,,0
91053715,1.0,38,,,,,0
91053715,1.0,39,,,,,0
91053715,1.0,40,,,,,0
91053715,1.0,41,,,,,0
91053715,1.0,42,,,,,0
91053715,1.0,43,,,,,0
91053715,1.0,44,,,,,0
91053715,1.0,45,,,,,0
91053715,1.0,46,,,,,0
91053715,1.0,47,,,,,0
91053715,1.0,48,,,,,0
91053715,1.0,49,,,,,0
91053715,1.0,50,,,,,0
91053715,1.0,51,,,,,0
91053715,1.0,52,,,,,0
91053715,1.0,53,,,,,0
91053715,1.0,54,,,,,0
91053715,1.0,55,,,,,0
91053715,1.0,56,,,,,0
91053715,1.0,57,,,,,0
91053715,1.0,58,,,,,0
91053715,1.0,59,,,,,0
91053715,1.0,60,,,,,0
79991846,1.0,1,,,,,0
79991846,1.0,2,,,,,0
79991846,1.0,3,,,,,0
79991846,1.0,4,,,,,0
79991846,1.0,5,,,,,0
79991846,1.0,6,,,,,0
79991846,1.0,7,,,,,0
79991846,1.0,8,,,,,0
79991846,1.0,9,,,,,0
79991846,1.0,10,,,,,0
79991846,1.0,11,,,,,0
79991846,1.0,12,,,,,0
79991846,1.0,13,,,,,0
79991846,1.0,14,,,,,0
79991846,1.0,15,,,,,0
79991846,1.0,16,,,,,0
79991846,1.0,17,,,,,0
79991846,1.0,18,,,,,0
79991846,1.0,19,,,,,0
79991846,1.0,20,,,,,0
79991846,1.0,21,,,,,0
79991846,1.0,22,,,,,0
79991846,1.0,23,,,,,0
79991846,1.0,24,,,,,0
79991846,1.0,25,,,,,0
79991846,1.0,26,,,,,0
79991846,1.0,27,,,,,0
79991846,1.0,28,,,,,0
79991846,1.0,29,,,,,0
79991846,1.0,30,,,,,0
79991846,1.0,31,,,,,0
79991846,1.0,32,,,,,0
79991846,1.0,33,,,,,0
79991846,1.0,34,,,,,0
79991846,1.0,35,,,,,0
79991846,1.0,36,,,,,0
79991846,1.0,37,,,,,0
79991846,1.0,38,,,,,0
79991846,1.0,39,,,,,0
79991846,1.0,40,,,,,0
79991846,1.0,41,,,,,0
79991846,1.0,42,,,,,0
79991846,1.0,43,,,,,0
79991846,1.0,44,,,,,0
79991846,1.0,45,,,,,0
79991846,1.0,46,,,,,0
79991846,1.0,47,,,,,0
79991846,1.0,48,,,,,0
79991846,1.0,49,,,,,0
79991846,1.0,50,,,,,0
79991846,1.0,51,,,,,0
79991846,1.0,52,,,,,0
79991846,1.0,53,,,,,0
79991846,1.0,54,,,,,0
79991846,1.0,55,,,,,0
79991846,1.0,56,,,,,0
79991846,1.0,57,,,,,0
79991846,1.0,58,,,,,0
79991846,1.0,59,,,,,0
79991846,1.0,60,,,,,0
94472986,1.0,1,,,,,0
94472986,1.0,2,45640997,onsite,0.125,0.0,1
94472986,1.0,3,65498132,onsite,0.125,0.0,1
94472986,1.0,4,65498132,onsite,0.125,0.0,1
94472986,1.0,5,18658831,onsite,0.125,0.0,1
94472986,1.0,6,18658831,onsite,0.125,0.0,1
94472986,1.0,7,65498132,onsite,0.125,0.0,1
94472986,1.0,8,65498132,onsite,0.125,0.0,1
94472986,1.0,9,97750287,onsite,0.125,0.0,1
94472986,1.0,10,39086722,onsite,0.125,0.0,1
94472986,1.0,11,34202490,onsite,0.125,0.0,1
94472986,1.0,12,39086722,onsite,0.125,0.0,1
94472986,1.0,13,89367750,onsite,0.125,0.0,1
94472986,1.0,14,63413541,onsite,0.7501875468867217,0.0,1
94472986,1.0,15,45394363,onsite,0.125,0.0,1
94472986,1.0,16,45394363,onsite,0.125,0.0,1
94472986,1.0,17,95175090,onsite,0.7501875468867217,0.0,1
94472986,1.0,18,20243729,onsite,0.125,0.0,1
94472986,1.0,19,49989156,onsite,0.450112528132033,0.3000750187546887,1
94472986,1.0,20,,,,,0
94472986,1.0,21,84044230,onsite,2.0,0.0,1
94472986,1.0,22,50699514,onsite,2.0,0.0,1
94472986,1.0,23,,,,,0
94472986,1.0,24,,,,,0
94472986,1.0,25,,,,,0
94472986,1.0,26,,,,,0
94472986,1.0,27,,,,,0
94472986,1.0,28,,,,,0
94472986,1.0,29,,,,,0
94472986,1.0,30,,,,,0
94472986,1.0,31,,,,,0
94472986,1.0,32,,,,,0
94472986,1.0,33,,,,,0
94472986,1.0,34,,,,,0
94472986,1.0,35,,,,,0
94472986,1.0,36,,,,,0
94472986,1.0,37,,,,,0
94472986,1.0,38,,,,,0
94472986,1.0,39,,,,,0
94472986,1.0,40,,,,,0
94472986,1.0,41,,,,,0
94472986,1.0,42,,,,,0
94472986,1.0,43,,,,,0
94472986,1.0,44,,,,,0
94472986,1.0,45,,,,,0
94472986,1.0,46,,,,,0
94472986,1.0,47,,,,,0
94472986,1.0,48,,,,,0
94472986,1.0,49,,,,,0
94472986,1.0,50,,,,,0
94472986,1.0,51,,,,,0
94472986,1.0,52,,,,,0
94472986,1.0,53,,,,,0
94472986,1.0,54,,,,,0
94472986,1.0,55,,,,,0
94472986,1.0,56,,,,,0
94472986,1.0,57,,,,,0
94472986,1.0,58,,,,,0
94472986,1.0,59,,,,,0
94472986,1.0,60,,,,,0
81708306,1.0,1,,,,,0
81708306,1.0,2,,,,,0
81708306,1.0,3,,,,,0
81708306,1.0,4,,,,,0
81708306,1.0,5,,,,,0
81708306,1.0,6,,,,,0
81708306,1.0,7,,,,,0
81708306,1.0,8,,,,,0
81708306,1.0,9,,,,,0
81708306,1.0,10,,,,,0
81708306,1.0,11,,,,,0
81708306,1.0,12,,,,,0
81708306,1.0,13,,,,,0
81708306,1.0,14,,,,,0
81708306,1.0,15,,,,,0
81708306,1.0,16,,,,,0
81708306,1.0,17,,,,,0
81708306,1.0,18,,,,,0
81708306,1.0,19,,,,,0
81708306,1.0,20,,,,,0
81708306,1.0,21,,,,,0
81708306,1.0,22,,,,,0
81708306,1.0,23,,,,,0
81708306,1.0,24,,,,,0
81708306,1.0,25,,,,,0
81708306,1.0,26,,,,,0
81708306,1.0,27,,,,,0
81708306,1.0,28,,,,,0
81708306,1.0,29,,,,,0
81708306,1.0,30,,,,,0
81708306,1.0,31,,,,,0
81708306,1.0,32,,,,,0
81708306,1.0,33,,,,,0
81708306,1.0,34,,,,,0
81708306,1.0,35,,,,,0
81708306,1.0,36,,,,,0
81708306,1.0,37,,,,,0
81708306,1.0,38,,,,,0
81708306,1.0,39,,,,,0
81708306,1.0,40,,,,,0
81708306,1.0,41,,,,,0
81708306,1.0,42,,,,,0
81708306,1.0,43,,,,,0
81708306,1.0,44,,,,,0
81708306,1.0,45,,,,,0
81708306,1.0,46,,,,,0
81708306,1.0,47,,,,,0
81708306,1.0,48,,,,,0
81708306,1.0,49,,,,,0
81708306,1.0,50,,,,,0
81708306,1.0,51,,,,,0
81708306,1.0,52,,,,,0
81708306,1.0,53,,,,,0
81708306,1.0,54,,,,,0
81708306,1.0,55,,,,,0
81708306,1.0,56,,,,,0
81708306,1.0,57,,,,,0
81708306,1.0,58,,,,,0
81708306,1.0,59,,,,,0
81708306,1.0,60,,,,,0
25126681,1.0,1,,,,,0
25126681,1.0,2,,,,,0
25126681,1.0,3,,,,,0
25126681,1.0,4,,,,,0
25126681,1.0,5,,,,,0
25126681,1.0,6,,,,,0
25126681,1.0,7,,,,,0
25126681,1.0,8,,,,,0
25126681,1.0,9,,,,,0
25126681,1.0,10,,,,,0
25126681,1.0,11,,,,,0
25126681,1.0,12,,,,,0
25126681,1.0,13,,,,,0
25126681,1.0,14,,,,,0
25126681,1.0,15,,,,,0
25126681,1.0,16,,,,,0
25126681,1.0,17,,,,,0
25126681,1.0,18,,,,,0
25126681,1.0,19,,,,,0
25126681,1.0,20,,,,,0
25126681,1.0,21,,,,,0
25126681,1.0,22,,,,,0
25126681,1.0,23,,,,,0
25126681,1.0,24,,,,,0
25126681,1.0,25,,,,,0
25126681,1.0,26,,,,,0
25126681,1.0,27,,,,,0
25126681,1.0,28,,,,,0
25126681,1.0,29,,,,,0
25126681,1.0,30,,,,,0
25126681,1.0,31,,,,,0
25126681,1.0,32,,,,,0
25126681,1.0,33,,,,,0
25126681,1.0,34,,,,,0
25126681,1.0,35,,,,,0
25126681,1.0,36,,,,,0
25126681,1.0,37,,,,,0
25126681,1.0,38,,,,,0
25126681,1.0,39,,,,,0
25126681,1.0,40,,,,,0
25126681,1.0,41,,,,,0
25126681,1.0,42,,,,,0
25126681,1.0,43,,,,,0
25126681,1.0,44,,,,,0
25126681,1.0,45,,,,,0
25126681,1.0,46,,,,,0
25126681,1.0,47,,,,,0
25126681,1.0,48,,,,,0
25126681,1.0,49,,,,,0
25126681,1.0,50,,,,,0
25126681,1.0,51,,,,,0
25126681,1.0,52,,,,,0
25126681,1.0,53,,,,,0
25126681,1.0,54,,,,,0
25126681,1.0,55,,,,,0
25126681,1.0,56,,,,,0
25126681,1.0,57,,,,,0
25126681,1.0,58,,,,,0
25126681,1.0,59,,,,,0
25126681,1.0,60,,,,,0
92290974,1.0,1,,,,,0
92290974,1.0,2,,,,,0
92290974,1.0,3,,,,,0
92290974,1.0,4,,,,,0
92290974,1.0,5,,,,,0
92290974,1.0,6,,,,,0
92290974,1.0,7,,,,,0
92290974,1.0,8,,,,,0
92290974,1.0,9,,,,,0
92290974,1.0,10,,,,,0
92290974,1.0,11,,,,,0
92290974,1.0,12,,,,,0
92290974,1.0,13,,,,,0
92290974,1.0,14,,,,,0
92290974,1.0,15,,,,,0
92290974,1.0,16,,,,,0
92290974,1.0,17,,,,,0
92290974,1.0,18,,,,,0
92290974,1.0,19,,,,,0
92290974,1.0,20,,,,,0
92290974,1.0,21,,,,,0
92290974,1.0,22,,,,,0
92290974,1.0,23,,,,,0
92290974,1.0,24,,,,,0
92290974,1.0,25,,,,,0
92290974,1.0,26,,,,,0
92290974,1.0,27,,,,,0
92290974,1.0,28,,,,,0
92290974,1.0,29,,,,,0
92290974,1.0,30,,,,,0
92290974,1.0,31,,,,,0
92290974,1.0,32,,,,,0
92290974,1.0,33,,,,,0
92290974,1.0,34,,,,,0
92290974,1.0,35,,,,,0
92290974,1.0,36,,,,,0
92290974,1.0,37,,,,,0
92290974,1.0,38,,,,,0
92290974,1.0,39,,,,,0
92290974,1.0,40,,,,,0
92290974,1.0,41,,,,,0
92290974,1.0,42,,,,,0
92290974,1.0,43,,,,,0
92290974,1.0,44,,,,,0
92290974,1.0,45,,,,,0
92290974,1.0,46,,,,,0
92290974,1.0,47,,,,,0
92290974,1.0,48,,,,,0
92290974,1.0,49,,,,,0
92290974,1.0,50,,,,,0
92290974,1.0,51,,,,,0
92290974,1.0,52,,,,,0
92290974,1.0,53,,,,,0
92290974,1.0,54,,,,,0
92290974,1.0,55,,,,,0
92290974,1.0,56,,,,,0
92290974,1.0,57,,,,,0
92290974,1.0,58,,,,,0
92290974,1.0,59,,,,,0
92290974,1.0,60,,,,,0
92253396,1.0,1,,,,,0
92253396,1.0,2,,,,,0
92253396,1.0,3,,,,,0
92253396,1.0,4,,,,,0
92253396,1.0,5,,,,,0
92253396,1.0,6,,,,,0
92253396,1.0,7,,,,,0
92253396,1.0,8,,,,,0
92253396,1.0,9,,,,,0
92253396,1.0,10,,,,,0
92253396,1.0,11,,,,,0
92253396,1.0,12,,,,,0
92253396,1.0,13,,,,,0
92253396,1.0,14,,,,,0
92253396,1.0,15,,,,,0
92253396,1.0,16,,,,,0
92253396,1.0,17,,,,,0
92253396,1.0,18,,,,,0
92253396,1.0,19,,,,,0
92253396,1.0,20,,,,,0
92253396,1.0,21,,,,,0
92253396,1.0,22,,,,,0
92253396,1.0,23,,,,,0
92253396,1.0,24,,,,,0
92253396,1.0,25,,,,,0
92253396,1.0,26,,,,,0
92253396,1.0,27,,,,,0
92253396,1.0,28,,,,,0
92253396,1.0,29,,,,,0
92253396,1.0,30,,,,,0
92253396,1.0,31,,,,,0
92253396,1.0,32,,,,,0
92253396,1.0,33,,,,,0
92253396,1.0,34,,,,,0
92253396,1.0,35,,,,,0
92253396,1.0,36,,,,,0
92253396,1.0,37,,,,,0
92253396,1.0,38,,,,,0
92253396,1.0,39,,,,,0
92253396,1.0,40,,,,,0
92253396,1.0,41,,,,,0
92253396,1.0,42,,,,,0
92253396,1.0,43,,,,,0
92253396,1.0,44,,,,,0
92253396,1.0,45,,,,,0
92253396,1.0,46,,,,,0
92253396,1.0,47,,,,,0
92253396,1.0,48,,,,,0
92253396,1.0,49,,,,,0
92253396,1.0,50,,,,,0
92253396,1.0,51,,,,,0
92253396,1.0,52,,,,,0
92253396,1.0,53,,,,,0
92253396,1.0,54,,,,,0
92253396,1.0,55,,,,,0
92253396,1.0,56,,,,,0
92253396,1.0,57,,,,,0
92253396,1.0,58,,,,,0
92253396,1.0,59,,,,,0
92253396,1.0,60,,,,,0
62429509,1.0,1,,,,,0
62429509,1.0,2,,,,,0
62429509,1.0,3,,,,,0
62429509,1.0,4,,,,,0
62429509,1.0,5,,,,,0
62429509,1.0,6,,,,,0
62429509,1.0,7,,,,,0
62429509,1.0,8,,,,,0
62429509,1.0,9,,,,,0
62429509,1.0,10,,,,,0
62429509,1.0,11,,,,,0
62429509,1.0,12,,,,,0
62429509,1.0,13,,,,,0
62429509,1.0,14,,,,,0
62429509,1.0,15,,,,,0
62429509,1.0,16,,,,,0
62429509,1.0,17,,,,,0
62429509,1.0,18,,,,,0
62429509,1.0,19,,,,,0
62429509,1.0,20,,,,,0
62429509,1.0,21,,,,,0
62429509,1.0,22,,,,,0
62429509,1.0,23,,,,,0
62429509,1.0,24,,,,,0
62429509,1.0,25,,,,,0
62429509,1.0,26,,,,,0
62429509,1.0,27,,,,,0
62429509,1.0,28,,,,,0
62429509,1.0,29,,,,,0
62429509,1.0,30,,,,,0
62429509,1.0,31,,,,,0
62429509,1.0,32,,,,,0
62429509,1.0,33,,,,,0
62429509,1.0,34,,,,,0
62429509,1.0,35,,,,,0
62429509,1.0,36,,,,,0
62429509,1.0,37,,,,,0
62429509,1.0,38,,,,,0
62429509,1.0,39,,,,,0
62429509,1.0,40,,,,,0
62429509,1.0,41,,,,,0
62429509,1.0,42,,,,,0
62429509,1.0,43,,,,,0
62429509,1.0,44,,,,,0
62429509,1.0,45,,,,,0
62429509,1.0,46,,,,,0
62429509,1.0,47,,,,,0
62429509,1.0,48,,,,,0
62429509,1.0,49,,,,,0
62429509,1.0,50,,,,,0
62429509,1.0,51,,,,,0
62429509,1.0,52,,,,,0
62429509,1.0,53,,,,,0
62429509,1.0,54,,,,,0
62429509,1.0,55,,,,,0
62429509,1.0,56,,,,,0
62429509,1.0,57,,,,,0
62429509,1.0,58,,,,,0
62429509,1.0,59,,,,,0
62429509,1.0,60,,,,,0
57762782,1.0,1,,,,,0
57762782,1.0,2,,,,,0
57762782,1.0,3,,,,,0
57762782,1.0,4,,,,,0
57762782,1.0,5,,,,,0
57762782,1.0,6,,,,,0
57762782,1.0,7,,,,,0
57762782,1.0,8,,,,,0
57762782,1.0,9,,,,,0
57762782,1.0,10,,,,,0
57762782,1.0,11,,,,,0
57762782,1.0,12,,,,,0
57762782,1.0,13,,,,,0
57762782,1.0,14,,,,,0
57762782,1.0,15,,,,,0
57762782,1.0,16,,,,,0
57762782,1.0,17,,,,,0
57762782,1.0,18,,,,,0
57762782,1.0,19,,,,,0
57762782,1.0,20,,,,,0
57762782,1.0,21,,,,,0
57762782,1.0,22,,,,,0
57762782,1.0,23,,,,,0
57762782,1.0,24,,,,,0
57762782,1.0,25,,,,,0
57762782,1.0,26,,,,,0
57762782,1.0,27,,,,,0
57762782,1.0,28,,,,,0
57762782,1.0,29,,,,,0
57762782,1.0,30,,,,,0
57762782,1.0,31,,,,,0
57762782,1.0,32,,,,,0
57762782,1.0,33,,,,,0
57762782,1.0,34,,,,,0
57762782,1.0,35,,,,,0
57762782,1.0,36,,,,,0
57762782,1.0,37,,,,,0
57762782,1.0,38,,,,,0
57762782,1.0,39,,,,,0
57762782,1.0,40,,,,,0
57762782,1.0,41,,,,,0
57762782,1.0,42,,,,,0
57762782,1.0,43,,,,,0
57762782,1.0,44,,,,,0
57762782,1.0,45,,,,,0
57762782,1.0,46,,,,,0
57762782,1.0,47,,,,,0
57762782,1.0,48,,,,,0
57762782,1.0,49,,,,,0
57762782,1.0,50,,,,,0
57762782,1.0,51,,,,,0
57762782,1.0,52,,,,,0
57762782,1.0,53,,,,,0
57762782,1.0,54,,,,,0
57762782,1.0,55,,,,,0
57762782,1.0,56,,,,,0
57762782,1.0,57,,,,,0
57762782,1.0,58,,,,,0
57762782,1.0,59,,,,,0
57762782,1.0,60,,,,,0
37711634,1.0,1,,,,,0
37711634,1.0,2,,,,,0
37711634,1.0,3,,,,,0
37711634,1.0,4,,,,,0
37711634,1.0,5,,,,,0
37711634,1.0,6,,,,,0
37711634,1.0,7,,,,,0
37711634,1.0,8,,,,,0
37711634,1.0,9,,,,,0
37711634,1.0,10,,,,,0
37711634,1.0,11,,,,,0
37711634,1.0,12,,,,,0
37711634,1.0,13,,,,,0
37711634,1.0,14,,,,,0
37711634,1.0,15,,,,,0
37711634,1.0,16,,,,,0
37711634,1.0,17,,,,,0
37711634,1.0,18,,,,,0
37711634,1.0,19,,,,,0
37711634,1.0,20,,,,,0
37711634,1.0,21,,,,,0
37711634,1.0,22,,,,,0
37711634,1.0,23,,,,,0
37711634,1.0,24,,,,,0
37711634,1.0,25,,,,,0
37711634,1.0,26,,,,,0
37711634,1.0,27,,,,,0
37711634,1.0,28,,,,,0
37711634,1.0,29,,,,,0
37711634,1.0,30,,,,,0
37711634,1.0,31,,,,,0
37711634,1.0,32,,,,,0
37711634,1.0,33,,,,,0
37711634,1.0,34,,,,,0
37711634,1.0,35,,,,,0
37711634,1.0,36,,,,,0
37711634,1.0,37,,,,,0
37711634,1.0,38,,,,,0
37711634,1.0,39,,,,,0
37711634,1.0,40,,,,,0
37711634,1.0,41,,,,,0
37711634,1.0,42,,,,,0
37711634,1.0,43,,,,,0
37711634,1.0,44,,,,,0
37711634,1.0,45,,,,,0
37711634,1.0,46,,,,,0
37711634,1.0,47,,,,,0
37711634,1.0,48,,,,,0
37711634,1.0,49,,,,,0
37711634,1.0,50,,,,,0
37711634,1.0,51,,,,,0
37711634,1.0,52,,,,,0
37711634,1.0,53,,,,,0
37711634,1.0,54,,,,,0
37711634,1.0,55,,,,,0
37711634,1.0,56,,,,,0
37711634,1.0,57,,,,,0
37711634,1.0,58,,,,,0
37711634,1.0,59,,,,,0
37711634,1.0,60,,,,,0
23292186,1.0,1,,,,,0
23292186,1.0,2,,,,,0
23292186,1.0,3,,,,,0
23292186,1.0,4,,,,,0
23292186,1.0,5,,,,,0
23292186,1.0,6,,,,,0
23292186,1.0,7,,,,,0
23292186,1.0,8,,,,,0
23292186,1.0,9,,,,,0
23292186,1.0,10,,,,,0
23292186,1.0,11,,,,,0
23292186,1.0,12,,,,,0
23292186,1.0,13,,,,,0
23292186,1.0,14,,,,,0
23292186,1.0,15,,,,,0
23292186,1.0,16,,,,,0
23292186,1.0,17,,,,,0
23292186,1.0,18,,,,,0
23292186,1.0,19,,,,,0
23292186,1.0,20,,,,,0
23292186,1.0,21,,,,,0
23292186,1.0,22,,,,,0
23292186,1.0,23,,,,,0
23292186,1.0,24,,,,,0
23292186,1.0,25,,,,,0
23292186,1.0,26,,,,,0
23292186,1.0,27,,,,,0
23292186,1.0,28,,,,,0
23292186,1.0,29,,,,,0
23292186,1.0,30,,,,,0
23292186,1.0,31,,,,,0
23292186,1.0,32,,,,,0
23292186,1.0,33,,,,,0
23292186,1.0,34,,,,,0
23292186,1.0,35,,,,,0
23292186,1.0,36,,,,,0
23292186,1.0,37,,,,,0
23292186,1.0,38,,,,,0
23292186,1.0,39,,,,,0
23292186,1.0,40,,,,,0
23292186,1.0,41,,,,,0
23292186,1.0,42,,,,,0
23292186,1.0,43,,,,,0
23292186,1.0,44,,,,,0
23292186,1.0,45,,,,,0
23292186,1.0,46,,,,,0
23292186,1.0,47,,,,,0
23292186,1.0,48,,,,,0
23292186,1.0,49,,,,,0
23292186,1.0,50,,,,,0
23292186,1.0,51,,,,,0
23292186,1.0,52,,,,,0
23292186,1.0,53,,,,,0
23292186,1.0,54,,,,,0
23292186,1.0,55,,,,,0
23292186,1.0,56,,,,,0
23292186,1.0,57,,,,,0
23292186,1.0,58,,,,,0
23292186,1.0,59,,,,,0
23292186,1.0,60,,,,,0
44138074,1.0,1,,,,,0
44138074,1.0,2,,,,,0
44138074,1.0,3,,,,,0
44138074,1.0,4,,,,,0
44138074,1.0,5,,,,,0
44138074,1.0,6,,,,,0
44138074,1.0,7,,,,,0
44138074,1.0,8,,,,,0
44138074,1.0,9,,,,,0
44138074,1.0,10,,,,,0
44138074,1.0,11,,,,,0
44138074,1.0,12,,,,,0
44138074,1.0,13,,,,,0
44138074,1.0,14,,,,,0
44138074,1.0,15,,,,,0
44138074,1.0,16,,,,,0
44138074,1.0,17,,,,,0
44138074,1.0,18,,,,,0
44138074,1.0,19,,,,,0
44138074,1.0,20,,,,,0
44138074,1.0,21,,,,,0
44138074,1.0,22,,,,,0
44138074,1.0,23,,,,,0
44138074,1.0,24,,,,,0
44138074,1.0,25,,,,,0
44138074,1.0,26,,,,,0
44138074,1.0,27,,,,,0
44138074,1.0,28,,,,,0
44138074,1.0,29,,,,,0
44138074,1.0,30,,,,,0
44138074,1.0,31,,,,,0
44138074,1.0,32,,,,,0
44138074,1.0,33,,,,,0
44138074,1.0,34,,,,,0
44138074,1.0,35,,,,,0
44138074,1.0,36,,,,,0
44138074,1.0,37,,,,,0
44138074,1.0,38,,,,,0
44138074,1.0,39,,,,,0
44138074,1.0,40,,,,,0
44138074,1.0,41,,,,,0
44138074,1.0,42,,,,,0
44138074,1.0,43,,,,,0
44138074,1.0,44,,,,,0
44138074,1.0,45,,,,,0
44138074,1.0,46,,,,,0
44138074,1.0,47,,,,,0
44138074,1.0,48,,,,,0
44138074,1.0,49,,,,,0
44138074,1.0,50,,,,,0
44138074,1.0,51,,,,,0
44138074,1.0,52,,,,,0
44138074,1.0,53,,,,,0
44138074,1.0,54,,,,,0
44138074,1.0,55,,,,,0
44138074,1.0,56,,,,,0
44138074,1.0,57,,,,,0
44138074,1.0,58,,,,,0
44138074,1.0,59,,,,,0
44138074,1.0,60,,,,,0
34806218,1.0,1,,,,,0
34806218,1.0,2,,,,,0
34806218,1.0,3,,,,,0
34806218,1.0,4,,,,,0
34806218,1.0,5,,,,,0
34806218,1.0,6,,,,,0
34806218,1.0,7,,,,,0
34806218,1.0,8,,,,,0
34806218,1.0,9,,,,,0
34806218,1.0,10,,,,,0
34806218,1.0,11,,,,,0
34806218,1.0,12,,,,,0
34806218,1.0,13,,,,,0
34806218,1.0,14,,,,,0
34806218,1.0,15,,,,,0
34806218,1.0,16,,,,,0
34806218,1.0,17,,,,,0
34806218,1.0,18,,,,,0
34806218,1.0,19,,,,,0
34806218,1.0,20,,,,,0
34806218,1.0,21,,,,,0
34806218,1.0,22,,,,,0
34806218,1.0,23,,,,,0
34806218,1.0,24,,,,,0
34806218,1.0,25,,,,,0
34806218,1.0,26,,,,,0
34806218,1.0,27,,,,,0
34806218,1.0,28,,,,,0
34806218,1.0,29,,,,,0
34806218,1.0,30,,,,,0
34806218,1.0,31,,,,,0
34806218,1.0,32,,,,,0
34806218,1.0,33,,,,,0
34806218,1.0,34,,,,,0
34806218,1.0,35,,,,,0
34806218,1.0,36,,,,,0
34806218,1.0,37,,,,,0
34806218,1.0,38,,,,,0
34806218,1.0,39,,,,,0
34806218,1.0,40,,,,,0
34806218,1.0,41,,,,,0
34806218,1.0,42,,,,,0
34806218,1.0,43,,,,,0
34806218,1.0,44,,,,,0
34806218,1.0,45,,,,,0
34806218,1.0,46,,,,,0
34806218,1.0,47,,,,,0
34806218,1.0,48,,,,,0
34806218,1.0,49,,,,,0
34806218,1.0,50,,,,,0
34806218,1.0,51,,,,,0
34806218,1.0,52,,,,,0
34806218,1.0,53,,,,,0
34806218,1.0,54,,,,,0
34806218,1.0,55,,,,,0
34806218,1.0,56,,,,,0
34806218,1.0,57,,,,,0
34806218,1.0,58,,,,,0
34806218,1.0,59,,,,,0
34806218,1.0,60,,,,,0
37772474,1.0,1,,,,,0
37772474,1.0,2,,,,,0
37772474,1.0,3,,,,,0
37772474,1.0,4,,,,,0
37772474,1.0,5,,,,,0
37772474,1.0,6,,,,,0
37772474,1.0,7,,,,,0
37772474,1.0,8,,,,,0
37772474,1.0,9,,,,,0
37772474,1.0,10,,,,,0
37772474,1.0,11,,,,,0
37772474,1.0,12,,,,,0
37772474,1.0,13,,,,,0
37772474,1.0,14,,,,,0
37772474,1.0,15,,,,,0
37772474,1.0,16,,,,,0
37772474,1.0,17,,,,,0
37772474,1.0,18,,,,,0
37772474,1.0,19,,,,,0
37772474,1.0,20,,,,,0
37772474,1.0,21,,,,,0
37772474,1.0,22,,,,,0
37772474,1.0,23,,,,,0
37772474,1.0,24,,,,,0
37772474,1.0,25,,,,,0
37772474,1.0,26,,,,,0
37772474,1.0,27,,,,,0
37772474,1.0,28,,,,,0
37772474,1.0,29,,,,,0
37772474,1.0,30,,,,,0
37772474,1.0,31,,,,,0
37772474,1.0,32,,,,,0
37772474,1.0,33,,,,,0
37772474,1.0,34,,,,,0
37772474,1.0,35,,,,,0
37772474,1.0,36,,,,,0
37772474,1.0,37,,,,,0
37772474,1.0,38,,,,,0
37772474,1.0,39,,,,,0
37772474,1.0,40,,,,,0
37772474,1.0,41,,,,,0
37772474,1.0,42,,,,,0
37772474,1.0,43,,,,,0
37772474,1.0,44,,,,,0
37772474,1.0,45,,,,,0
37772474,1.0,46,,,,,0
37772474,1.0,47,,,,,0
37772474,1.0,48,,,,,0
37772474,1.0,49,,,,,0
37772474,1.0,50,,,,,0
37772474,1.0,51,,,,,0
37772474,1.0,52,,,,,0
37772474,1.0,53,,,,,0
37772474,1.0,54,,,,,0
37772474,1.0,55,,,,,0
37772474,1.0,56,,,,,0
37772474,1.0,57,,,,,0
37772474,1.0,58,,,,,0
37772474,1.0,59,,,,,0
37772474,1.0,60,,,,,0
22709943,1.0,1,,,,,0
22709943,1.0,2,,,,,0
22709943,1.0,3,,,,,0
22709943,1.0,4,,,,,0
22709943,1.0,5,,,,,0
22709943,1.0,6,,,,,0
22709943,1.0,7,,,,,0
22709943,1.0,8,,,,,0
22709943,1.0,9,,,,,0
22709943,1.0,10,,,,,0
22709943,1.0,11,,,,,0
22709943,1.0,12,,,,,0
22709943,1.0,13,,,,,0
22709943,1.0,14,,,,,0
22709943,1.0,15,,,,,0
22709943,1.0,16,,,,,0
22709943,1.0,17,,,,,0
22709943,1.0,18,,,,,0
22709943,1.0,19,,,,,0
22709943,1.0,20,,,,,0
22709943,1.0,21,,,,,0
22709943,1.0,22,,,,,0
22709943,1.0,23,,,,,0
22709943,1.0,24,,,,,0
22709943,1.0,25,,,,,0
22709943,1.0,26,,,,,0
22709943,1.0,27,,,,,0
22709943,1.0,28,,,,,0
22709943,1.0,29,,,,,0
22709943,1.0,30,,,,,0
22709943,1.0,31,,,,,0
22709943,1.0,32,,,,,0
22709943,1.0,33,,,,,0
22709943,1.0,34,,,,,0
22709943,1.0,35,,,,,0
22709943,1.0,36,,,,,0
22709943,1.0,37,,,,,0
22709943,1.0,38,,,,,0
22709943,1.0,39,,,,,0
22709943,1.0,40,,,,,0
22709943,1.0,41,,,,,0
22709943,1.0,42,,,,,0
22709943,1.0,43,,,,,0
22709943,1.0,44,,,,,0
22709943,1.0,45,,,,,0
22709943,1.0,46,,,,,0
22709943,1.0,47,,,,,0
22709943,1.0,48,,,,,0
22709943,1.0,49,,,,,0
22709943,1.0,50,,,,,0
22709943,1.0,51,,,,,0
22709943,1.0,52,,,,,0
22709943,1.0,53,,,,,0
22709943,1.0,54,,,,,0
22709943,1.0,55,,,,,0
22709943,1.0,56,,,,,0
22709943,1.0,57,,,,,0
22709943,1.0,58,,,,,0
22709943,1.0,59,,,,,0
22709943,1.0,60,,,,,0
31387287,1.0,1,,,,,0
31387287,1.0,2,,,,,0
31387287,1.0,3,,,,,0
31387287,1.0,4,,,,,0
31387287,1.0,5,,,,,0
31387287,1.0,6,,,,,0
31387287,1.0,7,,,,,0
31387287,1.0,8,,,,,0
31387287,1.0,9,,,,,0
31387287,1.0,10,,,,,0
31387287,1.0,11,,,,,0
31387287,1.0,12,,,,,0
31387287,1.0,13,,,,,0
31387287,1.0,14,,,,,0
31387287,1.0,15,,,,,0
31387287,1.0,16,,,,,0
31387287,1.0,17,,,,,0
31387287,1.0,18,,,,,0
31387287,1.0,19,,,,,0
31387287,1.0,20,,,,,0
31387287,1.0,21,,,,,0
31387287,1.0,22,,,,,0
31387287,1.0,23,,,,,0
31387287,1.0,24,,,,,0
31387287,1.0,25,,,,,0
31387287,1.0,26,,,,,0
31387287,1.0,27,,,,,0
31387287,1.0,28,,,,,0
31387287,1.0,29,,,,,0
31387287,1.0,30,,,,,0
31387287,1.0,31,,,,,0
31387287,1.0,32,,,,,0
31387287,1.0,33,,,,,0
31387287,1.0,34,,,,,0
31387287,1.0,35,,,,,0
31387287,1.0,36,,,,,0
31387287,1.0,37,,,,,0
31387287,1.0,38,,,,,0
31387287,1.0,39,,,,,0
31387287,1.0,40,,,,,0
31387287,1.0,41,,,,,0
31387287,1.0,42,,,,,0
31387287,1.0,43,,,,,0
31387287,1.0,44,,,,,0
31387287,1.0,45,,,,,0
31387287,1.0,46,,,,,0
31387287,1.0,47,,,,,0
31387287,1.0,48,,,,,0
31387287,1.0,49,,,,,0
31387287,1.0,50,,,,,0
31387287,1.0,51,,,,,0
31387287,1.0,52,,,,,0
31387287,1.0,53,,,,,0
31387287,1.0,54,,,,,0
31387287,1.0,55,,,,,0
31387287,1.0,56,,,,,0
31387287,1.0,57,,,,,0
31387287,1.0,58,,,,,0
31387287,1.0,59,,,,,0
31387287,1.0,60,,,,,0
91763247,1.0,1,,,,,0
91763247,1.0,2,,,,,0
91763247,1.0,3,,,,,0
91763247,1.0,4,,,,,0
91763247,1.0,5,,,,,0
91763247,1.0,6,,,,,0
91763247,1.0,7,,,,,0
91763247,1.0,8,,,,,0
91763247,1.0,9,,,,,0
91763247,1.0,10,,,,,0
91763247,1.0,11,,,,,0
91763247,1.0,12,,,,,0
91763247,1.0,13,,,,,0
91763247,1.0,14,,,,,0
91763247,1.0,15,,,,,0
91763247,1.0,16,,,,,0
91763247,1.0,17,,,,,0
91763247,1.0,18,,,,,0
91763247,1.0,19,,,,,0
91763247,1.0,20,,,,,0
91763247,1.0,21,,,,,0
91763247,1.0,22,,,,,0
91763247,1.0,23,,,,,0
91763247,1.0,24,,,,,0
91763247,1.0,25,,,,,0
91763247,1.0,26,,,,,0
91763247,1.0,27,,,,,0
91763247,1.0,28,,,,,0
91763247,1.0,29,,,,,0
91763247,1.0,30,,,,,0
91763247,1.0,31,,,,,0
91763247,1.0,32,,,,,0
91763247,1.0,33,,,,,0
91763247,1.0,34,,,,,0
91763247,1.0,35,,,,,0
91763247,1.0,36,,,,,0
91763247,1.0,37,,,,,0
91763247,1.0,38,,,,,0
91763247,1.0,39,,,,,0
91763247,1.0,40,,,,,0
91763247,1.0,41,,,,,0
91763247,1.0,42,,,,,0
91763247,1.0,43,,,,,0
91763247,1.0,44,,,,,0
91763247,1.0,45,,,,,0
91763247,1.0,46,,,,,0
91763247,1.0,47,,,,,0
91763247,1.0,48,,,,,0
91763247,1.0,49,,,,,0
91763247,1.0,50,,,,,0
91763247,1.0,51,,,,,0
91763247,1.0,52,,,,,0
91763247,1.0,53,,,,,0
91763247,1.0,54,,,,,0
91763247,1.0,55,,,,,0
91763247,1.0,56,,,,,0
91763247,1.0,57,,,,,0
91763247,1.0,58,,,,,0
91763247,1.0,59,,,,,0
91763247,1.0,60,,,,,0
25867807,1.0,1,,,,,0
25867807,1.0,2,,,,,0
25867807,1.0,3,,,,,0
25867807,1.0,4,,,,,0
25867807,1.0,5,,,,,0
25867807,1.0,6,,,,,0
25867807,1.0,7,,,,,0
25867807,1.0,8,,,,,0
25867807,1.0,9,,,,,0
25867807,1.0,10,,,,,0
25867807,1.0,11,,,,,0
25867807,1.0,12,,,,,0
25867807,1.0,13,,,,,0
25867807,1.0,14,,,,,0
25867807,1.0,15,,,,,0
25867807,1.0,16,,,,,0
25867807,1.0,17,,,,,0
25867807,1.0,18,,,,,0
25867807,1.0,19,,,,,0
25867807,1.0,20,,,,,0
25867807,1.0,21,,,,,0
25867807,1.0,22,,,,,0
25867807,1.0,23,,,,,0
25867807,1.0,24,,,,,0
25867807,1.0,25,,,,,0
25867807,1.0,26,,,,,0
25867807,1.0,27,,,,,0
25867807,1.0,28,,,,,0
25867807,1.0,29,,,,,0
25867807,1.0,30,,,,,0
25867807,1.0,31,,,,,0
25867807,1.0,32,,,,,0
25867807,1.0,33,,,,,0
25867807,1.0,34,,,,,0
25867807,1.0,35,,,,,0
25867807,1.0,36,,,,,0
25867807,1.0,37,,,,,0
25867807,1.0,38,,,,,0
25867807,1.0,39,,,,,0
25867807,1.0,40,,,,,0
25867807,1.0,41,,,,,0
25867807,1.0,42,,,,,0
25867807,1.0,43,,,,,0
25867807,1.0,44,,,,,0
25867807,1.0,45,,,,,0
25867807,1.0,46,,,,,0
25867807,1.0,47,,,,,0
25867807,1.0,48,,,,,0
25867807,1.0,49,,,,,0
25867807,1.0,50,,,,,0
25867807,1.0,51,,,,,0
25867807,1.0,52,,,,,0
25867807,1.0,53,,,,,0
25867807,1.0,54,,,,,0
25867807,1.0,55,,,,,0
25867807,1.0,56,,,,,0
25867807,1.0,57,,,,,0
25867807,1.0,58,,,,,0
25867807,1.0,59,,,,,0
25867807,1.0,60,,,,,0
36337028,1.0,1,,,,,0
36337028,1.0,2,,,,,0
36337028,1.0,3,,,,,0
36337028,1.0,4,,,,,0
36337028,1.0,5,,,,,0
36337028,1.0,6,,,,,0
36337028,1.0,7,,,,,0
36337028,1.0,8,,,,,0
36337028,1.0,9,,,,,0
36337028,1.0,10,,,,,0
36337028,1.0,11,,,,,0
36337028,1.0,12,,,,,0
36337028,1.0,13,,,,,0
36337028,1.0,14,,,,,0
36337028,1.0,15,,,,,0
36337028,1.0,16,,,,,0
36337028,1.0,17,,,,,0
36337028,1.0,18,,,,,0
36337028,1.0,19,,,,,0
36337028,1.0,20,,,,,0
36337028,1.0,21,,,,,0
36337028,1.0,22,,,,,0
36337028,1.0,23,,,,,0
36337028,1.0,24,,,,,0
36337028,1.0,25,,,,,0
36337028,1.0,26,,,,,0
36337028,1.0,27,,,,,0
36337028,1.0,28,,,,,0
36337028,1.0,29,,,,,0
36337028,1.0,30,,,,,0
36337028,1.0,31,,,,,0
36337028,1.0,32,,,,,0
36337028,1.0,33,,,,,0
36337028,1.0,34,,,,,0
36337028,1.0,35,,,,,0
36337028,1.0,36,,,,,0
36337028,1.0,37,,,,,0
36337028,1.0,38,,,,,0
36337028,1.0,39,,,,,0
36337028,1.0,40,,,,,0
36337028,1.0,41,,,,,0
36337028,1.0,42,,,,,0
36337028,1.0,43,,,,,0
36337028,1.0,44,,,,,0
36337028,1.0,45,,,,,0
36337028,1.0,46,,,,,0
36337028,1.0,47,,,,,0
36337028,1.0,48,,,,,0
36337028,1.0,49,,,,,0
36337028,1.0,50,,,,,0
36337028,1.0,51,,,,,0
36337028,1.0,52,,,,,0
36337028,1.0,53,,,,,0
36337028,1.0,54,,,,,0
36337028,1.0,55,,,,,0
36337028,1.0,56,,,,,0
36337028,1.0,57,,,,,0
36337028,1.0,58,,,,,0
36337028,1.0,59,,,,,0
36337028,1.0,60,,,,,0
12374236,1.0,1,,,,,0
12374236,1.0,2,,,,,0
12374236,1.0,3,,,,,0
12374236,1.0,4,,,,,0
12374236,1.0,5,,,,,0
12374236,1.0,6,,,,,0
12374236,1.0,7,,,,,0
12374236,1.0,8,,,,,0
12374236,1.0,9,,,,,0
12374236,1.0,10,,,,,0
12374236,1.0,11,,,,,0
12374236,1.0,12,,,,,0
12374236,1.0,13,,,,,0
12374236,1.0,14,,,,,0
12374236,1.0,15,,,,,0
12374236,1.0,16,,,,,0
12374236,1.0,17,,,,,0
12374236,1.0,18,,,,,0
12374236,1.0,19,,,,,0
12374236,1.0,20,,,,,0
12374236,1.0,21,,,,,0
12374236,1.0,22,,,,,0
12374236,1.0,23,,,,,0
12374236,1.0,24,,,,,0
12374236,1.0,25,,,,,0
12374236,1.0,26,,,,,0
12374236,1.0,27,,,,,0
12374236,1.0,28,,,,,0
12374236,1.0,29,,,,,0
12374236,1.0,30,,,,,0
12374236,1.0,31,,,,,0
12374236,1.0,32,,,,,0
12374236,1.0,33,,,,,0
12374236,1.0,34,,,,,0
12374236,1.0,35,,,,,0
12374236,1.0,36,,,,,0
12374236,1.0,37,,,,,0
12374236,1.0,38,,,,,0
12374236,1.0,39,,,,,0
12374236,1.0,40,,,,,0
12374236,1.0,41,,,,,0
12374236,1.0,42,,,,,0
12374236,1.0,43,,,,,0
12374236,1.0,44,,,,,0
12374236,1.0,45,,,,,0
12374236,1.0,46,,,,,0
12374236,1.0,47,,,,,0
12374236,1.0,48,,,,,0
12374236,1.0,49,,,,,0
12374236,1.0,50,,,,,0
12374236,1.0,51,,,,,0
12374236,1.0,52,,,,,0
12374236,1.0,53,,,,,0
12374236,1.0,54,,,,,0
12374236,1.0,55,,,,,0
12374236,1.0,56,,,,,0
12374236,1.0,57,,,,,0
12374236,1.0,58,,,,,0
12374236,1.0,59,,,,,0
12374236,1.0,60,,,,,0
99789289,1.0,1,,,,,0
99789289,1.0,2,,,,,0
99789289,1.0,3,,,,,0
99789289,1.0,4,,,,,0
99789289,1.0,5,,,,,0
99789289,1.0,6,,,,,0
99789289,1.0,7,,,,,0
99789289,1.0,8,,,,,0
99789289,1.0,9,,,,,0
99789289,1.0,10,,,,,0
99789289,1.0,11,,,,,0
99789289,1.0,12,,,,,0
99789289,1.0,13,,,,,0
99789289,1.0,14,,,,,0
99789289,1.0,15,,,,,0
99789289,1.0,16,,,,,0
99789289,1.0,17,,,,,0
99789289,1.0,18,,,,,0
99789289,1.0,19,,,,,0
99789289,1.0,20,,,,,0
99789289,1.0,21,,,,,0
99789289,1.0,22,,,,,0
99789289,1.0,23,,,,,0
99789289,1.0,24,,,,,0
99789289,1.0,25,,,,,0
99789289,1.0,26,,,,,0
99789289,1.0,27,,,,,0
99789289,1.0,28,,,,,0
99789289,1.0,29,,,,,0
99789289,1.0,30,,,,,0
99789289,1.0,31,,,,,0
99789289,1.0,32,,,,,0
99789289,1.0,33,,,,,0
99789289,1.0,34,,,,,0
99789289,1.0,35,,,,,0
99789289,1.0,36,,,,,0
99789289,1.0,37,,,,,0
99789289,1.0,38,,,,,0
99789289,1.0,39,,,,,0
99789289,1.0,40,,,,,0
99789289,1.0,41,,,,,0
99789289,1.0,42,,,,,0
99789289,1.0,43,,,,,0
99789289,1.0,44,,,,,0
99789289,1.0,45,,,,,0
99789289,1.0,46,,,,,0
99789289,1.0,47,,,,,0
99789289,1.0,48,,,,,0
99789289,1.0,49,,,,,0
99789289,1.0,50,,,,,0
99789289,1.0,51,,,,,0
99789289,1.0,52,,,,,0
99789289,1.0,53,,,,,0
99789289,1.0,54,,,,,0
99789289,1.0,55,,,,,0
99789289,1.0,56,,,,,0
99789289,1.0,57,,,,,0
99789289,1.0,58,,,,,0
99789289,1.0,59,,,,,0
99789289,1.0,60,,,,,0
22143269,1.0,1,24098320,onsite,0.125,0.0,1
22143269,1.0,2,24098320,onsite,0.125,0.0,1
22143269,1.0,3,24098320,onsite,0.125,0.0,1
22143269,1.0,4,41716518,onsite,0.125,0.0,1
22143269,1.0,5,,,,,0
22143269,1.0,6,37086983,onsite,0.125,0.0,1
22143269,1.0,7,41830248,onsite,0.125,0.0,1
22143269,1.0,8,15400518,onsite,0.125,0.0,1
22143269,1.0,9,92775358,onsite,0.125,0.0,1
22143269,1.0,10,79215234,onsite,0.125,0.0,1
22143269,1.0,11,92352574,onsite,0.7501875468867217,0.0,1
22143269,1.0,12,75208548,onsite,0.7501875468867217,0.0,1
22143269,1.0,13,31301509,onsite,0.7501875468867217,0.0,1
22143269,1.0,14,51033345,onsite,0.7501875468867217,0.0,1
22143269,1.0,15,36095364,onsite,0.7501875468867217,0.0,1
22143269,1.0,16,86996734,onsite,0.7501875468867217,0.0,1
22143269,1.0,17,87106153,onsite,2.0,0.0,1
22143269,1.0,18,77519781,onsite,2.0,0.0,1
22143269,1.0,19,51082650,onsite,2.0,0.0,1
22143269,1.0,20,67975870,onsite,2.0,0.0,1
22143269,1.0,21,25881538,onsite,2.0,0.0,1
22143269,1.0,22,93775756,onsite,2.0,0.0,1
22143269,1.0,23,48169659,onsite,2.0,0.0,1
22143269,1.0,24,28229164,onsite,2.0,0.0,1
22143269,1.0,25,94797444,onsite,2.0,0.0,1
22143269,1.0,26,99656328,onsite,2.0,0.0,1
22143269,1.0,27,72237706,onsite,2.5,0.0,1
22143269,1.0,28,80640362,onsite,2.5,0.0,1
22143269,1.0,29,,,,,0
22143269,1.0,30,41832880,onsite,2.5,0.0,1
22143269,1.0,31,,,,,0
22143269,1.0,32,,,,,0
22143269,1.0,33,,,,,0
22143269,1.0,34,,,,,0
22143269,1.0,35,,,,,0
22143269,1.0,36,,,,,0
22143269,1.0,37,,,,,0
22143269,1.0,38,,,,,0
22143269,1.0,39,,,,,0
22143269,1.0,40,,,,,0
22143269,1.0,41,,,,,0
22143269,1.0,42,,,,,0
22143269,1.0,43,,,,,0
22143269,1.0,44,,,,,0
22143269,1.0,45,,,,,0
22143269,1.0,46,,,,,0
22143269,1.0,47,,,,,0
22143269,1.0,48,,,,,0
22143269,1.0,49,,,,,0
22143269,1.0,50,,,,,0
22143269,1.0,51,,,,,0
22143269,1.0,52,,,,,0
22143269,1.0,53,,,,,0
22143269,1.0,54,,,,,0
22143269,1.0,55,,,,,0
22143269,1.0,56,,,,,0
22143269,1.0,57,,,,,0
22143269,1.0,58,,,,,0
22143269,1.0,59,,,,,0
22143269,1.0,60,,,,,0
90086018,1.0,1,,,,,0
90086018,1.0,2,,,,,0
90086018,1.0,3,,,,,0
90086018,1.0,4,,,,,0
90086018,1.0,5,,,,,0
90086018,1.0,6,,,,,0
90086018,1.0,7,,,,,0
90086018,1.0,8,,,,,0
90086018,1.0,9,,,,,0
90086018,1.0,10,,,,,0
90086018,1.0,11,,,,,0
90086018,1.0,12,,,,,0
90086018,1.0,13,,,,,0
90086018,1.0,14,,,,,0
90086018,1.0,15,,,,,0
90086018,1.0,16,,,,,0
90086018,1.0,17,,,,,0
90086018,1.0,18,,,,,0
90086018,1.0,19,,,,,0
90086018,1.0,20,,,,,0
90086018,1.0,21,,,,,0
90086018,1.0,22,,,,,0
90086018,1.0,23,,,,,0
90086018,1.0,24,,,,,0
90086018,1.0,25,,,,,0
90086018,1.0,26,,,,,0
90086018,1.0,27,,,,,0
90086018,1.0,28,,,,,0
90086018,1.0,29,,,,,0
90086018,1.0,30,,,,,0
90086018,1.0,31,,,,,0
90086018,1.0,32,,,,,0
90086018,1.0,33,,,,,0
90086018,1.0,34,,,,,0
90086018,1.0,35,,,,,0
90086018,1.0,36,,,,,0
90086018,1.0,37,,,,,0
90086018,1.0,38,,,,,0
90086018,1.0,39,,,,,0
90086018,1.0,40,,,,,0
90086018,1.0,41,,,,,0
90086018,1.0,42,,,,,0
90086018,1.0,43,,,,,0
90086018,1.0,44,,,,,0
90086018,1.0,45,,,,,0
90086018,1.0,46,,,,,0
90086018,1.0,47,,,,,0
90086018,1.0,48,,,,,0
90086018,1.0,49,,,,,0
90086018,1.0,50,,,,,0
90086018,1.0,51,,,,,0
90086018,1.0,52,,,,,0
90086018,1.0,53,,,,,0
90086018,1.0,54,,,,,0
90086018,1.0,55,,,,,0
90086018,1.0,56,,,,,0
90086018,1.0,57,,,,,0
90086018,1.0,58,,,,,0
90086018,1.0,59,,,,,0
90086018,1.0,60,,,,,0
31023584,1.0,1,,,,,0
31023584,1.0,2,,,,,0
31023584,1.0,3,,,,,0
31023584,1.0,4,,,,,0
31023584,1.0,5,,,,,0
31023584,1.0,6,,,,,0
31023584,1.0,7,,,,,0
31023584,1.0,8,,,,,0
31023584,1.0,9,,,,,0
31023584,1.0,10,,,,,0
31023584,1.0,11,,,,,0
31023584,1.0,12,,,,,0
31023584,1.0,13,,,,,0
31023584,1.0,14,,,,,0
31023584,1.0,15,,,,,0
31023584,1.0,16,,,,,0
31023584,1.0,17,,,,,0
31023584,1.0,18,,,,,0
31023584,1.0,19,,,,,0
31023584,1.0,20,,,,,0
31023584,1.0,21,,,,,0
31023584,1.0,22,,,,,0
31023584,1.0,23,,,,,0
31023584,1.0,24,,,,,0
31023584,1.0,25,,,,,0
31023584,1.0,26,,,,,0
31023584,1.0,27,,,,,0
31023584,1.0,28,,,,,0
31023584,1.0,29,,,,,0
31023584,1.0,30,,,,,0
31023584,1.0,31,,,,,0
31023584,1.0,32,,,,,0
31023584,1.0,33,,,,,0
31023584,1.0,34,,,,,0
31023584,1.0,35,,,,,0
31023584,1.0,36,,,,,0
31023584,1.0,37,,,,,0
31023584,1.0,38,,,,,0
31023584,1.0,39,,,,,0
31023584,1.0,40,,,,,0
31023584,1.0,41,,,,,0
31023584,1.0,42,,,,,0
31023584,1.0,43,,,,,0
31023584,1.0,44,,,,,0
31023584,1.0,45,,,,,0
31023584,1.0,46,,,,,0
31023584,1.0,47,,,,,0
31023584,1.0,48,,,,,0
31023584,1.0,49,,,,,0
31023584,1.0,50,,,,,0
31023584,1.0,51,,,,,0
31023584,1.0,52,,,,,0
31023584,1.0,53,,,,,0
31023584,1.0,54,,,,,0
31023584,1.0,55,,,,,0
31023584,1.0,56,,,,,0
31023584,1.0,57,,,,,0
31023584,1.0,58,,,,,0
31023584,1.0,59,,,,,0
31023584,1.0,60,,,,,0
68880297,1.0,1,,,,,0
68880297,1.0,2,,,,,0
68880297,1.0,3,,,,,0
68880297,1.0,4,,,,,0
68880297,1.0,5,,,,,0
68880297,1.0,6,,,,,0
68880297,1.0,7,,,,,0
68880297,1.0,8,,,,,0
68880297,1.0,9,,,,,0
68880297,1.0,10,,,,,0
68880297,1.0,11,,,,,0
68880297,1.0,12,,,,,0
68880297,1.0,13,,,,,0
68880297,1.0,14,,,,,0
68880297,1.0,15,,,,,0
68880297,1.0,16,,,,,0
68880297,1.0,17,,,,,0
68880297,1.0,18,,,,,0
68880297,1.0,19,,,,,0
68880297,1.0,20,,,,,0
68880297,1.0,21,,,,,0
68880297,1.0,22,,,,,0
68880297,1.0,23,,,,,0
68880297,1.0,24,,,,,0
68880297,1.0,25,,,,,0
68880297,1.0,26,,,,,0
68880297,1.0,27,,,,,0
68880297,1.0,28,,,,,0
68880297,1.0,29,,,,,0
68880297,1.0,30,,,,,0
68880297,1.0,31,,,,,0
68880297,1.0,32,,,,,0
68880297,1.0,33,,,,,0
68880297,1.0,34,,,,,0
68880297,1.0,35,,,,,0
68880297,1.0,36,,,,,0
68880297,1.0,37,,,,,0
68880297,1.0,38,,,,,0
68880297,1.0,39,,,,,0
68880297,1.0,40,,,,,0
68880297,1.0,41,,,,,0
68880297,1.0,42,,,,,0
68880297,1.0,43,,,,,0
68880297,1.0,44,,,,,0
68880297,1.0,45,,,,,0
68880297,1.0,46,,,,,0
68880297,1.0,47,,,,,0
68880297,1.0,48,,,,,0
68880297,1.0,49,,,,,0
68880297,1.0,50,,,,,0
68880297,1.0,51,,,,,0
68880297,1.0,52,,,,,0
68880297,1.0,53,,,,,0
68880297,1.0,54,,,,,0
68880297,1.0,55,,,,,0
68880297,1.0,56,,,,,0
68880297,1.0,57,,,,,0
68880297,1.0,58,,,,,0
68880297,1.0,59,,,,,0
68880297,1.0,60,,,,,0
51795851,1.0,1,,,,,0
51795851,1.0,2,,,,,0
51795851,1.0,3,,,,,0
51795851,1.0,4,,,,,0
51795851,1.0,5,,,,,0
51795851,1.0,6,,,,,0
51795851,1.0,7,,,,,0
51795851,1.0,8,,,,,0
51795851,1.0,9,,,,,0
51795851,1.0,10,,,,,0
51795851,1.0,11,,,,,0
51795851,1.0,12,,,,,0
51795851,1.0,13,,,,,0
51795851,1.0,14,,,,,0
51795851,1.0,15,,,,,0
51795851,1.0,16,,,,,0
51795851,1.0,17,,,,,0
51795851,1.0,18,,,,,0
51795851,1.0,19,,,,,0
51795851,1.0,20,,,,,0
51795851,1.0,21,,,,,0
51795851,1.0,22,,,,,0
51795851,1.0,23,,,,,0
51795851,1.0,24,,,,,0
51795851,1.0,25,,,,,0
51795851,1.0,26,,,,,0
51795851,1.0,27,,,,,0
51795851,1.0,28,,,,,0
51795851,1.0,29,,,,,0
51795851,1.0,30,,,,,0
51795851,1.0,31,,,,,0
51795851,1.0,32,,,,,0
51795851,1.0,33,,,,,0
51795851,1.0,34,,,,,0
51795851,1.0,35,,,,,0
51795851,1.0,36,,,,,0
51795851,1.0,37,,,,,0
51795851,1.0,38,,,,,0
51795851,1.0,39,,,,,0
51795851,1.0,40,,,,,0
51795851,1.0,41,,,,,0
51795851,1.0,42,,,,,0
51795851,1.0,43,,,,,0
51795851,1.0,44,,,,,0
51795851,1.0,45,,,,,0
51795851,1.0,46,,,,,0
51795851,1.0,47,,,,,0
51795851,1.0,48,,,,,0
51795851,1.0,49,,,,,0
51795851,1.0,50,,,,,0
51795851,1.0,51,,,,,0
51795851,1.0,52,,,,,0
51795851,1.0,53,,,,,0
51795851,1.0,54,,,,,0
51795851,1.0,55,,,,,0
51795851,1.0,56,,,,,0
51795851,1.0,57,,,,,0
51795851,1.0,58,,,,,0
51795851,1.0,59,,,,,0
51795851,1.0,60,,,,,0
26083094,1.0,1,,,,,0
26083094,1.0,2,,,,,0
26083094,1.0,3,,,,,0
26083094,1.0,4,,,,,0
26083094,1.0,5,,,,,0
26083094,1.0,6,,,,,0
26083094,1.0,7,,,,,0
26083094,1.0,8,,,,,0
26083094,1.0,9,,,,,0
26083094,1.0,10,,,,,0
26083094,1.0,11,,,,,0
26083094,1.0,12,,,,,0
26083094,1.0,13,,,,,0
26083094,1.0,14,,,,,0
26083094,1.0,15,,,,,0
26083094,1.0,16,,,,,0
26083094,1.0,17,,,,,0
26083094,1.0,18,,,,,0
26083094,1.0,19,,,,,0
26083094,1.0,20,,,,,0
26083094,1.0,21,,,,,0
26083094,1.0,22,,,,,0
26083094,1.0,23,,,,,0
26083094,1.0,24,,,,,0
26083094,1.0,25,,,,,0
26083094,1.0,26,,,,,0
26083094,1.0,27,,,,,0
26083094,1.0,28,,,,,0
26083094,1.0,29,,,,,0
26083094,1.0,30,,,,,0
26083094,1.0,31,,,,,0
26083094,1.0,32,,,,,0
26083094,1.0,33,,,,,0
26083094,1.0,34,,,,,0
26083094,1.0,35,,,,,0
26083094,1.0,36,,,,,0
26083094,1.0,37,,,,,0
26083094,1.0,38,,,,,0
26083094,1.0,39,,,,,0
26083094,1.0,40,,,,,0
26083094,1.0,41,,,,,0
26083094,1.0,42,,,,,0
26083094,1.0,43,,,,,0
26083094,1.0,44,,,,,0
26083094,1.0,45,,,,,0
26083094,1.0,46,,,,,0
26083094,1.0,47,,,,,0
26083094,1.0,48,,,,,0
26083094,1.0,49,,,,,0
26083094,1.0,50,,,,,0
26083094,1.0,51,,,,,0
26083094,1.0,52,,,,,0
26083094,1.0,53,,,,,0
26083094,1.0,54,,,,,0
26083094,1.0,55,,,,,0
26083094,1.0,56,,,,,0
26083094,1.0,57,,,,,0
26083094,1.0,58,,,,,0
26083094,1.0,59,,,,,0
26083094,1.0,60,,,,,0
19528221,1.0,1,,,,,0
19528221,1.0,2,,,,,0
19528221,1.0,3,,,,,0
19528221,1.0,4,,,,,0
19528221,1.0,5,,,,,0
19528221,1.0,6,21428246,online,2.0,0.0,1
19528221,1.0,7,46524537,onsite,0.04999999999999999,0.07500000000000001,1
19528221,1.0,8,46524537,onsite,0.04999999999999999,0.07500000000000001,1
19528221,1.0,9,21868312,onsite,0.075,0.05,1
19528221,1.0,10,46524537,onsite,0.04999999999999999,0.07500000000000001,1
19528221,1.0,11,46524537,onsite,0.04999999999999999,0.07500000000000001,1
19528221,1.0,12,21868312,onsite,0.075,0.05,1
19528221,1.0,13,46524537,onsite,0.04999999999999999,0.07500000000000001,1
19528221,1.0,14,46524537,onsite,0.04999999999999999,0.07500000000000001,1
19528221,1.0,15,46524537,onsite,0.04999999999999999,0.07500000000000001,1
19528221,1.0,16,21868312,onsite,0.075,0.05,1
19528221,1.0,17,46524537,onsite,0.04999999999999999,0.07500000000000001,1
19528221,1.0,18,52777855,onsite,0.125,0.0,1
19528221,1.0,19,52777855,onsite,0.125,0.0,1
19528221,1.0,20,,,,,0
19528221,1.0,21,,,,,0
19528221,1.0,22,,,,,0
19528221,1.0,23,27929077,onsite,0.7999999999999998,1.2000000000000002,1
19528221,1.0,24,,,,,0
19528221,1.0,25,86054113,onsite,1.6,0.3999999999999999,1
19528221,1.0,26,,,,,0
19528221,1.0,27,,,,,0
19528221,1.0,28,,,,,0
19528221,1.0,29,,,,,0
19528221,1.0,30,,,,,0
19528221,1.0,31,,,,,0
19528221,1.0,32,,,,,0
19528221,1.0,33,,,,,0
19528221,1.0,34,,,,,0
19528221,1.0,35,,,,,0
19528221,1.0,36,,,,,0
19528221,1.0,37,,,,,0
19528221,1.0,38,,,,,0
19528221,1.0,39,,,,,0
19528221,1.0,40,,,,,0
19528221,1.0,41,,,,,0
19528221,1.0,42,,,,,0
19528221,1.0,43,,,,,0
19528221,1.0,44,,,,,0
19528221,1.0,45,,,,,0
19528221,1.0,46,,,,,0
19528221,1.0,47,,,,,0
19528221,1.0,48,,,,,0
19528221,1.0,49,,,,,0
19528221,1.0,50,,,,,0
19528221,1.0,51,,,,,0
19528221,1.0,52,,,,,0
19528221,1.0,53,,,,,0
19528221,1.0,54,,,,,0
19528221,1.0,55,,,,,0
19528221,1.0,56,,,,,0
19528221,1.0,57,,,,,0
19528221,1.0,58,,,,,0
19528221,1.0,59,,,,,0
19528221,1.0,60,,,,,0
89109590,1.0,1,,,,,0
89109590,1.0,2,,,,,0
89109590,1.0,3,,,,,0
89109590,1.0,4,,,,,0
89109590,1.0,5,,,,,0
89109590,1.0,6,,,,,0
89109590,1.0,7,,,,,0
89109590,1.0,8,,,,,0
89109590,1.0,9,,,,,0
89109590,1.0,10,,,,,0
89109590,1.0,11,,,,,0
89109590,1.0,12,,,,,0
89109590,1.0,13,,,,,0
89109590,1.0,14,,,,,0
89109590,1.0,15,,,,,0
89109590,1.0,16,,,,,0
89109590,1.0,17,,,,,0
89109590,1.0,18,,,,,0
89109590,1.0,19,,,,,0
89109590,1.0,20,,,,,0
89109590,1.0,21,,,,,0
89109590,1.0,22,,,,,0
89109590,1.0,23,,,,,0
89109590,1.0,24,,,,,0
89109590,1.0,25,,,,,0
89109590,1.0,26,,,,,0
89109590,1.0,27,,,,,0
89109590,1.0,28,,,,,0
89109590,1.0,29,,,,,0
89109590,1.0,30,,,,,0
89109590,1.0,31,,,,,0
89109590,1.0,32,,,,,0
89109590,1.0,33,,,,,0
89109590,1.0,34,,,,,0
89109590,1.0,35,,,,,0
89109590,1.0,36,,,,,0
89109590,1.0,37,,,,,0
89109590,1.0,38,,,,,0
89109590,1.0,39,,,,,0
89109590,1.0,40,,,,,0
89109590,1.0,41,,,,,0
89109590,1.0,42,,,,,0
89109590,1.0,43,,,,,0
89109590,1.0,44,,,,,0
89109590,1.0,45,,,,,0
89109590,1.0,46,,,,,0
89109590,1.0,47,,,,,0
89109590,1.0,48,,,,,0
89109590,1.0,49,,,,,0
89109590,1.0,50,,,,,0
89109590,1.0,51,,,,,0
89109590,1.0,52,,,,,0
89109590,1.0,53,,,,,0
89109590,1.0,54,,,,,0
89109590,1.0,55,,,,,0
89109590,1.0,56,,,,,0
89109590,1.0,57,,,,,0
89109590,1.0,58,,,,,0
89109590,1.0,59,,,,,0
89109590,1.0,60,,,,,0
87452053,1.0,1,,,,,0
87452053,1.0,2,,,,,0
87452053,1.0,3,,,,,0
87452053,1.0,4,,,,,0
87452053,1.0,5,,,,,0
87452053,1.0,6,,,,,0
87452053,1.0,7,,,,,0
87452053,1.0,8,,,,,0
87452053,1.0,9,,,,,0
87452053,1.0,10,,,,,0
87452053,1.0,11,,,,,0
87452053,1.0,12,,,,,0
87452053,1.0,13,,,,,0
87452053,1.0,14,,,,,0
87452053,1.0,15,,,,,0
87452053,1.0,16,,,,,0
87452053,1.0,17,,,,,0
87452053,1.0,18,,,,,0
87452053,1.0,19,,,,,0
87452053,1.0,20,,,,,0
87452053,1.0,21,,,,,0
87452053,1.0,22,,,,,0
87452053,1.0,23,,,,,0
87452053,1.0,24,,,,,0
87452053,1.0,25,,,,,0
87452053,1.0,26,,,,,0
87452053,1.0,27,,,,,0
87452053,1.0,28,,,,,0
87452053,1.0,29,,,,,0
87452053,1.0,30,,,,,0
87452053,1.0,31,,,,,0
87452053,1.0,32,,,,,0
87452053,1.0,33,,,,,0
87452053,1.0,34,,,,,0
87452053,1.0,35,,,,,0
87452053,1.0,36,,,,,0
87452053,1.0,37,,,,,0
87452053,1.0,38,,,,,0
87452053,1.0,39,,,,,0
87452053,1.0,40,,,,,0
87452053,1.0,41,,,,,0
87452053,1.0,42,,,,,0
87452053,1.0,43,,,,,0
87452053,1.0,44,,,,,0
87452053,1.0,45,,,,,0
87452053,1.0,46,,,,,0
87452053,1.0,47,,,,,0
87452053,1.0,48,,,,,0
87452053,1.0,49,,,,,0
87452053,1.0,50,,,,,0
87452053,1.0,51,,,,,0
87452053,1.0,52,,,,,0
87452053,1.0,53,,,,,0
87452053,1.0,54,,,,,0
87452053,1.0,55,,,,,0
87452053,1.0,56,,,,,0
87452053,1.0,57,,,,,0
87452053,1.0,58,,,,,0
87452053,1.0,59,,,,,0
87452053,1.0,60,,,,,0
36354630,1.0,1,,,,,0
36354630,1.0,2,,,,,0
36354630,1.0,3,,,,,0
36354630,1.0,4,,,,,0
36354630,1.0,5,,,,,0
36354630,1.0,6,,,,,0
36354630,1.0,7,,,,,0
36354630,1.0,8,,,,,0
36354630,1.0,9,,,,,0
36354630,1.0,10,,,,,0
36354630,1.0,11,,,,,0
36354630,1.0,12,,,,,0
36354630,1.0,13,,,,,0
36354630,1.0,14,,,,,0
36354630,1.0,15,,,,,0
36354630,1.0,16,,,,,0
36354630,1.0,17,,,,,0
36354630,1.0,18,,,,,0
36354630,1.0,19,,,,,0
36354630,1.0,20,,,,,0
36354630,1.0,21,,,,,0
36354630,1.0,22,,,,,0
36354630,1.0,23,,,,,0
36354630,1.0,24,,,,,0
36354630,1.0,25,,,,,0
36354630,1.0,26,,,,,0
36354630,1.0,27,,,,,0
36354630,1.0,28,,,,,0
36354630,1.0,29,,,,,0
36354630,1.0,30,,,,,0
36354630,1.0,31,,,,,0
36354630,1.0,32,,,,,0
36354630,1.0,33,,,,,0
36354630,1.0,34,,,,,0
36354630,1.0,35,,,,,0
36354630,1.0,36,,,,,0
36354630,1.0,37,,,,,0
36354630,1.0,38,,,,,0
36354630,1.0,39,,,,,0
36354630,1.0,40,,,,,0
36354630,1.0,41,,,,,0
36354630,1.0,42,,,,,0
36354630,1.0,43,,,,,0
36354630,1.0,44,,,,,0
36354630,1.0,45,,,,,0
36354630,1.0,46,,,,,0
36354630,1.0,47,,,,,0
36354630,1.0,48,,,,,0
36354630,1.0,49,,,,,0
36354630,1.0,50,,,,,0
36354630,1.0,51,,,,,0
36354630,1.0,52,,,,,0
36354630,1.0,53,,,,,0
36354630,1.0,54,,,,,0
36354630,1.0,55,,,,,0
36354630,1.0,56,,,,,0
36354630,1.0,57,,,,,0
36354630,1.0,58,,,,,0
36354630,1.0,59,,,,,0
36354630,1.0,60,,,,,0
75206030,1.0,1,,,,,0
75206030,1.0,2,,,,,0
75206030,1.0,3,,,,,0
75206030,1.0,4,,,,,0
75206030,1.0,5,,,,,0
75206030,1.0,6,,,,,0
75206030,1.0,7,,,,,0
75206030,1.0,8,,,,,0
75206030,1.0,9,,,,,0
75206030,1.0,10,,,,,0
75206030,1.0,11,,,,,0
75206030,1.0,12,,,,,0
75206030,1.0,13,,,,,0
75206030,1.0,14,,,,,0
75206030,1.0,15,,,,,0
75206030,1.0,16,,,,,0
75206030,1.0,17,,,,,0
75206030,1.0,18,,,,,0
75206030,1.0,19,,,,,0
75206030,1.0,20,,,,,0
75206030,1.0,21,,,,,0
75206030,1.0,22,,,,,0
75206030,1.0,23,,,,,0
75206030,1.0,24,,,,,0
75206030,1.0,25,,,,,0
75206030,1.0,26,,,,,0
75206030,1.0,27,,,,,0
75206030,1.0,28,,,,,0
75206030,1.0,29,,,,,0
75206030,1.0,30,,,,,0
75206030,1.0,31,,,,,0
75206030,1.0,32,,,,,0
75206030,1.0,33,,,,,0
75206030,1.0,34,,,,,0
75206030,1.0,35,,,,,0
75206030,1.0,36,,,,,0
75206030,1.0,37,,,,,0
75206030,1.0,38,,,,,0
75206030,1.0,39,,,,,0
75206030,1.0,40,,,,,0
75206030,1.0,41,,,,,0
75206030,1.0,42,,,,,0
75206030,1.0,43,,,,,0
75206030,1.0,44,,,,,0
75206030,1.0,45,,,,,0
75206030,1.0,46,,,,,0
75206030,1.0,47,,,,,0
75206030,1.0,48,,,,,0
75206030,1.0,49,,,,,0
75206030,1.0,50,,,,,0
75206030,1.0,51,,,,,0
75206030,1.0,52,,,,,0
75206030,1.0,53,,,,,0
75206030,1.0,54,,,,,0
75206030,1.0,55,,,,,0
75206030,1.0,56,,,,,0
75206030,1.0,57,,,,,0
75206030,1.0,58,,,,,0
75206030,1.0,59,,,,,0
75206030,1.0,60,,,,,0
91571022,1.0,1,,,,,0
91571022,1.0,2,,,,,0
91571022,1.0,3,,,,,0
91571022,1.0,4,,,,,0
91571022,1.0,5,,,,,0
91571022,1.0,6,,,,,0
91571022,1.0,7,,,,,0
91571022,1.0,8,,,,,0
91571022,1.0,9,,,,,0
91571022,1.0,10,,,,,0
91571022,1.0,11,,,,,0
91571022,1.0,12,,,,,0
91571022,1.0,13,,,,,0
91571022,1.0,14,,,,,0
91571022,1.0,15,,,,,0
91571022,1.0,16,,,,,0
91571022,1.0,17,,,,,0
91571022,1.0,18,,,,,0
91571022,1.0,19,,,,,0
91571022,1.0,20,,,,,0
91571022,1.0,21,,,,,0
91571022,1.0,22,,,,,0
91571022,1.0,23,,,,,0
91571022,1.0,24,,,,,0
91571022,1.0,25,,,,,0
91571022,1.0,26,,,,,0
91571022,1.0,27,,,,,0
91571022,1.0,28,,,,,0
91571022,1.0,29,,,,,0
91571022,1.0,30,,,,,0
91571022,1.0,31,,,,,0
91571022,1.0,32,,,,,0
91571022,1.0,33,,,,,0
91571022,1.0,34,,,,,0
91571022,1.0,35,,,,,0
91571022,1.0,36,,,,,0
91571022,1.0,37,,,,,0
91571022,1.0,38,,,,,0
91571022,1.0,39,,,,,0
91571022,1.0,40,,,,,0
91571022,1.0,41,,,,,0
91571022,1.0,42,,,,,0
91571022,1.0,43,,,,,0
91571022,1.0,44,,,,,0
91571022,1.0,45,,,,,0
91571022,1.0,46,,,,,0
91571022,1.0,47,,,,,0
91571022,1.0,48,,,,,0
91571022,1.0,49,,,,,0
91571022,1.0,50,,,,,0
91571022,1.0,51,,,,,0
91571022,1.0,52,,,,,0
91571022,1.0,53,,,,,0
91571022,1.0,54,,,,,0
91571022,1.0,55,,,,,0
91571022,1.0,56,,,,,0
91571022,1.0,57,,,,,0
91571022,1.0,58,,,,,0
91571022,1.0,59,,,,,0
91571022,1.0,60,,,,,0
62608676,1.0,1,,,,,0
62608676,1.0,2,,,,,0
62608676,1.0,3,,,,,0
62608676,1.0,4,,,,,0
62608676,1.0,5,,,,,0
62608676,1.0,6,,,,,0
62608676,1.0,7,,,,,0
62608676,1.0,8,,,,,0
62608676,1.0,9,,,,,0
62608676,1.0,10,,,,,0
62608676,1.0,11,,,,,0
62608676,1.0,12,,,,,0
62608676,1.0,13,,,,,0
62608676,1.0,14,,,,,0
62608676,1.0,15,,,,,0
62608676,1.0,16,,,,,0
62608676,1.0,17,,,,,0
62608676,1.0,18,,,,,0
62608676,1.0,19,,,,,0
62608676,1.0,20,,,,,0
62608676,1.0,21,,,,,0
62608676,1.0,22,,,,,0
62608676,1.0,23,,,,,0
62608676,1.0,24,,,,,0
62608676,1.0,25,,,,,0
62608676,1.0,26,,,,,0
62608676,1.0,27,,,,,0
62608676,1.0,28,,,,,0
62608676,1.0,29,,,,,0
62608676,1.0,30,,,,,0
62608676,1.0,31,,,,,0
62608676,1.0,32,,,,,0
62608676,1.0,33,,,,,0
62608676,1.0,34,,,,,0
62608676,1.0,35,,,,,0
62608676,1.0,36,,,,,0
62608676,1.0,37,,,,,0
62608676,1.0,38,,,,,0
62608676,1.0,39,,,,,0
62608676,1.0,40,,,,,0
62608676,1.0,41,,,,,0
62608676,1.0,42,,,,,0
62608676,1.0,43,,,,,0
62608676,1.0,44,,,,,0
62608676,1.0,45,,,,,0
62608676,1.0,46,,,,,0
62608676,1.0,47,,,,,0
62608676,1.0,48,,,,,0
62608676,1.0,49,,,,,0
62608676,1.0,50,,,,,0
62608676,1.0,51,,,,,0
62608676,1.0,52,,,,,0
62608676,1.0,53,,,,,0
62608676,1.0,54,,,,,0
62608676,1.0,55,,,,,0
62608676,1.0,56,,,,,0
62608676,1.0,57,,,,,0
62608676,1.0,58,,,,,0
62608676,1.0,59,,,,,0
62608676,1.0,60,,,,,0
58501059,1.0,1,,,,,0
58501059,1.0,2,,,,,0
58501059,1.0,3,,,,,0
58501059,1.0,4,,,,,0
58501059,1.0,5,,,,,0
58501059,1.0,6,,,,,0
58501059,1.0,7,,,,,0
58501059,1.0,8,,,,,0
58501059,1.0,9,,,,,0
58501059,1.0,10,,,,,0
58501059,1.0,11,,,,,0
58501059,1.0,12,,,,,0
58501059,1.0,13,,,,,0
58501059,1.0,14,,,,,0
58501059,1.0,15,,,,,0
58501059,1.0,16,,,,,0
58501059,1.0,17,,,,,0
58501059,1.0,18,,,,,0
58501059,1.0,19,,,,,0
58501059,1.0,20,,,,,0
58501059,1.0,21,,,,,0
58501059,1.0,22,,,,,0
58501059,1.0,23,,,,,0
58501059,1.0,24,,,,,0
58501059,1.0,25,,,,,0
58501059,1.0,26,,,,,0
58501059,1.0,27,,,,,0
58501059,1.0,28,,,,,0
58501059,1.0,29,,,,,0
58501059,1.0,30,,,,,0
58501059,1.0,31,,,,,0
58501059,1.0,32,,,,,0
58501059,1.0,33,,,,,0
58501059,1.0,34,,,,,0
58501059,1.0,35,,,,,0
58501059,1.0,36,,,,,0
58501059,1.0,37,,,,,0
58501059,1.0,38,,,,,0
58501059,1.0,39,,,,,0
58501059,1.0,40,,,,,0
58501059,1.0,41,,,,,0
58501059,1.0,42,,,,,0
58501059,1.0,43,,,,,0
58501059,1.0,44,,,,,0
58501059,1.0,45,,,,,0
58501059,1.0,46,,,,,0
58501059,1.0,47,,,,,0
58501059,1.0,48,,,,,0
58501059,1.0,49,,,,,0
58501059,1.0,50,,,,,0
58501059,1.0,51,,,,,0
58501059,1.0,52,,,,,0
58501059,1.0,53,,,,,0
58501059,1.0,54,,,,,0
58501059,1.0,55,,,,,0
58501059,1.0,56,,,,,0
58501059,1.0,57,,,,,0
58501059,1.0,58,,,,,0
58501059,1.0,59,,,,,0
58501059,1.0,60,,,,,0
95305279,1.0,1,,,,,0
95305279,1.0,2,,,,,0
95305279,1.0,3,,,,,0
95305279,1.0,4,,,,,0
95305279,1.0,5,,,,,0
95305279,1.0,6,,,,,0
95305279,1.0,7,,,,,0
95305279,1.0,8,,,,,0
95305279,1.0,9,,,,,0
95305279,1.0,10,,,,,0
95305279,1.0,11,,,,,0
95305279,1.0,12,,,,,0
95305279,1.0,13,,,,,0
95305279,1.0,14,,,,,0
95305279,1.0,15,,,,,0
95305279,1.0,16,,,,,0
95305279,1.0,17,,,,,0
95305279,1.0,18,,,,,0
95305279,1.0,19,,,,,0
95305279,1.0,20,,,,,0
95305279,1.0,21,,,,,0
95305279,1.0,22,,,,,0
95305279,1.0,23,,,,,0
95305279,1.0,24,,,,,0
95305279,1.0,25,,,,,0
95305279,1.0,26,,,,,0
95305279,1.0,27,,,,,0
95305279,1.0,28,,,,,0
95305279,1.0,29,,,,,0
95305279,1.0,30,,,,,0
95305279,1.0,31,,,,,0
95305279,1.0,32,,,,,0
95305279,1.0,33,,,,,0
95305279,1.0,34,,,,,0
95305279,1.0,35,,,,,0
95305279,1.0,36,,,,,0
95305279,1.0,37,,,,,0
95305279,1.0,38,,,,,0
95305279,1.0,39,,,,,0
95305279,1.0,40,,,,,0
95305279,1.0,41,,,,,0
95305279,1.0,42,,,,,0
95305279,1.0,43,,,,,0
95305279,1.0,44,,,,,0
95305279,1.0,45,,,,,0
95305279,1.0,46,,,,,0
95305279,1.0,47,,,,,0
95305279,1.0,48,,,,,0
95305279,1.0,49,,,,,0
95305279,1.0,50,,,,,0
95305279,1.0,51,,,,,0
95305279,1.0,52,,,,,0
95305279,1.0,53,,,,,0
95305279,1.0,54,,,,,0
95305279,1.0,55,,,,,0
95305279,1.0,56,,,,,0
95305279,1.0,57,,,,,0
95305279,1.0,58,,,,,0
95305279,1.0,59,,,,,0
95305279,1.0,60,,,,,0
39167323,1.0,1,,,,,0
39167323,1.0,2,,,,,0
39167323,1.0,3,,,,,0
39167323,1.0,4,,,,,0
39167323,1.0,5,,,,,0
39167323,1.0,6,,,,,0
39167323,1.0,7,,,,,0
39167323,1.0,8,,,,,0
39167323,1.0,9,,,,,0
39167323,1.0,10,,,,,0
39167323,1.0,11,,,,,0
39167323,1.0,12,,,,,0
39167323,1.0,13,,,,,0
39167323,1.0,14,,,,,0
39167323,1.0,15,,,,,0
39167323,1.0,16,,,,,0
39167323,1.0,17,,,,,0
39167323,1.0,18,,,,,0
39167323,1.0,19,,,,,0
39167323,1.0,20,,,,,0
39167323,1.0,21,,,,,0
39167323,1.0,22,,,,,0
39167323,1.0,23,,,,,0
39167323,1.0,24,,,,,0
39167323,1.0,25,,,,,0
39167323,1.0,26,,,,,0
39167323,1.0,27,,,,,0
39167323,1.0,28,,,,,0
39167323,1.0,29,,,,,0
39167323,1.0,30,,,,,0
39167323,1.0,31,,,,,0
39167323,1.0,32,,,,,0
39167323,1.0,33,,,,,0
39167323,1.0,34,,,,,0
39167323,1.0,35,,,,,0
39167323,1.0,36,,,,,0
39167323,1.0,37,,,,,0
39167323,1.0,38,,,,,0
39167323,1.0,39,,,,,0
39167323,1.0,40,,,,,0
39167323,1.0,41,,,,,0
39167323,1.0,42,,,,,0
39167323,1.0,43,,,,,0
39167323,1.0,44,,,,,0
39167323,1.0,45,,,,,0
39167323,1.0,46,,,,,0
39167323,1.0,47,,,,,0
39167323,1.0,48,,,,,0
39167323,1.0,49,,,,,0
39167323,1.0,50,,,,,0
39167323,1.0,51,,,,,0
39167323,1.0,52,,,,,0
39167323,1.0,53,,,,,0
39167323,1.0,54,,,,,0
39167323,1.0,55,,,,,0
39167323,1.0,56,,,,,0
39167323,1.0,57,,,,,0
39167323,1.0,58,,,,,0
39167323,1.0,59,,,,,0
39167323,1.0,60,,,,,0
21174128,1.0,1,,,,,0
21174128,1.0,2,,,,,0
21174128,1.0,3,,,,,0
21174128,1.0,4,,,,,0
21174128,1.0,5,,,,,0
21174128,1.0,6,,,,,0
21174128,1.0,7,,,,,0
21174128,1.0,8,,,,,0
21174128,1.0,9,,,,,0
21174128,1.0,10,,,,,0
21174128,1.0,11,,,,,0
21174128,1.0,12,,,,,0
21174128,1.0,13,,,,,0
21174128,1.0,14,,,,,0
21174128,1.0,15,,,,,0
21174128,1.0,16,,,,,0
21174128,1.0,17,,,,,0
21174128,1.0,18,,,,,0
21174128,1.0,19,,,,,0
21174128,1.0,20,,,,,0
21174128,1.0,21,,,,,0
21174128,1.0,22,,,,,0
21174128,1.0,23,,,,,0
21174128,1.0,24,,,,,0
21174128,1.0,25,,,,,0
21174128,1.0,26,,,,,0
21174128,1.0,27,,,,,0
21174128,1.0,28,,,,,0
21174128,1.0,29,,,,,0
21174128,1.0,30,,,,,0
21174128,1.0,31,,,,,0
21174128,1.0,32,,,,,0
21174128,1.0,33,,,,,0
21174128,1.0,34,,,,,0
21174128,1.0,35,,,,,0
21174128,1.0,36,,,,,0
21174128,1.0,37,,,,,0
21174128,1.0,38,,,,,0
21174128,1.0,39,,,,,0
21174128,1.0,40,,,,,0
21174128,1.0,41,,,,,0
21174128,1.0,42,,,,,0
21174128,1.0,43,,,,,0
21174128,1.0,44,,,,,0
21174128,1.0,45,,,,,0
21174128,1.0,46,,,,,0
21174128,1.0,47,,,,,0
21174128,1.0,48,,,,,0
21174128,1.0,49,,,,,0
21174128,1.0,50,,,,,0
21174128,1.0,51,,,,,0
21174128,1.0,52,,,,,0
21174128,1.0,53,,,,,0
21174128,1.0,54,,,,,0
21174128,1.0,55,,,,,0
21174128,1.0,56,,,,,0
21174128,1.0,57,,,,,0
21174128,1.0,58,,,,,0
21174128,1.0,59,,,,,0
21174128,1.0,60,,,,,0
78272027,1.0,1,,,,,0
78272027,1.0,2,,,,,0
78272027,1.0,3,54794966,onsite,0.125,0.0,1
78272027,1.0,4,84730110,onsite,0.125,0.0,1
78272027,1.0,5,56835375,onsite,0.125,0.0,1
78272027,1.0,6,60167696,onsite,0.125,0.0,1
78272027,1.0,7,56835375,onsite,0.125,0.0,1
78272027,1.0,8,85876972,onsite,0.125,0.0,1
78272027,1.0,9,92471125,onsite,0.125,0.0,1
78272027,1.0,10,54794966,onsite,0.125,0.0,1
78272027,1.0,11,44564234,onsite,0.125,0.0,1
78272027,1.0,12,82473832,onsite,0.125,0.0,1
78272027,1.0,13,78257789,onsite,0.125,0.0,1
78272027,1.0,14,84177662,onsite,0.125,0.0,1
78272027,1.0,15,90137660,onsite,0.125,0.0,1
78272027,1.0,16,84177662,onsite,0.125,0.0,1
78272027,1.0,17,39034200,onsite,0.7501875468867217,0.0,1
78272027,1.0,18,47254755,onsite,0.7501875468867217,0.0,1
78272027,1.0,19,92883991,onsite,0.7501875468867217,0.0,1
78272027,1.0,20,44545163,onsite,0.7501875468867217,0.0,1
78272027,1.0,21,,,,,0
78272027,1.0,22,34670293,onsite,0.7501875468867217,0.0,1
78272027,1.0,23,,,,,0
78272027,1.0,24,,,,,0
78272027,1.0,25,,,,,0
78272027,1.0,26,,,,,0
78272027,1.0,27,,,,,0
78272027,1.0,28,,,,,0
78272027,1.0,29,,,,,0
78272027,1.0,30,,,,,0
78272027,1.0,31,,,,,0
78272027,1.0,32,,,,,0
78272027,1.0,33,,,,,0
78272027,1.0,34,,,,,0
78272027,1.0,35,,,,,0
78272027,1.0,36,,,,,0
78272027,1.0,37,,,,,0
78272027,1.0,38,,,,,0
78272027,1.0,39,,,,,0
78272027,1.0,40,,,,,0
78272027,1.0,41,,,,,0
78272027,1.0,42,,,,,0
78272027,1.0,43,,,,,0
78272027,1.0,44,,,,,0
78272027,1.0,45,,,,,0
78272027,1.0,46,,,,,0
78272027,1.0,47,,,,,0
78272027,1.0,48,,,,,0
78272027,1.0,49,,,,,0
78272027,1.0,50,,,,,0
78272027,1.0,51,,,,,0
78272027,1.0,52,,,,,0
78272027,1.0,53,,,,,0
78272027,1.0,54,,,,,0
78272027,1.0,55,,,,,0
78272027,1.0,56,,,,,0
78272027,1.0,57,,,,,0
78272027,1.0,58,,,,,0
78272027,1.0,59,,,,,0
78272027,1.0,60,,,,,0
92242535,1.0,1,,,,,0
92242535,1.0,2,,,,,0
92242535,1.0,3,,,,,0
92242535,1.0,4,,,,,0
92242535,1.0,5,,,,,0
92242535,1.0,6,,,,,0
92242535,1.0,7,,,,,0
92242535,1.0,8,,,,,0
92242535,1.0,9,,,,,0
92242535,1.0,10,,,,,0
92242535,1.0,11,,,,,0
92242535,1.0,12,,,,,0
92242535,1.0,13,,,,,0
92242535,1.0,14,,,,,0
92242535,1.0,15,,,,,0
92242535,1.0,16,,,,,0
92242535,1.0,17,,,,,0
92242535,1.0,18,,,,,0
92242535,1.0,19,,,,,0
92242535,1.0,20,,,,,0
92242535,1.0,21,,,,,0
92242535,1.0,22,,,,,0
92242535,1.0,23,,,,,0
92242535,1.0,24,,,,,0
92242535,1.0,25,,,,,0
92242535,1.0,26,,,,,0
92242535,1.0,27,,,,,0
92242535,1.0,28,,,,,0
92242535,1.0,29,,,,,0
92242535,1.0,30,,,,,0
92242535,1.0,31,,,,,0
92242535,1.0,32,,,,,0
92242535,1.0,33,,,,,0
92242535,1.0,34,,,,,0
92242535,1.0,35,,,,,0
92242535,1.0,36,,,,,0
92242535,1.0,37,,,,,0
92242535,1.0,38,,,,,0
92242535,1.0,39,,,,,0
92242535,1.0,40,,,,,0
92242535,1.0,41,,,,,0
92242535,1.0,42,,,,,0
92242535,1.0,43,,,,,0
92242535,1.0,44,,,,,0
92242535,1.0,45,,,,,0
92242535,1.0,46,,,,,0
92242535,1.0,47,,,,,0
92242535,1.0,48,,,,,0
92242535,1.0,49,,,,,0
92242535,1.0,50,,,,,0
92242535,1.0,51,,,,,0
92242535,1.0,52,,,,,0
92242535,1.0,53,,,,,0
92242535,1.0,54,,,,,0
92242535,1.0,55,,,,,0
92242535,1.0,56,,,,,0
92242535,1.0,57,,,,,0
92242535,1.0,58,,,,,0
92242535,1.0,59,,,,,0
92242535,1.0,60,,,,,0
91729356,1.0,1,,,,,0
91729356,1.0,2,,,,,0
91729356,1.0,3,,,,,0
91729356,1.0,4,,,,,0
91729356,1.0,5,,,,,0
91729356,1.0,6,,,,,0
91729356,1.0,7,,,,,0
91729356,1.0,8,,,,,0
91729356,1.0,9,,,,,0
91729356,1.0,10,,,,,0
91729356,1.0,11,,,,,0
91729356,1.0,12,,,,,0
91729356,1.0,13,,,,,0
91729356,1.0,14,,,,,0
91729356,1.0,15,,,,,0
91729356,1.0,16,,,,,0
91729356,1.0,17,,,,,0
91729356,1.0,18,,,,,0
91729356,1.0,19,,,,,0
91729356,1.0,20,,,,,0
91729356,1.0,21,,,,,0
91729356,1.0,22,,,,,0
91729356,1.0,23,,,,,0
91729356,1.0,24,,,,,0
91729356,1.0,25,,,,,0
91729356,1.0,26,,,,,0
91729356,1.0,27,,,,,0
91729356,1.0,28,,,,,0
91729356,1.0,29,,,,,0
91729356,1.0,30,,,,,0
91729356,1.0,31,,,,,0
91729356,1.0,32,,,,,0
91729356,1.0,33,,,,,0
91729356,1.0,34,,,,,0
91729356,1.0,35,,,,,0
91729356,1.0,36,,,,,0
91729356,1.0,37,,,,,0
91729356,1.0,38,,,,,0
91729356,1.0,39,,,,,0
91729356,1.0,40,,,,,0
91729356,1.0,41,,,,,0
91729356,1.0,42,,,,,0
91729356,1.0,43,,,,,0
91729356,1.0,44,,,,,0
91729356,1.0,45,,,,,0
91729356,1.0,46,,,,,0
91729356,1.0,47,,,,,0
91729356,1.0,48,,,,,0
91729356,1.0,49,,,,,0
91729356,1.0,50,,,,,0
91729356,1.0,51,,,,,0
91729356,1.0,52,,,,,0
91729356,1.0,53,,,,,0
91729356,1.0,54,,,,,0
91729356,1.0,55,,,,,0
91729356,1.0,56,,,,,0
91729356,1.0,57,,,,,0
91729356,1.0,58,,,,,0
91729356,1.0,59,,,,,0
91729356,1.0,60,,,,,0
93937100,1.0,1,,,,,0
93937100,1.0,2,,,,,0
93937100,1.0,3,,,,,0
93937100,1.0,4,,,,,0
93937100,1.0,5,,,,,0
93937100,1.0,6,,,,,0
93937100,1.0,7,,,,,0
93937100,1.0,8,,,,,0
93937100,1.0,9,,,,,0
93937100,1.0,10,,,,,0
93937100,1.0,11,,,,,0
93937100,1.0,12,,,,,0
93937100,1.0,13,,,,,0
93937100,1.0,14,,,,,0
93937100,1.0,15,,,,,0
93937100,1.0,16,,,,,0
93937100,1.0,17,,,,,0
93937100,1.0,18,,,,,0
93937100,1.0,19,,,,,0
93937100,1.0,20,,,,,0
93937100,1.0,21,,,,,0
93937100,1.0,22,,,,,0
93937100,1.0,23,,,,,0
93937100,1.0,24,,,,,0
93937100,1.0,25,,,,,0
93937100,1.0,26,,,,,0
93937100,1.0,27,,,,,0
93937100,1.0,28,,,,,0
93937100,1.0,29,,,,,0
93937100,1.0,30,,,,,0
93937100,1.0,31,,,,,0
93937100,1.0,32,,,,,0
93937100,1.0,33,,,,,0
93937100,1.0,34,,,,,0
93937100,1.0,35,,,,,0
93937100,1.0,36,,,,,0
93937100,1.0,37,,,,,0
93937100,1.0,38,,,,,0
93937100,1.0,39,,,,,0
93937100,1.0,40,,,,,0
93937100,1.0,41,,,,,0
93937100,1.0,42,,,,,0
93937100,1.0,43,,,,,0
93937100,1.0,44,,,,,0
93937100,1.0,45,,,,,0
93937100,1.0,46,,,,,0
93937100,1.0,47,,,,,0
93937100,1.0,48,,,,,0
93937100,1.0,49,,,,,0
93937100,1.0,50,,,,,0
93937100,1.0,51,,,,,0
93937100,1.0,52,,,,,0
93937100,1.0,53,,,,,0
93937100,1.0,54,,,,,0
93937100,1.0,55,,,,,0
93937100,1.0,56,,,,,0
93937100,1.0,57,,,,,0
93937100,1.0,58,,,,,0
93937100,1.0,59,,,,,0
93937100,1.0,60,,,,,0
81935700,1.0,1,,,,,0
81935700,1.0,2,,,,,0
81935700,1.0,3,,,,,0
81935700,1.0,4,,,,,0
81935700,1.0,5,,,,,0
81935700,1.0,6,,,,,0
81935700,1.0,7,,,,,0
81935700,1.0,8,,,,,0
81935700,1.0,9,,,,,0
81935700,1.0,10,,,,,0
81935700,1.0,11,,,,,0
81935700,1.0,12,,,,,0
81935700,1.0,13,,,,,0
81935700,1.0,14,,,,,0
81935700,1.0,15,,,,,0
81935700,1.0,16,,,,,0
81935700,1.0,17,,,,,0
81935700,1.0,18,,,,,0
81935700,1.0,19,,,,,0
81935700,1.0,20,,,,,0
81935700,1.0,21,,,,,0
81935700,1.0,22,,,,,0
81935700,1.0,23,,,,,0
81935700,1.0,24,,,,,0
81935700,1.0,25,,,,,0
81935700,1.0,26,,,,,0
81935700,1.0,27,,,,,0
81935700,1.0,28,,,,,0
81935700,1.0,29,,,,,0
81935700,1.0,30,,,,,0
81935700,1.0,31,,,,,0
81935700,1.0,32,,,,,0
81935700,1.0,33,,,,,0
81935700,1.0,34,,,,,0
81935700,1.0,35,,,,,0
81935700,1.0,36,,,,,0
81935700,1.0,37,,,,,0
81935700,1.0,38,,,,,0
81935700,1.0,39,,,,,0
81935700,1.0,40,,,,,0
81935700,1.0,41,,,,,0
81935700,1.0,42,,,,,0
81935700,1.0,43,,,,,0
81935700,1.0,44,,,,,0
81935700,1.0,45,,,,,0
81935700,1.0,46,,,,,0
81935700,1.0,47,,,,,0
81935700,1.0,48,,,,,0
81935700,1.0,49,,,,,0
81935700,1.0,50,,,,,0
81935700,1.0,51,,,,,0
81935700,1.0,52,,,,,0
81935700,1.0,53,,,,,0
81935700,1.0,54,,,,,0
81935700,1.0,55,,,,,0
81935700,1.0,56,,,,,0
81935700,1.0,57,,,,,0
81935700,1.0,58,,,,,0
81935700,1.0,59,,,,,0
81935700,1.0,60,,,,,0
41733549,1.0,1,,,,,0
41733549,1.0,2,,,,,0
41733549,1.0,3,,,,,0
41733549,1.0,4,,,,,0
41733549,1.0,5,,,,,0
41733549,1.0,6,,,,,0
41733549,1.0,7,,,,,0
41733549,1.0,8,,,,,0
41733549,1.0,9,,,,,0
41733549,1.0,10,,,,,0
41733549,1.0,11,,,,,0
41733549,1.0,12,,,,,0
41733549,1.0,13,,,,,0
41733549,1.0,14,,,,,0
41733549,1.0,15,,,,,0
41733549,1.0,16,,,,,0
41733549,1.0,17,,,,,0
41733549,1.0,18,,,,,0
41733549,1.0,19,,,,,0
41733549,1.0,20,,,,,0
41733549,1.0,21,,,,,0
41733549,1.0,22,,,,,0
41733549,1.0,23,,,,,0
41733549,1.0,24,,,,,0
41733549,1.0,25,,,,,0
41733549,1.0,26,,,,,0
41733549,1.0,27,,,,,0
41733549,1.0,28,,,,,0
41733549,1.0,29,,,,,0
41733549,1.0,30,,,,,0
41733549,1.0,31,,,,,0
41733549,1.0,32,,,,,0
41733549,1.0,33,,,,,0
41733549,1.0,34,,,,,0
41733549,1.0,35,,,,,0
41733549,1.0,36,,,,,0
41733549,1.0,37,,,,,0
41733549,1.0,38,,,,,0
41733549,1.0,39,,,,,0
41733549,1.0,40,,,,,0
41733549,1.0,41,,,,,0
41733549,1.0,42,,,,,0
41733549,1.0,43,,,,,0
41733549,1.0,44,,,,,0
41733549,1.0,45,,,,,0
41733549,1.0,46,,,,,0
41733549,1.0,47,,,,,0
41733549,1.0,48,,,,,0
41733549,1.0,49,,,,,0
41733549,1.0,50,,,,,0
41733549,1.0,51,,,,,0
41733549,1.0,52,,,,,0
41733549,1.0,53,,,,,0
41733549,1.0,54,,,,,0
41733549,1.0,55,,,,,0
41733549,1.0,56,,,,,0
41733549,1.0,57,,,,,0
41733549,1.0,58,,,,,0
41733549,1.0,59,,,,,0
41733549,1.0,60,,,,,0
82035291,1.0,1,,,,,0
82035291,1.0,2,,,,,0
82035291,1.0,3,,,,,0
82035291,1.0,4,,,,,0
82035291,1.0,5,,,,,0
82035291,1.0,6,,,,,0
82035291,1.0,7,,,,,0
82035291,1.0,8,,,,,0
82035291,1.0,9,,,,,0
82035291,1.0,10,,,,,0
82035291,1.0,11,,,,,0
82035291,1.0,12,,,,,0
82035291,1.0,13,,,,,0
82035291,1.0,14,,,,,0
82035291,1.0,15,,,,,0
82035291,1.0,16,,,,,0
82035291,1.0,17,,,,,0
82035291,1.0,18,,,,,0
82035291,1.0,19,,,,,0
82035291,1.0,20,,,,,0
82035291,1.0,21,,,,,0
82035291,1.0,22,,,,,0
82035291,1.0,23,,,,,0
82035291,1.0,24,,,,,0
82035291,1.0,25,,,,,0
82035291,1.0,26,,,,,0
82035291,1.0,27,,,,,0
82035291,1.0,28,,,,,0
82035291,1.0,29,,,,,0
82035291,1.0,30,,,,,0
82035291,1.0,31,,,,,0
82035291,1.0,32,,,,,0
82035291,1.0,33,,,,,0
82035291,1.0,34,,,,,0
82035291,1.0,35,,,,,0
82035291,1.0,36,,,,,0
82035291,1.0,37,,,,,0
82035291,1.0,38,,,,,0
82035291,1.0,39,,,,,0
82035291,1.0,40,,,,,0
82035291,1.0,41,,,,,0
82035291,1.0,42,,,,,0
82035291,1.0,43,,,,,0
82035291,1.0,44,,,,,0
82035291,1.0,45,,,,,0
82035291,1.0,46,,,,,0
82035291,1.0,47,,,,,0
82035291,1.0,48,,,,,0
82035291,1.0,49,,,,,0
82035291,1.0,50,,,,,0
82035291,1.0,51,,,,,0
82035291,1.0,52,,,,,0
82035291,1.0,53,,,,,0
82035291,1.0,54,,,,,0
82035291,1.0,55,,,,,0
82035291,1.0,56,,,,,0
82035291,1.0,57,,,,,0
82035291,1.0,58,,,,,0
82035291,1.0,59,,,,,0
82035291,1.0,60,,,,,0
83334524,1.0,1,,,,,0
83334524,1.0,2,,,,,0
83334524,1.0,3,,,,,0
83334524,1.0,4,,,,,0
83334524,1.0,5,,,,,0
83334524,1.0,6,,,,,0
83334524,1.0,7,,,,,0
83334524,1.0,8,,,,,0
83334524,1.0,9,,,,,0
83334524,1.0,10,,,,,0
83334524,1.0,11,,,,,0
83334524,1.0,12,,,,,0
83334524,1.0,13,,,,,0
83334524,1.0,14,,,,,0
83334524,1.0,15,,,,,0
83334524,1.0,16,,,,,0
83334524,1.0,17,,,,,0
83334524,1.0,18,,,,,0
83334524,1.0,19,,,,,0
83334524,1.0,20,,,,,0
83334524,1.0,21,,,,,0
83334524,1.0,22,,,,,0
83334524,1.0,23,,,,,0
83334524,1.0,24,,,,,0
83334524,1.0,25,,,,,0
83334524,1.0,26,,,,,0
83334524,1.0,27,,,,,0
83334524,1.0,28,,,,,0
83334524,1.0,29,,,,,0
83334524,1.0,30,,,,,0
83334524,1.0,31,,,,,0
83334524,1.0,32,,,,,0
83334524,1.0,33,,,,,0
83334524,1.0,34,,,,,0
83334524,1.0,35,,,,,0
83334524,1.0,36,,,,,0
83334524,1.0,37,,,,,0
83334524,1.0,38,,,,,0
83334524,1.0,39,,,,,0
83334524,1.0,40,,,,,0
83334524,1.0,41,,,,,0
83334524,1.0,42,,,,,0
83334524,1.0,43,,,,,0
83334524,1.0,44,,,,,0
83334524,1.0,45,,,,,0
83334524,1.0,46,,,,,0
83334524,1.0,47,,,,,0
83334524,1.0,48,,,,,0
83334524,1.0,49,,,,,0
83334524,1.0,50,,,,,0
83334524,1.0,51,,,,,0
83334524,1.0,52,,,,,0
83334524,1.0,53,,,,,0
83334524,1.0,54,,,,,0
83334524,1.0,55,,,,,0
83334524,1.0,56,,,,,0
83334524,1.0,57,,,,,0
83334524,1.0,58,,,,,0
83334524,1.0,59,,,,,0
83334524,1.0,60,,,,,0
47126699,1.0,1,,,,,0
47126699,1.0,2,,,,,0
47126699,1.0,3,,,,,0
47126699,1.0,4,,,,,0
47126699,1.0,5,,,,,0
47126699,1.0,6,,,,,0
47126699,1.0,7,,,,,0
47126699,1.0,8,,,,,0
47126699,1.0,9,,,,,0
47126699,1.0,10,,,,,0
47126699,1.0,11,,,,,0
47126699,1.0,12,,,,,0
47126699,1.0,13,,,,,0
47126699,1.0,14,,,,,0
47126699,1.0,15,,,,,0
47126699,1.0,16,,,,,0
47126699,1.0,17,,,,,0
47126699,1.0,18,,,,,0
47126699,1.0,19,,,,,0
47126699,1.0,20,,,,,0
47126699,1.0,21,,,,,0
47126699,1.0,22,,,,,0
47126699,1.0,23,,,,,0
47126699,1.0,24,,,,,0
47126699,1.0,25,,,,,0
47126699,1.0,26,,,,,0
47126699,1.0,27,,,,,0
47126699,1.0,28,,,,,0
47126699,1.0,29,,,,,0
47126699,1.0,30,,,,,0
47126699,1.0,31,,,,,0
47126699,1.0,32,,,,,0
47126699,1.0,33,,,,,0
47126699,1.0,34,,,,,0
47126699,1.0,35,,,,,0
47126699,1.0,36,,,,,0
47126699,1.0,37,,,,,0
47126699,1.0,38,,,,,0
47126699,1.0,39,,,,,0
47126699,1.0,40,,,,,0
47126699,1.0,41,,,,,0
47126699,1.0,42,,,,,0
47126699,1.0,43,,,,,0
47126699,1.0,44,,,,,0
47126699,1.0,45,,,,,0
47126699,1.0,46,,,,,0
47126699,1.0,47,,,,,0
47126699,1.0,48,,,,,0
47126699,1.0,49,,,,,0
47126699,1.0,50,,,,,0
47126699,1.0,51,,,,,0
47126699,1.0,52,,,,,0
47126699,1.0,53,,,,,0
47126699,1.0,54,,,,,0
47126699,1.0,55,,,,,0
47126699,1.0,56,,,,,0
47126699,1.0,57,,,,,0
47126699,1.0,58,,,,,0
47126699,1.0,59,,,,,0
47126699,1.0,60,,,,,0
56681622,1.0,1,,,,,0
56681622,1.0,2,,,,,0
56681622,1.0,3,,,,,0
56681622,1.0,4,,,,,0
56681622,1.0,5,,,,,0
56681622,1.0,6,,,,,0
56681622,1.0,7,,,,,0
56681622,1.0,8,,,,,0
56681622,1.0,9,,,,,0
56681622,1.0,10,,,,,0
56681622,1.0,11,,,,,0
56681622,1.0,12,,,,,0
56681622,1.0,13,,,,,0
56681622,1.0,14,,,,,0
56681622,1.0,15,,,,,0
56681622,1.0,16,,,,,0
56681622,1.0,17,,,,,0
56681622,1.0,18,,,,,0
56681622,1.0,19,,,,,0
56681622,1.0,20,,,,,0
56681622,1.0,21,,,,,0
56681622,1.0,22,,,,,0
56681622,1.0,23,,,,,0
56681622,1.0,24,,,,,0
56681622,1.0,25,,,,,0
56681622,1.0,26,,,,,0
56681622,1.0,27,,,,,0
56681622,1.0,28,,,,,0
56681622,1.0,29,,,,,0
56681622,1.0,30,,,,,0
56681622,1.0,31,,,,,0
56681622,1.0,32,,,,,0
56681622,1.0,33,,,,,0
56681622,1.0,34,,,,,0
56681622,1.0,35,,,,,0
56681622,1.0,36,,,,,0
56681622,1.0,37,,,,,0
56681622,1.0,38,,,,,0
56681622,1.0,39,,,,,0
56681622,1.0,40,,,,,0
56681622,1.0,41,,,,,0
56681622,1.0,42,,,,,0
56681622,1.0,43,,,,,0
56681622,1.0,44,,,,,0
56681622,1.0,45,,,,,0
56681622,1.0,46,,,,,0
56681622,1.0,47,,,,,0
56681622,1.0,48,,,,,0
56681622,1.0,49,,,,,0
56681622,1.0,50,,,,,0
56681622,1.0,51,,,,,0
56681622,1.0,52,,,,,0
56681622,1.0,53,,,,,0
56681622,1.0,54,,,,,0
56681622,1.0,55,,,,,0
56681622,1.0,56,,,,,0
56681622,1.0,57,,,,,0
56681622,1.0,58,,,,,0
56681622,1.0,59,,,,,0
56681622,1.0,60,,,,,0
59743825,1.0,1,,,,,0
59743825,1.0,2,,,,,0
59743825,1.0,3,,,,,0
59743825,1.0,4,,,,,0
59743825,1.0,5,,,,,0
59743825,1.0,6,,,,,0
59743825,1.0,7,,,,,0
59743825,1.0,8,,,,,0
59743825,1.0,9,,,,,0
59743825,1.0,10,,,,,0
59743825,1.0,11,,,,,0
59743825,1.0,12,,,,,0
59743825,1.0,13,,,,,0
59743825,1.0,14,,,,,0
59743825,1.0,15,,,,,0
59743825,1.0,16,,,,,0
59743825,1.0,17,,,,,0
59743825,1.0,18,,,,,0
59743825,1.0,19,,,,,0
59743825,1.0,20,,,,,0
59743825,1.0,21,,,,,0
59743825,1.0,22,,,,,0
59743825,1.0,23,,,,,0
59743825,1.0,24,,,,,0
59743825,1.0,25,,,,,0
59743825,1.0,26,,,,,0
59743825,1.0,27,,,,,0
59743825,1.0,28,,,,,0
59743825,1.0,29,,,,,0
59743825,1.0,30,,,,,0
59743825,1.0,31,,,,,0
59743825,1.0,32,,,,,0
59743825,1.0,33,,,,,0
59743825,1.0,34,,,,,0
59743825,1.0,35,,,,,0
59743825,1.0,36,,,,,0
59743825,1.0,37,,,,,0
59743825,1.0,38,,,,,0
59743825,1.0,39,,,,,0
59743825,1.0,40,,,,,0
59743825,1.0,41,,,,,0
59743825,1.0,42,,,,,0
59743825,1.0,43,,,,,0
59743825,1.0,44,,,,,0
59743825,1.0,45,,,,,0
59743825,1.0,46,,,,,0
59743825,1.0,47,,,,,0
59743825,1.0,48,,,,,0
59743825,1.0,49,,,,,0
59743825,1.0,50,,,,,0
59743825,1.0,51,,,,,0
59743825,1.0,52,,,,,0
59743825,1.0,53,,,,,0
59743825,1.0,54,,,,,0
59743825,1.0,55,,,,,0
59743825,1.0,56,,,,,0
59743825,1.0,57,,,,,0
59743825,1.0,58,,,,,0
59743825,1.0,59,,,,,0
59743825,1.0,60,,,,,0
66183397,1.0,1,,,,,0
66183397,1.0,2,,,,,0
66183397,1.0,3,,,,,0
66183397,1.0,4,,,,,0
66183397,1.0,5,,,,,0
66183397,1.0,6,,,,,0
66183397,1.0,7,,,,,0
66183397,1.0,8,,,,,0
66183397,1.0,9,,,,,0
66183397,1.0,10,,,,,0
66183397,1.0,11,,,,,0
66183397,1.0,12,,,,,0
66183397,1.0,13,,,,,0
66183397,1.0,14,,,,,0
66183397,1.0,15,,,,,0
66183397,1.0,16,,,,,0
66183397,1.0,17,,,,,0
66183397,1.0,18,,,,,0
66183397,1.0,19,,,,,0
66183397,1.0,20,,,,,0
66183397,1.0,21,,,,,0
66183397,1.0,22,,,,,0
66183397,1.0,23,,,,,0
66183397,1.0,24,,,,,0
66183397,1.0,25,,,,,0
66183397,1.0,26,,,,,0
66183397,1.0,27,,,,,0
66183397,1.0,28,,,,,0
66183397,1.0,29,,,,,0
66183397,1.0,30,,,,,0
66183397,1.0,31,,,,,0
66183397,1.0,32,,,,,0
66183397,1.0,33,,,,,0
66183397,1.0,34,,,,,0
66183397,1.0,35,,,,,0
66183397,1.0,36,,,,,0
66183397,1.0,37,,,,,0
66183397,1.0,38,,,,,0
66183397,1.0,39,,,,,0
66183397,1.0,40,,,,,0
66183397,1.0,41,,,,,0
66183397,1.0,42,,,,,0
66183397,1.0,43,,,,,0
66183397,1.0,44,,,,,0
66183397,1.0,45,,,,,0
66183397,1.0,46,,,,,0
66183397,1.0,47,,,,,0
66183397,1.0,48,,,,,0
66183397,1.0,49,,,,,0
66183397,1.0,50,,,,,0
66183397,1.0,51,,,,,0
66183397,1.0,52,,,,,0
66183397,1.0,53,,,,,0
66183397,1.0,54,,,,,0
66183397,1.0,55,,,,,0
66183397,1.0,56,,,,,0
66183397,1.0,57,,,,,0
66183397,1.0,58,,,,,0
66183397,1.0,59,,,,,0
66183397,1.0,60,,,,,0
21303389,1.0,1,,,,,0
21303389,1.0,2,,,,,0
21303389,1.0,3,,,,,0
21303389,1.0,4,,,,,0
21303389,1.0,5,,,,,0
21303389,1.0,6,,,,,0
21303389,1.0,7,,,,,0
21303389,1.0,8,,,,,0
21303389,1.0,9,,,,,0
21303389,1.0,10,,,,,0
21303389,1.0,11,,,,,0
21303389,1.0,12,,,,,0
21303389,1.0,13,,,,,0
21303389,1.0,14,,,,,0
21303389,1.0,15,,,,,0
21303389,1.0,16,,,,,0
21303389,1.0,17,,,,,0
21303389,1.0,18,,,,,0
21303389,1.0,19,,,,,0
21303389,1.0,20,,,,,0
21303389,1.0,21,,,,,0
21303389,1.0,22,,,,,0
21303389,1.0,23,,,,,0
21303389,1.0,24,,,,,0
21303389,1.0,25,,,,,0
21303389,1.0,26,,,,,0
21303389,1.0,27,,,,,0
21303389,1.0,28,,,,,0
21303389,1.0,29,,,,,0
21303389,1.0,30,,,,,0
21303389,1.0,31,,,,,0
21303389,1.0,32,,,,,0
21303389,1.0,33,,,,,0
21303389,1.0,34,,,,,0
21303389,1.0,35,,,,,0
21303389,1.0,36,,,,,0
21303389,1.0,37,,,,,0
21303389,1.0,38,,,,,0
21303389,1.0,39,,,,,0
21303389,1.0,40,,,,,0
21303389,1.0,41,,,,,0
21303389,1.0,42,,,,,0
21303389,1.0,43,,,,,0
21303389,1.0,44,,,,,0
21303389,1.0,45,,,,,0
21303389,1.0,46,,,,,0
21303389,1.0,47,,,,,0
21303389,1.0,48,,,,,0
21303389,1.0,49,,,,,0
21303389,1.0,50,,,,,0
21303389,1.0,51,,,,,0
21303389,1.0,52,,,,,0
21303389,1.0,53,,,,,0
21303389,1.0,54,,,,,0
21303389,1.0,55,,,,,0
21303389,1.0,56,,,,,0
21303389,1.0,57,,,,,0
21303389,1.0,58,,,,,0
21303389,1.0,59,,,,,0
21303389,1.0,60,,,,,0
23489312,1.0,1,,,,,0
23489312,1.0,2,,,,,0
23489312,1.0,3,,,,,0
23489312,1.0,4,,,,,0
23489312,1.0,5,,,,,0
23489312,1.0,6,,,,,0
23489312,1.0,7,,,,,0
23489312,1.0,8,,,,,0
23489312,1.0,9,,,,,0
23489312,1.0,10,,,,,0
23489312,1.0,11,,,,,0
23489312,1.0,12,,,,,0
23489312,1.0,13,,,,,0
23489312,1.0,14,,,,,0
23489312,1.0,15,,,,,0
23489312,1.0,16,,,,,0
23489312,1.0,17,,,,,0
23489312,1.0,18,,,,,0
23489312,1.0,19,,,,,0
23489312,1.0,20,,,,,0
23489312,1.0,21,,,,,0
23489312,1.0,22,,,,,0
23489312,1.0,23,,,,,0
23489312,1.0,24,,,,,0
23489312,1.0,25,,,,,0
23489312,1.0,26,,,,,0
23489312,1.0,27,,,,,0
23489312,1.0,28,,,,,0
23489312,1.0,29,,,,,0
23489312,1.0,30,,,,,0
23489312,1.0,31,,,,,0
23489312,1.0,32,,,,,0
23489312,1.0,33,,,,,0
23489312,1.0,34,,,,,0
23489312,1.0,35,,,,,0
23489312,1.0,36,,,,,0
23489312,1.0,37,,,,,0
23489312,1.0,38,,,,,0
23489312,1.0,39,,,,,0
23489312,1.0,40,,,,,0
23489312,1.0,41,,,,,0
23489312,1.0,42,,,,,0
23489312,1.0,43,,,,,0
23489312,1.0,44,,,,,0
23489312,1.0,45,,,,,0
23489312,1.0,46,,,,,0
23489312,1.0,47,,,,,0
23489312,1.0,48,,,,,0
23489312,1.0,49,,,,,0
23489312,1.0,50,,,,,0
23489312,1.0,51,,,,,0
23489312,1.0,52,,,,,0
23489312,1.0,53,,,,,0
23489312,1.0,54,,,,,0
23489312,1.0,55,,,,,0
23489312,1.0,56,,,,,0
23489312,1.0,57,,,,,0
23489312,1.0,58,,,,,0
23489312,1.0,59,,,,,0
23489312,1.0,60,,,,,0
36736849,1.0,1,,,,,0
36736849,1.0,2,,,,,0
36736849,1.0,3,,,,,0
36736849,1.0,4,,,,,0
36736849,1.0,5,,,,,0
36736849,1.0,6,,,,,0
36736849,1.0,7,,,,,0
36736849,1.0,8,,,,,0
36736849,1.0,9,,,,,0
36736849,1.0,10,,,,,0
36736849,1.0,11,,,,,0
36736849,1.0,12,,,,,0
36736849,1.0,13,,,,,0
36736849,1.0,14,,,,,0
36736849,1.0,15,,,,,0
36736849,1.0,16,,,,,0
36736849,1.0,17,,,,,0
36736849,1.0,18,,,,,0
36736849,1.0,19,,,,,0
36736849,1.0,20,,,,,0
36736849,1.0,21,,,,,0
36736849,1.0,22,,,,,0
36736849,1.0,23,,,,,0
36736849,1.0,24,,,,,0
36736849,1.0,25,,,,,0
36736849,1.0,26,,,,,0
36736849,1.0,27,,,,,0
36736849,1.0,28,,,,,0
36736849,1.0,29,,,,,0
36736849,1.0,30,,,,,0
36736849,1.0,31,,,,,0
36736849,1.0,32,,,,,0
36736849,1.0,33,,,,,0
36736849,1.0,34,,,,,0
36736849,1.0,35,,,,,0
36736849,1.0,36,,,,,0
36736849,1.0,37,,,,,0
36736849,1.0,38,,,,,0
36736849,1.0,39,,,,,0
36736849,1.0,40,,,,,0
36736849,1.0,41,,,,,0
36736849,1.0,42,,,,,0
36736849,1.0,43,,,,,0
36736849,1.0,44,,,,,0
36736849,1.0,45,,,,,0
36736849,1.0,46,,,,,0
36736849,1.0,47,,,,,0
36736849,1.0,48,,,,,0
36736849,1.0,49,,,,,0
36736849,1.0,50,,,,,0
36736849,1.0,51,,,,,0
36736849,1.0,52,,,,,0
36736849,1.0,53,,,,,0
36736849,1.0,54,,,,,0
36736849,1.0,55,,,,,0
36736849,1.0,56,,,,,0
36736849,1.0,57,,,,,0
36736849,1.0,58,,,,,0
36736849,1.0,59,,,,,0
36736849,1.0,60,,,,,0
29036599,1.0,1,,,,,0
29036599,1.0,2,,,,,0
29036599,1.0,3,,,,,0
29036599,1.0,4,,,,,0
29036599,1.0,5,,,,,0
29036599,1.0,6,,,,,0
29036599,1.0,7,,,,,0
29036599,1.0,8,,,,,0
29036599,1.0,9,,,,,0
29036599,1.0,10,,,,,0
29036599,1.0,11,,,,,0
29036599,1.0,12,,,,,0
29036599,1.0,13,,,,,0
29036599,1.0,14,,,,,0
29036599,1.0,15,,,,,0
29036599,1.0,16,,,,,0
29036599,1.0,17,,,,,0
29036599,1.0,18,,,,,0
29036599,1.0,19,,,,,0
29036599,1.0,20,,,,,0
29036599,1.0,21,,,,,0
29036599,1.0,22,,,,,0
29036599,1.0,23,,,,,0
29036599,1.0,24,,,,,0
29036599,1.0,25,,,,,0
29036599,1.0,26,,,,,0
29036599,1.0,27,,,,,0
29036599,1.0,28,,,,,0
29036599,1.0,29,,,,,0
29036599,1.0,30,,,,,0
29036599,1.0,31,,,,,0
29036599,1.0,32,,,,,0
29036599,1.0,33,,,,,0
29036599,1.0,34,,,,,0
29036599,1.0,35,,,,,0
29036599,1.0,36,,,,,0
29036599,1.0,37,,,,,0
29036599,1.0,38,,,,,0
29036599,1.0,39,,,,,0
29036599,1.0,40,,,,,0
29036599,1.0,41,,,,,0
29036599,1.0,42,,,,,0
29036599,1.0,43,,,,,0
29036599,1.0,44,,,,,0
29036599,1.0,45,,,,,0
29036599,1.0,46,,,,,0
29036599,1.0,47,,,,,0
29036599,1.0,48,,,,,0
29036599,1.0,49,,,,,0
29036599,1.0,50,,,,,0
29036599,1.0,51,,,,,0
29036599,1.0,52,,,,,0
29036599,1.0,53,,,,,0
29036599,1.0,54,,,,,0
29036599,1.0,55,,,,,0
29036599,1.0,56,,,,,0
29036599,1.0,57,,,,,0
29036599,1.0,58,,,,,0
29036599,1.0,59,,,,,0
29036599,1.0,60,,,,,0
65398923,1.0,1,,,,,0
65398923,1.0,2,,,,,0
65398923,1.0,3,,,,,0
65398923,1.0,4,,,,,0
65398923,1.0,5,,,,,0
65398923,1.0,6,,,,,0
65398923,1.0,7,,,,,0
65398923,1.0,8,,,,,0
65398923,1.0,9,,,,,0
65398923,1.0,10,,,,,0
65398923,1.0,11,,,,,0
65398923,1.0,12,,,,,0
65398923,1.0,13,,,,,0
65398923,1.0,14,,,,,0
65398923,1.0,15,,,,,0
65398923,1.0,16,,,,,0
65398923,1.0,17,,,,,0
65398923,1.0,18,,,,,0
65398923,1.0,19,,,,,0
65398923,1.0,20,,,,,0
65398923,1.0,21,,,,,0
65398923,1.0,22,,,,,0
65398923,1.0,23,,,,,0
65398923,1.0,24,,,,,0
65398923,1.0,25,,,,,0
65398923,1.0,26,,,,,0
65398923,1.0,27,,,,,0
65398923,1.0,28,,,,,0
65398923,1.0,29,,,,,0
65398923,1.0,30,,,,,0
65398923,1.0,31,,,,,0
65398923,1.0,32,,,,,0
65398923,1.0,33,,,,,0
65398923,1.0,34,,,,,0
65398923,1.0,35,,,,,0
65398923,1.0,36,,,,,0
65398923,1.0,37,,,,,0
65398923,1.0,38,,,,,0
65398923,1.0,39,,,,,0
65398923,1.0,40,,,,,0
65398923,1.0,41,,,,,0
65398923,1.0,42,,,,,0
65398923,1.0,43,,,,,0
65398923,1.0,44,,,,,0
65398923,1.0,45,,,,,0
65398923,1.0,46,,,,,0
65398923,1.0,47,,,,,0
65398923,1.0,48,,,,,0
65398923,1.0,49,,,,,0
65398923,1.0,50,,,,,0
65398923,1.0,51,,,,,0
65398923,1.0,52,,,,,0
65398923,1.0,53,,,,,0
65398923,1.0,54,,,,,0
65398923,1.0,55,,,,,0
65398923,1.0,56,,,,,0
65398923,1.0,57,,,,,0
65398923,1.0,58,,,,,0
65398923,1.0,59,,,,,0
65398923,1.0,60,,,,,0
60189884,1.0,1,,,,,0
60189884,1.0,2,,,,,0
60189884,1.0,3,,,,,0
60189884,1.0,4,,,,,0
60189884,1.0,5,,,,,0
60189884,1.0,6,,,,,0
60189884,1.0,7,,,,,0
60189884,1.0,8,,,,,0
60189884,1.0,9,,,,,0
60189884,1.0,10,,,,,0
60189884,1.0,11,,,,,0
60189884,1.0,12,,,,,0
60189884,1.0,13,,,,,0
60189884,1.0,14,,,,,0
60189884,1.0,15,,,,,0
60189884,1.0,16,,,,,0
60189884,1.0,17,,,,,0
60189884,1.0,18,,,,,0
60189884,1.0,19,,,,,0
60189884,1.0,20,,,,,0
60189884,1.0,21,,,,,0
60189884,1.0,22,,,,,0
60189884,1.0,23,,,,,0
60189884,1.0,24,,,,,0
60189884,1.0,25,,,,,0
60189884,1.0,26,,,,,0
60189884,1.0,27,,,,,0
60189884,1.0,28,,,,,0
60189884,1.0,29,,,,,0
60189884,1.0,30,,,,,0
60189884,1.0,31,,,,,0
60189884,1.0,32,,,,,0
60189884,1.0,33,,,,,0
60189884,1.0,34,,,,,0
60189884,1.0,35,,,,,0
60189884,1.0,36,,,,,0
60189884,1.0,37,,,,,0
60189884,1.0,38,,,,,0
60189884,1.0,39,,,,,0
60189884,1.0,40,,,,,0
60189884,1.0,41,,,,,0
60189884,1.0,42,,,,,0
60189884,1.0,43,,,,,0
60189884,1.0,44,,,,,0
60189884,1.0,45,,,,,0
60189884,1.0,46,,,,,0
60189884,1.0,47,,,,,0
60189884,1.0,48,,,,,0
60189884,1.0,49,,,,,0
60189884,1.0,50,,,,,0
60189884,1.0,51,,,,,0
60189884,1.0,52,,,,,0
60189884,1.0,53,,,,,0
60189884,1.0,54,,,,,0
60189884,1.0,55,,,,,0
60189884,1.0,56,,,,,0
60189884,1.0,57,,,,,0
60189884,1.0,58,,,,,0
60189884,1.0,59,,,,,0
60189884,1.0,60,,,,,0
45565738,1.0,1,,,,,0
45565738,1.0,2,,,,,0
45565738,1.0,3,,,,,0
45565738,1.0,4,,,,,0
45565738,1.0,5,,,,,0
45565738,1.0,6,,,,,0
45565738,1.0,7,,,,,0
45565738,1.0,8,,,,,0
45565738,1.0,9,,,,,0
45565738,1.0,10,,,,,0
45565738,1.0,11,,,,,0
45565738,1.0,12,,,,,0
45565738,1.0,13,,,,,0
45565738,1.0,14,,,,,0
45565738,1.0,15,,,,,0
45565738,1.0,16,,,,,0
45565738,1.0,17,,,,,0
45565738,1.0,18,,,,,0
45565738,1.0,19,,,,,0
45565738,1.0,20,,,,,0
45565738,1.0,21,,,,,0
45565738,1.0,22,,,,,0
45565738,1.0,23,,,,,0
45565738,1.0,24,,,,,0
45565738,1.0,25,,,,,0
45565738,1.0,26,,,,,0
45565738,1.0,27,,,,,0
45565738,1.0,28,,,,,0
45565738,1.0,29,,,,,0
45565738,1.0,30,,,,,0
45565738,1.0,31,,,,,0
45565738,1.0,32,,,,,0
45565738,1.0,33,,,,,0
45565738,1.0,34,,,,,0
45565738,1.0,35,,,,,0
45565738,1.0,36,,,,,0
45565738,1.0,37,,,,,0
45565738,1.0,38,,,,,0
45565738,1.0,39,,,,,0
45565738,1.0,40,,,,,0
45565738,1.0,41,,,,,0
45565738,1.0,42,,,,,0
45565738,1.0,43,,,,,0
45565738,1.0,44,,,,,0
45565738,1.0,45,,,,,0
45565738,1.0,46,,,,,0
45565738,1.0,47,,,,,0
45565738,1.0,48,,,,,0
45565738,1.0,49,,,,,0
45565738,1.0,50,,,,,0
45565738,1.0,51,,,,,0
45565738,1.0,52,,,,,0
45565738,1.0,53,,,,,0
45565738,1.0,54,,,,,0
45565738,1.0,55,,,,,0
45565738,1.0,56,,,,,0
45565738,1.0,57,,,,,0
45565738,1.0,58,,,,,0
45565738,1.0,59,,,,,0
45565738,1.0,60,,,,,0
80686149,1.0,1,,,,,0
80686149,1.0,2,,,,,0
80686149,1.0,3,,,,,0
80686149,1.0,4,,,,,0
80686149,1.0,5,,,,,0
80686149,1.0,6,,,,,0
80686149,1.0,7,,,,,0
80686149,1.0,8,,,,,0
80686149,1.0,9,,,,,0
80686149,1.0,10,,,,,0
80686149,1.0,11,,,,,0
80686149,1.0,12,,,,,0
80686149,1.0,13,,,,,0
80686149,1.0,14,,,,,0
80686149,1.0,15,,,,,0
80686149,1.0,16,,,,,0
80686149,1.0,17,,,,,0
80686149,1.0,18,,,,,0
80686149,1.0,19,,,,,0
80686149,1.0,20,,,,,0
80686149,1.0,21,,,,,0
80686149,1.0,22,,,,,0
80686149,1.0,23,,,,,0
80686149,1.0,24,,,,,0
80686149,1.0,25,,,,,0
80686149,1.0,26,,,,,0
80686149,1.0,27,,,,,0
80686149,1.0,28,,,,,0
80686149,1.0,29,,,,,0
80686149,1.0,30,,,,,0
80686149,1.0,31,,,,,0
80686149,1.0,32,,,,,0
80686149,1.0,33,,,,,0
80686149,1.0,34,,,,,0
80686149,1.0,35,,,,,0
80686149,1.0,36,,,,,0
80686149,1.0,37,,,,,0
80686149,1.0,38,,,,,0
80686149,1.0,39,,,,,0
80686149,1.0,40,,,,,0
80686149,1.0,41,,,,,0
80686149,1.0,42,,,,,0
80686149,1.0,43,,,,,0
80686149,1.0,44,,,,,0
80686149,1.0,45,,,,,0
80686149,1.0,46,,,,,0
80686149,1.0,47,,,,,0
80686149,1.0,48,,,,,0
80686149,1.0,49,,,,,0
80686149,1.0,50,,,,,0
80686149,1.0,51,,,,,0
80686149,1.0,52,,,,,0
80686149,1.0,53,,,,,0
80686149,1.0,54,,,,,0
80686149,1.0,55,,,,,0
80686149,1.0,56,,,,,0
80686149,1.0,57,,,,,0
80686149,1.0,58,,,,,0
80686149,1.0,59,,,,,0
80686149,1.0,60,,,,,0
23010932,1.0,1,,,,,0
23010932,1.0,2,,,,,0
23010932,1.0,3,,,,,0
23010932,1.0,4,,,,,0
23010932,1.0,5,,,,,0
23010932,1.0,6,,,,,0
23010932,1.0,7,,,,,0
23010932,1.0,8,,,,,0
23010932,1.0,9,,,,,0
23010932,1.0,10,,,,,0
23010932,1.0,11,,,,,0
23010932,1.0,12,,,,,0
23010932,1.0,13,,,,,0
23010932,1.0,14,,,,,0
23010932,1.0,15,,,,,0
23010932,1.0,16,,,,,0
23010932,1.0,17,,,,,0
23010932,1.0,18,,,,,0
23010932,1.0,19,,,,,0
23010932,1.0,20,,,,,0
23010932,1.0,21,,,,,0
23010932,1.0,22,,,,,0
23010932,1.0,23,,,,,0
23010932,1.0,24,,,,,0
23010932,1.0,25,,,,,0
23010932,1.0,26,,,,,0
23010932,1.0,27,,,,,0
23010932,1.0,28,,,,,0
23010932,1.0,29,,,,,0
23010932,1.0,30,,,,,0
23010932,1.0,31,,,,,0
23010932,1.0,32,,,,,0
23010932,1.0,33,,,,,0
23010932,1.0,34,,,,,0
23010932,1.0,35,,,,,0
23010932,1.0,36,,,,,0
23010932,1.0,37,,,,,0
23010932,1.0,38,,,,,0
23010932,1.0,39,,,,,0
23010932,1.0,40,,,,,0
23010932,1.0,41,,,,,0
23010932,1.0,42,,,,,0
23010932,1.0,43,,,,,0
23010932,1.0,44,,,,,0
23010932,1.0,45,,,,,0
23010932,1.0,46,,,,,0
23010932,1.0,47,,,,,0
23010932,1.0,48,,,,,0
23010932,1.0,49,,,,,0
23010932,1.0,50,,,,,0
23010932,1.0,51,,,,,0
23010932,1.0,52,,,,,0
23010932,1.0,53,,,,,0
23010932,1.0,54,,,,,0
23010932,1.0,55,,,,,0
23010932,1.0,56,,,,,0
23010932,1.0,57,,,,,0
23010932,1.0,58,,,,,0
23010932,1.0,59,,,,,0
23010932,1.0,60,,,,,0
96419100,1.0,1,,,,,0
96419100,1.0,2,,,,,0
96419100,1.0,3,,,,,0
96419100,1.0,4,,,,,0
96419100,1.0,5,,,,,0
96419100,1.0,6,,,,,0
96419100,1.0,7,,,,,0
96419100,1.0,8,,,,,0
96419100,1.0,9,,,,,0
96419100,1.0,10,,,,,0
96419100,1.0,11,,,,,0
96419100,1.0,12,,,,,0
96419100,1.0,13,,,,,0
96419100,1.0,14,,,,,0
96419100,1.0,15,,,,,0
96419100,1.0,16,,,,,0
96419100,1.0,17,,,,,0
96419100,1.0,18,,,,,0
96419100,1.0,19,,,,,0
96419100,1.0,20,,,,,0
96419100,1.0,21,,,,,0
96419100,1.0,22,,,,,0
96419100,1.0,23,,,,,0
96419100,1.0,24,,,,,0
96419100,1.0,25,,,,,0
96419100,1.0,26,,,,,0
96419100,1.0,27,,,,,0
96419100,1.0,28,,,,,0
96419100,1.0,29,,,,,0
96419100,1.0,30,,,,,0
96419100,1.0,31,,,,,0
96419100,1.0,32,,,,,0
96419100,1.0,33,,,,,0
96419100,1.0,34,,,,,0
96419100,1.0,35,,,,,0
96419100,1.0,36,,,,,0
96419100,1.0,37,,,,,0
96419100,1.0,38,,,,,0
96419100,1.0,39,,,,,0
96419100,1.0,40,,,,,0
96419100,1.0,41,,,,,0
96419100,1.0,42,,,,,0
96419100,1.0,43,,,,,0
96419100,1.0,44,,,,,0
96419100,1.0,45,,,,,0
96419100,1.0,46,,,,,0
96419100,1.0,47,,,,,0
96419100,1.0,48,,,,,0
96419100,1.0,49,,,,,0
96419100,1.0,50,,,,,0
96419100,1.0,51,,,,,0
96419100,1.0,52,,,,,0
96419100,1.0,53,,,,,0
96419100,1.0,54,,,,,0
96419100,1.0,55,,,,,0
96419100,1.0,56,,,,,0
96419100,1.0,57,,,,,0
96419100,1.0,58,,,,,0
96419100,1.0,59,,,,,0
96419100,1.0,60,,,,,0
37132929,1.0,1,,,,,0
37132929,1.0,2,,,,,0
37132929,1.0,3,,,,,0
37132929,1.0,4,,,,,0
37132929,1.0,5,,,,,0
37132929,1.0,6,,,,,0
37132929,1.0,7,,,,,0
37132929,1.0,8,,,,,0
37132929,1.0,9,,,,,0
37132929,1.0,10,,,,,0
37132929,1.0,11,,,,,0
37132929,1.0,12,,,,,0
37132929,1.0,13,,,,,0
37132929,1.0,14,,,,,0
37132929,1.0,15,,,,,0
37132929,1.0,16,,,,,0
37132929,1.0,17,,,,,0
37132929,1.0,18,,,,,0
37132929,1.0,19,,,,,0
37132929,1.0,20,,,,,0
37132929,1.0,21,,,,,0
37132929,1.0,22,,,,,0
37132929,1.0,23,,,,,0
37132929,1.0,24,,,,,0
37132929,1.0,25,,,,,0
37132929,1.0,26,,,,,0
37132929,1.0,27,,,,,0
37132929,1.0,28,,,,,0
37132929,1.0,29,,,,,0
37132929,1.0,30,,,,,0
37132929,1.0,31,,,,,0
37132929,1.0,32,,,,,0
37132929,1.0,33,,,,,0
37132929,1.0,34,,,,,0
37132929,1.0,35,,,,,0
37132929,1.0,36,,,,,0
37132929,1.0,37,,,,,0
37132929,1.0,38,,,,,0
37132929,1.0,39,,,,,0
37132929,1.0,40,,,,,0
37132929,1.0,41,,,,,0
37132929,1.0,42,,,,,0
37132929,1.0,43,,,,,0
37132929,1.0,44,,,,,0
37132929,1.0,45,,,,,0
37132929,1.0,46,,,,,0
37132929,1.0,47,,,,,0
37132929,1.0,48,,,,,0
37132929,1.0,49,,,,,0
37132929,1.0,50,,,,,0
37132929,1.0,51,,,,,0
37132929,1.0,52,,,,,0
37132929,1.0,53,,,,,0
37132929,1.0,54,,,,,0
37132929,1.0,55,,,,,0
37132929,1.0,56,,,,,0
37132929,1.0,57,,,,,0
37132929,1.0,58,,,,,0
37132929,1.0,59,,,,,0
37132929,1.0,60,,,,,0
25467506,1.0,1,,,,,0
25467506,1.0,2,,,,,0
25467506,1.0,3,,,,,0
25467506,1.0,4,,,,,0
25467506,1.0,5,,,,,0
25467506,1.0,6,,,,,0
25467506,1.0,7,,,,,0
25467506,1.0,8,,,,,0
25467506,1.0,9,,,,,0
25467506,1.0,10,,,,,0
25467506,1.0,11,,,,,0
25467506,1.0,12,,,,,0
25467506,1.0,13,,,,,0
25467506,1.0,14,,,,,0
25467506,1.0,15,,,,,0
25467506,1.0,16,,,,,0
25467506,1.0,17,,,,,0
25467506,1.0,18,,,,,0
25467506,1.0,19,,,,,0
25467506,1.0,20,,,,,0
25467506,1.0,21,,,,,0
25467506,1.0,22,,,,,0
25467506,1.0,23,,,,,0
25467506,1.0,24,,,,,0
25467506,1.0,25,,,,,0
25467506,1.0,26,,,,,0
25467506,1.0,27,,,,,0
25467506,1.0,28,,,,,0
25467506,1.0,29,,,,,0
25467506,1.0,30,,,,,0
25467506,1.0,31,,,,,0
25467506,1.0,32,,,,,0
25467506,1.0,33,,,,,0
25467506,1.0,34,,,,,0
25467506,1.0,35,,,,,0
25467506,1.0,36,,,,,0
25467506,1.0,37,,,,,0
25467506,1.0,38,,,,,0
25467506,1.0,39,,,,,0
25467506,1.0,40,,,,,0
25467506,1.0,41,,,,,0
25467506,1.0,42,,,,,0
25467506,1.0,43,,,,,0
25467506,1.0,44,,,,,0
25467506,1.0,45,,,,,0
25467506,1.0,46,,,,,0
25467506,1.0,47,,,,,0
25467506,1.0,48,,,,,0
25467506,1.0,49,,,,,0
25467506,1.0,50,,,,,0
25467506,1.0,51,,,,,0
25467506,1.0,52,,,,,0
25467506,1.0,53,,,,,0
25467506,1.0,54,,,,,0
25467506,1.0,55,,,,,0
25467506,1.0,56,,,,,0
25467506,1.0,57,,,,,0
25467506,1.0,58,,,,,0
25467506,1.0,59,,,,,0
25467506,1.0,60,,,,,0
23550443,1.0,1,,,,,0
23550443,1.0,2,,,,,0
23550443,1.0,3,,,,,0
23550443,1.0,4,,,,,0
23550443,1.0,5,,,,,0
23550443,1.0,6,,,,,0
23550443,1.0,7,,,,,0
23550443,1.0,8,,,,,0
23550443,1.0,9,,,,,0
23550443,1.0,10,,,,,0
23550443,1.0,11,,,,,0
23550443,1.0,12,,,,,0
23550443,1.0,13,,,,,0
23550443,1.0,14,,,,,0
23550443,1.0,15,,,,,0
23550443,1.0,16,,,,,0
23550443,1.0,17,,,,,0
23550443,1.0,18,,,,,0
23550443,1.0,19,,,,,0
23550443,1.0,20,,,,,0
23550443,1.0,21,,,,,0
23550443,1.0,22,,,,,0
23550443,1.0,23,,,,,0
23550443,1.0,24,,,,,0
23550443,1.0,25,,,,,0
23550443,1.0,26,,,,,0
23550443,1.0,27,,,,,0
23550443,1.0,28,,,,,0
23550443,1.0,29,,,,,0
23550443,1.0,30,,,,,0
23550443,1.0,31,,,,,0
23550443,1.0,32,,,,,0
23550443,1.0,33,,,,,0
23550443,1.0,34,,,,,0
23550443,1.0,35,,,,,0
23550443,1.0,36,,,,,0
23550443,1.0,37,,,,,0
23550443,1.0,38,,,,,0
23550443,1.0,39,,,,,0
23550443,1.0,40,,,,,0
23550443,1.0,41,,,,,0
23550443,1.0,42,,,,,0
23550443,1.0,43,,,,,0
23550443,1.0,44,,,,,0
23550443,1.0,45,,,,,0
23550443,1.0,46,,,,,0
23550443,1.0,47,,,,,0
23550443,1.0,48,,,,,0
23550443,1.0,49,,,,,0
23550443,1.0,50,,,,,0
23550443,1.0,51,,,,,0
23550443,1.0,52,,,,,0
23550443,1.0,53,,,,,0
23550443,1.0,54,,,,,0
23550443,1.0,55,,,,,0
23550443,1.0,56,,,,,0
23550443,1.0,57,,,,,0
23550443,1.0,58,,,,,0
23550443,1.0,59,,,,,0
23550443,1.0,60,,,,,0
27229613,1.0,1,,,,,0
27229613,1.0,2,,,,,0
27229613,1.0,3,,,,,0
27229613,1.0,4,,,,,0
27229613,1.0,5,,,,,0
27229613,1.0,6,,,,,0
27229613,1.0,7,,,,,0
27229613,1.0,8,,,,,0
27229613,1.0,9,,,,,0
27229613,1.0,10,,,,,0
27229613,1.0,11,,,,,0
27229613,1.0,12,,,,,0
27229613,1.0,13,,,,,0
27229613,1.0,14,,,,,0
27229613,1.0,15,,,,,0
27229613,1.0,16,,,,,0
27229613,1.0,17,,,,,0
27229613,1.0,18,,,,,0
27229613,1.0,19,,,,,0
27229613,1.0,20,,,,,0
27229613,1.0,21,,,,,0
27229613,1.0,22,,,,,0
27229613,1.0,23,,,,,0
27229613,1.0,24,,,,,0
27229613,1.0,25,,,,,0
27229613,1.0,26,,,,,0
27229613,1.0,27,,,,,0
27229613,1.0,28,,,,,0
27229613,1.0,29,,,,,0
27229613,1.0,30,,,,,0
27229613,1.0,31,,,,,0
27229613,1.0,32,,,,,0
27229613,1.0,33,,,,,0
27229613,1.0,34,,,,,0
27229613,1.0,35,,,,,0
27229613,1.0,36,,,,,0
27229613,1.0,37,,,,,0
27229613,1.0,38,,,,,0
27229613,1.0,39,,,,,0
27229613,1.0,40,,,,,0
27229613,1.0,41,,,,,0
27229613,1.0,42,,,,,0
27229613,1.0,43,,,,,0
27229613,1.0,44,,,,,0
27229613,1.0,45,,,,,0
27229613,1.0,46,,,,,0
27229613,1.0,47,,,,,0
27229613,1.0,48,,,,,0
27229613,1.0,49,,,,,0
27229613,1.0,50,,,,,0
27229613,1.0,51,,,,,0
27229613,1.0,52,,,,,0
27229613,1.0,53,,,,,0
27229613,1.0,54,,,,,0
27229613,1.0,55,,,,,0
27229613,1.0,56,,,,,0
27229613,1.0,57,,,,,0
27229613,1.0,58,,,,,0
27229613,1.0,59,,,,,0
27229613,1.0,60,,,,,0
94723452,1.0,1,,,,,0
94723452,1.0,2,,,,,0
94723452,1.0,3,,,,,0
94723452,1.0,4,,,,,0
94723452,1.0,5,,,,,0
94723452,1.0,6,,,,,0
94723452,1.0,7,,,,,0
94723452,1.0,8,,,,,0
94723452,1.0,9,,,,,0
94723452,1.0,10,,,,,0
94723452,1.0,11,,,,,0
94723452,1.0,12,,,,,0
94723452,1.0,13,,,,,0
94723452,1.0,14,,,,,0
94723452,1.0,15,,,,,0
94723452,1.0,16,,,,,0
94723452,1.0,17,,,,,0
94723452,1.0,18,,,,,0
94723452,1.0,19,,,,,0
94723452,1.0,20,,,,,0
94723452,1.0,21,,,,,0
94723452,1.0,22,,,,,0
94723452,1.0,23,,,,,0
94723452,1.0,24,,,,,0
94723452,1.0,25,,,,,0
94723452,1.0,26,,,,,0
94723452,1.0,27,,,,,0
94723452,1.0,28,,,,,0
94723452,1.0,29,,,,,0
94723452,1.0,30,,,,,0
94723452,1.0,31,,,,,0
94723452,1.0,32,,,,,0
94723452,1.0,33,,,,,0
94723452,1.0,34,,,,,0
94723452,1.0,35,,,,,0
94723452,1.0,36,,,,,0
94723452,1.0,37,,,,,0
94723452,1.0,38,,,,,0
94723452,1.0,39,,,,,0
94723452,1.0,40,,,,,0
94723452,1.0,41,,,,,0
94723452,1.0,42,,,,,0
94723452,1.0,43,,,,,0
94723452,1.0,44,,,,,0
94723452,1.0,45,,,,,0
94723452,1.0,46,,,,,0
94723452,1.0,47,,,,,0
94723452,1.0,48,,,,,0
94723452,1.0,49,,,,,0
94723452,1.0,50,,,,,0
94723452,1.0,51,,,,,0
94723452,1.0,52,,,,,0
94723452,1.0,53,,,,,0
94723452,1.0,54,,,,,0
94723452,1.0,55,,,,,0
94723452,1.0,56,,,,,0
94723452,1.0,57,,,,,0
94723452,1.0,58,,,,,0
94723452,1.0,59,,,,,0
94723452,1.0,60,,,,,0
67951769,1.0,1,,,,,0
67951769,1.0,2,,,,,0
67951769,1.0,3,,,,,0
67951769,1.0,4,,,,,0
67951769,1.0,5,,,,,0
67951769,1.0,6,,,,,0
67951769,1.0,7,,,,,0
67951769,1.0,8,,,,,0
67951769,1.0,9,,,,,0
67951769,1.0,10,,,,,0
67951769,1.0,11,,,,,0
67951769,1.0,12,,,,,0
67951769,1.0,13,,,,,0
67951769,1.0,14,,,,,0
67951769,1.0,15,,,,,0
67951769,1.0,16,,,,,0
67951769,1.0,17,,,,,0
67951769,1.0,18,,,,,0
67951769,1.0,19,,,,,0
67951769,1.0,20,,,,,0
67951769,1.0,21,,,,,0
67951769,1.0,22,,,,,0
67951769,1.0,23,,,,,0
67951769,1.0,24,,,,,0
67951769,1.0,25,,,,,0
67951769,1.0,26,,,,,0
67951769,1.0,27,,,,,0
67951769,1.0,28,,,,,0
67951769,1.0,29,,,,,0
67951769,1.0,30,,,,,0
67951769,1.0,31,,,,,0
67951769,1.0,32,,,,,0
67951769,1.0,33,,,,,0
67951769,1.0,34,,,,,0
67951769,1.0,35,,,,,0
67951769,1.0,36,,,,,0
67951769,1.0,37,,,,,0
67951769,1.0,38,,,,,0
67951769,1.0,39,,,,,0
67951769,1.0,40,,,,,0
67951769,1.0,41,,,,,0
67951769,1.0,42,,,,,0
67951769,1.0,43,,,,,0
67951769,1.0,44,,,,,0
67951769,1.0,45,,,,,0
67951769,1.0,46,,,,,0
67951769,1.0,47,,,,,0
67951769,1.0,48,,,,,0
67951769,1.0,49,,,,,0
67951769,1.0,50,,,,,0
67951769,1.0,51,,,,,0
67951769,1.0,52,,,,,0
67951769,1.0,53,,,,,0
67951769,1.0,54,,,,,0
67951769,1.0,55,,,,,0
67951769,1.0,56,,,,,0
67951769,1.0,57,,,,,0
67951769,1.0,58,,,,,0
67951769,1.0,59,,,,,0
67951769,1.0,60,,,,,0
70868404,1.0,1,,,,,0
70868404,1.0,2,,,,,0
70868404,1.0,3,,,,,0
70868404,1.0,4,,,,,0
70868404,1.0,5,,,,,0
70868404,1.0,6,,,,,0
70868404,1.0,7,,,,,0
70868404,1.0,8,,,,,0
70868404,1.0,9,,,,,0
70868404,1.0,10,,,,,0
70868404,1.0,11,,,,,0
70868404,1.0,12,,,,,0
70868404,1.0,13,,,,,0
70868404,1.0,14,,,,,0
70868404,1.0,15,,,,,0
70868404,1.0,16,,,,,0
70868404,1.0,17,,,,,0
70868404,1.0,18,,,,,0
70868404,1.0,19,,,,,0
70868404,1.0,20,,,,,0
70868404,1.0,21,,,,,0
70868404,1.0,22,,,,,0
70868404,1.0,23,,,,,0
70868404,1.0,24,,,,,0
70868404,1.0,25,,,,,0
70868404,1.0,26,,,,,0
70868404,1.0,27,,,,,0
70868404,1.0,28,,,,,0
70868404,1.0,29,,,,,0
70868404,1.0,30,,,,,0
70868404,1.0,31,,,,,0
70868404,1.0,32,,,,,0
70868404,1.0,33,,,,,0
70868404,1.0,34,,,,,0
70868404,1.0,35,,,,,0
70868404,1.0,36,,,,,0
70868404,1.0,37,,,,,0
70868404,1.0,38,,,,,0
70868404,1.0,39,,,,,0
70868404,1.0,40,,,,,0
70868404,1.0,41,,,,,0
70868404,1.0,42,,,,,0
70868404,1.0,43,,,,,0
70868404,1.0,44,,,,,0
70868404,1.0,45,,,,,0
70868404,1.0,46,,,,,0
70868404,1.0,47,,,,,0
70868404,1.0,48,,,,,0
70868404,1.0,49,,,,,0
70868404,1.0,50,,,,,0
70868404,1.0,51,,,,,0
70868404,1.0,52,,,,,0
70868404,1.0,53,,,,,0
70868404,1.0,54,,,,,0
70868404,1.0,55,,,,,0
70868404,1.0,56,,,,,0
70868404,1.0,57,,,,,0
70868404,1.0,58,,,,,0
70868404,1.0,59,,,,,0
70868404,1.0,60,,,,,0
74034223,1.0,1,,,,,0
74034223,1.0,2,,,,,0
74034223,1.0,3,,,,,0
74034223,1.0,4,,,,,0
74034223,1.0,5,,,,,0
74034223,1.0,6,,,,,0
74034223,1.0,7,,,,,0
74034223,1.0,8,,,,,0
74034223,1.0,9,,,,,0
74034223,1.0,10,,,,,0
74034223,1.0,11,,,,,0
74034223,1.0,12,,,,,0
74034223,1.0,13,,,,,0
74034223,1.0,14,,,,,0
74034223,1.0,15,,,,,0
74034223,1.0,16,,,,,0
74034223,1.0,17,,,,,0
74034223,1.0,18,,,,,0
74034223,1.0,19,,,,,0
74034223,1.0,20,,,,,0
74034223,1.0,21,,,,,0
74034223,1.0,22,,,,,0
74034223,1.0,23,,,,,0
74034223,1.0,24,,,,,0
74034223,1.0,25,,,,,0
74034223,1.0,26,,,,,0
74034223,1.0,27,,,,,0
74034223,1.0,28,,,,,0
74034223,1.0,29,,,,,0
74034223,1.0,30,,,,,0
74034223,1.0,31,,,,,0
74034223,1.0,32,,,,,0
74034223,1.0,33,,,,,0
74034223,1.0,34,,,,,0
74034223,1.0,35,,,,,0
74034223,1.0,36,,,,,0
74034223,1.0,37,,,,,0
74034223,1.0,38,,,,,0
74034223,1.0,39,,,,,0
74034223,1.0,40,,,,,0
74034223,1.0,41,,,,,0
74034223,1.0,42,,,,,0
74034223,1.0,43,,,,,0
74034223,1.0,44,,,,,0
74034223,1.0,45,,,,,0
74034223,1.0,46,,,,,0
74034223,1.0,47,,,,,0
74034223,1.0,48,,,,,0
74034223,1.0,49,,,,,0
74034223,1.0,50,,,,,0
74034223,1.0,51,,,,,0
74034223,1.0,52,,,,,0
74034223,1.0,53,,,,,0
74034223,1.0,54,,,,,0
74034223,1.0,55,,,,,0
74034223,1.0,56,,,,,0
74034223,1.0,57,,,,,0
74034223,1.0,58,,,,,0
74034223,1.0,59,,,,,0
74034223,1.0,60,,,,,0
51165957,1.0,1,,,,,0
51165957,1.0,2,,,,,0
51165957,1.0,3,,,,,0
51165957,1.0,4,,,,,0
51165957,1.0,5,,,,,0
51165957,1.0,6,,,,,0
51165957,1.0,7,,,,,0
51165957,1.0,8,,,,,0
51165957,1.0,9,,,,,0
51165957,1.0,10,,,,,0
51165957,1.0,11,,,,,0
51165957,1.0,12,,,,,0
51165957,1.0,13,,,,,0
51165957,1.0,14,,,,,0
51165957,1.0,15,,,,,0
51165957,1.0,16,,,,,0
51165957,1.0,17,,,,,0
51165957,1.0,18,,,,,0
51165957,1.0,19,,,,,0
51165957,1.0,20,,,,,0
51165957,1.0,21,,,,,0
51165957,1.0,22,,,,,0
51165957,1.0,23,,,,,0
51165957,1.0,24,,,,,0
51165957,1.0,25,,,,,0
51165957,1.0,26,,,,,0
51165957,1.0,27,,,,,0
51165957,1.0,28,,,,,0
51165957,1.0,29,,,,,0
51165957,1.0,30,,,,,0
51165957,1.0,31,,,,,0
51165957,1.0,32,,,,,0
51165957,1.0,33,,,,,0
51165957,1.0,34,,,,,0
51165957,1.0,35,,,,,0
51165957,1.0,36,,,,,0
51165957,1.0,37,,,,,0
51165957,1.0,38,,,,,0
51165957,1.0,39,,,,,0
51165957,1.0,40,,,,,0
51165957,1.0,41,,,,,0
51165957,1.0,42,,,,,0
51165957,1.0,43,,,,,0
51165957,1.0,44,,,,,0
51165957,1.0,45,,,,,0
51165957,1.0,46,,,,,0
51165957,1.0,47,,,,,0
51165957,1.0,48,,,,,0
51165957,1.0,49,,,,,0
51165957,1.0,50,,,,,0
51165957,1.0,51,,,,,0
51165957,1.0,52,,,,,0
51165957,1.0,53,,,,,0
51165957,1.0,54,,,,,0
51165957,1.0,55,,,,,0
51165957,1.0,56,,,,,0
51165957,1.0,57,,,,,0
51165957,1.0,58,,,,,0
51165957,1.0,59,,,,,0
51165957,1.0,60,,,,,0
27333764,1.0,1,,,,,0
27333764,1.0,2,,,,,0
27333764,1.0,3,,,,,0
27333764,1.0,4,,,,,0
27333764,1.0,5,,,,,0
27333764,1.0,6,,,,,0
27333764,1.0,7,,,,,0
27333764,1.0,8,,,,,0
27333764,1.0,9,,,,,0
27333764,1.0,10,,,,,0
27333764,1.0,11,,,,,0
27333764,1.0,12,,,,,0
27333764,1.0,13,,,,,0
27333764,1.0,14,,,,,0
27333764,1.0,15,,,,,0
27333764,1.0,16,,,,,0
27333764,1.0,17,,,,,0
27333764,1.0,18,,,,,0
27333764,1.0,19,,,,,0
27333764,1.0,20,,,,,0
27333764,1.0,21,,,,,0
27333764,1.0,22,,,,,0
27333764,1.0,23,,,,,0
27333764,1.0,24,,,,,0
27333764,1.0,25,,,,,0
27333764,1.0,26,,,,,0
27333764,1.0,27,,,,,0
27333764,1.0,28,,,,,0
27333764,1.0,29,,,,,0
27333764,1.0,30,,,,,0
27333764,1.0,31,,,,,0
27333764,1.0,32,,,,,0
27333764,1.0,33,,,,,0
27333764,1.0,34,,,,,0
27333764,1.0,35,,,,,0
27333764,1.0,36,,,,,0
27333764,1.0,37,,,,,0
27333764,1.0,38,,,,,0
27333764,1.0,39,,,,,0
27333764,1.0,40,,,,,0
27333764,1.0,41,,,,,0
27333764,1.0,42,,,,,0
27333764,1.0,43,,,,,0
27333764,1.0,44,,,,,0
27333764,1.0,45,,,,,0
27333764,1.0,46,,,,,0
27333764,1.0,47,,,,,0
27333764,1.0,48,,,,,0
27333764,1.0,49,,,,,0
27333764,1.0,50,,,,,0
27333764,1.0,51,,,,,0
27333764,1.0,52,,,,,0
27333764,1.0,53,,,,,0
27333764,1.0,54,,,,,0
27333764,1.0,55,,,,,0
27333764,1.0,56,,,,,0
27333764,1.0,57,,,,,0
27333764,1.0,58,,,,,0
27333764,1.0,59,,,,,0
27333764,1.0,60,,,,,0
18441771,1.0,1,,,,,0
18441771,1.0,2,,,,,0
18441771,1.0,3,,,,,0
18441771,1.0,4,,,,,0
18441771,1.0,5,,,,,0
18441771,1.0,6,,,,,0
18441771,1.0,7,,,,,0
18441771,1.0,8,,,,,0
18441771,1.0,9,,,,,0
18441771,1.0,10,,,,,0
18441771,1.0,11,,,,,0
18441771,1.0,12,,,,,0
18441771,1.0,13,,,,,0
18441771,1.0,14,,,,,0
18441771,1.0,15,,,,,0
18441771,1.0,16,,,,,0
18441771,1.0,17,,,,,0
18441771,1.0,18,,,,,0
18441771,1.0,19,,,,,0
18441771,1.0,20,,,,,0
18441771,1.0,21,,,,,0
18441771,1.0,22,11928999,onsite,1.4992503748125936,0.0,1
18441771,1.0,23,,,,,0
18441771,1.0,24,,,,,0
18441771,1.0,25,,,,,0
18441771,1.0,26,,,,,0
18441771,1.0,27,,,,,0
18441771,1.0,28,,,,,0
18441771,1.0,29,,,,,0
18441771,1.0,30,,,,,0
18441771,1.0,31,,,,,0
18441771,1.0,32,,,,,0
18441771,1.0,33,,,,,0
18441771,1.0,34,,,,,0
18441771,1.0,35,,,,,0
18441771,1.0,36,,,,,0
18441771,1.0,37,,,,,0
18441771,1.0,38,,,,,0
18441771,1.0,39,,,,,0
18441771,1.0,40,,,,,0
18441771,1.0,41,,,,,0
18441771,1.0,42,,,,,0
18441771,1.0,43,,,,,0
18441771,1.0,44,,,,,0
18441771,1.0,45,,,,,0
18441771,1.0,46,,,,,0
18441771,1.0,47,,,,,0
18441771,1.0,48,,,,,0
18441771,1.0,49,,,,,0
18441771,1.0,50,,,,,0
18441771,1.0,51,,,,,0
18441771,1.0,52,,,,,0
18441771,1.0,53,,,,,0
18441771,1.0,54,,,,,0
18441771,1.0,55,,,,,0
18441771,1.0,56,,,,,0
18441771,1.0,57,,,,,0
18441771,1.0,58,,,,,0
18441771,1.0,59,,,,,0
18441771,1.0,60,,,,,0
89356538,1.0,1,,,,,0
89356538,1.0,2,,,,,0
89356538,1.0,3,,,,,0
89356538,1.0,4,,,,,0
89356538,1.0,5,,,,,0
89356538,1.0,6,,,,,0
89356538,1.0,7,,,,,0
89356538,1.0,8,,,,,0
89356538,1.0,9,,,,,0
89356538,1.0,10,,,,,0
89356538,1.0,11,,,,,0
89356538,1.0,12,,,,,0
89356538,1.0,13,,,,,0
89356538,1.0,14,,,,,0
89356538,1.0,15,,,,,0
89356538,1.0,16,,,,,0
89356538,1.0,17,,,,,0
89356538,1.0,18,,,,,0
89356538,1.0,19,,,,,0
89356538,1.0,20,,,,,0
89356538,1.0,21,,,,,0
89356538,1.0,22,,,,,0
89356538,1.0,23,,,,,0
89356538,1.0,24,,,,,0
89356538,1.0,25,,,,,0
89356538,1.0,26,,,,,0
89356538,1.0,27,,,,,0
89356538,1.0,28,,,,,0
89356538,1.0,29,,,,,0
89356538,1.0,30,,,,,0
89356538,1.0,31,,,,,0
89356538,1.0,32,,,,,0
89356538,1.0,33,,,,,0
89356538,1.0,34,,,,,0
89356538,1.0,35,,,,,0
89356538,1.0,36,,,,,0
89356538,1.0,37,,,,,0
89356538,1.0,38,,,,,0
89356538,1.0,39,,,,,0
89356538,1.0,40,,,,,0
89356538,1.0,41,,,,,0
89356538,1.0,42,,,,,0
89356538,1.0,43,,,,,0
89356538,1.0,44,,,,,0
89356538,1.0,45,,,,,0
89356538,1.0,46,,,,,0
89356538,1.0,47,,,,,0
89356538,1.0,48,,,,,0
89356538,1.0,49,,,,,0
89356538,1.0,50,,,,,0
89356538,1.0,51,,,,,0
89356538,1.0,52,,,,,0
89356538,1.0,53,,,,,0
89356538,1.0,54,,,,,0
89356538,1.0,55,,,,,0
89356538,1.0,56,,,,,0
89356538,1.0,57,,,,,0
89356538,1.0,58,,,,,0
89356538,1.0,59,,,,,0
89356538,1.0,60,,,,,0
32263233,1.0,1,,,,,0
32263233,1.0,2,,,,,0
32263233,1.0,3,,,,,0
32263233,1.0,4,,,,,0
32263233,1.0,5,,,,,0
32263233,1.0,6,,,,,0
32263233,1.0,7,,,,,0
32263233,1.0,8,,,,,0
32263233,1.0,9,,,,,0
32263233,1.0,10,,,,,0
32263233,1.0,11,,,,,0
32263233,1.0,12,,,,,0
32263233,1.0,13,,,,,0
32263233,1.0,14,,,,,0
32263233,1.0,15,,,,,0
32263233,1.0,16,,,,,0
32263233,1.0,17,,,,,0
32263233,1.0,18,,,,,0
32263233,1.0,19,,,,,0
32263233,1.0,20,,,,,0
32263233,1.0,21,,,,,0
32263233,1.0,22,,,,,0
32263233,1.0,23,,,,,0
32263233,1.0,24,,,,,0
32263233,1.0,25,,,,,0
32263233,1.0,26,,,,,0
32263233,1.0,27,,,,,0
32263233,1.0,28,,,,,0
32263233,1.0,29,,,,,0
32263233,1.0,30,,,,,0
32263233,1.0,31,,,,,0
32263233,1.0,32,,,,,0
32263233,1.0,33,,,,,0
32263233,1.0,34,,,,,0
32263233,1.0,35,,,,,0
32263233,1.0,36,,,,,0
32263233,1.0,37,,,,,0
32263233,1.0,38,,,,,0
32263233,1.0,39,,,,,0
32263233,1.0,40,,,,,0
32263233,1.0,41,,,,,0
32263233,1.0,42,,,,,0
32263233,1.0,43,,,,,0
32263233,1.0,44,,,,,0
32263233,1.0,45,,,,,0
32263233,1.0,46,,,,,0
32263233,1.0,47,,,,,0
32263233,1.0,48,,,,,0
32263233,1.0,49,,,,,0
32263233,1.0,50,,,,,0
32263233,1.0,51,,,,,0
32263233,1.0,52,,,,,0
32263233,1.0,53,,,,,0
32263233,1.0,54,,,,,0
32263233,1.0,55,,,,,0
32263233,1.0,56,,,,,0
32263233,1.0,57,,,,,0
32263233,1.0,58,,,,,0
32263233,1.0,59,,,,,0
32263233,1.0,60,,,,,0
23080959,1.0,1,,,,,0
23080959,1.0,2,,,,,0
23080959,1.0,3,,,,,0
23080959,1.0,4,,,,,0
23080959,1.0,5,,,,,0
23080959,1.0,6,,,,,0
23080959,1.0,7,,,,,0
23080959,1.0,8,,,,,0
23080959,1.0,9,,,,,0
23080959,1.0,10,,,,,0
23080959,1.0,11,,,,,0
23080959,1.0,12,,,,,0
23080959,1.0,13,,,,,0
23080959,1.0,14,,,,,0
23080959,1.0,15,,,,,0
23080959,1.0,16,,,,,0
23080959,1.0,17,,,,,0
23080959,1.0,18,,,,,0
23080959,1.0,19,,,,,0
23080959,1.0,20,,,,,0
23080959,1.0,21,,,,,0
23080959,1.0,22,,,,,0
23080959,1.0,23,,,,,0
23080959,1.0,24,,,,,0
23080959,1.0,25,,,,,0
23080959,1.0,26,,,,,0
23080959,1.0,27,,,,,0
23080959,1.0,28,,,,,0
23080959,1.0,29,,,,,0
23080959,1.0,30,,,,,0
23080959,1.0,31,,,,,0
23080959,1.0,32,,,,,0
23080959,1.0,33,,,,,0
23080959,1.0,34,,,,,0
23080959,1.0,35,,,,,0
23080959,1.0,36,,,,,0
23080959,1.0,37,,,,,0
23080959,1.0,38,,,,,0
23080959,1.0,39,,,,,0
23080959,1.0,40,,,,,0
23080959,1.0,41,,,,,0
23080959,1.0,42,,,,,0
23080959,1.0,43,,,,,0
23080959,1.0,44,,,,,0
23080959,1.0,45,,,,,0
23080959,1.0,46,,,,,0
23080959,1.0,47,,,,,0
23080959,1.0,48,,,,,0
23080959,1.0,49,,,,,0
23080959,1.0,50,,,,,0
23080959,1.0,51,,,,,0
23080959,1.0,52,,,,,0
23080959,1.0,53,,,,,0
23080959,1.0,54,,,,,0
23080959,1.0,55,,,,,0
23080959,1.0,56,,,,,0
23080959,1.0,57,,,,,0
23080959,1.0,58,,,,,0
23080959,1.0,59,,,,,0
23080959,1.0,60,,,,,0
80557167,1.0,1,,,,,0
80557167,1.0,2,,,,,0
80557167,1.0,3,,,,,0
80557167,1.0,4,,,,,0
80557167,1.0,5,,,,,0
80557167,1.0,6,,,,,0
80557167,1.0,7,,,,,0
80557167,1.0,8,,,,,0
80557167,1.0,9,,,,,0
80557167,1.0,10,,,,,0
80557167,1.0,11,,,,,0
80557167,1.0,12,,,,,0
80557167,1.0,13,,,,,0
80557167,1.0,14,,,,,0
80557167,1.0,15,,,,,0
80557167,1.0,16,,,,,0
80557167,1.0,17,,,,,0
80557167,1.0,18,,,,,0
80557167,1.0,19,,,,,0
80557167,1.0,20,,,,,0
80557167,1.0,21,,,,,0
80557167,1.0,22,,,,,0
80557167,1.0,23,,,,,0
80557167,1.0,24,,,,,0
80557167,1.0,25,,,,,0
80557167,1.0,26,,,,,0
80557167,1.0,27,,,,,0
80557167,1.0,28,,,,,0
80557167,1.0,29,,,,,0
80557167,1.0,30,,,,,0
80557167,1.0,31,,,,,0
80557167,1.0,32,,,,,0
80557167,1.0,33,,,,,0
80557167,1.0,34,,,,,0
80557167,1.0,35,,,,,0
80557167,1.0,36,,,,,0
80557167,1.0,37,,,,,0
80557167,1.0,38,,,,,0
80557167,1.0,39,,,,,0
80557167,1.0,40,,,,,0
80557167,1.0,41,,,,,0
80557167,1.0,42,,,,,0
80557167,1.0,43,,,,,0
80557167,1.0,44,,,,,0
80557167,1.0,45,,,,,0
80557167,1.0,46,,,,,0
80557167,1.0,47,,,,,0
80557167,1.0,48,,,,,0
80557167,1.0,49,,,,,0
80557167,1.0,50,,,,,0
80557167,1.0,51,,,,,0
80557167,1.0,52,,,,,0
80557167,1.0,53,,,,,0
80557167,1.0,54,,,,,0
80557167,1.0,55,,,,,0
80557167,1.0,56,,,,,0
80557167,1.0,57,,,,,0
80557167,1.0,58,,,,,0
80557167,1.0,59,,,,,0
80557167,1.0,60,,,,,0
43599269,1.0,1,,,,,0
43599269,1.0,2,,,,,0
43599269,1.0,3,,,,,0
43599269,1.0,4,,,,,0
43599269,1.0,5,,,,,0
43599269,1.0,6,,,,,0
43599269,1.0,7,,,,,0
43599269,1.0,8,,,,,0
43599269,1.0,9,,,,,0
43599269,1.0,10,,,,,0
43599269,1.0,11,,,,,0
43599269,1.0,12,,,,,0
43599269,1.0,13,,,,,0
43599269,1.0,14,,,,,0
43599269,1.0,15,,,,,0
43599269,1.0,16,,,,,0
43599269,1.0,17,,,,,0
43599269,1.0,18,,,,,0
43599269,1.0,19,,,,,0
43599269,1.0,20,,,,,0
43599269,1.0,21,,,,,0
43599269,1.0,22,,,,,0
43599269,1.0,23,,,,,0
43599269,1.0,24,,,,,0
43599269,1.0,25,,,,,0
43599269,1.0,26,,,,,0
43599269,1.0,27,,,,,0
43599269,1.0,28,,,,,0
43599269,1.0,29,,,,,0
43599269,1.0,30,,,,,0
43599269,1.0,31,,,,,0
43599269,1.0,32,,,,,0
43599269,1.0,33,,,,,0
43599269,1.0,34,,,,,0
43599269,1.0,35,,,,,0
43599269,1.0,36,,,,,0
43599269,1.0,37,,,,,0
43599269,1.0,38,,,,,0
43599269,1.0,39,,,,,0
43599269,1.0,40,,,,,0
43599269,1.0,41,,,,,0
43599269,1.0,42,,,,,0
43599269,1.0,43,,,,,0
43599269,1.0,44,,,,,0
43599269,1.0,45,,,,,0
43599269,1.0,46,,,,,0
43599269,1.0,47,,,,,0
43599269,1.0,48,,,,,0
43599269,1.0,49,,,,,0
43599269,1.0,50,,,,,0
43599269,1.0,51,,,,,0
43599269,1.0,52,,,,,0
43599269,1.0,53,,,,,0
43599269,1.0,54,,,,,0
43599269,1.0,55,,,,,0
43599269,1.0,56,,,,,0
43599269,1.0,57,,,,,0
43599269,1.0,58,,,,,0
43599269,1.0,59,,,,,0
43599269,1.0,60,,,,,0
52428575,1.0,1,,,,,0
52428575,1.0,2,,,,,0
52428575,1.0,3,,,,,0
52428575,1.0,4,,,,,0
52428575,1.0,5,,,,,0
52428575,1.0,6,,,,,0
52428575,1.0,7,,,,,0
52428575,1.0,8,,,,,0
52428575,1.0,9,,,,,0
52428575,1.0,10,,,,,0
52428575,1.0,11,,,,,0
52428575,1.0,12,,,,,0
52428575,1.0,13,,,,,0
52428575,1.0,14,,,,,0
52428575,1.0,15,,,,,0
52428575,1.0,16,,,,,0
52428575,1.0,17,,,,,0
52428575,1.0,18,,,,,0
52428575,1.0,19,,,,,0
52428575,1.0,20,,,,,0
52428575,1.0,21,,,,,0
52428575,1.0,22,,,,,0
52428575,1.0,23,,,,,0
52428575,1.0,24,,,,,0
52428575,1.0,25,,,,,0
52428575,1.0,26,,,,,0
52428575,1.0,27,,,,,0
52428575,1.0,28,,,,,0
52428575,1.0,29,,,,,0
52428575,1.0,30,,,,,0
52428575,1.0,31,,,,,0
52428575,1.0,32,,,,,0
52428575,1.0,33,,,,,0
52428575,1.0,34,,,,,0
52428575,1.0,35,,,,,0
52428575,1.0,36,,,,,0
52428575,1.0,37,,,,,0
52428575,1.0,38,,,,,0
52428575,1.0,39,,,,,0
52428575,1.0,40,,,,,0
52428575,1.0,41,,,,,0
52428575,1.0,42,,,,,0
52428575,1.0,43,,,,,0
52428575,1.0,44,,,,,0
52428575,1.0,45,,,,,0
52428575,1.0,46,,,,,0
52428575,1.0,47,,,,,0
52428575,1.0,48,,,,,0
52428575,1.0,49,,,,,0
52428575,1.0,50,,,,,0
52428575,1.0,51,,,,,0
52428575,1.0,52,,,,,0
52428575,1.0,53,,,,,0
52428575,1.0,54,,,,,0
52428575,1.0,55,,,,,0
52428575,1.0,56,,,,,0
52428575,1.0,57,,,,,0
52428575,1.0,58,,,,,0
52428575,1.0,59,,,,,0
52428575,1.0,60,,,,,0
42158701,1.0,1,,,,,0
42158701,1.0,2,,,,,0
42158701,1.0,3,,,,,0
42158701,1.0,4,,,,,0
42158701,1.0,5,,,,,0
42158701,1.0,6,,,,,0
42158701,1.0,7,,,,,0
42158701,1.0,8,,,,,0
42158701,1.0,9,,,,,0
42158701,1.0,10,,,,,0
42158701,1.0,11,,,,,0
42158701,1.0,12,,,,,0
42158701,1.0,13,,,,,0
42158701,1.0,14,,,,,0
42158701,1.0,15,,,,,0
42158701,1.0,16,,,,,0
42158701,1.0,17,,,,,0
42158701,1.0,18,,,,,0
42158701,1.0,19,,,,,0
42158701,1.0,20,,,,,0
42158701,1.0,21,,,,,0
42158701,1.0,22,,,,,0
42158701,1.0,23,,,,,0
42158701,1.0,24,,,,,0
42158701,1.0,25,,,,,0
42158701,1.0,26,,,,,0
42158701,1.0,27,,,,,0
42158701,1.0,28,,,,,0
42158701,1.0,29,,,,,0
42158701,1.0,30,,,,,0
42158701,1.0,31,,,,,0
42158701,1.0,32,,,,,0
42158701,1.0,33,,,,,0
42158701,1.0,34,,,,,0
42158701,1.0,35,,,,,0
42158701,1.0,36,,,,,0
42158701,1.0,37,,,,,0
42158701,1.0,38,,,,,0
42158701,1.0,39,,,,,0
42158701,1.0,40,,,,,0
42158701,1.0,41,,,,,0
42158701,1.0,42,,,,,0
42158701,1.0,43,,,,,0
42158701,1.0,44,,,,,0
42158701,1.0,45,,,,,0
42158701,1.0,46,,,,,0
42158701,1.0,47,,,,,0
42158701,1.0,48,,,,,0
42158701,1.0,49,,,,,0
42158701,1.0,50,,,,,0
42158701,1.0,51,,,,,0
42158701,1.0,52,,,,,0
42158701,1.0,53,,,,,0
42158701,1.0,54,,,,,0
42158701,1.0,55,,,,,0
42158701,1.0,56,,,,,0
42158701,1.0,57,,,,,0
42158701,1.0,58,,,,,0
42158701,1.0,59,,,,,0
42158701,1.0,60,,,,,0
23437623,1.0,1,,,,,0
23437623,1.0,2,,,,,0
23437623,1.0,3,,,,,0
23437623,1.0,4,,,,,0
23437623,1.0,5,,,,,0
23437623,1.0,6,,,,,0
23437623,1.0,7,,,,,0
23437623,1.0,8,,,,,0
23437623,1.0,9,,,,,0
23437623,1.0,10,,,,,0
23437623,1.0,11,,,,,0
23437623,1.0,12,,,,,0
23437623,1.0,13,,,,,0
23437623,1.0,14,,,,,0
23437623,1.0,15,,,,,0
23437623,1.0,16,,,,,0
23437623,1.0,17,,,,,0
23437623,1.0,18,,,,,0
23437623,1.0,19,,,,,0
23437623,1.0,20,,,,,0
23437623,1.0,21,,,,,0
23437623,1.0,22,,,,,0
23437623,1.0,23,,,,,0
23437623,1.0,24,,,,,0
23437623,1.0,25,,,,,0
23437623,1.0,26,,,,,0
23437623,1.0,27,,,,,0
23437623,1.0,28,,,,,0
23437623,1.0,29,,,,,0
23437623,1.0,30,,,,,0
23437623,1.0,31,,,,,0
23437623,1.0,32,,,,,0
23437623,1.0,33,,,,,0
23437623,1.0,34,,,,,0
23437623,1.0,35,,,,,0
23437623,1.0,36,,,,,0
23437623,1.0,37,,,,,0
23437623,1.0,38,,,,,0
23437623,1.0,39,,,,,0
23437623,1.0,40,,,,,0
23437623,1.0,41,,,,,0
23437623,1.0,42,,,,,0
23437623,1.0,43,,,,,0
23437623,1.0,44,,,,,0
23437623,1.0,45,,,,,0
23437623,1.0,46,,,,,0
23437623,1.0,47,,,,,0
23437623,1.0,48,,,,,0
23437623,1.0,49,,,,,0
23437623,1.0,50,,,,,0
23437623,1.0,51,,,,,0
23437623,1.0,52,,,,,0
23437623,1.0,53,,,,,0
23437623,1.0,54,,,,,0
23437623,1.0,55,,,,,0
23437623,1.0,56,,,,,0
23437623,1.0,57,,,,,0
23437623,1.0,58,,,,,0
23437623,1.0,59,,,,,0
23437623,1.0,60,,,,,0
36311980,1.0,1,,,,,0
36311980,1.0,2,,,,,0
36311980,1.0,3,,,,,0
36311980,1.0,4,,,,,0
36311980,1.0,5,,,,,0
36311980,1.0,6,,,,,0
36311980,1.0,7,,,,,0
36311980,1.0,8,,,,,0
36311980,1.0,9,,,,,0
36311980,1.0,10,,,,,0
36311980,1.0,11,,,,,0
36311980,1.0,12,,,,,0
36311980,1.0,13,,,,,0
36311980,1.0,14,,,,,0
36311980,1.0,15,,,,,0
36311980,1.0,16,,,,,0
36311980,1.0,17,,,,,0
36311980,1.0,18,,,,,0
36311980,1.0,19,,,,,0
36311980,1.0,20,,,,,0
36311980,1.0,21,,,,,0
36311980,1.0,22,,,,,0
36311980,1.0,23,,,,,0
36311980,1.0,24,,,,,0
36311980,1.0,25,,,,,0
36311980,1.0,26,,,,,0
36311980,1.0,27,,,,,0
36311980,1.0,28,,,,,0
36311980,1.0,29,,,,,0
36311980,1.0,30,,,,,0
36311980,1.0,31,,,,,0
36311980,1.0,32,,,,,0
36311980,1.0,33,,,,,0
36311980,1.0,34,,,,,0
36311980,1.0,35,,,,,0
36311980,1.0,36,,,,,0
36311980,1.0,37,,,,,0
36311980,1.0,38,,,,,0
36311980,1.0,39,,,,,0
36311980,1.0,40,,,,,0
36311980,1.0,41,,,,,0
36311980,1.0,42,,,,,0
36311980,1.0,43,,,,,0
36311980,1.0,44,,,,,0
36311980,1.0,45,,,,,0
36311980,1.0,46,,,,,0
36311980,1.0,47,,,,,0
36311980,1.0,48,,,,,0
36311980,1.0,49,,,,,0
36311980,1.0,50,,,,,0
36311980,1.0,51,,,,,0
36311980,1.0,52,,,,,0
36311980,1.0,53,,,,,0
36311980,1.0,54,,,,,0
36311980,1.0,55,,,,,0
36311980,1.0,56,,,,,0
36311980,1.0,57,,,,,0
36311980,1.0,58,,,,,0
36311980,1.0,59,,,,,0
36311980,1.0,60,,,,,0
24840153,1.0,1,,,,,0
24840153,1.0,2,,,,,0
24840153,1.0,3,,,,,0
24840153,1.0,4,,,,,0
24840153,1.0,5,,,,,0
24840153,1.0,6,,,,,0
24840153,1.0,7,,,,,0
24840153,1.0,8,,,,,0
24840153,1.0,9,,,,,0
24840153,1.0,10,,,,,0
24840153,1.0,11,,,,,0
24840153,1.0,12,,,,,0
24840153,1.0,13,,,,,0
24840153,1.0,14,,,,,0
24840153,1.0,15,,,,,0
24840153,1.0,16,,,,,0
24840153,1.0,17,,,,,0
24840153,1.0,18,,,,,0
24840153,1.0,19,,,,,0
24840153,1.0,20,,,,,0
24840153,1.0,21,,,,,0
24840153,1.0,22,,,,,0
24840153,1.0,23,,,,,0
24840153,1.0,24,,,,,0
24840153,1.0,25,,,,,0
24840153,1.0,26,,,,,0
24840153,1.0,27,,,,,0
24840153,1.0,28,,,,,0
24840153,1.0,29,,,,,0
24840153,1.0,30,,,,,0
24840153,1.0,31,,,,,0
24840153,1.0,32,,,,,0
24840153,1.0,33,,,,,0
24840153,1.0,34,,,,,0
24840153,1.0,35,,,,,0
24840153,1.0,36,,,,,0
24840153,1.0,37,,,,,0
24840153,1.0,38,,,,,0
24840153,1.0,39,,,,,0
24840153,1.0,40,,,,,0
24840153,1.0,41,,,,,0
24840153,1.0,42,,,,,0
24840153,1.0,43,,,,,0
24840153,1.0,44,,,,,0
24840153,1.0,45,,,,,0
24840153,1.0,46,,,,,0
24840153,1.0,47,,,,,0
24840153,1.0,48,,,,,0
24840153,1.0,49,,,,,0
24840153,1.0,50,,,,,0
24840153,1.0,51,,,,,0
24840153,1.0,52,,,,,0
24840153,1.0,53,,,,,0
24840153,1.0,54,,,,,0
24840153,1.0,55,,,,,0
24840153,1.0,56,,,,,0
24840153,1.0,57,,,,,0
24840153,1.0,58,,,,,0
24840153,1.0,59,,,,,0
24840153,1.0,60,,,,,0
71004022,1.0,1,,,,,0
71004022,1.0,2,,,,,0
71004022,1.0,3,,,,,0
71004022,1.0,4,,,,,0
71004022,1.0,5,,,,,0
71004022,1.0,6,,,,,0
71004022,1.0,7,,,,,0
71004022,1.0,8,,,,,0
71004022,1.0,9,,,,,0
71004022,1.0,10,,,,,0
71004022,1.0,11,,,,,0
71004022,1.0,12,,,,,0
71004022,1.0,13,,,,,0
71004022,1.0,14,,,,,0
71004022,1.0,15,,,,,0
71004022,1.0,16,,,,,0
71004022,1.0,17,,,,,0
71004022,1.0,18,,,,,0
71004022,1.0,19,,,,,0
71004022,1.0,20,,,,,0
71004022,1.0,21,,,,,0
71004022,1.0,22,,,,,0
71004022,1.0,23,,,,,0
71004022,1.0,24,,,,,0
71004022,1.0,25,,,,,0
71004022,1.0,26,,,,,0
71004022,1.0,27,,,,,0
71004022,1.0,28,,,,,0
71004022,1.0,29,,,,,0
71004022,1.0,30,,,,,0
71004022,1.0,31,,,,,0
71004022,1.0,32,,,,,0
71004022,1.0,33,,,,,0
71004022,1.0,34,,,,,0
71004022,1.0,35,,,,,0
71004022,1.0,36,,,,,0
71004022,1.0,37,,,,,0
71004022,1.0,38,,,,,0
71004022,1.0,39,,,,,0
71004022,1.0,40,,,,,0
71004022,1.0,41,,,,,0
71004022,1.0,42,,,,,0
71004022,1.0,43,,,,,0
71004022,1.0,44,,,,,0
71004022,1.0,45,,,,,0
71004022,1.0,46,,,,,0
71004022,1.0,47,,,,,0
71004022,1.0,48,,,,,0
71004022,1.0,49,,,,,0
71004022,1.0,50,,,,,0
71004022,1.0,51,,,,,0
71004022,1.0,52,,,,,0
71004022,1.0,53,,,,,0
71004022,1.0,54,,,,,0
71004022,1.0,55,,,,,0
71004022,1.0,56,,,,,0
71004022,1.0,57,,,,,0
71004022,1.0,58,,,,,0
71004022,1.0,59,,,,,0
71004022,1.0,60,,,,,0
30471976,1.0,1,,,,,0
30471976,1.0,2,,,,,0
30471976,1.0,3,,,,,0
30471976,1.0,4,,,,,0
30471976,1.0,5,,,,,0
30471976,1.0,6,,,,,0
30471976,1.0,7,,,,,0
30471976,1.0,8,,,,,0
30471976,1.0,9,,,,,0
30471976,1.0,10,,,,,0
30471976,1.0,11,,,,,0
30471976,1.0,12,,,,,0
30471976,1.0,13,,,,,0
30471976,1.0,14,,,,,0
30471976,1.0,15,,,,,0
30471976,1.0,16,,,,,0
30471976,1.0,17,,,,,0
30471976,1.0,18,,,,,0
30471976,1.0,19,,,,,0
30471976,1.0,20,,,,,0
30471976,1.0,21,,,,,0
30471976,1.0,22,,,,,0
30471976,1.0,23,,,,,0
30471976,1.0,24,,,,,0
30471976,1.0,25,,,,,0
30471976,1.0,26,,,,,0
30471976,1.0,27,,,,,0
30471976,1.0,28,,,,,0
30471976,1.0,29,,,,,0
30471976,1.0,30,,,,,0
30471976,1.0,31,,,,,0
30471976,1.0,32,,,,,0
30471976,1.0,33,,,,,0
30471976,1.0,34,,,,,0
30471976,1.0,35,,,,,0
30471976,1.0,36,,,,,0
30471976,1.0,37,,,,,0
30471976,1.0,38,,,,,0
30471976,1.0,39,,,,,0
30471976,1.0,40,,,,,0
30471976,1.0,41,,,,,0
30471976,1.0,42,,,,,0
30471976,1.0,43,,,,,0
30471976,1.0,44,,,,,0
30471976,1.0,45,,,,,0
30471976,1.0,46,,,,,0
30471976,1.0,47,,,,,0
30471976,1.0,48,,,,,0
30471976,1.0,49,,,,,0
30471976,1.0,50,,,,,0
30471976,1.0,51,,,,,0
30471976,1.0,52,,,,,0
30471976,1.0,53,,,,,0
30471976,1.0,54,,,,,0
30471976,1.0,55,,,,,0
30471976,1.0,56,,,,,0
30471976,1.0,57,,,,,0
30471976,1.0,58,,,,,0
30471976,1.0,59,,,,,0
30471976,1.0,60,,,,,0
68281309,1.0,1,,,,,0
68281309,1.0,2,,,,,0
68281309,1.0,3,,,,,0
68281309,1.0,4,,,,,0
68281309,1.0,5,,,,,0
68281309,1.0,6,,,,,0
68281309,1.0,7,,,,,0
68281309,1.0,8,,,,,0
68281309,1.0,9,,,,,0
68281309,1.0,10,,,,,0
68281309,1.0,11,,,,,0
68281309,1.0,12,,,,,0
68281309,1.0,13,,,,,0
68281309,1.0,14,,,,,0
68281309,1.0,15,,,,,0
68281309,1.0,16,,,,,0
68281309,1.0,17,,,,,0
68281309,1.0,18,,,,,0
68281309,1.0,19,,,,,0
68281309,1.0,20,,,,,0
68281309,1.0,21,,,,,0
68281309,1.0,22,,,,,0
68281309,1.0,23,,,,,0
68281309,1.0,24,,,,,0
68281309,1.0,25,,,,,0
68281309,1.0,26,,,,,0
68281309,1.0,27,,,,,0
68281309,1.0,28,,,,,0
68281309,1.0,29,,,,,0
68281309,1.0,30,,,,,0
68281309,1.0,31,,,,,0
68281309,1.0,32,,,,,0
68281309,1.0,33,,,,,0
68281309,1.0,34,,,,,0
68281309,1.0,35,,,,,0
68281309,1.0,36,,,,,0
68281309,1.0,37,,,,,0
68281309,1.0,38,,,,,0
68281309,1.0,39,,,,,0
68281309,1.0,40,,,,,0
68281309,1.0,41,,,,,0
68281309,1.0,42,,,,,0
68281309,1.0,43,,,,,0
68281309,1.0,44,,,,,0
68281309,1.0,45,,,,,0
68281309,1.0,46,,,,,0
68281309,1.0,47,,,,,0
68281309,1.0,48,,,,,0
68281309,1.0,49,,,,,0
68281309,1.0,50,,,,,0
68281309,1.0,51,,,,,0
68281309,1.0,52,,,,,0
68281309,1.0,53,,,,,0
68281309,1.0,54,,,,,0
68281309,1.0,55,,,,,0
68281309,1.0,56,,,,,0
68281309,1.0,57,,,,,0
68281309,1.0,58,,,,,0
68281309,1.0,59,,,,,0
68281309,1.0,60,,,,,0
50317203,1.0,1,,,,,0
50317203,1.0,2,,,,,0
50317203,1.0,3,,,,,0
50317203,1.0,4,,,,,0
50317203,1.0,5,,,,,0
50317203,1.0,6,,,,,0
50317203,1.0,7,,,,,0
50317203,1.0,8,,,,,0
50317203,1.0,9,,,,,0
50317203,1.0,10,,,,,0
50317203,1.0,11,,,,,0
50317203,1.0,12,,,,,0
50317203,1.0,13,,,,,0
50317203,1.0,14,,,,,0
50317203,1.0,15,,,,,0
50317203,1.0,16,,,,,0
50317203,1.0,17,,,,,0
50317203,1.0,18,,,,,0
50317203,1.0,19,,,,,0
50317203,1.0,20,,,,,0
50317203,1.0,21,,,,,0
50317203,1.0,22,,,,,0
50317203,1.0,23,,,,,0
50317203,1.0,24,,,,,0
50317203,1.0,25,,,,,0
50317203,1.0,26,,,,,0
50317203,1.0,27,,,,,0
50317203,1.0,28,,,,,0
50317203,1.0,29,,,,,0
50317203,1.0,30,,,,,0
50317203,1.0,31,,,,,0
50317203,1.0,32,,,,,0
50317203,1.0,33,,,,,0
50317203,1.0,34,,,,,0
50317203,1.0,35,,,,,0
50317203,1.0,36,,,,,0
50317203,1.0,37,,,,,0
50317203,1.0,38,,,,,0
50317203,1.0,39,,,,,0
50317203,1.0,40,,,,,0
50317203,1.0,41,,,,,0
50317203,1.0,42,,,,,0
50317203,1.0,43,,,,,0
50317203,1.0,44,,,,,0
50317203,1.0,45,,,,,0
50317203,1.0,46,,,,,0
50317203,1.0,47,,,,,0
50317203,1.0,48,,,,,0
50317203,1.0,49,,,,,0
50317203,1.0,50,,,,,0
50317203,1.0,51,,,,,0
50317203,1.0,52,,,,,0
50317203,1.0,53,,,,,0
50317203,1.0,54,,,,,0
50317203,1.0,55,,,,,0
50317203,1.0,56,,,,,0
50317203,1.0,57,,,,,0
50317203,1.0,58,,,,,0
50317203,1.0,59,,,,,0
50317203,1.0,60,,,,,0
98840876,1.0,1,,,,,0
98840876,1.0,2,,,,,0
98840876,1.0,3,,,,,0
98840876,1.0,4,,,,,0
98840876,1.0,5,,,,,0
98840876,1.0,6,,,,,0
98840876,1.0,7,,,,,0
98840876,1.0,8,,,,,0
98840876,1.0,9,,,,,0
98840876,1.0,10,,,,,0
98840876,1.0,11,,,,,0
98840876,1.0,12,,,,,0
98840876,1.0,13,,,,,0
98840876,1.0,14,,,,,0
98840876,1.0,15,,,,,0
98840876,1.0,16,,,,,0
98840876,1.0,17,,,,,0
98840876,1.0,18,,,,,0
98840876,1.0,19,,,,,0
98840876,1.0,20,,,,,0
98840876,1.0,21,,,,,0
98840876,1.0,22,,,,,0
98840876,1.0,23,,,,,0
98840876,1.0,24,,,,,0
98840876,1.0,25,,,,,0
98840876,1.0,26,,,,,0
98840876,1.0,27,,,,,0
98840876,1.0,28,,,,,0
98840876,1.0,29,,,,,0
98840876,1.0,30,,,,,0
98840876,1.0,31,,,,,0
98840876,1.0,32,,,,,0
98840876,1.0,33,,,,,0
98840876,1.0,34,,,,,0
98840876,1.0,35,,,,,0
98840876,1.0,36,,,,,0
98840876,1.0,37,,,,,0
98840876,1.0,38,,,,,0
98840876,1.0,39,,,,,0
98840876,1.0,40,,,,,0
98840876,1.0,41,,,,,0
98840876,1.0,42,,,,,0
98840876,1.0,43,,,,,0
98840876,1.0,44,,,,,0
98840876,1.0,45,,,,,0
98840876,1.0,46,,,,,0
98840876,1.0,47,,,,,0
98840876,1.0,48,,,,,0
98840876,1.0,49,,,,,0
98840876,1.0,50,,,,,0
98840876,1.0,51,,,,,0
98840876,1.0,52,,,,,0
98840876,1.0,53,,,,,0
98840876,1.0,54,,,,,0
98840876,1.0,55,,,,,0
98840876,1.0,56,,,,,0
98840876,1.0,57,,,,,0
98840876,1.0,58,,,,,0
98840876,1.0,59,,,,,0
98840876,1.0,60,,,,,0
13366971,1.0,1,,,,,0
13366971,1.0,2,,,,,0
13366971,1.0,3,,,,,0
13366971,1.0,4,,,,,0
13366971,1.0,5,,,,,0
13366971,1.0,6,,,,,0
13366971,1.0,7,,,,,0
13366971,1.0,8,,,,,0
13366971,1.0,9,,,,,0
13366971,1.0,10,,,,,0
13366971,1.0,11,,,,,0
13366971,1.0,12,,,,,0
13366971,1.0,13,,,,,0
13366971,1.0,14,,,,,0
13366971,1.0,15,,,,,0
13366971,1.0,16,,,,,0
13366971,1.0,17,,,,,0
13366971,1.0,18,,,,,0
13366971,1.0,19,,,,,0
13366971,1.0,20,,,,,0
13366971,1.0,21,,,,,0
13366971,1.0,22,,,,,0
13366971,1.0,23,,,,,0
13366971,1.0,24,,,,,0
13366971,1.0,25,,,,,0
13366971,1.0,26,,,,,0
13366971,1.0,27,,,,,0
13366971,1.0,28,,,,,0
13366971,1.0,29,,,,,0
13366971,1.0,30,,,,,0
13366971,1.0,31,,,,,0
13366971,1.0,32,,,,,0
13366971,1.0,33,,,,,0
13366971,1.0,34,,,,,0
13366971,1.0,35,,,,,0
13366971,1.0,36,,,,,0
13366971,1.0,37,,,,,0
13366971,1.0,38,,,,,0
13366971,1.0,39,,,,,0
13366971,1.0,40,,,,,0
13366971,1.0,41,,,,,0
13366971,1.0,42,,,,,0
13366971,1.0,43,,,,,0
13366971,1.0,44,,,,,0
13366971,1.0,45,,,,,0
13366971,1.0,46,,,,,0
13366971,1.0,47,,,,,0
13366971,1.0,48,,,,,0
13366971,1.0,49,,,,,0
13366971,1.0,50,,,,,0
13366971,1.0,51,,,,,0
13366971,1.0,52,,,,,0
13366971,1.0,53,,,,,0
13366971,1.0,54,,,,,0
13366971,1.0,55,,,,,0
13366971,1.0,56,,,,,0
13366971,1.0,57,,,,,0
13366971,1.0,58,,,,,0
13366971,1.0,59,,,,,0
13366971,1.0,60,,,,,0
59519472,1.0,1,,,,,0
59519472,1.0,2,,,,,0
59519472,1.0,3,,,,,0
59519472,1.0,4,,,,,0
59519472,1.0,5,,,,,0
59519472,1.0,6,,,,,0
59519472,1.0,7,,,,,0
59519472,1.0,8,,,,,0
59519472,1.0,9,,,,,0
59519472,1.0,10,,,,,0
59519472,1.0,11,,,,,0
59519472,1.0,12,,,,,0
59519472,1.0,13,,,,,0
59519472,1.0,14,,,,,0
59519472,1.0,15,,,,,0
59519472,1.0,16,,,,,0
59519472,1.0,17,,,,,0
59519472,1.0,18,,,,,0
59519472,1.0,19,,,,,0
59519472,1.0,20,,,,,0
59519472,1.0,21,,,,,0
59519472,1.0,22,,,,,0
59519472,1.0,23,,,,,0
59519472,1.0,24,,,,,0
59519472,1.0,25,,,,,0
59519472,1.0,26,,,,,0
59519472,1.0,27,,,,,0
59519472,1.0,28,,,,,0
59519472,1.0,29,,,,,0
59519472,1.0,30,,,,,0
59519472,1.0,31,,,,,0
59519472,1.0,32,,,,,0
59519472,1.0,33,,,,,0
59519472,1.0,34,,,,,0
59519472,1.0,35,,,,,0
59519472,1.0,36,,,,,0
59519472,1.0,37,,,,,0
59519472,1.0,38,,,,,0
59519472,1.0,39,,,,,0
59519472,1.0,40,,,,,0
59519472,1.0,41,,,,,0
59519472,1.0,42,,,,,0
59519472,1.0,43,,,,,0
59519472,1.0,44,,,,,0
59519472,1.0,45,,,,,0
59519472,1.0,46,,,,,0
59519472,1.0,47,,,,,0
59519472,1.0,48,,,,,0
59519472,1.0,49,,,,,0
59519472,1.0,50,,,,,0
59519472,1.0,51,,,,,0
59519472,1.0,52,,,,,0
59519472,1.0,53,,,,,0
59519472,1.0,54,,,,,0
59519472,1.0,55,,,,,0
59519472,1.0,56,,,,,0
59519472,1.0,57,,,,,0
59519472,1.0,58,,,,,0
59519472,1.0,59,,,,,0
59519472,1.0,60,,,,,0
14249434,1.0,1,,,,,0
14249434,1.0,2,,,,,0
14249434,1.0,3,,,,,0
14249434,1.0,4,,,,,0
14249434,1.0,5,,,,,0
14249434,1.0,6,,,,,0
14249434,1.0,7,,,,,0
14249434,1.0,8,,,,,0
14249434,1.0,9,,,,,0
14249434,1.0,10,,,,,0
14249434,1.0,11,,,,,0
14249434,1.0,12,,,,,0
14249434,1.0,13,,,,,0
14249434,1.0,14,,,,,0
14249434,1.0,15,,,,,0
14249434,1.0,16,,,,,0
14249434,1.0,17,,,,,0
14249434,1.0,18,,,,,0
14249434,1.0,19,,,,,0
14249434,1.0,20,,,,,0
14249434,1.0,21,,,,,0
14249434,1.0,22,,,,,0
14249434,1.0,23,,,,,0
14249434,1.0,24,,,,,0
14249434,1.0,25,,,,,0
14249434,1.0,26,,,,,0
14249434,1.0,27,,,,,0
14249434,1.0,28,,,,,0
14249434,1.0,29,,,,,0
14249434,1.0,30,,,,,0
14249434,1.0,31,,,,,0
14249434,1.0,32,,,,,0
14249434,1.0,33,,,,,0
14249434,1.0,34,,,,,0
14249434,1.0,35,,,,,0
14249434,1.0,36,,,,,0
14249434,1.0,37,,,,,0
14249434,1.0,38,,,,,0
14249434,1.0,39,,,,,0
14249434,1.0,40,,,,,0
14249434,1.0,41,,,,,0
14249434,1.0,42,,,,,0
14249434,1.0,43,,,,,0
14249434,1.0,44,,,,,0
14249434,1.0,45,,,,,0
14249434,1.0,46,,,,,0
14249434,1.0,47,,,,,0
14249434,1.0,48,,,,,0
14249434,1.0,49,,,,,0
14249434,1.0,50,,,,,0
14249434,1.0,51,,,,,0
14249434,1.0,52,,,,,0
14249434,1.0,53,,,,,0
14249434,1.0,54,,,,,0
14249434,1.0,55,,,,,0
14249434,1.0,56,,,,,0
14249434,1.0,57,,,,,0
14249434,1.0,58,,,,,0
14249434,1.0,59,,,,,0
14249434,1.0,60,,,,,0
61098896,1.0,1,,,,,0
61098896,1.0,2,,,,,0
61098896,1.0,3,,,,,0
61098896,1.0,4,,,,,0
61098896,1.0,5,,,,,0
61098896,1.0,6,,,,,0
61098896,1.0,7,,,,,0
61098896,1.0,8,,,,,0
61098896,1.0,9,,,,,0
61098896,1.0,10,,,,,0
61098896,1.0,11,,,,,0
61098896,1.0,12,,,,,0
61098896,1.0,13,,,,,0
61098896,1.0,14,,,,,0
61098896,1.0,15,,,,,0
61098896,1.0,16,,,,,0
61098896,1.0,17,,,,,0
61098896,1.0,18,,,,,0
61098896,1.0,19,,,,,0
61098896,1.0,20,,,,,0
61098896,1.0,21,,,,,0
61098896,1.0,22,,,,,0
61098896,1.0,23,,,,,0
61098896,1.0,24,,,,,0
61098896,1.0,25,,,,,0
61098896,1.0,26,,,,,0
61098896,1.0,27,,,,,0
61098896,1.0,28,,,,,0
61098896,1.0,29,,,,,0
61098896,1.0,30,,,,,0
61098896,1.0,31,,,,,0
61098896,1.0,32,,,,,0
61098896,1.0,33,,,,,0
61098896,1.0,34,,,,,0
61098896,1.0,35,,,,,0
61098896,1.0,36,,,,,0
61098896,1.0,37,,,,,0
61098896,1.0,38,,,,,0
61098896,1.0,39,,,,,0
61098896,1.0,40,,,,,0
61098896,1.0,41,,,,,0
61098896,1.0,42,,,,,0
61098896,1.0,43,,,,,0
61098896,1.0,44,,,,,0
61098896,1.0,45,,,,,0
61098896,1.0,46,,,,,0
61098896,1.0,47,,,,,0
61098896,1.0,48,,,,,0
61098896,1.0,49,,,,,0
61098896,1.0,50,,,,,0
61098896,1.0,51,,,,,0
61098896,1.0,52,,,,,0
61098896,1.0,53,,,,,0
61098896,1.0,54,,,,,0
61098896,1.0,55,,,,,0
61098896,1.0,56,,,,,0
61098896,1.0,57,,,,,0
61098896,1.0,58,,,,,0
61098896,1.0,59,,,,,0
61098896,1.0,60,,,,,0
94608841,1.0,1,,,,,0
94608841,1.0,2,,,,,0
94608841,1.0,3,,,,,0
94608841,1.0,4,,,,,0
94608841,1.0,5,,,,,0
94608841,1.0,6,,,,,0
94608841,1.0,7,,,,,0
94608841,1.0,8,,,,,0
94608841,1.0,9,,,,,0
94608841,1.0,10,,,,,0
94608841,1.0,11,,,,,0
94608841,1.0,12,,,,,0
94608841,1.0,13,,,,,0
94608841,1.0,14,,,,,0
94608841,1.0,15,,,,,0
94608841,1.0,16,,,,,0
94608841,1.0,17,,,,,0
94608841,1.0,18,,,,,0
94608841,1.0,19,,,,,0
94608841,1.0,20,,,,,0
94608841,1.0,21,,,,,0
94608841,1.0,22,,,,,0
94608841,1.0,23,,,,,0
94608841,1.0,24,,,,,0
94608841,1.0,25,,,,,0
94608841,1.0,26,,,,,0
94608841,1.0,27,,,,,0
94608841,1.0,28,,,,,0
94608841,1.0,29,,,,,0
94608841,1.0,30,,,,,0
94608841,1.0,31,,,,,0
94608841,1.0,32,,,,,0
94608841,1.0,33,,,,,0
94608841,1.0,34,,,,,0
94608841,1.0,35,,,,,0
94608841,1.0,36,,,,,0
94608841,1.0,37,,,,,0
94608841,1.0,38,,,,,0
94608841,1.0,39,,,,,0
94608841,1.0,40,,,,,0
94608841,1.0,41,,,,,0
94608841,1.0,42,,,,,0
94608841,1.0,43,,,,,0
94608841,1.0,44,,,,,0
94608841,1.0,45,,,,,0
94608841,1.0,46,,,,,0
94608841,1.0,47,,,,,0
94608841,1.0,48,,,,,0
94608841,1.0,49,,,,,0
94608841,1.0,50,,,,,0
94608841,1.0,51,,,,,0
94608841,1.0,52,,,,,0
94608841,1.0,53,,,,,0
94608841,1.0,54,,,,,0
94608841,1.0,55,,,,,0
94608841,1.0,56,,,,,0
94608841,1.0,57,,,,,0
94608841,1.0,58,,,,,0
94608841,1.0,59,,,,,0
94608841,1.0,60,,,,,0
28281275,1.0,1,,,,,0
28281275,1.0,2,,,,,0
28281275,1.0,3,,,,,0
28281275,1.0,4,,,,,0
28281275,1.0,5,,,,,0
28281275,1.0,6,,,,,0
28281275,1.0,7,,,,,0
28281275,1.0,8,,,,,0
28281275,1.0,9,,,,,0
28281275,1.0,10,,,,,0
28281275,1.0,11,,,,,0
28281275,1.0,12,,,,,0
28281275,1.0,13,,,,,0
28281275,1.0,14,,,,,0
28281275,1.0,15,,,,,0
28281275,1.0,16,,,,,0
28281275,1.0,17,,,,,0
28281275,1.0,18,,,,,0
28281275,1.0,19,,,,,0
28281275,1.0,20,,,,,0
28281275,1.0,21,,,,,0
28281275,1.0,22,,,,,0
28281275,1.0,23,,,,,0
28281275,1.0,24,,,,,0
28281275,1.0,25,,,,,0
28281275,1.0,26,,,,,0
28281275,1.0,27,,,,,0
28281275,1.0,28,,,,,0
28281275,1.0,29,,,,,0
28281275,1.0,30,,,,,0
28281275,1.0,31,,,,,0
28281275,1.0,32,,,,,0
28281275,1.0,33,,,,,0
28281275,1.0,34,,,,,0
28281275,1.0,35,,,,,0
28281275,1.0,36,,,,,0
28281275,1.0,37,,,,,0
28281275,1.0,38,,,,,0
28281275,1.0,39,,,,,0
28281275,1.0,40,,,,,0
28281275,1.0,41,,,,,0
28281275,1.0,42,,,,,0
28281275,1.0,43,,,,,0
28281275,1.0,44,,,,,0
28281275,1.0,45,,,,,0
28281275,1.0,46,,,,,0
28281275,1.0,47,,,,,0
28281275,1.0,48,,,,,0
28281275,1.0,49,,,,,0
28281275,1.0,50,,,,,0
28281275,1.0,51,,,,,0
28281275,1.0,52,,,,,0
28281275,1.0,53,,,,,0
28281275,1.0,54,,,,,0
28281275,1.0,55,,,,,0
28281275,1.0,56,,,,,0
28281275,1.0,57,,,,,0
28281275,1.0,58,,,,,0
28281275,1.0,59,,,,,0
28281275,1.0,60,,,,,0
49914236,1.0,1,,,,,0
49914236,1.0,2,,,,,0
49914236,1.0,3,,,,,0
49914236,1.0,4,,,,,0
49914236,1.0,5,,,,,0
49914236,1.0,6,,,,,0
49914236,1.0,7,,,,,0
49914236,1.0,8,,,,,0
49914236,1.0,9,,,,,0
49914236,1.0,10,,,,,0
49914236,1.0,11,,,,,0
49914236,1.0,12,,,,,0
49914236,1.0,13,,,,,0
49914236,1.0,14,,,,,0
49914236,1.0,15,,,,,0
49914236,1.0,16,,,,,0
49914236,1.0,17,,,,,0
49914236,1.0,18,,,,,0
49914236,1.0,19,,,,,0
49914236,1.0,20,,,,,0
49914236,1.0,21,,,,,0
49914236,1.0,22,,,,,0
49914236,1.0,23,,,,,0
49914236,1.0,24,,,,,0
49914236,1.0,25,,,,,0
49914236,1.0,26,,,,,0
49914236,1.0,27,,,,,0
49914236,1.0,28,,,,,0
49914236,1.0,29,,,,,0
49914236,1.0,30,,,,,0
49914236,1.0,31,,,,,0
49914236,1.0,32,,,,,0
49914236,1.0,33,,,,,0
49914236,1.0,34,,,,,0
49914236,1.0,35,,,,,0
49914236,1.0,36,,,,,0
49914236,1.0,37,,,,,0
49914236,1.0,38,,,,,0
49914236,1.0,39,,,,,0
49914236,1.0,40,,,,,0
49914236,1.0,41,,,,,0
49914236,1.0,42,,,,,0
49914236,1.0,43,,,,,0
49914236,1.0,44,,,,,0
49914236,1.0,45,,,,,0
49914236,1.0,46,,,,,0
49914236,1.0,47,,,,,0
49914236,1.0,48,,,,,0
49914236,1.0,49,,,,,0
49914236,1.0,50,,,,,0
49914236,1.0,51,,,,,0
49914236,1.0,52,,,,,0
49914236,1.0,53,,,,,0
49914236,1.0,54,,,,,0
49914236,1.0,55,,,,,0
49914236,1.0,56,,,,,0
49914236,1.0,57,,,,,0
49914236,1.0,58,,,,,0
49914236,1.0,59,,,,,0
49914236,1.0,60,,,,,0
66585273,1.0,1,,,,,0
66585273,1.0,2,,,,,0
66585273,1.0,3,,,,,0
66585273,1.0,4,,,,,0
66585273,1.0,5,,,,,0
66585273,1.0,6,,,,,0
66585273,1.0,7,,,,,0
66585273,1.0,8,,,,,0
66585273,1.0,9,,,,,0
66585273,1.0,10,,,,,0
66585273,1.0,11,,,,,0
66585273,1.0,12,,,,,0
66585273,1.0,13,,,,,0
66585273,1.0,14,,,,,0
66585273,1.0,15,,,,,0
66585273,1.0,16,,,,,0
66585273,1.0,17,,,,,0
66585273,1.0,18,,,,,0
66585273,1.0,19,,,,,0
66585273,1.0,20,,,,,0
66585273,1.0,21,,,,,0
66585273,1.0,22,,,,,0
66585273,1.0,23,,,,,0
66585273,1.0,24,,,,,0
66585273,1.0,25,,,,,0
66585273,1.0,26,,,,,0
66585273,1.0,27,,,,,0
66585273,1.0,28,,,,,0
66585273,1.0,29,,,,,0
66585273,1.0,30,,,,,0
66585273,1.0,31,,,,,0
66585273,1.0,32,,,,,0
66585273,1.0,33,,,,,0
66585273,1.0,34,,,,,0
66585273,1.0,35,,,,,0
66585273,1.0,36,,,,,0
66585273,1.0,37,,,,,0
66585273,1.0,38,,,,,0
66585273,1.0,39,,,,,0
66585273,1.0,40,,,,,0
66585273,1.0,41,,,,,0
66585273,1.0,42,,,,,0
66585273,1.0,43,,,,,0
66585273,1.0,44,,,,,0
66585273,1.0,45,,,,,0
66585273,1.0,46,,,,,0
66585273,1.0,47,,,,,0
66585273,1.0,48,,,,,0
66585273,1.0,49,,,,,0
66585273,1.0,50,,,,,0
66585273,1.0,51,,,,,0
66585273,1.0,52,,,,,0
66585273,1.0,53,,,,,0
66585273,1.0,54,,,,,0
66585273,1.0,55,,,,,0
66585273,1.0,56,,,,,0
66585273,1.0,57,,,,,0
66585273,1.0,58,,,,,0
66585273,1.0,59,,,,,0
66585273,1.0,60,,,,,0
95568826,1.0,1,,,,,0
95568826,1.0,2,,,,,0
95568826,1.0,3,,,,,0
95568826,1.0,4,,,,,0
95568826,1.0,5,,,,,0
95568826,1.0,6,,,,,0
95568826,1.0,7,,,,,0
95568826,1.0,8,,,,,0
95568826,1.0,9,,,,,0
95568826,1.0,10,,,,,0
95568826,1.0,11,,,,,0
95568826,1.0,12,,,,,0
95568826,1.0,13,,,,,0
95568826,1.0,14,,,,,0
95568826,1.0,15,,,,,0
95568826,1.0,16,,,,,0
95568826,1.0,17,,,,,0
95568826,1.0,18,,,,,0
95568826,1.0,19,,,,,0
95568826,1.0,20,,,,,0
95568826,1.0,21,,,,,0
95568826,1.0,22,,,,,0
95568826,1.0,23,,,,,0
95568826,1.0,24,,,,,0
95568826,1.0,25,,,,,0
95568826,1.0,26,,,,,0
95568826,1.0,27,,,,,0
95568826,1.0,28,,,,,0
95568826,1.0,29,,,,,0
95568826,1.0,30,,,,,0
95568826,1.0,31,,,,,0
95568826,1.0,32,,,,,0
95568826,1.0,33,,,,,0
95568826,1.0,34,,,,,0
95568826,1.0,35,,,,,0
95568826,1.0,36,,,,,0
95568826,1.0,37,,,,,0
95568826,1.0,38,,,,,0
95568826,1.0,39,,,,,0
95568826,1.0,40,,,,,0
95568826,1.0,41,,,,,0
95568826,1.0,42,,,,,0
95568826,1.0,43,,,,,0
95568826,1.0,44,,,,,0
95568826,1.0,45,,,,,0
95568826,1.0,46,,,,,0
95568826,1.0,47,,,,,0
95568826,1.0,48,,,,,0
95568826,1.0,49,,,,,0
95568826,1.0,50,,,,,0
95568826,1.0,51,,,,,0
95568826,1.0,52,,,,,0
95568826,1.0,53,,,,,0
95568826,1.0,54,,,,,0
95568826,1.0,55,,,,,0
95568826,1.0,56,,,,,0
95568826,1.0,57,,,,,0
95568826,1.0,58,,,,,0
95568826,1.0,59,,,,,0
95568826,1.0,60,,,,,0
26930816,1.0,1,,,,,0
26930816,1.0,2,,,,,0
26930816,1.0,3,,,,,0
26930816,1.0,4,,,,,0
26930816,1.0,5,,,,,0
26930816,1.0,6,,,,,0
26930816,1.0,7,,,,,0
26930816,1.0,8,,,,,0
26930816,1.0,9,,,,,0
26930816,1.0,10,,,,,0
26930816,1.0,11,,,,,0
26930816,1.0,12,,,,,0
26930816,1.0,13,,,,,0
26930816,1.0,14,,,,,0
26930816,1.0,15,,,,,0
26930816,1.0,16,,,,,0
26930816,1.0,17,,,,,0
26930816,1.0,18,,,,,0
26930816,1.0,19,,,,,0
26930816,1.0,20,,,,,0
26930816,1.0,21,,,,,0
26930816,1.0,22,,,,,0
26930816,1.0,23,,,,,0
26930816,1.0,24,,,,,0
26930816,1.0,25,,,,,0
26930816,1.0,26,,,,,0
26930816,1.0,27,,,,,0
26930816,1.0,28,,,,,0
26930816,1.0,29,,,,,0
26930816,1.0,30,,,,,0
26930816,1.0,31,,,,,0
26930816,1.0,32,,,,,0
26930816,1.0,33,,,,,0
26930816,1.0,34,,,,,0
26930816,1.0,35,,,,,0
26930816,1.0,36,,,,,0
26930816,1.0,37,,,,,0
26930816,1.0,38,,,,,0
26930816,1.0,39,,,,,0
26930816,1.0,40,,,,,0
26930816,1.0,41,,,,,0
26930816,1.0,42,,,,,0
26930816,1.0,43,,,,,0
26930816,1.0,44,,,,,0
26930816,1.0,45,,,,,0
26930816,1.0,46,,,,,0
26930816,1.0,47,,,,,0
26930816,1.0,48,,,,,0
26930816,1.0,49,,,,,0
26930816,1.0,50,,,,,0
26930816,1.0,51,,,,,0
26930816,1.0,52,,,,,0
26930816,1.0,53,,,,,0
26930816,1.0,54,,,,,0
26930816,1.0,55,,,,,0
26930816,1.0,56,,,,,0
26930816,1.0,57,,,,,0
26930816,1.0,58,,,,,0
26930816,1.0,59,,,,,0
26930816,1.0,60,,,,,0
74703479,1.0,1,,,,,0
74703479,1.0,2,,,,,0
74703479,1.0,3,,,,,0
74703479,1.0,4,,,,,0
74703479,1.0,5,,,,,0
74703479,1.0,6,,,,,0
74703479,1.0,7,,,,,0
74703479,1.0,8,,,,,0
74703479,1.0,9,,,,,0
74703479,1.0,10,,,,,0
74703479,1.0,11,,,,,0
74703479,1.0,12,,,,,0
74703479,1.0,13,,,,,0
74703479,1.0,14,,,,,0
74703479,1.0,15,,,,,0
74703479,1.0,16,,,,,0
74703479,1.0,17,,,,,0
74703479,1.0,18,,,,,0
74703479,1.0,19,,,,,0
74703479,1.0,20,,,,,0
74703479,1.0,21,,,,,0
74703479,1.0,22,,,,,0
74703479,1.0,23,,,,,0
74703479,1.0,24,,,,,0
74703479,1.0,25,,,,,0
74703479,1.0,26,,,,,0
74703479,1.0,27,,,,,0
74703479,1.0,28,,,,,0
74703479,1.0,29,,,,,0
74703479,1.0,30,,,,,0
74703479,1.0,31,,,,,0
74703479,1.0,32,,,,,0
74703479,1.0,33,,,,,0
74703479,1.0,34,,,,,0
74703479,1.0,35,,,,,0
74703479,1.0,36,,,,,0
74703479,1.0,37,,,,,0
74703479,1.0,38,,,,,0
74703479,1.0,39,,,,,0
74703479,1.0,40,,,,,0
74703479,1.0,41,,,,,0
74703479,1.0,42,,,,,0
74703479,1.0,43,,,,,0
74703479,1.0,44,,,,,0
74703479,1.0,45,,,,,0
74703479,1.0,46,,,,,0
74703479,1.0,47,,,,,0
74703479,1.0,48,,,,,0
74703479,1.0,49,,,,,0
74703479,1.0,50,,,,,0
74703479,1.0,51,,,,,0
74703479,1.0,52,,,,,0
74703479,1.0,53,,,,,0
74703479,1.0,54,,,,,0
74703479,1.0,55,,,,,0
74703479,1.0,56,,,,,0
74703479,1.0,57,,,,,0
74703479,1.0,58,,,,,0
74703479,1.0,59,,,,,0
74703479,1.0,60,,,,,0
84017238,1.0,1,,,,,0
84017238,1.0,2,59112774,onsite,0.25,0.0,1
84017238,1.0,3,86588848,onsite,0.25,0.0,1
84017238,1.0,4,74536715,onsite,0.2,0.04999999999999999,1
84017238,1.0,5,83834084,onsite,0.25,0.0,1
84017238,1.0,6,23143461,onsite,0.25,0.0,1
84017238,1.0,7,91633982,onsite,0.25,0.0,1
84017238,1.0,8,23143461,onsite,0.25,0.0,1
84017238,1.0,9,59112774,onsite,0.25,0.0,1
84017238,1.0,10,83834084,onsite,0.25,0.0,1
84017238,1.0,11,60766474,onsite,0.25,0.0,1
84017238,1.0,12,72644250,onsite,0.25,0.0,1
84017238,1.0,13,60177649,onsite,0.8,0.19999999999999996,1
84017238,1.0,14,37341972,onsite,1.0,0.0,1
84017238,1.0,15,15522364,onsite,1.0,0.0,1
84017238,1.0,16,89714924,onsite,1.0,0.0,1
84017238,1.0,17,81439291,onsite,0.25,0.0,1
84017238,1.0,18,58114394,onsite,0.6,0.4,1
84017238,1.0,19,85992267,onsite,1.0,0.0,1
84017238,1.0,20,58114394,onsite,0.6,0.4,1
84017238,1.0,21,23977331,onsite,2.0,0.0,1
84017238,1.0,22,99762147,onsite,1.0,0.0,1
84017238,1.0,23,32028183,onsite,2.0,0.0,1
84017238,1.0,24,68299199,onsite,2.0,0.0,1
84017238,1.0,25,54172692,onsite,0.8,0.19999999999999996,1
84017238,1.0,26,,,,,0
84017238,1.0,27,15438252,onsite,2.0,0.0,1
84017238,1.0,28,,,,,0
84017238,1.0,29,73036050,onsite,2.0,0.5,1
84017238,1.0,30,,,,,0
84017238,1.0,31,,,,,0
84017238,1.0,32,,,,,0
84017238,1.0,33,68639486,onsite,2.0,0.0,1
84017238,1.0,34,68076342,onsite,2.5,0.0,1
84017238,1.0,35,95649856,onsite,2.0,0.0,1
84017238,1.0,36,,,,,0
84017238,1.0,37,,,,,0
84017238,1.0,38,,,,,0
84017238,1.0,39,,,,,0
84017238,1.0,40,,,,,0
84017238,1.0,41,,,,,0
84017238,1.0,42,,,,,0
84017238,1.0,43,,,,,0
84017238,1.0,44,,,,,0
84017238,1.0,45,,,,,0
84017238,1.0,46,,,,,0
84017238,1.0,47,,,,,0
84017238,1.0,48,,,,,0
84017238,1.0,49,,,,,0
84017238,1.0,50,,,,,0
84017238,1.0,51,,,,,0
84017238,1.0,52,,,,,0
84017238,1.0,53,,,,,0
84017238,1.0,54,,,,,0
84017238,1.0,55,,,,,0
84017238,1.0,56,,,,,0
84017238,1.0,57,,,,,0
84017238,1.0,58,,,,,0
84017238,1.0,59,,,,,0
84017238,1.0,60,,,,,0
48326765,1.0,1,,,,,0
48326765,1.0,2,,,,,0
48326765,1.0,3,,,,,0
48326765,1.0,4,,,,,0
48326765,1.0,5,,,,,0
48326765,1.0,6,,,,,0
48326765,1.0,7,,,,,0
48326765,1.0,8,,,,,0
48326765,1.0,9,,,,,0
48326765,1.0,10,,,,,0
48326765,1.0,11,,,,,0
48326765,1.0,12,,,,,0
48326765,1.0,13,,,,,0
48326765,1.0,14,,,,,0
48326765,1.0,15,,,,,0
48326765,1.0,16,,,,,0
48326765,1.0,17,,,,,0
48326765,1.0,18,,,,,0
48326765,1.0,19,,,,,0
48326765,1.0,20,,,,,0
48326765,1.0,21,,,,,0
48326765,1.0,22,,,,,0
48326765,1.0,23,,,,,0
48326765,1.0,24,,,,,0
48326765,1.0,25,,,,,0
48326765,1.0,26,,,,,0
48326765,1.0,27,,,,,0
48326765,1.0,28,,,,,0
48326765,1.0,29,,,,,0
48326765,1.0,30,,,,,0
48326765,1.0,31,,,,,0
48326765,1.0,32,,,,,0
48326765,1.0,33,,,,,0
48326765,1.0,34,,,,,0
48326765,1.0,35,,,,,0
48326765,1.0,36,,,,,0
48326765,1.0,37,,,,,0
48326765,1.0,38,,,,,0
48326765,1.0,39,,,,,0
48326765,1.0,40,,,,,0
48326765,1.0,41,,,,,0
48326765,1.0,42,,,,,0
48326765,1.0,43,,,,,0
48326765,1.0,44,,,,,0
48326765,1.0,45,,,,,0
48326765,1.0,46,,,,,0
48326765,1.0,47,,,,,0
48326765,1.0,48,,,,,0
48326765,1.0,49,,,,,0
48326765,1.0,50,,,,,0
48326765,1.0,51,,,,,0
48326765,1.0,52,,,,,0
48326765,1.0,53,,,,,0
48326765,1.0,54,,,,,0
48326765,1.0,55,,,,,0
48326765,1.0,56,,,,,0
48326765,1.0,57,,,,,0
48326765,1.0,58,,,,,0
48326765,1.0,59,,,,,0
48326765,1.0,60,,,,,0
68180881,1.0,1,,,,,0
68180881,1.0,2,,,,,0
68180881,1.0,3,,,,,0
68180881,1.0,4,,,,,0
68180881,1.0,5,,,,,0
68180881,1.0,6,,,,,0
68180881,1.0,7,,,,,0
68180881,1.0,8,,,,,0
68180881,1.0,9,,,,,0
68180881,1.0,10,,,,,0
68180881,1.0,11,,,,,0
68180881,1.0,12,,,,,0
68180881,1.0,13,,,,,0
68180881,1.0,14,,,,,0
68180881,1.0,15,,,,,0
68180881,1.0,16,,,,,0
68180881,1.0,17,,,,,0
68180881,1.0,18,,,,,0
68180881,1.0,19,,,,,0
68180881,1.0,20,,,,,0
68180881,1.0,21,,,,,0
68180881,1.0,22,,,,,0
68180881,1.0,23,,,,,0
68180881,1.0,24,,,,,0
68180881,1.0,25,,,,,0
68180881,1.0,26,,,,,0
68180881,1.0,27,,,,,0
68180881,1.0,28,,,,,0
68180881,1.0,29,,,,,0
68180881,1.0,30,,,,,0
68180881,1.0,31,,,,,0
68180881,1.0,32,,,,,0
68180881,1.0,33,,,,,0
68180881,1.0,34,,,,,0
68180881,1.0,35,,,,,0
68180881,1.0,36,,,,,0
68180881,1.0,37,,,,,0
68180881,1.0,38,,,,,0
68180881,1.0,39,,,,,0
68180881,1.0,40,,,,,0
68180881,1.0,41,,,,,0
68180881,1.0,42,,,,,0
68180881,1.0,43,,,,,0
68180881,1.0,44,,,,,0
68180881,1.0,45,,,,,0
68180881,1.0,46,,,,,0
68180881,1.0,47,,,,,0
68180881,1.0,48,,,,,0
68180881,1.0,49,,,,,0
68180881,1.0,50,,,,,0
68180881,1.0,51,,,,,0
68180881,1.0,52,,,,,0
68180881,1.0,53,,,,,0
68180881,1.0,54,,,,,0
68180881,1.0,55,,,,,0
68180881,1.0,56,,,,,0
68180881,1.0,57,,,,,0
68180881,1.0,58,,,,,0
68180881,1.0,59,,,,,0
68180881,1.0,60,,,,,0
59430808,1.0,1,54502170,online,2.0,0.0,1
59430808,1.0,2,,,,,0
59430808,1.0,3,,,,,0
59430808,1.0,4,,,,,0
59430808,1.0,5,39620107,onsite,0.125,0.0,1
59430808,1.0,6,39620107,onsite,0.125,0.0,1
59430808,1.0,7,39620107,onsite,0.125,0.0,1
59430808,1.0,8,39620107,onsite,0.125,0.0,1
59430808,1.0,9,39620107,onsite,0.125,0.0,1
59430808,1.0,10,39620107,onsite,0.125,0.0,1
59430808,1.0,11,39620107,onsite,0.125,0.0,1
59430808,1.0,12,39620107,onsite,0.125,0.0,1
59430808,1.0,13,,,,,0
59430808,1.0,14,,,,,0
59430808,1.0,15,,,,,0
59430808,1.0,16,,,,,0
59430808,1.0,17,,,,,0
59430808,1.0,18,,,,,0
59430808,1.0,19,53803182,onsite,2.0,0.0,1
59430808,1.0,20,94084217,online,2.0,0.0,1
59430808,1.0,21,82019812,online,2.0,0.0,1
59430808,1.0,22,,,,,0
59430808,1.0,23,,,,,0
59430808,1.0,24,,,,,0
59430808,1.0,25,,,,,0
59430808,1.0,26,,,,,0
59430808,1.0,27,,,,,0
59430808,1.0,28,,,,,0
59430808,1.0,29,,,,,0
59430808,1.0,30,,,,,0
59430808,1.0,31,,,,,0
59430808,1.0,32,11928202,online,3.003003003003003,0.0,1
59430808,1.0,33,,,,,0
59430808,1.0,34,,,,,0
59430808,1.0,35,,,,,0
59430808,1.0,36,,,,,0
59430808,1.0,37,,,,,0
59430808,1.0,38,,,,,0
59430808,1.0,39,,,,,0
59430808,1.0,40,90092190,online,2.0,0.0,1
59430808,1.0,41,,,,,0
59430808,1.0,42,,,,,0
59430808,1.0,43,,,,,0
59430808,1.0,44,,,,,0
59430808,1.0,45,,,,,0
59430808,1.0,46,,,,,0
59430808,1.0,47,,,,,0
59430808,1.0,48,,,,,0
59430808,1.0,49,,,,,0
59430808,1.0,50,,,,,0
59430808,1.0,51,,,,,0
59430808,1.0,52,,,,,0
59430808,1.0,53,,,,,0
59430808,1.0,54,,,,,0
59430808,1.0,55,,,,,0
59430808,1.0,56,,,,,0
59430808,1.0,57,,,,,0
59430808,1.0,58,,,,,0
59430808,1.0,59,,,,,0
59430808,1.0,60,,,,,0
30721082,1.0,1,,,,,0
30721082,1.0,2,44236869,onsite,0.25,0.0,1
30721082,1.0,3,20381941,onsite,0.25,0.0,1
30721082,1.0,4,89165170,onsite,0.25,0.0,1
30721082,1.0,5,60307932,onsite,0.25,0.0,1
30721082,1.0,6,27962354,onsite,0.25,0.0,1
30721082,1.0,7,87278356,onsite,0.25,0.0,1
30721082,1.0,8,20381941,onsite,0.25,0.0,1
30721082,1.0,9,87278356,onsite,0.25,0.0,1
30721082,1.0,10,11689329,onsite,0.25,0.0,1
30721082,1.0,11,82539754,onsite,0.25,0.0,1
30721082,1.0,12,25096968,onsite,0.25,0.0,1
30721082,1.0,13,10660194,onsite,1.0,0.0,1
30721082,1.0,14,,,,,0
30721082,1.0,15,45989712,onsite,0.8,0.19999999999999996,1
30721082,1.0,16,30414857,onsite,1.0,0.0,1
30721082,1.0,17,39391115,onsite,0.8,0.19999999999999996,1
30721082,1.0,18,,,,,0
30721082,1.0,19,58352549,onsite,0.25,0.0,1
30721082,1.0,20,,,,,0
30721082,1.0,21,75087575,onsite,0.15,0.1,1
30721082,1.0,22,,,,,0
30721082,1.0,23,,,,,0
30721082,1.0,24,,,,,0
30721082,1.0,25,62272443,onsite,1.0,0.0,1
30721082,1.0,26,,,,,0
30721082,1.0,27,,,,,0
30721082,1.0,28,,,,,0
30721082,1.0,29,,,,,0
30721082,1.0,30,,,,,0
30721082,1.0,31,97394220,online,2.5,0.0,1
30721082,1.0,32,,,,,0
30721082,1.0,33,,,,,0
30721082,1.0,34,,,,,0
30721082,1.0,35,,,,,0
30721082,1.0,36,,,,,0
30721082,1.0,37,,,,,0
30721082,1.0,38,,,,,0
30721082,1.0,39,,,,,0
30721082,1.0,40,,,,,0
30721082,1.0,41,,,,,0
30721082,1.0,42,,,,,0
30721082,1.0,43,,,,,0
30721082,1.0,44,,,,,0
30721082,1.0,45,,,,,0
30721082,1.0,46,,,,,0
30721082,1.0,47,,,,,0
30721082,1.0,48,,,,,0
30721082,1.0,49,,,,,0
30721082,1.0,50,,,,,0
30721082,1.0,51,,,,,0
30721082,1.0,52,,,,,0
30721082,1.0,53,,,,,0
30721082,1.0,54,,,,,0
30721082,1.0,55,,,,,0
30721082,1.0,56,,,,,0
30721082,1.0,57,,,,,0
30721082,1.0,58,,,,,0
30721082,1.0,59,,,,,0
30721082,1.0,60,,,,,0
49884508,1.0,1,,,,,0
49884508,1.0,2,,,,,0
49884508,1.0,3,,,,,0
49884508,1.0,4,,,,,0
49884508,1.0,5,,,,,0
49884508,1.0,6,,,,,0
49884508,1.0,7,,,,,0
49884508,1.0,8,,,,,0
49884508,1.0,9,,,,,0
49884508,1.0,10,,,,,0
49884508,1.0,11,,,,,0
49884508,1.0,12,,,,,0
49884508,1.0,13,,,,,0
49884508,1.0,14,,,,,0
49884508,1.0,15,,,,,0
49884508,1.0,16,,,,,0
49884508,1.0,17,,,,,0
49884508,1.0,18,,,,,0
49884508,1.0,19,,,,,0
49884508,1.0,20,,,,,0
49884508,1.0,21,,,,,0
49884508,1.0,22,,,,,0
49884508,1.0,23,,,,,0
49884508,1.0,24,,,,,0
49884508,1.0,25,,,,,0
49884508,1.0,26,,,,,0
49884508,1.0,27,,,,,0
49884508,1.0,28,,,,,0
49884508,1.0,29,,,,,0
49884508,1.0,30,,,,,0
49884508,1.0,31,,,,,0
49884508,1.0,32,,,,,0
49884508,1.0,33,,,,,0
49884508,1.0,34,,,,,0
49884508,1.0,35,,,,,0
49884508,1.0,36,,,,,0
49884508,1.0,37,,,,,0
49884508,1.0,38,,,,,0
49884508,1.0,39,,,,,0
49884508,1.0,40,,,,,0
49884508,1.0,41,,,,,0
49884508,1.0,42,,,,,0
49884508,1.0,43,,,,,0
49884508,1.0,44,,,,,0
49884508,1.0,45,,,,,0
49884508,1.0,46,,,,,0
49884508,1.0,47,,,,,0
49884508,1.0,48,,,,,0
49884508,1.0,49,,,,,0
49884508,1.0,50,,,,,0
49884508,1.0,51,,,,,0
49884508,1.0,52,,,,,0
49884508,1.0,53,,,,,0
49884508,1.0,54,,,,,0
49884508,1.0,55,,,,,0
49884508,1.0,56,,,,,0
49884508,1.0,57,,,,,0
49884508,1.0,58,,,,,0
49884508,1.0,59,,,,,0
49884508,1.0,60,,,,,0
25632020,1.0,1,,,,,0
25632020,1.0,2,,,,,0
25632020,1.0,3,,,,,0
25632020,1.0,4,,,,,0
25632020,1.0,5,,,,,0
25632020,1.0,6,,,,,0
25632020,1.0,7,,,,,0
25632020,1.0,8,,,,,0
25632020,1.0,9,,,,,0
25632020,1.0,10,,,,,0
25632020,1.0,11,,,,,0
25632020,1.0,12,,,,,0
25632020,1.0,13,,,,,0
25632020,1.0,14,,,,,0
25632020,1.0,15,,,,,0
25632020,1.0,16,,,,,0
25632020,1.0,17,,,,,0
25632020,1.0,18,,,,,0
25632020,1.0,19,,,,,0
25632020,1.0,20,,,,,0
25632020,1.0,21,,,,,0
25632020,1.0,22,,,,,0
25632020,1.0,23,,,,,0
25632020,1.0,24,,,,,0
25632020,1.0,25,,,,,0
25632020,1.0,26,,,,,0
25632020,1.0,27,,,,,0
25632020,1.0,28,,,,,0
25632020,1.0,29,,,,,0
25632020,1.0,30,,,,,0
25632020,1.0,31,,,,,0
25632020,1.0,32,,,,,0
25632020,1.0,33,,,,,0
25632020,1.0,34,,,,,0
25632020,1.0,35,,,,,0
25632020,1.0,36,,,,,0
25632020,1.0,37,,,,,0
25632020,1.0,38,,,,,0
25632020,1.0,39,,,,,0
25632020,1.0,40,,,,,0
25632020,1.0,41,,,,,0
25632020,1.0,42,,,,,0
25632020,1.0,43,,,,,0
25632020,1.0,44,,,,,0
25632020,1.0,45,,,,,0
25632020,1.0,46,,,,,0
25632020,1.0,47,,,,,0
25632020,1.0,48,,,,,0
25632020,1.0,49,,,,,0
25632020,1.0,50,,,,,0
25632020,1.0,51,,,,,0
25632020,1.0,52,,,,,0
25632020,1.0,53,,,,,0
25632020,1.0,54,,,,,0
25632020,1.0,55,,,,,0
25632020,1.0,56,,,,,0
25632020,1.0,57,,,,,0
25632020,1.0,58,,,,,0
25632020,1.0,59,,,,,0
25632020,1.0,60,,,,,0
68461759,1.0,1,,,,,0
68461759,1.0,2,,,,,0
68461759,1.0,3,,,,,0
68461759,1.0,4,,,,,0
68461759,1.0,5,,,,,0
68461759,1.0,6,,,,,0
68461759,1.0,7,,,,,0
68461759,1.0,8,,,,,0
68461759,1.0,9,,,,,0
68461759,1.0,10,,,,,0
68461759,1.0,11,,,,,0
68461759,1.0,12,,,,,0
68461759,1.0,13,,,,,0
68461759,1.0,14,,,,,0
68461759,1.0,15,,,,,0
68461759,1.0,16,,,,,0
68461759,1.0,17,,,,,0
68461759,1.0,18,,,,,0
68461759,1.0,19,,,,,0
68461759,1.0,20,,,,,0
68461759,1.0,21,,,,,0
68461759,1.0,22,,,,,0
68461759,1.0,23,,,,,0
68461759,1.0,24,,,,,0
68461759,1.0,25,,,,,0
68461759,1.0,26,,,,,0
68461759,1.0,27,,,,,0
68461759,1.0,28,,,,,0
68461759,1.0,29,,,,,0
68461759,1.0,30,,,,,0
68461759,1.0,31,,,,,0
68461759,1.0,32,,,,,0
68461759,1.0,33,,,,,0
68461759,1.0,34,,,,,0
68461759,1.0,35,,,,,0
68461759,1.0,36,,,,,0
68461759,1.0,37,,,,,0
68461759,1.0,38,,,,,0
68461759,1.0,39,,,,,0
68461759,1.0,40,,,,,0
68461759,1.0,41,,,,,0
68461759,1.0,42,,,,,0
68461759,1.0,43,,,,,0
68461759,1.0,44,,,,,0
68461759,1.0,45,,,,,0
68461759,1.0,46,,,,,0
68461759,1.0,47,,,,,0
68461759,1.0,48,,,,,0
68461759,1.0,49,,,,,0
68461759,1.0,50,,,,,0
68461759,1.0,51,,,,,0
68461759,1.0,52,,,,,0
68461759,1.0,53,,,,,0
68461759,1.0,54,,,,,0
68461759,1.0,55,,,,,0
68461759,1.0,56,,,,,0
68461759,1.0,57,,,,,0
68461759,1.0,58,,,,,0
68461759,1.0,59,,,,,0
68461759,1.0,60,,,,,0
52709157,1.0,1,,,,,0
52709157,1.0,2,,,,,0
52709157,1.0,3,,,,,0
52709157,1.0,4,,,,,0
52709157,1.0,5,,,,,0
52709157,1.0,6,,,,,0
52709157,1.0,7,,,,,0
52709157,1.0,8,,,,,0
52709157,1.0,9,,,,,0
52709157,1.0,10,,,,,0
52709157,1.0,11,,,,,0
52709157,1.0,12,,,,,0
52709157,1.0,13,,,,,0
52709157,1.0,14,,,,,0
52709157,1.0,15,,,,,0
52709157,1.0,16,,,,,0
52709157,1.0,17,,,,,0
52709157,1.0,18,,,,,0
52709157,1.0,19,,,,,0
52709157,1.0,20,,,,,0
52709157,1.0,21,,,,,0
52709157,1.0,22,,,,,0
52709157,1.0,23,,,,,0
52709157,1.0,24,,,,,0
52709157,1.0,25,,,,,0
52709157,1.0,26,,,,,0
52709157,1.0,27,,,,,0
52709157,1.0,28,,,,,0
52709157,1.0,29,,,,,0
52709157,1.0,30,,,,,0
52709157,1.0,31,,,,,0
52709157,1.0,32,,,,,0
52709157,1.0,33,,,,,0
52709157,1.0,34,,,,,0
52709157,1.0,35,,,,,0
52709157,1.0,36,,,,,0
52709157,1.0,37,,,,,0
52709157,1.0,38,,,,,0
52709157,1.0,39,,,,,0
52709157,1.0,40,,,,,0
52709157,1.0,41,,,,,0
52709157,1.0,42,,,,,0
52709157,1.0,43,,,,,0
52709157,1.0,44,,,,,0
52709157,1.0,45,,,,,0
52709157,1.0,46,,,,,0
52709157,1.0,47,,,,,0
52709157,1.0,48,,,,,0
52709157,1.0,49,,,,,0
52709157,1.0,50,,,,,0
52709157,1.0,51,,,,,0
52709157,1.0,52,,,,,0
52709157,1.0,53,,,,,0
52709157,1.0,54,,,,,0
52709157,1.0,55,,,,,0
52709157,1.0,56,,,,,0
52709157,1.0,57,,,,,0
52709157,1.0,58,,,,,0
52709157,1.0,59,,,,,0
52709157,1.0,60,,,,,0
95911224,1.0,1,,,,,0
95911224,1.0,2,,,,,0
95911224,1.0,3,,,,,0
95911224,1.0,4,,,,,0
95911224,1.0,5,,,,,0
95911224,1.0,6,,,,,0
95911224,1.0,7,,,,,0
95911224,1.0,8,,,,,0
95911224,1.0,9,,,,,0
95911224,1.0,10,,,,,0
95911224,1.0,11,,,,,0
95911224,1.0,12,,,,,0
95911224,1.0,13,,,,,0
95911224,1.0,14,,,,,0
95911224,1.0,15,,,,,0
95911224,1.0,16,,,,,0
95911224,1.0,17,,,,,0
95911224,1.0,18,,,,,0
95911224,1.0,19,,,,,0
95911224,1.0,20,,,,,0
95911224,1.0,21,,,,,0
95911224,1.0,22,,,,,0
95911224,1.0,23,,,,,0
95911224,1.0,24,,,,,0
95911224,1.0,25,,,,,0
95911224,1.0,26,,,,,0
95911224,1.0,27,,,,,0
95911224,1.0,28,,,,,0
95911224,1.0,29,,,,,0
95911224,1.0,30,,,,,0
95911224,1.0,31,,,,,0
95911224,1.0,32,,,,,0
95911224,1.0,33,,,,,0
95911224,1.0,34,,,,,0
95911224,1.0,35,,,,,0
95911224,1.0,36,,,,,0
95911224,1.0,37,,,,,0
95911224,1.0,38,,,,,0
95911224,1.0,39,,,,,0
95911224,1.0,40,,,,,0
95911224,1.0,41,,,,,0
95911224,1.0,42,,,,,0
95911224,1.0,43,,,,,0
95911224,1.0,44,,,,,0
95911224,1.0,45,,,,,0
95911224,1.0,46,,,,,0
95911224,1.0,47,,,,,0
95911224,1.0,48,,,,,0
95911224,1.0,49,,,,,0
95911224,1.0,50,,,,,0
95911224,1.0,51,,,,,0
95911224,1.0,52,,,,,0
95911224,1.0,53,,,,,0
95911224,1.0,54,,,,,0
95911224,1.0,55,,,,,0
95911224,1.0,56,,,,,0
95911224,1.0,57,,,,,0
95911224,1.0,58,,,,,0
95911224,1.0,59,,,,,0
95911224,1.0,60,,,,,0
31104564,1.0,1,,,,,0
31104564,1.0,2,83678710,onsite,0.125,0.0,1
31104564,1.0,3,27962354,onsite,0.125,0.0,1
31104564,1.0,4,61074242,onsite,0.125,0.0,1
31104564,1.0,5,62609802,onsite,0.125,0.0,1
31104564,1.0,6,62800650,onsite,0.125,0.0,1
31104564,1.0,7,31691472,onsite,0.125,0.0,1
31104564,1.0,8,62800650,onsite,0.125,0.0,1
31104564,1.0,9,44236869,onsite,0.125,0.0,1
31104564,1.0,10,97541237,onsite,0.125,0.0,1
31104564,1.0,11,79193020,onsite,0.125,0.0,1
31104564,1.0,12,15202372,onsite,0.7501875468867217,0.0,1
31104564,1.0,13,27907071,onsite,0.6001500375093775,0.15003750937734428,1
31104564,1.0,14,,,,,0
31104564,1.0,15,76643740,onsite,0.7501875468867217,0.0,1
31104564,1.0,16,94917673,onsite,0.7501875468867217,0.0,1
31104564,1.0,17,21590309,onsite,0.7501875468867217,0.0,1
31104564,1.0,18,,,,,0
31104564,1.0,19,,,,,0
31104564,1.0,20,68152603,onsite,2.0,0.0,1
31104564,1.0,21,,,,,0
31104564,1.0,22,45481156,onsite,2.0,0.0,1
31104564,1.0,23,58352549,onsite,0.125,0.0,1
31104564,1.0,24,28952002,onsite,2.0,0.0,1
31104564,1.0,25,,,,,0
31104564,1.0,26,,,,,0
31104564,1.0,27,,,,,0
31104564,1.0,28,,,,,0
31104564,1.0,29,,,,,0
31104564,1.0,30,,,,,0
31104564,1.0,31,,,,,0
31104564,1.0,32,,,,,0
31104564,1.0,33,,,,,0
31104564,1.0,34,,,,,0
31104564,1.0,35,,,,,0
31104564,1.0,36,,,,,0
31104564,1.0,37,,,,,0
31104564,1.0,38,,,,,0
31104564,1.0,39,,,,,0
31104564,1.0,40,,,,,0
31104564,1.0,41,,,,,0
31104564,1.0,42,,,,,0
31104564,1.0,43,,,,,0
31104564,1.0,44,,,,,0
31104564,1.0,45,,,,,0
31104564,1.0,46,,,,,0
31104564,1.0,47,,,,,0
31104564,1.0,48,,,,,0
31104564,1.0,49,,,,,0
31104564,1.0,50,,,,,0
31104564,1.0,51,,,,,0
31104564,1.0,52,,,,,0
31104564,1.0,53,,,,,0
31104564,1.0,54,,,,,0
31104564,1.0,55,,,,,0
31104564,1.0,56,,,,,0
31104564,1.0,57,,,,,0
31104564,1.0,58,,,,,0
31104564,1.0,59,,,,,0
31104564,1.0,60,,,,,0
73967237,1.0,1,,,,,0
73967237,1.0,2,,,,,0
73967237,1.0,3,,,,,0
73967237,1.0,4,,,,,0
73967237,1.0,5,,,,,0
73967237,1.0,6,,,,,0
73967237,1.0,7,,,,,0
73967237,1.0,8,,,,,0
73967237,1.0,9,,,,,0
73967237,1.0,10,,,,,0
73967237,1.0,11,,,,,0
73967237,1.0,12,,,,,0
73967237,1.0,13,,,,,0
73967237,1.0,14,,,,,0
73967237,1.0,15,,,,,0
73967237,1.0,16,,,,,0
73967237,1.0,17,,,,,0
73967237,1.0,18,,,,,0
73967237,1.0,19,,,,,0
73967237,1.0,20,,,,,0
73967237,1.0,21,,,,,0
73967237,1.0,22,,,,,0
73967237,1.0,23,,,,,0
73967237,1.0,24,,,,,0
73967237,1.0,25,,,,,0
73967237,1.0,26,,,,,0
73967237,1.0,27,,,,,0
73967237,1.0,28,,,,,0
73967237,1.0,29,,,,,0
73967237,1.0,30,,,,,0
73967237,1.0,31,,,,,0
73967237,1.0,32,,,,,0
73967237,1.0,33,,,,,0
73967237,1.0,34,,,,,0
73967237,1.0,35,,,,,0
73967237,1.0,36,,,,,0
73967237,1.0,37,,,,,0
73967237,1.0,38,,,,,0
73967237,1.0,39,,,,,0
73967237,1.0,40,,,,,0
73967237,1.0,41,,,,,0
73967237,1.0,42,,,,,0
73967237,1.0,43,,,,,0
73967237,1.0,44,,,,,0
73967237,1.0,45,,,,,0
73967237,1.0,46,,,,,0
73967237,1.0,47,,,,,0
73967237,1.0,48,,,,,0
73967237,1.0,49,,,,,0
73967237,1.0,50,,,,,0
73967237,1.0,51,,,,,0
73967237,1.0,52,,,,,0
73967237,1.0,53,,,,,0
73967237,1.0,54,,,,,0
73967237,1.0,55,,,,,0
73967237,1.0,56,,,,,0
73967237,1.0,57,,,,,0
73967237,1.0,58,,,,,0
73967237,1.0,59,,,,,0
73967237,1.0,60,,,,,0
10571349,1.0,1,,,,,0
10571349,1.0,2,,,,,0
10571349,1.0,3,,,,,0
10571349,1.0,4,,,,,0
10571349,1.0,5,,,,,0
10571349,1.0,6,,,,,0
10571349,1.0,7,,,,,0
10571349,1.0,8,,,,,0
10571349,1.0,9,,,,,0
10571349,1.0,10,,,,,0
10571349,1.0,11,,,,,0
10571349,1.0,12,,,,,0
10571349,1.0,13,,,,,0
10571349,1.0,14,,,,,0
10571349,1.0,15,,,,,0
10571349,1.0,16,,,,,0
10571349,1.0,17,,,,,0
10571349,1.0,18,,,,,0
10571349,1.0,19,,,,,0
10571349,1.0,20,,,,,0
10571349,1.0,21,,,,,0
10571349,1.0,22,,,,,0
10571349,1.0,23,,,,,0
10571349,1.0,24,,,,,0
10571349,1.0,25,,,,,0
10571349,1.0,26,,,,,0
10571349,1.0,27,,,,,0
10571349,1.0,28,,,,,0
10571349,1.0,29,,,,,0
10571349,1.0,30,,,,,0
10571349,1.0,31,,,,,0
10571349,1.0,32,,,,,0
10571349,1.0,33,,,,,0
10571349,1.0,34,,,,,0
10571349,1.0,35,,,,,0
10571349,1.0,36,,,,,0
10571349,1.0,37,,,,,0
10571349,1.0,38,,,,,0
10571349,1.0,39,,,,,0
10571349,1.0,40,,,,,0
10571349,1.0,41,,,,,0
10571349,1.0,42,,,,,0
10571349,1.0,43,,,,,0
10571349,1.0,44,,,,,0
10571349,1.0,45,,,,,0
10571349,1.0,46,,,,,0
10571349,1.0,47,,,,,0
10571349,1.0,48,,,,,0
10571349,1.0,49,,,,,0
10571349,1.0,50,,,,,0
10571349,1.0,51,,,,,0
10571349,1.0,52,,,,,0
10571349,1.0,53,,,,,0
10571349,1.0,54,,,,,0
10571349,1.0,55,,,,,0
10571349,1.0,56,,,,,0
10571349,1.0,57,,,,,0
10571349,1.0,58,,,,,0
10571349,1.0,59,,,,,0
10571349,1.0,60,,,,,0
63220428,1.0,1,,,,,0
63220428,1.0,2,,,,,0
63220428,1.0,3,,,,,0
63220428,1.0,4,,,,,0
63220428,1.0,5,,,,,0
63220428,1.0,6,,,,,0
63220428,1.0,7,,,,,0
63220428,1.0,8,,,,,0
63220428,1.0,9,,,,,0
63220428,1.0,10,,,,,0
63220428,1.0,11,,,,,0
63220428,1.0,12,,,,,0
63220428,1.0,13,,,,,0
63220428,1.0,14,,,,,0
63220428,1.0,15,,,,,0
63220428,1.0,16,,,,,0
63220428,1.0,17,,,,,0
63220428,1.0,18,,,,,0
63220428,1.0,19,,,,,0
63220428,1.0,20,,,,,0
63220428,1.0,21,,,,,0
63220428,1.0,22,,,,,0
63220428,1.0,23,,,,,0
63220428,1.0,24,,,,,0
63220428,1.0,25,,,,,0
63220428,1.0,26,,,,,0
63220428,1.0,27,,,,,0
63220428,1.0,28,,,,,0
63220428,1.0,29,,,,,0
63220428,1.0,30,,,,,0
63220428,1.0,31,,,,,0
63220428,1.0,32,,,,,0
63220428,1.0,33,,,,,0
63220428,1.0,34,,,,,0
63220428,1.0,35,,,,,0
63220428,1.0,36,,,,,0
63220428,1.0,37,,,,,0
63220428,1.0,38,,,,,0
63220428,1.0,39,,,,,0
63220428,1.0,40,,,,,0
63220428,1.0,41,,,,,0
63220428,1.0,42,,,,,0
63220428,1.0,43,,,,,0
63220428,1.0,44,,,,,0
63220428,1.0,45,,,,,0
63220428,1.0,46,,,,,0
63220428,1.0,47,,,,,0
63220428,1.0,48,,,,,0
63220428,1.0,49,,,,,0
63220428,1.0,50,,,,,0
63220428,1.0,51,,,,,0
63220428,1.0,52,,,,,0
63220428,1.0,53,,,,,0
63220428,1.0,54,,,,,0
63220428,1.0,55,,,,,0
63220428,1.0,56,,,,,0
63220428,1.0,57,,,,,0
63220428,1.0,58,,,,,0
63220428,1.0,59,,,,,0
63220428,1.0,60,,,,,0
69379844,1.0,1,,,,,0
69379844,1.0,2,99435436,onsite,1.0,0.0,1
69379844,1.0,3,42511533,onsite,0.25,0.0,1
69379844,1.0,4,51375328,onsite,0.25,0.0,1
69379844,1.0,5,70843522,onsite,0.25,0.0,1
69379844,1.0,6,51375328,onsite,0.25,0.0,1
69379844,1.0,7,66367478,onsite,0.25,0.0,1
69379844,1.0,8,51375328,onsite,0.25,0.0,1
69379844,1.0,9,58644811,onsite,0.25,0.0,1
69379844,1.0,10,12868813,onsite,0.2,0.04999999999999999,1
69379844,1.0,11,58644811,onsite,0.25,0.0,1
69379844,1.0,12,86519548,onsite,0.25,0.0,1
69379844,1.0,13,97834380,onsite,0.25,0.0,1
69379844,1.0,14,97834380,onsite,0.25,0.0,1
69379844,1.0,15,74624107,onsite,1.0,0.0,1
69379844,1.0,16,,,,,0
69379844,1.0,17,56991996,onsite,1.0,0.0,1
69379844,1.0,18,47158309,onsite,2.0,0.0,1
69379844,1.0,19,82372071,onsite,2.0,0.0,1
69379844,1.0,20,17128602,onsite,1.0,0.0,1
69379844,1.0,21,31160423,onsite,0.25,0.0,1
69379844,1.0,22,31160423,onsite,0.25,0.0,1
69379844,1.0,23,,,,,0
69379844,1.0,24,,,,,0
69379844,1.0,25,68034750,onsite,1.0,0.0,1
69379844,1.0,26,,,,,0
69379844,1.0,27,,,,,0
69379844,1.0,28,17128602,onsite,1.0,0.0,1
69379844,1.0,29,,,,,0
69379844,1.0,30,56953807,onsite,1.0,0.0,1
69379844,1.0,31,,,,,0
69379844,1.0,32,84607862,onsite,2.5,0.0,1
69379844,1.0,33,,,,,0
69379844,1.0,34,,,,,0
69379844,1.0,35,,,,,0
69379844,1.0,36,,,,,0
69379844,1.0,37,,,,,0
69379844,1.0,38,,,,,0
69379844,1.0,39,,,,,0
69379844,1.0,40,,,,,0
69379844,1.0,41,,,,,0
69379844,1.0,42,,,,,0
69379844,1.0,43,,,,,0
69379844,1.0,44,,,,,0
69379844,1.0,45,,,,,0
69379844,1.0,46,,,,,0
69379844,1.0,47,,,,,0
69379844,1.0,48,,,,,0
69379844,1.0,49,,,,,0
69379844,1.0,50,,,,,0
69379844,1.0,51,,,,,0
69379844,1.0,52,,,,,0
69379844,1.0,53,,,,,0
69379844,1.0,54,,,,,0
69379844,1.0,55,,,,,0
69379844,1.0,56,,,,,0
69379844,1.0,57,,,,,0
69379844,1.0,58,,,,,0
69379844,1.0,59,,,,,0
69379844,1.0,60,,,,,0
22286102,1.0,1,,,,,0
22286102,1.0,2,29586110,onsite,0.25,0.0,1
22286102,1.0,3,11689329,onsite,0.25,0.0,1
22286102,1.0,4,83678710,onsite,0.25,0.0,1
22286102,1.0,5,28373297,onsite,0.25,0.0,1
22286102,1.0,6,11362451,onsite,0.25,0.0,1
22286102,1.0,7,97541237,onsite,0.25,0.0,1
22286102,1.0,8,61074242,onsite,0.25,0.0,1
22286102,1.0,9,45924388,onsite,0.25,0.0,1
22286102,1.0,10,64583244,onsite,0.25,0.0,1
22286102,1.0,11,62889091,onsite,0.25,0.0,1
22286102,1.0,12,79193020,onsite,0.25,0.0,1
22286102,1.0,13,25096968,onsite,0.25,0.0,1
22286102,1.0,14,27242419,onsite,1.0,0.0,1
22286102,1.0,15,75623476,onsite,1.0,0.0,1
22286102,1.0,16,,,,,0
22286102,1.0,17,99261454,onsite,0.25,0.0,1
22286102,1.0,18,74609966,onsite,0.25,0.0,1
22286102,1.0,19,,,,,0
22286102,1.0,20,75087575,onsite,0.15,0.1,1
22286102,1.0,21,,,,,0
22286102,1.0,22,,,,,0
22286102,1.0,23,,,,,0
22286102,1.0,24,53044579,onsite,1.2,0.8,1
22286102,1.0,25,,,,,0
22286102,1.0,26,,,,,0
22286102,1.0,27,,,,,0
22286102,1.0,28,,,,,0
22286102,1.0,29,,,,,0
22286102,1.0,30,,,,,0
22286102,1.0,31,68068737,online,2.5,0.0,1
22286102,1.0,32,,,,,0
22286102,1.0,33,,,,,0
22286102,1.0,34,,,,,0
22286102,1.0,35,,,,,0
22286102,1.0,36,,,,,0
22286102,1.0,37,,,,,0
22286102,1.0,38,,,,,0
22286102,1.0,39,,,,,0
22286102,1.0,40,,,,,0
22286102,1.0,41,,,,,0
22286102,1.0,42,,,,,0
22286102,1.0,43,,,,,0
22286102,1.0,44,,,,,0
22286102,1.0,45,,,,,0
22286102,1.0,46,,,,,0
22286102,1.0,47,,,,,0
22286102,1.0,48,,,,,0
22286102,1.0,49,,,,,0
22286102,1.0,50,,,,,0
22286102,1.0,51,,,,,0
22286102,1.0,52,,,,,0
22286102,1.0,53,,,,,0
22286102,1.0,54,,,,,0
22286102,1.0,55,,,,,0
22286102,1.0,56,,,,,0
22286102,1.0,57,,,,,0
22286102,1.0,58,,,,,0
22286102,1.0,59,,,,,0
22286102,1.0,60,,,,,0
90334978,1.0,1,,,,,0
90334978,1.0,2,18658831,onsite,0.125,0.0,1
90334978,1.0,3,29397931,onsite,0.125,0.0,1
90334978,1.0,4,65947359,onsite,0.125,0.0,1
90334978,1.0,5,65498132,onsite,0.125,0.0,1
90334978,1.0,6,10771991,onsite,0.125,0.0,1
90334978,1.0,7,34202490,onsite,0.125,0.0,1
90334978,1.0,8,10771991,onsite,0.125,0.0,1
90334978,1.0,9,88494322,onsite,0.125,0.0,1
90334978,1.0,10,79359054,onsite,0.125,0.0,1
90334978,1.0,11,39086722,onsite,0.125,0.0,1
90334978,1.0,12,39086722,onsite,0.125,0.0,1
90334978,1.0,13,,,,,0
90334978,1.0,14,84345271,onsite,0.7501875468867217,0.0,1
90334978,1.0,15,89367750,onsite,0.125,0.0,1
90334978,1.0,16,19012650,onsite,0.7501875468867217,0.0,1
90334978,1.0,17,61989344,onsite,0.6001500375093775,0.15003750937734428,1
90334978,1.0,18,68360513,onsite,0.7501875468867217,0.0,1
90334978,1.0,19,39449946,onsite,0.7501875468867217,0.0,1
90334978,1.0,20,70926162,onsite,0.7501875468867217,0.0,1
90334978,1.0,21,20243729,onsite,0.125,0.0,1
90334978,1.0,22,20243729,onsite,0.125,0.0,1
90334978,1.0,23,98153648,onsite,2.0,0.0,1
90334978,1.0,24,,,,,0
90334978,1.0,25,66458608,onsite,2.0,0.0,1
90334978,1.0,26,,,,,0
90334978,1.0,27,,,,,0
90334978,1.0,28,,,,,0
90334978,1.0,29,,,,,0
90334978,1.0,30,,,,,0
90334978,1.0,31,,,,,0
90334978,1.0,32,,,,,0
90334978,1.0,33,,,,,0
90334978,1.0,34,,,,,0
90334978,1.0,35,,,,,0
90334978,1.0,36,,,,,0
90334978,1.0,37,,,,,0
90334978,1.0,38,,,,,0
90334978,1.0,39,,,,,0
90334978,1.0,40,,,,,0
90334978,1.0,41,,,,,0
90334978,1.0,42,,,,,0
90334978,1.0,43,,,,,0
90334978,1.0,44,,,,,0
90334978,1.0,45,,,,,0
90334978,1.0,46,,,,,0
90334978,1.0,47,,,,,0
90334978,1.0,48,,,,,0
90334978,1.0,49,,,,,0
90334978,1.0,50,,,,,0
90334978,1.0,51,,,,,0
90334978,1.0,52,,,,,0
90334978,1.0,53,,,,,0
90334978,1.0,54,,,,,0
90334978,1.0,55,,,,,0
90334978,1.0,56,,,,,0
90334978,1.0,57,,,,,0
90334978,1.0,58,,,,,0
90334978,1.0,59,,,,,0
90334978,1.0,60,,,,,0
96146877,1.0,1,,,,,0
96146877,1.0,2,,,,,0
96146877,1.0,3,,,,,0
96146877,1.0,4,,,,,0
96146877,1.0,5,,,,,0
96146877,1.0,6,,,,,0
96146877,1.0,7,,,,,0
96146877,1.0,8,,,,,0
96146877,1.0,9,,,,,0
96146877,1.0,10,,,,,0
96146877,1.0,11,,,,,0
96146877,1.0,12,,,,,0
96146877,1.0,13,,,,,0
96146877,1.0,14,,,,,0
96146877,1.0,15,,,,,0
96146877,1.0,16,,,,,0
96146877,1.0,17,,,,,0
96146877,1.0,18,,,,,0
96146877,1.0,19,,,,,0
96146877,1.0,20,,,,,0
96146877,1.0,21,,,,,0
96146877,1.0,22,,,,,0
96146877,1.0,23,,,,,0
96146877,1.0,24,,,,,0
96146877,1.0,25,,,,,0
96146877,1.0,26,,,,,0
96146877,1.0,27,,,,,0
96146877,1.0,28,,,,,0
96146877,1.0,29,,,,,0
96146877,1.0,30,,,,,0
96146877,1.0,31,,,,,0
96146877,1.0,32,,,,,0
96146877,1.0,33,,,,,0
96146877,1.0,34,,,,,0
96146877,1.0,35,,,,,0
96146877,1.0,36,,,,,0
96146877,1.0,37,,,,,0
96146877,1.0,38,,,,,0
96146877,1.0,39,,,,,0
96146877,1.0,40,,,,,0
96146877,1.0,41,,,,,0
96146877,1.0,42,,,,,0
96146877,1.0,43,,,,,0
96146877,1.0,44,,,,,0
96146877,1.0,45,,,,,0
96146877,1.0,46,,,,,0
96146877,1.0,47,,,,,0
96146877,1.0,48,,,,,0
96146877,1.0,49,,,,,0
96146877,1.0,50,,,,,0
96146877,1.0,51,,,,,0
96146877,1.0,52,,,,,0
96146877,1.0,53,,,,,0
96146877,1.0,54,,,,,0
96146877,1.0,55,,,,,0
96146877,1.0,56,,,,,0
96146877,1.0,57,,,,,0
96146877,1.0,58,,,,,0
96146877,1.0,59,,,,,0
96146877,1.0,60,,,,,0
66643743,1.0,1,75745580,online,2.0,0.0,1
66643743,1.0,2,23143461,onsite,0.25,0.0,1
66643743,1.0,3,91633982,onsite,0.25,0.0,1
66643743,1.0,4,74536715,onsite,0.2,0.04999999999999999,1
66643743,1.0,5,86588848,onsite,0.25,0.0,1
66643743,1.0,6,74536715,onsite,0.2,0.04999999999999999,1
66643743,1.0,7,60766474,onsite,0.25,0.0,1
66643743,1.0,8,60766474,onsite,0.25,0.0,1
66643743,1.0,9,74536715,onsite,0.2,0.04999999999999999,1
66643743,1.0,10,91633982,onsite,0.25,0.0,1
66643743,1.0,11,72644250,onsite,0.25,0.0,1
66643743,1.0,12,72644250,onsite,0.25,0.0,1
66643743,1.0,13,37341972,onsite,1.0,0.0,1
66643743,1.0,14,81439291,onsite,0.25,0.0,1
66643743,1.0,15,,,,,0
66643743,1.0,16,81439291,onsite,0.25,0.0,1
66643743,1.0,17,81439291,onsite,0.25,0.0,1
66643743,1.0,18,80976162,onsite,2.0,0.0,1
66643743,1.0,19,47562933,onsite,2.0,0.0,1
66643743,1.0,20,,,,,0
66643743,1.0,21,,,,,0
66643743,1.0,22,,,,,0
66643743,1.0,23,,,,,0
66643743,1.0,24,62840533,online,2.0,0.0,1
66643743,1.0,25,,,,,0
66643743,1.0,26,61420255,online,2.5,0.0,1
66643743,1.0,27,,,,,0
66643743,1.0,28,31783300,online,2.0,0.0,1
66643743,1.0,29,21378986,online,2.0,0.0,1
66643743,1.0,30,,,,,0
66643743,1.0,31,98828318,online,2.5,0.0,1
66643743,1.0,32,87249450,onsite,2.0,0.0,1
66643743,1.0,33,,,,,0
66643743,1.0,34,,,,,0
66643743,1.0,35,35027658,online,2.5,0.0,1
66643743,1.0,36,,,,,0
66643743,1.0,37,,,,,0
66643743,1.0,38,70104926,online,2.0,0.0,1
66643743,1.0,39,,,,,0
66643743,1.0,40,,,,,0
66643743,1.0,41,,,,,0
66643743,1.0,42,,,,,0
66643743,1.0,43,,,,,0
66643743,1.0,44,,,,,0
66643743,1.0,45,,,,,0
66643743,1.0,46,,,,,0
66643743,1.0,47,,,,,0
66643743,1.0,48,,,,,0
66643743,1.0,49,,,,,0
66643743,1.0,50,,,,,0
66643743,1.0,51,,,,,0
66643743,1.0,52,,,,,0
66643743,1.0,53,,,,,0
66643743,1.0,54,,,,,0
66643743,1.0,55,,,,,0
66643743,1.0,56,,,,,0
66643743,1.0,57,,,,,0
66643743,1.0,58,,,,,0
66643743,1.0,59,,,,,0
66643743,1.0,60,,,,,0
37113544,1.0,1,,,,,0
37113544,1.0,2,11637019,onsite,0.125,0.0,1
37113544,1.0,3,67599722,onsite,0.125,0.0,1
37113544,1.0,4,80534914,onsite,0.125,0.0,1
37113544,1.0,5,86777142,onsite,0.125,0.0,1
37113544,1.0,6,67599722,onsite,0.125,0.0,1
37113544,1.0,7,23389870,onsite,0.125,0.0,1
37113544,1.0,8,23389870,onsite,0.125,0.0,1
37113544,1.0,9,11637019,onsite,0.125,0.0,1
37113544,1.0,10,80534914,onsite,0.125,0.0,1
37113544,1.0,11,80534914,onsite,0.125,0.0,1
37113544,1.0,12,42250196,onsite,0.125,0.0,1
37113544,1.0,13,20471024,onsite,0.7501875468867217,0.0,1
37113544,1.0,14,42250196,onsite,0.125,0.0,1
37113544,1.0,15,76537848,onsite,0.125,0.0,1
37113544,1.0,16,57989492,onsite,0.7501875468867217,0.0,1
37113544,1.0,17,76537848,onsite,0.125,0.0,1
37113544,1.0,18,52711433,onsite,0.7501875468867217,0.0,1
37113544,1.0,19,29582688,onsite,0.7501875468867217,0.0,1
37113544,1.0,20,,,,,0
37113544,1.0,21,,,,,0
37113544,1.0,22,34382975,onsite,0.125,0.0,1
37113544,1.0,23,62429135,onsite,2.0,0.0,1
37113544,1.0,24,,,,,0
37113544,1.0,25,34382975,onsite,0.125,0.0,1
37113544,1.0,26,,,,,0
37113544,1.0,27,34382975,onsite,0.125,0.0,1
37113544,1.0,28,39314202,onsite,0.7501875468867217,0.0,1
37113544,1.0,29,,,,,0
37113544,1.0,30,,,,,0
37113544,1.0,31,,,,,0
37113544,1.0,32,86576632,onsite,2.5,0.0,1
37113544,1.0,33,,,,,0
37113544,1.0,34,,,,,0
37113544,1.0,35,,,,,0
37113544,1.0,36,,,,,0
37113544,1.0,37,,,,,0
37113544,1.0,38,,,,,0
37113544,1.0,39,,,,,0
37113544,1.0,40,,,,,0
37113544,1.0,41,,,,,0
37113544,1.0,42,,,,,0
37113544,1.0,43,,,,,0
37113544,1.0,44,,,,,0
37113544,1.0,45,,,,,0
37113544,1.0,46,,,,,0
37113544,1.0,47,,,,,0
37113544,1.0,48,,,,,0
37113544,1.0,49,,,,,0
37113544,1.0,50,,,,,0
37113544,1.0,51,,,,,0
37113544,1.0,52,,,,,0
37113544,1.0,53,,,,,0
37113544,1.0,54,,,,,0
37113544,1.0,55,,,,,0
37113544,1.0,56,,,,,0
37113544,1.0,57,,,,,0
37113544,1.0,58,,,,,0
37113544,1.0,59,,,,,0
37113544,1.0,60,,,,,0
54636222,1.0,1,,,,,0
54636222,1.0,2,,,,,0
54636222,1.0,3,19727765,onsite,0.1,0.024999999999999994,1
54636222,1.0,4,19727765,onsite,0.1,0.024999999999999994,1
54636222,1.0,5,19727765,onsite,0.1,0.024999999999999994,1
54636222,1.0,6,19727765,onsite,0.1,0.024999999999999994,1
54636222,1.0,7,19727765,onsite,0.1,0.024999999999999994,1
54636222,1.0,8,19727765,onsite,0.1,0.024999999999999994,1
54636222,1.0,9,19727765,onsite,0.1,0.024999999999999994,1
54636222,1.0,10,19727765,onsite,0.1,0.024999999999999994,1
54636222,1.0,11,27243643,onsite,0.125,0.0,1
54636222,1.0,12,,,,,0
54636222,1.0,13,62687338,onsite,0.7501875468867217,0.0,1
54636222,1.0,14,81613075,online,2.0,0.0,1
54636222,1.0,15,,,,,0
54636222,1.0,16,,,,,0
54636222,1.0,17,,,,,0
54636222,1.0,18,,,,,0
54636222,1.0,19,,,,,0
54636222,1.0,20,94141142,onsite,0.1,0.024999999999999994,1
54636222,1.0,21,,,,,0
54636222,1.0,22,66223766,online,2.0,0.0,1
54636222,1.0,23,94141142,onsite,0.1,0.024999999999999994,1
54636222,1.0,24,,,,,0
54636222,1.0,25,,,,,0
54636222,1.0,26,11367941,online,2.5,0.0,1
54636222,1.0,27,,,,,0
54636222,1.0,28,,,,,0
54636222,1.0,29,75276484,online,3.003003003003003,0.0,1
54636222,1.0,30,,,,,0
54636222,1.0,31,,,,,0
54636222,1.0,32,75719762,onsite,2.5,0.0,1
54636222,1.0,33,,,,,0
54636222,1.0,34,,,,,0
54636222,1.0,35,26561241,online,3.003003003003003,0.0,1
54636222,1.0,36,,,,,0
54636222,1.0,37,,,,,0
54636222,1.0,38,,,,,0
54636222,1.0,39,,,,,0
54636222,1.0,40,,,,,0
54636222,1.0,41,,,,,0
54636222,1.0,42,,,,,0
54636222,1.0,43,,,,,0
54636222,1.0,44,,,,,0
54636222,1.0,45,,,,,0
54636222,1.0,46,,,,,0
54636222,1.0,47,,,,,0
54636222,1.0,48,,,,,0
54636222,1.0,49,,,,,0
54636222,1.0,50,,,,,0
54636222,1.0,51,,,,,0
54636222,1.0,52,,,,,0
54636222,1.0,53,,,,,0
54636222,1.0,54,,,,,0
54636222,1.0,55,,,,,0
54636222,1.0,56,,,,,0
54636222,1.0,57,,,,,0
54636222,1.0,58,,,,,0
54636222,1.0,59,,,,,0
54636222,1.0,60,,,,,0
17638931,1.0,1,,,,,0
17638931,1.0,2,,,,,0
17638931,1.0,3,,,,,0
17638931,1.0,4,,,,,0
17638931,1.0,5,,,,,0
17638931,1.0,6,,,,,0
17638931,1.0,7,,,,,0
17638931,1.0,8,,,,,0
17638931,1.0,9,,,,,0
17638931,1.0,10,,,,,0
17638931,1.0,11,,,,,0
17638931,1.0,12,,,,,0
17638931,1.0,13,,,,,0
17638931,1.0,14,,,,,0
17638931,1.0,15,,,,,0
17638931,1.0,16,,,,,0
17638931,1.0,17,,,,,0
17638931,1.0,18,,,,,0
17638931,1.0,19,,,,,0
17638931,1.0,20,,,,,0
17638931,1.0,21,,,,,0
17638931,1.0,22,,,,,0
17638931,1.0,23,,,,,0
17638931,1.0,24,,,,,0
17638931,1.0,25,,,,,0
17638931,1.0,26,,,,,0
17638931,1.0,27,,,,,0
17638931,1.0,28,,,,,0
17638931,1.0,29,,,,,0
17638931,1.0,30,,,,,0
17638931,1.0,31,,,,,0
17638931,1.0,32,,,,,0
17638931,1.0,33,,,,,0
17638931,1.0,34,,,,,0
17638931,1.0,35,,,,,0
17638931,1.0,36,,,,,0
17638931,1.0,37,,,,,0
17638931,1.0,38,,,,,0
17638931,1.0,39,,,,,0
17638931,1.0,40,,,,,0
17638931,1.0,41,,,,,0
17638931,1.0,42,,,,,0
17638931,1.0,43,,,,,0
17638931,1.0,44,,,,,0
17638931,1.0,45,,,,,0
17638931,1.0,46,,,,,0
17638931,1.0,47,,,,,0
17638931,1.0,48,,,,,0
17638931,1.0,49,,,,,0
17638931,1.0,50,,,,,0
17638931,1.0,51,,,,,0
17638931,1.0,52,,,,,0
17638931,1.0,53,,,,,0
17638931,1.0,54,,,,,0
17638931,1.0,55,,,,,0
17638931,1.0,56,,,,,0
17638931,1.0,57,,,,,0
17638931,1.0,58,,,,,0
17638931,1.0,59,,,,,0
17638931,1.0,60,,,,,0
17716919,1.0,1,,,,,0
17716919,1.0,2,,,,,0
17716919,1.0,3,,,,,0
17716919,1.0,4,,,,,0
17716919,1.0,5,,,,,0
17716919,1.0,6,,,,,0
17716919,1.0,7,,,,,0
17716919,1.0,8,,,,,0
17716919,1.0,9,,,,,0
17716919,1.0,10,,,,,0
17716919,1.0,11,,,,,0
17716919,1.0,12,,,,,0
17716919,1.0,13,,,,,0
17716919,1.0,14,,,,,0
17716919,1.0,15,,,,,0
17716919,1.0,16,,,,,0
17716919,1.0,17,,,,,0
17716919,1.0,18,,,,,0
17716919,1.0,19,,,,,0
17716919,1.0,20,,,,,0
17716919,1.0,21,,,,,0
17716919,1.0,22,,,,,0
17716919,1.0,23,,,,,0
17716919,1.0,24,,,,,0
17716919,1.0,25,,,,,0
17716919,1.0,26,,,,,0
17716919,1.0,27,,,,,0
17716919,1.0,28,,,,,0
17716919,1.0,29,,,,,0
17716919,1.0,30,,,,,0
17716919,1.0,31,,,,,0
17716919,1.0,32,,,,,0
17716919,1.0,33,,,,,0
17716919,1.0,34,,,,,0
17716919,1.0,35,,,,,0
17716919,1.0,36,,,,,0
17716919,1.0,37,,,,,0
17716919,1.0,38,,,,,0
17716919,1.0,39,,,,,0
17716919,1.0,40,,,,,0
17716919,1.0,41,,,,,0
17716919,1.0,42,,,,,0
17716919,1.0,43,,,,,0
17716919,1.0,44,,,,,0
17716919,1.0,45,,,,,0
17716919,1.0,46,,,,,0
17716919,1.0,47,,,,,0
17716919,1.0,48,,,,,0
17716919,1.0,49,,,,,0
17716919,1.0,50,,,,,0
17716919,1.0,51,,,,,0
17716919,1.0,52,,,,,0
17716919,1.0,53,,,,,0
17716919,1.0,54,,,,,0
17716919,1.0,55,,,,,0
17716919,1.0,56,,,,,0
17716919,1.0,57,,,,,0
17716919,1.0,58,,,,,0
17716919,1.0,59,,,,,0
17716919,1.0,60,,,,,0
77028593,1.0,1,,,,,0
77028593,1.0,2,,,,,0
77028593,1.0,3,,,,,0
77028593,1.0,4,,,,,0
77028593,1.0,5,,,,,0
77028593,1.0,6,,,,,0
77028593,1.0,7,,,,,0
77028593,1.0,8,,,,,0
77028593,1.0,9,,,,,0
77028593,1.0,10,,,,,0
77028593,1.0,11,,,,,0
77028593,1.0,12,,,,,0
77028593,1.0,13,,,,,0
77028593,1.0,14,,,,,0
77028593,1.0,15,,,,,0
77028593,1.0,16,,,,,0
77028593,1.0,17,,,,,0
77028593,1.0,18,,,,,0
77028593,1.0,19,,,,,0
77028593,1.0,20,,,,,0
77028593,1.0,21,,,,,0
77028593,1.0,22,,,,,0
77028593,1.0,23,,,,,0
77028593,1.0,24,,,,,0
77028593,1.0,25,,,,,0
77028593,1.0,26,,,,,0
77028593,1.0,27,,,,,0
77028593,1.0,28,,,,,0
77028593,1.0,29,,,,,0
77028593,1.0,30,,,,,0
77028593,1.0,31,,,,,0
77028593,1.0,32,,,,,0
77028593,1.0,33,,,,,0
77028593,1.0,34,,,,,0
77028593,1.0,35,,,,,0
77028593,1.0,36,,,,,0
77028593,1.0,37,,,,,0
77028593,1.0,38,,,,,0
77028593,1.0,39,,,,,0
77028593,1.0,40,,,,,0
77028593,1.0,41,,,,,0
77028593,1.0,42,,,,,0
77028593,1.0,43,,,,,0
77028593,1.0,44,,,,,0
77028593,1.0,45,,,,,0
77028593,1.0,46,,,,,0
77028593,1.0,47,,,,,0
77028593,1.0,48,,,,,0
77028593,1.0,49,,,,,0
77028593,1.0,50,,,,,0
77028593,1.0,51,,,,,0
77028593,1.0,52,,,,,0
77028593,1.0,53,,,,,0
77028593,1.0,54,,,,,0
77028593,1.0,55,,,,,0
77028593,1.0,56,,,,,0
77028593,1.0,57,,,,,0
77028593,1.0,58,,,,,0
77028593,1.0,59,,,,,0
77028593,1.0,60,,,,,0
27736764,1.0,1,,,,,0
27736764,1.0,2,,,,,0
27736764,1.0,3,,,,,0
27736764,1.0,4,,,,,0
27736764,1.0,5,,,,,0
27736764,1.0,6,,,,,0
27736764,1.0,7,,,,,0
27736764,1.0,8,,,,,0
27736764,1.0,9,,,,,0
27736764,1.0,10,,,,,0
27736764,1.0,11,,,,,0
27736764,1.0,12,,,,,0
27736764,1.0,13,,,,,0
27736764,1.0,14,,,,,0
27736764,1.0,15,,,,,0
27736764,1.0,16,,,,,0
27736764,1.0,17,,,,,0
27736764,1.0,18,,,,,0
27736764,1.0,19,,,,,0
27736764,1.0,20,,,,,0
27736764,1.0,21,,,,,0
27736764,1.0,22,,,,,0
27736764,1.0,23,,,,,0
27736764,1.0,24,,,,,0
27736764,1.0,25,,,,,0
27736764,1.0,26,,,,,0
27736764,1.0,27,,,,,0
27736764,1.0,28,,,,,0
27736764,1.0,29,,,,,0
27736764,1.0,30,,,,,0
27736764,1.0,31,,,,,0
27736764,1.0,32,,,,,0
27736764,1.0,33,,,,,0
27736764,1.0,34,,,,,0
27736764,1.0,35,,,,,0
27736764,1.0,36,,,,,0
27736764,1.0,37,,,,,0
27736764,1.0,38,,,,,0
27736764,1.0,39,,,,,0
27736764,1.0,40,,,,,0
27736764,1.0,41,,,,,0
27736764,1.0,42,,,,,0
27736764,1.0,43,,,,,0
27736764,1.0,44,,,,,0
27736764,1.0,45,,,,,0
27736764,1.0,46,,,,,0
27736764,1.0,47,,,,,0
27736764,1.0,48,,,,,0
27736764,1.0,49,,,,,0
27736764,1.0,50,,,,,0
27736764,1.0,51,,,,,0
27736764,1.0,52,,,,,0
27736764,1.0,53,,,,,0
27736764,1.0,54,,,,,0
27736764,1.0,55,,,,,0
27736764,1.0,56,,,,,0
27736764,1.0,57,,,,,0
27736764,1.0,58,,,,,0
27736764,1.0,59,,,,,0
27736764,1.0,60,,,,,0
50212593,1.0,1,,,,,0
50212593,1.0,2,,,,,0
50212593,1.0,3,,,,,0
50212593,1.0,4,,,,,0
50212593,1.0,5,,,,,0
50212593,1.0,6,,,,,0
50212593,1.0,7,,,,,0
50212593,1.0,8,,,,,0
50212593,1.0,9,,,,,0
50212593,1.0,10,,,,,0
50212593,1.0,11,,,,,0
50212593,1.0,12,,,,,0
50212593,1.0,13,,,,,0
50212593,1.0,14,,,,,0
50212593,1.0,15,,,,,0
50212593,1.0,16,,,,,0
50212593,1.0,17,,,,,0
50212593,1.0,18,,,,,0
50212593,1.0,19,,,,,0
50212593,1.0,20,,,,,0
50212593,1.0,21,,,,,0
50212593,1.0,22,,,,,0
50212593,1.0,23,,,,,0
50212593,1.0,24,,,,,0
50212593,1.0,25,,,,,0
50212593,1.0,26,,,,,0
50212593,1.0,27,,,,,0
50212593,1.0,28,,,,,0
50212593,1.0,29,,,,,0
50212593,1.0,30,,,,,0
50212593,1.0,31,,,,,0
50212593,1.0,32,,,,,0
50212593,1.0,33,,,,,0
50212593,1.0,34,,,,,0
50212593,1.0,35,,,,,0
50212593,1.0,36,,,,,0
50212593,1.0,37,,,,,0
50212593,1.0,38,,,,,0
50212593,1.0,39,,,,,0
50212593,1.0,40,,,,,0
50212593,1.0,41,,,,,0
50212593,1.0,42,,,,,0
50212593,1.0,43,,,,,0
50212593,1.0,44,,,,,0
50212593,1.0,45,,,,,0
50212593,1.0,46,,,,,0
50212593,1.0,47,,,,,0
50212593,1.0,48,,,,,0
50212593,1.0,49,,,,,0
50212593,1.0,50,,,,,0
50212593,1.0,51,,,,,0
50212593,1.0,52,,,,,0
50212593,1.0,53,,,,,0
50212593,1.0,54,,,,,0
50212593,1.0,55,,,,,0
50212593,1.0,56,,,,,0
50212593,1.0,57,,,,,0
50212593,1.0,58,,,,,0
50212593,1.0,59,,,,,0
50212593,1.0,60,,,,,0
68562084,1.0,1,,,,,0
68562084,1.0,2,,,,,0
68562084,1.0,3,,,,,0
68562084,1.0,4,,,,,0
68562084,1.0,5,,,,,0
68562084,1.0,6,,,,,0
68562084,1.0,7,,,,,0
68562084,1.0,8,,,,,0
68562084,1.0,9,,,,,0
68562084,1.0,10,,,,,0
68562084,1.0,11,,,,,0
68562084,1.0,12,,,,,0
68562084,1.0,13,,,,,0
68562084,1.0,14,,,,,0
68562084,1.0,15,,,,,0
68562084,1.0,16,,,,,0
68562084,1.0,17,,,,,0
68562084,1.0,18,,,,,0
68562084,1.0,19,,,,,0
68562084,1.0,20,,,,,0
68562084,1.0,21,,,,,0
68562084,1.0,22,,,,,0
68562084,1.0,23,,,,,0
68562084,1.0,24,,,,,0
68562084,1.0,25,,,,,0
68562084,1.0,26,,,,,0
68562084,1.0,27,,,,,0
68562084,1.0,28,,,,,0
68562084,1.0,29,,,,,0
68562084,1.0,30,,,,,0
68562084,1.0,31,,,,,0
68562084,1.0,32,,,,,0
68562084,1.0,33,,,,,0
68562084,1.0,34,,,,,0
68562084,1.0,35,,,,,0
68562084,1.0,36,,,,,0
68562084,1.0,37,,,,,0
68562084,1.0,38,,,,,0
68562084,1.0,39,,,,,0
68562084,1.0,40,,,,,0
68562084,1.0,41,,,,,0
68562084,1.0,42,,,,,0
68562084,1.0,43,,,,,0
68562084,1.0,44,,,,,0
68562084,1.0,45,,,,,0
68562084,1.0,46,,,,,0
68562084,1.0,47,,,,,0
68562084,1.0,48,,,,,0
68562084,1.0,49,,,,,0
68562084,1.0,50,,,,,0
68562084,1.0,51,,,,,0
68562084,1.0,52,,,,,0
68562084,1.0,53,,,,,0
68562084,1.0,54,,,,,0
68562084,1.0,55,,,,,0
68562084,1.0,56,,,,,0
68562084,1.0,57,,,,,0
68562084,1.0,58,,,,,0
68562084,1.0,59,,,,,0
68562084,1.0,60,,,,,0
57398549,1.0,1,,,,,0
57398549,1.0,2,,,,,0
57398549,1.0,3,,,,,0
57398549,1.0,4,,,,,0
57398549,1.0,5,,,,,0
57398549,1.0,6,,,,,0
57398549,1.0,7,,,,,0
57398549,1.0,8,,,,,0
57398549,1.0,9,,,,,0
57398549,1.0,10,,,,,0
57398549,1.0,11,,,,,0
57398549,1.0,12,,,,,0
57398549,1.0,13,,,,,0
57398549,1.0,14,,,,,0
57398549,1.0,15,,,,,0
57398549,1.0,16,,,,,0
57398549,1.0,17,,,,,0
57398549,1.0,18,,,,,0
57398549,1.0,19,,,,,0
57398549,1.0,20,,,,,0
57398549,1.0,21,,,,,0
57398549,1.0,22,,,,,0
57398549,1.0,23,,,,,0
57398549,1.0,24,,,,,0
57398549,1.0,25,,,,,0
57398549,1.0,26,,,,,0
57398549,1.0,27,,,,,0
57398549,1.0,28,,,,,0
57398549,1.0,29,,,,,0
57398549,1.0,30,,,,,0
57398549,1.0,31,,,,,0
57398549,1.0,32,,,,,0
57398549,1.0,33,,,,,0
57398549,1.0,34,,,,,0
57398549,1.0,35,,,,,0
57398549,1.0,36,,,,,0
57398549,1.0,37,,,,,0
57398549,1.0,38,,,,,0
57398549,1.0,39,,,,,0
57398549,1.0,40,,,,,0
57398549,1.0,41,,,,,0
57398549,1.0,42,,,,,0
57398549,1.0,43,,,,,0
57398549,1.0,44,,,,,0
57398549,1.0,45,,,,,0
57398549,1.0,46,,,,,0
57398549,1.0,47,,,,,0
57398549,1.0,48,,,,,0
57398549,1.0,49,,,,,0
57398549,1.0,50,,,,,0
57398549,1.0,51,,,,,0
57398549,1.0,52,,,,,0
57398549,1.0,53,,,,,0
57398549,1.0,54,,,,,0
57398549,1.0,55,,,,,0
57398549,1.0,56,,,,,0
57398549,1.0,57,,,,,0
57398549,1.0,58,,,,,0
57398549,1.0,59,,,,,0
57398549,1.0,60,,,,,0
96399702,1.0,1,,,,,0
96399702,1.0,2,80382046,onsite,0.6001500375093775,0.15003750937734428,1
96399702,1.0,3,58445260,onsite,0.125,0.0,1
96399702,1.0,4,58445260,onsite,0.125,0.0,1
96399702,1.0,5,64620323,onsite,0.125,0.0,1
96399702,1.0,6,95400612,onsite,0.125,0.0,1
96399702,1.0,7,95400612,onsite,0.125,0.0,1
96399702,1.0,8,58445260,onsite,0.125,0.0,1
96399702,1.0,9,58445260,onsite,0.125,0.0,1
96399702,1.0,10,64620323,onsite,0.125,0.0,1
96399702,1.0,11,54214608,onsite,0.1,0.024999999999999994,1
96399702,1.0,12,92830955,onsite,0.7501875468867217,0.0,1
96399702,1.0,13,85902201,onsite,0.7501875468867217,0.0,1
96399702,1.0,14,92830955,onsite,0.7501875468867217,0.0,1
96399702,1.0,15,54214608,onsite,0.1,0.024999999999999994,1
96399702,1.0,16,54214608,onsite,0.1,0.024999999999999994,1
96399702,1.0,17,54925606,onsite,0.7501875468867217,0.0,1
96399702,1.0,18,85902201,onsite,0.7501875468867217,0.0,1
96399702,1.0,19,,,,,0
96399702,1.0,20,,,,,0
96399702,1.0,21,84530048,onsite,2.0,0.0,1
96399702,1.0,22,98832561,onsite,2.0,0.0,1
96399702,1.0,23,,,,,0
96399702,1.0,24,72040199,onsite,0.7501875468867217,0.0,1
96399702,1.0,25,54827899,onsite,2.0,0.0,1
96399702,1.0,26,,,,,0
96399702,1.0,27,,,,,0
96399702,1.0,28,,,,,0
96399702,1.0,29,,,,,0
96399702,1.0,30,,,,,0
96399702,1.0,31,14912519,onsite,2.5,0.0,1
96399702,1.0,32,,,,,0
96399702,1.0,33,24031181,onsite,0.7501875468867217,0.0,1
96399702,1.0,34,,,,,0
96399702,1.0,35,,,,,0
96399702,1.0,36,,,,,0
96399702,1.0,37,71140260,onsite,0.7999999999999998,1.2000000000000002,1
96399702,1.0,38,,,,,0
96399702,1.0,39,,,,,0
96399702,1.0,40,,,,,0
96399702,1.0,41,,,,,0
96399702,1.0,42,,,,,0
96399702,1.0,43,,,,,0
96399702,1.0,44,,,,,0
96399702,1.0,45,,,,,0
96399702,1.0,46,,,,,0
96399702,1.0,47,,,,,0
96399702,1.0,48,,,,,0
96399702,1.0,49,,,,,0
96399702,1.0,50,,,,,0
96399702,1.0,51,,,,,0
96399702,1.0,52,,,,,0
96399702,1.0,53,,,,,0
96399702,1.0,54,,,,,0
96399702,1.0,55,,,,,0
96399702,1.0,56,,,,,0
96399702,1.0,57,,,,,0
96399702,1.0,58,,,,,0
96399702,1.0,59,,,,,0
96399702,1.0,60,,,,,0
63175059,1.0,1,20407921,onsite,0.25,0.0,1
63175059,1.0,2,62669017,onsite,0.25,0.0,1
63175059,1.0,3,96497996,onsite,0.25,0.0,1
63175059,1.0,4,26000831,onsite,0.25,0.0,1
63175059,1.0,5,13637202,onsite,0.25,0.0,1
63175059,1.0,6,67410106,onsite,0.25,0.0,1
63175059,1.0,7,71760872,onsite,0.25,0.0,1
63175059,1.0,8,26961910,onsite,0.25,0.0,1
63175059,1.0,9,49092192,onsite,0.25,0.0,1
63175059,1.0,10,82408034,onsite,0.25,0.0,1
63175059,1.0,11,97932087,onsite,0.25,0.0,1
63175059,1.0,12,33668434,onsite,0.25,0.0,1
63175059,1.0,13,,,,,0
63175059,1.0,14,66351845,onsite,0.25,0.0,1
63175059,1.0,15,35181090,onsite,1.0,0.0,1
63175059,1.0,16,,,,,0
63175059,1.0,17,,,,,0
63175059,1.0,18,44633479,onsite,2.0,0.0,1
63175059,1.0,19,77585273,onsite,0.25,0.0,1
63175059,1.0,20,76765208,onsite,2.0,0.0,1
63175059,1.0,21,,,,,0
63175059,1.0,22,25168299,onsite,2.0,0.0,1
63175059,1.0,23,30460395,onsite,2.0,0.0,1
63175059,1.0,24,,,,,0
63175059,1.0,25,45174426,onsite,2.0,0.0,1
63175059,1.0,26,,,,,0
63175059,1.0,27,,,,,0
63175059,1.0,28,,,,,0
63175059,1.0,29,35859743,onsite,1.6,0.3999999999999999,1
63175059,1.0,30,,,,,0
63175059,1.0,31,,,,,0
63175059,1.0,32,,,,,0
63175059,1.0,33,,,,,0
63175059,1.0,34,,,,,0
63175059,1.0,35,,,,,0
63175059,1.0,36,,,,,0
63175059,1.0,37,,,,,0
63175059,1.0,38,,,,,0
63175059,1.0,39,,,,,0
63175059,1.0,40,,,,,0
63175059,1.0,41,,,,,0
63175059,1.0,42,,,,,0
63175059,1.0,43,,,,,0
63175059,1.0,44,,,,,0
63175059,1.0,45,,,,,0
63175059,1.0,46,,,,,0
63175059,1.0,47,,,,,0
63175059,1.0,48,,,,,0
63175059,1.0,49,,,,,0
63175059,1.0,50,,,,,0
63175059,1.0,51,,,,,0
63175059,1.0,52,,,,,0
63175059,1.0,53,,,,,0
63175059,1.0,54,,,,,0
63175059,1.0,55,,,,,0
63175059,1.0,56,,,,,0
63175059,1.0,57,,,,,0
63175059,1.0,58,,,,,0
63175059,1.0,59,,,,,0
63175059,1.0,60,,,,,0
39267987,1.0,1,,,,,0
39267987,1.0,2,,,,,0
39267987,1.0,3,19727765,onsite,0.1,0.024999999999999994,1
39267987,1.0,4,27243643,onsite,0.125,0.0,1
39267987,1.0,5,27243643,onsite,0.125,0.0,1
39267987,1.0,6,27243643,onsite,0.125,0.0,1
39267987,1.0,7,19727765,onsite,0.1,0.024999999999999994,1
39267987,1.0,8,27243643,onsite,0.125,0.0,1
39267987,1.0,9,27243643,onsite,0.125,0.0,1
39267987,1.0,10,27243643,onsite,0.125,0.0,1
39267987,1.0,11,27243643,onsite,0.125,0.0,1
39267987,1.0,12,63385788,onsite,0.7501875468867217,0.0,1
39267987,1.0,13,62687338,onsite,0.7501875468867217,0.0,1
39267987,1.0,14,82528579,onsite,0.7501875468867217,0.0,1
39267987,1.0,15,,,,,0
39267987,1.0,16,82528579,onsite,0.7501875468867217,0.0,1
39267987,1.0,17,,,,,0
39267987,1.0,18,63385788,onsite,0.7501875468867217,0.0,1
39267987,1.0,19,,,,,0
39267987,1.0,20,94141142,onsite,0.1,0.024999999999999994,1
39267987,1.0,21,94141142,onsite,0.1,0.024999999999999994,1
39267987,1.0,22,94141142,onsite,0.1,0.024999999999999994,1
39267987,1.0,23,94141142,onsite,0.1,0.024999999999999994,1
39267987,1.0,24,94141142,onsite,0.1,0.024999999999999994,1
39267987,1.0,25,94141142,onsite,0.1,0.024999999999999994,1
39267987,1.0,26,94141142,onsite,0.1,0.024999999999999994,1
39267987,1.0,27,94141142,onsite,0.1,0.024999999999999994,1
39267987,1.0,28,,,,,0
39267987,1.0,29,,,,,0
39267987,1.0,30,,,,,0
39267987,1.0,31,,,,,0
39267987,1.0,32,,,,,0
39267987,1.0,33,,,,,0
39267987,1.0,34,,,,,0
39267987,1.0,35,,,,,0
39267987,1.0,36,,,,,0
39267987,1.0,37,,,,,0
39267987,1.0,38,,,,,0
39267987,1.0,39,,,,,0
39267987,1.0,40,,,,,0
39267987,1.0,41,,,,,0
39267987,1.0,42,,,,,0
39267987,1.0,43,,,,,0
39267987,1.0,44,,,,,0
39267987,1.0,45,,,,,0
39267987,1.0,46,,,,,0
39267987,1.0,47,,,,,0
39267987,1.0,48,,,,,0
39267987,1.0,49,,,,,0
39267987,1.0,50,,,,,0
39267987,1.0,51,,,,,0
39267987,1.0,52,,,,,0
39267987,1.0,53,,,,,0
39267987,1.0,54,,,,,0
39267987,1.0,55,,,,,0
39267987,1.0,56,,,,,0
39267987,1.0,57,,,,,0
39267987,1.0,58,,,,,0
39267987,1.0,59,,,,,0
39267987,1.0,60,,,,,0
24186729,1.0,1,,,,,0
24186729,1.0,2,29586110,onsite,0.25,0.0,1
24186729,1.0,3,11689329,onsite,0.25,0.0,1
24186729,1.0,4,83678710,onsite,0.25,0.0,1
24186729,1.0,5,28373297,onsite,0.25,0.0,1
24186729,1.0,6,11362451,onsite,0.25,0.0,1
24186729,1.0,7,97541237,onsite,0.25,0.0,1
24186729,1.0,8,61074242,onsite,0.25,0.0,1
24186729,1.0,9,45924388,onsite,0.25,0.0,1
24186729,1.0,10,64583244,onsite,0.25,0.0,1
24186729,1.0,11,62889091,onsite,0.25,0.0,1
24186729,1.0,12,79193020,onsite,0.25,0.0,1
24186729,1.0,13,25096968,onsite,0.25,0.0,1
24186729,1.0,14,81657921,onsite,1.0,0.0,1
24186729,1.0,15,,,,,0
24186729,1.0,16,63933354,onsite,0.6,0.4,1
24186729,1.0,17,99261454,onsite,0.25,0.0,1
24186729,1.0,18,74609966,onsite,0.25,0.0,1
24186729,1.0,19,,,,,0
24186729,1.0,20,,,,,0
24186729,1.0,21,75087575,onsite,0.15,0.1,1
24186729,1.0,22,,,,,0
24186729,1.0,23,,,,,0
24186729,1.0,24,67594486,onsite,1.2,0.8,1
24186729,1.0,25,,,,,0
24186729,1.0,26,,,,,0
24186729,1.0,27,,,,,0
24186729,1.0,28,,,,,0
24186729,1.0,29,,,,,0
24186729,1.0,30,,,,,0
24186729,1.0,31,74465705,online,2.5,0.0,1
24186729,1.0,32,,,,,0
24186729,1.0,33,,,,,0
24186729,1.0,34,,,,,0
24186729,1.0,35,,,,,0
24186729,1.0,36,,,,,0
24186729,1.0,37,,,,,0
24186729,1.0,38,,,,,0
24186729,1.0,39,,,,,0
24186729,1.0,40,,,,,0
24186729,1.0,41,,,,,0
24186729,1.0,42,,,,,0
24186729,1.0,43,,,,,0
24186729,1.0,44,,,,,0
24186729,1.0,45,,,,,0
24186729,1.0,46,,,,,0
24186729,1.0,47,,,,,0
24186729,1.0,48,,,,,0
24186729,1.0,49,,,,,0
24186729,1.0,50,,,,,0
24186729,1.0,51,,,,,0
24186729,1.0,52,,,,,0
24186729,1.0,53,,,,,0
24186729,1.0,54,,,,,0
24186729,1.0,55,,,,,0
24186729,1.0,56,,,,,0
24186729,1.0,57,,,,,0
24186729,1.0,58,,,,,0
24186729,1.0,59,,,,,0
24186729,1.0,60,,,,,0
95771836,1.0,1,,,,,0
95771836,1.0,2,10703530,onsite,0.25,0.0,1
95771836,1.0,3,97750287,onsite,0.25,0.0,1
95771836,1.0,4,65947359,onsite,0.25,0.0,1
95771836,1.0,5,93524977,onsite,0.25,0.0,1
95771836,1.0,6,94662445,onsite,0.25,0.0,1
95771836,1.0,7,78796822,onsite,0.2,0.04999999999999999,1
95771836,1.0,8,29397931,onsite,0.25,0.0,1
95771836,1.0,9,94662445,onsite,0.25,0.0,1
95771836,1.0,10,,,,,0
95771836,1.0,11,34202490,onsite,0.25,0.0,1
95771836,1.0,12,,,,,0
95771836,1.0,13,35091151,onsite,0.25,0.0,1
95771836,1.0,14,56387680,onsite,1.0,0.0,1
95771836,1.0,15,30575611,onsite,1.0,0.0,1
95771836,1.0,16,89367750,onsite,0.25,0.0,1
95771836,1.0,17,76648186,onsite,1.0,0.0,1
95771836,1.0,18,90403848,onsite,0.25,0.0,1
95771836,1.0,19,90403848,onsite,0.25,0.0,1
95771836,1.0,20,,,,,0
95771836,1.0,21,20243729,onsite,0.25,0.0,1
95771836,1.0,22,18979824,onsite,0.25,0.0,1
95771836,1.0,23,85897165,onsite,1.0,0.0,1
95771836,1.0,24,63521777,onsite,2.0,0.0,1
95771836,1.0,25,38244721,onsite,0.25,0.0,1
95771836,1.0,26,15011884,onsite,0.25,0.0,1
95771836,1.0,27,15011884,onsite,0.25,0.0,1
95771836,1.0,28,34052085,onsite,2.0,0.0,1
95771836,1.0,29,,,,,0
95771836,1.0,30,,,,,0
95771836,1.0,31,,,,,0
95771836,1.0,32,,,,,0
95771836,1.0,33,,,,,0
95771836,1.0,34,,,,,0
95771836,1.0,35,,,,,0
95771836,1.0,36,,,,,0
95771836,1.0,37,,,,,0
95771836,1.0,38,,,,,0
95771836,1.0,39,,,,,0
95771836,1.0,40,,,,,0
95771836,1.0,41,,,,,0
95771836,1.0,42,,,,,0
95771836,1.0,43,,,,,0
95771836,1.0,44,,,,,0
95771836,1.0,45,,,,,0
95771836,1.0,46,,,,,0
95771836,1.0,47,,,,,0
95771836,1.0,48,,,,,0
95771836,1.0,49,,,,,0
95771836,1.0,50,,,,,0
95771836,1.0,51,,,,,0
95771836,1.0,52,,,,,0
95771836,1.0,53,,,,,0
95771836,1.0,54,,,,,0
95771836,1.0,55,,,,,0
95771836,1.0,56,,,,,0
95771836,1.0,57,,,,,0
95771836,1.0,58,,,,,0
95771836,1.0,59,,,,,0
95771836,1.0,60,,,,,0
88856717,1.0,1,,,,,0
88856717,1.0,2,18658831,onsite,0.125,0.0,1
88856717,1.0,3,29397931,onsite,0.125,0.0,1
88856717,1.0,4,34202490,onsite,0.125,0.0,1
88856717,1.0,5,65498132,onsite,0.125,0.0,1
88856717,1.0,6,10771991,onsite,0.125,0.0,1
88856717,1.0,7,34202490,onsite,0.125,0.0,1
88856717,1.0,8,10771991,onsite,0.125,0.0,1
88856717,1.0,9,88494322,onsite,0.125,0.0,1
88856717,1.0,10,79359054,onsite,0.125,0.0,1
88856717,1.0,11,39086722,onsite,0.125,0.0,1
88856717,1.0,12,39086722,onsite,0.125,0.0,1
88856717,1.0,13,95175090,onsite,0.7501875468867217,0.0,1
88856717,1.0,14,84345271,onsite,0.7501875468867217,0.0,1
88856717,1.0,15,69417955,onsite,2.0,0.0,1
88856717,1.0,16,19012650,onsite,0.7501875468867217,0.0,1
88856717,1.0,17,61989344,onsite,0.6001500375093775,0.15003750937734428,1
88856717,1.0,18,68360513,onsite,0.7501875468867217,0.0,1
88856717,1.0,19,39449946,onsite,0.7501875468867217,0.0,1
88856717,1.0,20,70926162,onsite,0.7501875468867217,0.0,1
88856717,1.0,21,20243729,onsite,0.125,0.0,1
88856717,1.0,22,,,,,0
88856717,1.0,23,87459649,onsite,1.6,0.3999999999999999,1
88856717,1.0,24,90226321,onsite,2.0,0.0,1
88856717,1.0,25,,,,,0
88856717,1.0,26,,,,,0
88856717,1.0,27,,,,,0
88856717,1.0,28,,,,,0
88856717,1.0,29,,,,,0
88856717,1.0,30,,,,,0
88856717,1.0,31,,,,,0
88856717,1.0,32,,,,,0
88856717,1.0,33,,,,,0
88856717,1.0,34,,,,,0
88856717,1.0,35,,,,,0
88856717,1.0,36,,,,,0
88856717,1.0,37,,,,,0
88856717,1.0,38,,,,,0
88856717,1.0,39,,,,,0
88856717,1.0,40,,,,,0
88856717,1.0,41,,,,,0
88856717,1.0,42,,,,,0
88856717,1.0,43,,,,,0
88856717,1.0,44,,,,,0
88856717,1.0,45,,,,,0
88856717,1.0,46,,,,,0
88856717,1.0,47,,,,,0
88856717,1.0,48,,,,,0
88856717,1.0,49,,,,,0
88856717,1.0,50,,,,,0
88856717,1.0,51,,,,,0
88856717,1.0,52,,,,,0
88856717,1.0,53,,,,,0
88856717,1.0,54,,,,,0
88856717,1.0,55,,,,,0
88856717,1.0,56,,,,,0
88856717,1.0,57,,,,,0
88856717,1.0,58,,,,,0
88856717,1.0,59,,,,,0
88856717,1.0,60,,,,,0
99766264,1.0,1,,,,,0
99766264,1.0,2,37946335,onsite,0.125,0.0,1
99766264,1.0,3,94835245,onsite,0.125,0.0,1
99766264,1.0,4,26512783,onsite,0.125,0.0,1
99766264,1.0,5,40984670,onsite,0.125,0.0,1
99766264,1.0,6,94835245,onsite,0.125,0.0,1
99766264,1.0,7,37946335,onsite,0.125,0.0,1
99766264,1.0,8,85132818,onsite,0.125,0.0,1
99766264,1.0,9,98229611,onsite,0.125,0.0,1
99766264,1.0,10,68884875,onsite,0.125,0.0,1
99766264,1.0,11,,,,,0
99766264,1.0,12,,,,,0
99766264,1.0,13,,,,,0
99766264,1.0,14,17022546,online,2.0,0.0,1
99766264,1.0,15,,,,,0
99766264,1.0,16,,,,,0
99766264,1.0,17,,,,,0
99766264,1.0,18,,,,,0
99766264,1.0,19,,,,,0
99766264,1.0,20,,,,,0
99766264,1.0,21,33931618,onsite,2.0,0.0,1
99766264,1.0,22,52750269,online,2.0,0.0,1
99766264,1.0,23,38498257,online,2.0,0.0,1
99766264,1.0,24,,,,,0
99766264,1.0,25,,,,,0
99766264,1.0,26,17594035,online,2.0,0.0,1
99766264,1.0,27,,,,,0
99766264,1.0,28,69038390,online,3.003003003003003,0.0,1
99766264,1.0,29,,,,,0
99766264,1.0,30,,,,,0
99766264,1.0,31,50960672,online,2.5,0.0,1
99766264,1.0,32,77583238,online,3.003003003003003,0.0,1
99766264,1.0,33,,,,,0
99766264,1.0,34,,,,,0
99766264,1.0,35,,,,,0
99766264,1.0,36,,,,,0
99766264,1.0,37,,,,,0
99766264,1.0,38,89592983,online,2.0,0.0,1
99766264,1.0,39,,,,,0
99766264,1.0,40,,,,,0
99766264,1.0,41,,,,,0
99766264,1.0,42,,,,,0
99766264,1.0,43,,,,,0
99766264,1.0,44,,,,,0
99766264,1.0,45,,,,,0
99766264,1.0,46,,,,,0
99766264,1.0,47,,,,,0
99766264,1.0,48,,,,,0
99766264,1.0,49,,,,,0
99766264,1.0,50,,,,,0
99766264,1.0,51,,,,,0
99766264,1.0,52,,,,,0
99766264,1.0,53,,,,,0
99766264,1.0,54,,,,,0
99766264,1.0,55,,,,,0
99766264,1.0,56,,,,,0
99766264,1.0,57,,,,,0
99766264,1.0,58,,,,,0
99766264,1.0,59,,,,,0
99766264,1.0,60,,,,,0
63418508,1.0,1,20407921,onsite,0.25,0.0,1
63418508,1.0,2,47879707,onsite,0.25,0.0,1
63418508,1.0,3,96497996,onsite,0.25,0.0,1
63418508,1.0,4,26000831,onsite,0.25,0.0,1
63418508,1.0,5,34364820,onsite,0.25,0.0,1
63418508,1.0,6,34101951,onsite,0.25,0.0,1
63418508,1.0,7,94426110,onsite,0.25,0.0,1
63418508,1.0,8,26961910,onsite,0.25,0.0,1
63418508,1.0,9,49092192,onsite,0.25,0.0,1
63418508,1.0,10,82408034,onsite,0.25,0.0,1
63418508,1.0,11,97932087,onsite,0.25,0.0,1
63418508,1.0,12,33668434,onsite,0.25,0.0,1
63418508,1.0,13,,,,,0
63418508,1.0,14,66351845,onsite,0.25,0.0,1
63418508,1.0,15,99062635,onsite,1.0,0.0,1
63418508,1.0,16,,,,,0
63418508,1.0,17,,,,,0
63418508,1.0,18,53310059,onsite,2.0,0.0,1
63418508,1.0,19,77585273,onsite,0.25,0.0,1
63418508,1.0,20,,,,,0
63418508,1.0,21,93756859,onsite,0.25,0.0,1
63418508,1.0,22,26043468,onsite,2.0,0.0,1
63418508,1.0,23,69618328,onsite,2.0,0.0,1
63418508,1.0,24,,,,,0
63418508,1.0,25,57986793,onsite,2.0,0.0,1
63418508,1.0,26,,,,,0
63418508,1.0,27,,,,,0
63418508,1.0,28,,,,,0
63418508,1.0,29,,,,,0
63418508,1.0,30,43809509,onsite,2.5,0.0,1
63418508,1.0,31,,,,,0
63418508,1.0,32,,,,,0
63418508,1.0,33,,,,,0
63418508,1.0,34,,,,,0
63418508,1.0,35,,,,,0
63418508,1.0,36,,,,,0
63418508,1.0,37,,,,,0
63418508,1.0,38,,,,,0
63418508,1.0,39,,,,,0
63418508,1.0,40,,,,,0
63418508,1.0,41,,,,,0
63418508,1.0,42,,,,,0
63418508,1.0,43,,,,,0
63418508,1.0,44,,,,,0
63418508,1.0,45,,,,,0
63418508,1.0,46,,,,,0
63418508,1.0,47,,,,,0
63418508,1.0,48,,,,,0
63418508,1.0,49,,,,,0
63418508,1.0,50,,,,,0
63418508,1.0,51,,,,,0
63418508,1.0,52,,,,,0
63418508,1.0,53,,,,,0
63418508,1.0,54,,,,,0
63418508,1.0,55,,,,,0
63418508,1.0,56,,,,,0
63418508,1.0,57,,,,,0
63418508,1.0,58,,,,,0
63418508,1.0,59,,,,,0
63418508,1.0,60,,,,,0
86737218,1.0,1,,,,,0
86737218,1.0,2,,,,,0
86737218,1.0,3,,,,,0
86737218,1.0,4,,,,,0
86737218,1.0,5,,,,,0
86737218,1.0,6,,,,,0
86737218,1.0,7,,,,,0
86737218,1.0,8,,,,,0
86737218,1.0,9,,,,,0
86737218,1.0,10,,,,,0
86737218,1.0,11,,,,,0
86737218,1.0,12,,,,,0
86737218,1.0,13,,,,,0
86737218,1.0,14,,,,,0
86737218,1.0,15,,,,,0
86737218,1.0,16,,,,,0
86737218,1.0,17,,,,,0
86737218,1.0,18,,,,,0
86737218,1.0,19,,,,,0
86737218,1.0,20,,,,,0
86737218,1.0,21,,,,,0
86737218,1.0,22,,,,,0
86737218,1.0,23,,,,,0
86737218,1.0,24,,,,,0
86737218,1.0,25,,,,,0
86737218,1.0,26,,,,,0
86737218,1.0,27,,,,,0
86737218,1.0,28,,,,,0
86737218,1.0,29,,,,,0
86737218,1.0,30,,,,,0
86737218,1.0,31,,,,,0
86737218,1.0,32,,,,,0
86737218,1.0,33,,,,,0
86737218,1.0,34,,,,,0
86737218,1.0,35,,,,,0
86737218,1.0,36,,,,,0
86737218,1.0,37,,,,,0
86737218,1.0,38,,,,,0
86737218,1.0,39,,,,,0
86737218,1.0,40,,,,,0
86737218,1.0,41,,,,,0
86737218,1.0,42,,,,,0
86737218,1.0,43,,,,,0
86737218,1.0,44,,,,,0
86737218,1.0,45,,,,,0
86737218,1.0,46,,,,,0
86737218,1.0,47,,,,,0
86737218,1.0,48,,,,,0
86737218,1.0,49,,,,,0
86737218,1.0,50,,,,,0
86737218,1.0,51,,,,,0
86737218,1.0,52,,,,,0
86737218,1.0,53,,,,,0
86737218,1.0,54,,,,,0
86737218,1.0,55,,,,,0
86737218,1.0,56,,,,,0
86737218,1.0,57,,,,,0
86737218,1.0,58,,,,,0
86737218,1.0,59,,,,,0
86737218,1.0,60,,,,,0
33522459,1.0,1,26000831,onsite,0.125,0.0,1
33522459,1.0,2,49092192,onsite,0.125,0.0,1
33522459,1.0,3,34364820,onsite,0.125,0.0,1
33522459,1.0,4,37785214,onsite,0.125,0.0,1
33522459,1.0,5,98908009,onsite,0.125,0.0,1
33522459,1.0,6,81276423,onsite,0.125,0.0,1
33522459,1.0,7,96497996,onsite,0.125,0.0,1
33522459,1.0,8,47879707,onsite,0.125,0.0,1
33522459,1.0,9,62669017,onsite,0.125,0.0,1
33522459,1.0,10,34364820,onsite,0.125,0.0,1
33522459,1.0,11,,,,,0
33522459,1.0,12,97932087,onsite,0.125,0.0,1
33522459,1.0,13,92764143,onsite,0.7501875468867217,0.0,1
33522459,1.0,14,,,,,0
33522459,1.0,15,41735900,onsite,0.7501875468867217,0.0,1
33522459,1.0,16,79204406,onsite,0.7501875468867217,0.0,1
33522459,1.0,17,,,,,0
33522459,1.0,18,,,,,0
33522459,1.0,19,61261482,onsite,2.0,0.0,1
33522459,1.0,20,,,,,0
33522459,1.0,21,,,,,0
33522459,1.0,22,58386645,onsite,2.0,0.0,1
33522459,1.0,23,90390571,online,2.0,0.0,1
33522459,1.0,24,,,,,0
33522459,1.0,25,93756859,onsite,0.125,0.0,1
33522459,1.0,26,,,,,0
33522459,1.0,27,48618286,onsite,2.5,0.0,1
33522459,1.0,28,,,,,0
33522459,1.0,29,,,,,0
33522459,1.0,30,,,,,0
33522459,1.0,31,,,,,0
33522459,1.0,32,,,,,0
33522459,1.0,33,,,,,0
33522459,1.0,34,,,,,0
33522459,1.0,35,,,,,0
33522459,1.0,36,,,,,0
33522459,1.0,37,99544326,onsite,2.5,0.0,1
33522459,1.0,38,,,,,0
33522459,1.0,39,,,,,0
33522459,1.0,40,,,,,0
33522459,1.0,41,,,,,0
33522459,1.0,42,,,,,0
33522459,1.0,43,,,,,0
33522459,1.0,44,,,,,0
33522459,1.0,45,,,,,0
33522459,1.0,46,,,,,0
33522459,1.0,47,,,,,0
33522459,1.0,48,,,,,0
33522459,1.0,49,,,,,0
33522459,1.0,50,,,,,0
33522459,1.0,51,,,,,0
33522459,1.0,52,,,,,0
33522459,1.0,53,,,,,0
33522459,1.0,54,,,,,0
33522459,1.0,55,,,,,0
33522459,1.0,56,,,,,0
33522459,1.0,57,,,,,0
33522459,1.0,58,,,,,0
33522459,1.0,59,,,,,0
33522459,1.0,60,,,,,0
44538039,1.0,1,,,,,0
44538039,1.0,2,69076779,onsite,0.25,0.0,1
44538039,1.0,3,54254268,onsite,0.25,0.0,1
44538039,1.0,4,17532639,onsite,0.25,0.0,1
44538039,1.0,5,39331989,onsite,0.25,0.0,1
44538039,1.0,6,25678177,onsite,0.25,0.0,1
44538039,1.0,7,24114873,onsite,0.25,0.0,1
44538039,1.0,8,43699187,onsite,0.25,0.0,1
44538039,1.0,9,28832313,onsite,0.25,0.0,1
44538039,1.0,10,50659826,onsite,0.25,0.0,1
44538039,1.0,11,11479317,onsite,0.15,0.1,1
44538039,1.0,12,11479317,onsite,0.15,0.1,1
44538039,1.0,13,75936333,onsite,0.25,0.0,1
44538039,1.0,14,74611319,onsite,0.25,0.0,1
44538039,1.0,15,,,,,0
44538039,1.0,16,79943561,onsite,1.0,0.0,1
44538039,1.0,17,,,,,0
44538039,1.0,18,,,,,0
44538039,1.0,19,,,,,0
44538039,1.0,20,,,,,0
44538039,1.0,21,,,,,0
44538039,1.0,22,,,,,0
44538039,1.0,23,,,,,0
44538039,1.0,24,40418753,onsite,2.0,0.0,1
44538039,1.0,25,,,,,0
44538039,1.0,26,,,,,0
44538039,1.0,27,,,,,0
44538039,1.0,28,43018985,online,3.003003003003003,0.0,1
44538039,1.0,29,,,,,0
44538039,1.0,30,,,,,0
44538039,1.0,31,27711633,online,2.5,0.0,1
44538039,1.0,32,,,,,0
44538039,1.0,33,92521157,online,2.5,0.0,1
44538039,1.0,34,,,,,0
44538039,1.0,35,,,,,0
44538039,1.0,36,,,,,0
44538039,1.0,37,,,,,0
44538039,1.0,38,,,,,0
44538039,1.0,39,,,,,0
44538039,1.0,40,,,,,0
44538039,1.0,41,,,,,0
44538039,1.0,42,,,,,0
44538039,1.0,43,,,,,0
44538039,1.0,44,,,,,0
44538039,1.0,45,,,,,0
44538039,1.0,46,,,,,0
44538039,1.0,47,,,,,0
44538039,1.0,48,,,,,0
44538039,1.0,49,,,,,0
44538039,1.0,50,,,,,0
44538039,1.0,51,,,,,0
44538039,1.0,52,,,,,0
44538039,1.0,53,,,,,0
44538039,1.0,54,,,,,0
44538039,1.0,55,,,,,0
44538039,1.0,56,,,,,0
44538039,1.0,57,,,,,0
44538039,1.0,58,,,,,0
44538039,1.0,59,,,,,0
44538039,1.0,60,,,,,0
70853633,1.0,1,,,,,0
70853633,1.0,2,40737428,onsite,0.25,0.0,1
70853633,1.0,3,55388403,onsite,0.25,0.0,1
70853633,1.0,4,86498344,onsite,0.25,0.0,1
70853633,1.0,5,17574155,onsite,0.25,0.0,1
70853633,1.0,6,68884875,onsite,0.25,0.0,1
70853633,1.0,7,98229611,onsite,0.25,0.0,1
70853633,1.0,8,40984670,onsite,0.25,0.0,1
70853633,1.0,9,68884875,onsite,0.25,0.0,1
70853633,1.0,10,94835245,onsite,0.25,0.0,1
70853633,1.0,11,85132818,onsite,0.25,0.0,1
70853633,1.0,12,21927237,onsite,1.0,0.0,1
70853633,1.0,13,,,,,0
70853633,1.0,14,,,,,0
70853633,1.0,15,,,,,0
70853633,1.0,16,29599524,online,2.0,0.0,1
70853633,1.0,17,,,,,0
70853633,1.0,18,,,,,0
70853633,1.0,19,,,,,0
70853633,1.0,20,42866005,online,2.0,0.0,1
70853633,1.0,21,92804299,onsite,1.0,0.0,1
70853633,1.0,22,56710653,online,2.0,0.0,1
70853633,1.0,23,,,,,0
70853633,1.0,24,21571015,online,2.0,0.0,1
70853633,1.0,25,,,,,0
70853633,1.0,26,16864876,online,2.5,0.0,1
70853633,1.0,27,60957172,online,2.0,0.0,1
70853633,1.0,28,35054537,online,3.003003003003003,0.0,1
70853633,1.0,29,,,,,0
70853633,1.0,30,,,,,0
70853633,1.0,31,,,,,0
70853633,1.0,32,,,,,0
70853633,1.0,33,,,,,0
70853633,1.0,34,18870797,online,2.5,0.0,1
70853633,1.0,35,,,,,0
70853633,1.0,36,,,,,0
70853633,1.0,37,,,,,0
70853633,1.0,38,75203309,online,2.0,0.0,1
70853633,1.0,39,,,,,0
70853633,1.0,40,,,,,0
70853633,1.0,41,,,,,0
70853633,1.0,42,,,,,0
70853633,1.0,43,,,,,0
70853633,1.0,44,,,,,0
70853633,1.0,45,,,,,0
70853633,1.0,46,,,,,0
70853633,1.0,47,,,,,0
70853633,1.0,48,,,,,0
70853633,1.0,49,,,,,0
70853633,1.0,50,,,,,0
70853633,1.0,51,,,,,0
70853633,1.0,52,,,,,0
70853633,1.0,53,,,,,0
70853633,1.0,54,,,,,0
70853633,1.0,55,,,,,0
70853633,1.0,56,,,,,0
70853633,1.0,57,,,,,0
70853633,1.0,58,,,,,0
70853633,1.0,59,,,,,0
70853633,1.0,60,,,,,0
28016712,1.0,1,,,,,0
28016712,1.0,2,,,,,0
28016712,1.0,3,,,,,0
28016712,1.0,4,,,,,0
28016712,1.0,5,,,,,0
28016712,1.0,6,,,,,0
28016712,1.0,7,,,,,0
28016712,1.0,8,,,,,0
28016712,1.0,9,,,,,0
28016712,1.0,10,,,,,0
28016712,1.0,11,,,,,0
28016712,1.0,12,,,,,0
28016712,1.0,13,,,,,0
28016712,1.0,14,,,,,0
28016712,1.0,15,,,,,0
28016712,1.0,16,,,,,0
28016712,1.0,17,,,,,0
28016712,1.0,18,,,,,0
28016712,1.0,19,,,,,0
28016712,1.0,20,,,,,0
28016712,1.0,21,,,,,0
28016712,1.0,22,,,,,0
28016712,1.0,23,,,,,0
28016712,1.0,24,,,,,0
28016712,1.0,25,,,,,0
28016712,1.0,26,,,,,0
28016712,1.0,27,,,,,0
28016712,1.0,28,,,,,0
28016712,1.0,29,,,,,0
28016712,1.0,30,,,,,0
28016712,1.0,31,,,,,0
28016712,1.0,32,,,,,0
28016712,1.0,33,,,,,0
28016712,1.0,34,,,,,0
28016712,1.0,35,,,,,0
28016712,1.0,36,,,,,0
28016712,1.0,37,,,,,0
28016712,1.0,38,,,,,0
28016712,1.0,39,,,,,0
28016712,1.0,40,,,,,0
28016712,1.0,41,,,,,0
28016712,1.0,42,,,,,0
28016712,1.0,43,,,,,0
28016712,1.0,44,,,,,0
28016712,1.0,45,,,,,0
28016712,1.0,46,,,,,0
28016712,1.0,47,,,,,0
28016712,1.0,48,,,,,0
28016712,1.0,49,,,,,0
28016712,1.0,50,,,,,0
28016712,1.0,51,,,,,0
28016712,1.0,52,,,,,0
28016712,1.0,53,,,,,0
28016712,1.0,54,,,,,0
28016712,1.0,55,,,,,0
28016712,1.0,56,,,,,0
28016712,1.0,57,,,,,0
28016712,1.0,58,,,,,0
28016712,1.0,59,,,,,0
28016712,1.0,60,,,,,0
26862623,1.0,1,,,,,0
26862623,1.0,2,29586110,onsite,0.25,0.0,1
26862623,1.0,3,20381941,onsite,0.25,0.0,1
26862623,1.0,4,83678710,onsite,0.25,0.0,1
26862623,1.0,5,28373297,onsite,0.25,0.0,1
26862623,1.0,6,11362451,onsite,0.25,0.0,1
26862623,1.0,7,97541237,onsite,0.25,0.0,1
26862623,1.0,8,61074242,onsite,0.25,0.0,1
26862623,1.0,9,87278356,onsite,0.25,0.0,1
26862623,1.0,10,64583244,onsite,0.25,0.0,1
26862623,1.0,11,62889091,onsite,0.25,0.0,1
26862623,1.0,12,79193020,onsite,0.25,0.0,1
26862623,1.0,13,74609966,onsite,0.25,0.0,1
26862623,1.0,14,87360077,onsite,1.0,0.0,1
26862623,1.0,15,,,,,0
26862623,1.0,16,63933354,onsite,0.6,0.4,1
26862623,1.0,17,99261454,onsite,0.25,0.0,1
26862623,1.0,18,12909340,onsite,1.0,0.0,1
26862623,1.0,19,,,,,0
26862623,1.0,20,,,,,0
26862623,1.0,21,75087575,onsite,0.15,0.1,1
26862623,1.0,22,,,,,0
26862623,1.0,23,,,,,0
26862623,1.0,24,83629478,onsite,2.0,0.0,1
26862623,1.0,25,,,,,0
26862623,1.0,26,,,,,0
26862623,1.0,27,,,,,0
26862623,1.0,28,,,,,0
26862623,1.0,29,,,,,0
26862623,1.0,30,,,,,0
26862623,1.0,31,95900829,online,2.5,0.0,1
26862623,1.0,32,,,,,0
26862623,1.0,33,,,,,0
26862623,1.0,34,,,,,0
26862623,1.0,35,,,,,0
26862623,1.0,36,,,,,0
26862623,1.0,37,,,,,0
26862623,1.0,38,,,,,0
26862623,1.0,39,,,,,0
26862623,1.0,40,,,,,0
26862623,1.0,41,,,,,0
26862623,1.0,42,,,,,0
26862623,1.0,43,,,,,0
26862623,1.0,44,,,,,0
26862623,1.0,45,,,,,0
26862623,1.0,46,,,,,0
26862623,1.0,47,,,,,0
26862623,1.0,48,,,,,0
26862623,1.0,49,,,,,0
26862623,1.0,50,,,,,0
26862623,1.0,51,,,,,0
26862623,1.0,52,,,,,0
26862623,1.0,53,,,,,0
26862623,1.0,54,,,,,0
26862623,1.0,55,,,,,0
26862623,1.0,56,,,,,0
26862623,1.0,57,,,,,0
26862623,1.0,58,,,,,0
26862623,1.0,59,,,,,0
26862623,1.0,60,,,,,0
80562084,1.0,1,,,,,0
80562084,1.0,2,,,,,0
80562084,1.0,3,,,,,0
80562084,1.0,4,,,,,0
80562084,1.0,5,,,,,0
80562084,1.0,6,,,,,0
80562084,1.0,7,,,,,0
80562084,1.0,8,,,,,0
80562084,1.0,9,,,,,0
80562084,1.0,10,,,,,0
80562084,1.0,11,,,,,0
80562084,1.0,12,,,,,0
80562084,1.0,13,,,,,0
80562084,1.0,14,,,,,0
80562084,1.0,15,,,,,0
80562084,1.0,16,,,,,0
80562084,1.0,17,,,,,0
80562084,1.0,18,,,,,0
80562084,1.0,19,,,,,0
80562084,1.0,20,,,,,0
80562084,1.0,21,,,,,0
80562084,1.0,22,,,,,0
80562084,1.0,23,,,,,0
80562084,1.0,24,,,,,0
80562084,1.0,25,,,,,0
80562084,1.0,26,,,,,0
80562084,1.0,27,,,,,0
80562084,1.0,28,,,,,0
80562084,1.0,29,,,,,0
80562084,1.0,30,,,,,0
80562084,1.0,31,,,,,0
80562084,1.0,32,,,,,0
80562084,1.0,33,,,,,0
80562084,1.0,34,,,,,0
80562084,1.0,35,,,,,0
80562084,1.0,36,,,,,0
80562084,1.0,37,,,,,0
80562084,1.0,38,,,,,0
80562084,1.0,39,,,,,0
80562084,1.0,40,,,,,0
80562084,1.0,41,,,,,0
80562084,1.0,42,,,,,0
80562084,1.0,43,,,,,0
80562084,1.0,44,,,,,0
80562084,1.0,45,,,,,0
80562084,1.0,46,,,,,0
80562084,1.0,47,,,,,0
80562084,1.0,48,,,,,0
80562084,1.0,49,,,,,0
80562084,1.0,50,,,,,0
80562084,1.0,51,,,,,0
80562084,1.0,52,,,,,0
80562084,1.0,53,,,,,0
80562084,1.0,54,,,,,0
80562084,1.0,55,,,,,0
80562084,1.0,56,,,,,0
80562084,1.0,57,,,,,0
80562084,1.0,58,,,,,0
80562084,1.0,59,,,,,0
80562084,1.0,60,,,,,0
94671385,1.0,1,,,,,0
94671385,1.0,2,37946335,onsite,0.125,0.0,1
94671385,1.0,3,40737428,onsite,0.125,0.0,1
94671385,1.0,4,26512783,onsite,0.125,0.0,1
94671385,1.0,5,16490446,onsite,0.125,0.0,1
94671385,1.0,6,94835245,onsite,0.125,0.0,1
94671385,1.0,7,37946335,onsite,0.125,0.0,1
94671385,1.0,8,26512783,onsite,0.125,0.0,1
94671385,1.0,9,98229611,onsite,0.125,0.0,1
94671385,1.0,10,16490446,onsite,0.125,0.0,1
94671385,1.0,11,,,,,0
94671385,1.0,12,68070900,onsite,2.0,0.0,1
94671385,1.0,13,,,,,0
94671385,1.0,14,,,,,0
94671385,1.0,15,,,,,0
94671385,1.0,16,,,,,0
94671385,1.0,17,,,,,0
94671385,1.0,18,,,,,0
94671385,1.0,19,22986408,online,2.0,0.0,1
94671385,1.0,20,,,,,0
94671385,1.0,21,,,,,0
94671385,1.0,22,34785007,online,2.0,0.0,1
94671385,1.0,23,34289454,online,2.0,0.0,1
94671385,1.0,24,,,,,0
94671385,1.0,25,12044608,onsite,2.0,0.0,1
94671385,1.0,26,20628615,online,2.5,0.0,1
94671385,1.0,27,,,,,0
94671385,1.0,28,,,,,0
94671385,1.0,29,,,,,0
94671385,1.0,30,26258354,online,3.003003003003003,0.0,1
94671385,1.0,31,,,,,0
94671385,1.0,32,71499375,online,3.003003003003003,0.0,1
94671385,1.0,33,,,,,0
94671385,1.0,34,,,,,0
94671385,1.0,35,,,,,0
94671385,1.0,36,,,,,0
94671385,1.0,37,46779660,online,3.003003003003003,0.0,1
94671385,1.0,38,,,,,0
94671385,1.0,39,,,,,0
94671385,1.0,40,,,,,0
94671385,1.0,41,,,,,0
94671385,1.0,42,,,,,0
94671385,1.0,43,,,,,0
94671385,1.0,44,,,,,0
94671385,1.0,45,,,,,0
94671385,1.0,46,,,,,0
94671385,1.0,47,,,,,0
94671385,1.0,48,,,,,0
94671385,1.0,49,,,,,0
94671385,1.0,50,,,,,0
94671385,1.0,51,,,,,0
94671385,1.0,52,,,,,0
94671385,1.0,53,,,,,0
94671385,1.0,54,,,,,0
94671385,1.0,55,,,,,0
94671385,1.0,56,,,,,0
94671385,1.0,57,,,,,0
94671385,1.0,58,,,,,0
94671385,1.0,59,,,,,0
94671385,1.0,60,,,,,0
17897712,1.0,1,,,,,0
17897712,1.0,2,45148681,onsite,0.125,0.0,1
17897712,1.0,3,17992581,onsite,0.125,0.0,1
17897712,1.0,4,50659826,onsite,0.125,0.0,1
17897712,1.0,5,45148681,onsite,0.125,0.0,1
17897712,1.0,6,12102960,onsite,0.125,0.0,1
17897712,1.0,7,99523059,onsite,0.125,0.0,1
17897712,1.0,8,17532639,onsite,0.125,0.0,1
17897712,1.0,9,25678177,onsite,0.125,0.0,1
17897712,1.0,10,99523059,onsite,0.125,0.0,1
17897712,1.0,11,12102960,onsite,0.125,0.0,1
17897712,1.0,12,30073996,onsite,0.450112528132033,0.3000750187546887,1
17897712,1.0,13,74611319,onsite,0.125,0.0,1
17897712,1.0,14,,,,,0
17897712,1.0,15,,,,,0
17897712,1.0,16,74611319,onsite,0.125,0.0,1
17897712,1.0,17,30073996,onsite,0.450112528132033,0.3000750187546887,1
17897712,1.0,18,,,,,0
17897712,1.0,19,,,,,0
17897712,1.0,20,,,,,0
17897712,1.0,21,,,,,0
17897712,1.0,22,,,,,0
17897712,1.0,23,58768390,online,2.0,0.0,1
17897712,1.0,24,,,,,0
17897712,1.0,25,50919094,onsite,2.0,0.0,1
17897712,1.0,26,,,,,0
17897712,1.0,27,,,,,0
17897712,1.0,28,,,,,0
17897712,1.0,29,,,,,0
17897712,1.0,30,,,,,0
17897712,1.0,31,,,,,0
17897712,1.0,32,13989168,onsite,2.0,0.0,1
17897712,1.0,33,,,,,0
17897712,1.0,34,,,,,0
17897712,1.0,35,,,,,0
17897712,1.0,36,,,,,0
17897712,1.0,37,,,,,0
17897712,1.0,38,,,,,0
17897712,1.0,39,,,,,0
17897712,1.0,40,,,,,0
17897712,1.0,41,,,,,0
17897712,1.0,42,,,,,0
17897712,1.0,43,,,,,0
17897712,1.0,44,,,,,0
17897712,1.0,45,,,,,0
17897712,1.0,46,,,,,0
17897712,1.0,47,,,,,0
17897712,1.0,48,,,,,0
17897712,1.0,49,,,,,0
17897712,1.0,50,,,,,0
17897712,1.0,51,,,,,0
17897712,1.0,52,,,,,0
17897712,1.0,53,,,,,0
17897712,1.0,54,,,,,0
17897712,1.0,55,,,,,0
17897712,1.0,56,,,,,0
17897712,1.0,57,,,,,0
17897712,1.0,58,,,,,0
17897712,1.0,59,,,,,0
17897712,1.0,60,,,,,0
49477688,1.0,1,,,,,0
49477688,1.0,2,,,,,0
49477688,1.0,3,,,,,0
49477688,1.0,4,,,,,0
49477688,1.0,5,,,,,0
49477688,1.0,6,,,,,0
49477688,1.0,7,,,,,0
49477688,1.0,8,,,,,0
49477688,1.0,9,,,,,0
49477688,1.0,10,,,,,0
49477688,1.0,11,,,,,0
49477688,1.0,12,,,,,0
49477688,1.0,13,,,,,0
49477688,1.0,14,,,,,0
49477688,1.0,15,,,,,0
49477688,1.0,16,,,,,0
49477688,1.0,17,,,,,0
49477688,1.0,18,,,,,0
49477688,1.0,19,,,,,0
49477688,1.0,20,,,,,0
49477688,1.0,21,,,,,0
49477688,1.0,22,,,,,0
49477688,1.0,23,,,,,0
49477688,1.0,24,,,,,0
49477688,1.0,25,,,,,0
49477688,1.0,26,,,,,0
49477688,1.0,27,,,,,0
49477688,1.0,28,,,,,0
49477688,1.0,29,,,,,0
49477688,1.0,30,,,,,0
49477688,1.0,31,,,,,0
49477688,1.0,32,,,,,0
49477688,1.0,33,,,,,0
49477688,1.0,34,,,,,0
49477688,1.0,35,,,,,0
49477688,1.0,36,,,,,0
49477688,1.0,37,,,,,0
49477688,1.0,38,,,,,0
49477688,1.0,39,,,,,0
49477688,1.0,40,,,,,0
49477688,1.0,41,,,,,0
49477688,1.0,42,,,,,0
49477688,1.0,43,,,,,0
49477688,1.0,44,,,,,0
49477688,1.0,45,,,,,0
49477688,1.0,46,,,,,0
49477688,1.0,47,,,,,0
49477688,1.0,48,,,,,0
49477688,1.0,49,,,,,0
49477688,1.0,50,,,,,0
49477688,1.0,51,,,,,0
49477688,1.0,52,,,,,0
49477688,1.0,53,,,,,0
49477688,1.0,54,,,,,0
49477688,1.0,55,,,,,0
49477688,1.0,56,,,,,0
49477688,1.0,57,,,,,0
49477688,1.0,58,,,,,0
49477688,1.0,59,,,,,0
49477688,1.0,60,,,,,0
99432457,1.0,1,,,,,0
99432457,1.0,2,,,,,0
99432457,1.0,3,,,,,0
99432457,1.0,4,,,,,0
99432457,1.0,5,,,,,0
99432457,1.0,6,,,,,0
99432457,1.0,7,,,,,0
99432457,1.0,8,,,,,0
99432457,1.0,9,,,,,0
99432457,1.0,10,,,,,0
99432457,1.0,11,,,,,0
99432457,1.0,12,,,,,0
99432457,1.0,13,,,,,0
99432457,1.0,14,,,,,0
99432457,1.0,15,,,,,0
99432457,1.0,16,,,,,0
99432457,1.0,17,,,,,0
99432457,1.0,18,,,,,0
99432457,1.0,19,,,,,0
99432457,1.0,20,,,,,0
99432457,1.0,21,,,,,0
99432457,1.0,22,,,,,0
99432457,1.0,23,,,,,0
99432457,1.0,24,,,,,0
99432457,1.0,25,,,,,0
99432457,1.0,26,,,,,0
99432457,1.0,27,,,,,0
99432457,1.0,28,,,,,0
99432457,1.0,29,,,,,0
99432457,1.0,30,,,,,0
99432457,1.0,31,,,,,0
99432457,1.0,32,,,,,0
99432457,1.0,33,,,,,0
99432457,1.0,34,,,,,0
99432457,1.0,35,,,,,0
99432457,1.0,36,,,,,0
99432457,1.0,37,,,,,0
99432457,1.0,38,,,,,0
99432457,1.0,39,,,,,0
99432457,1.0,40,,,,,0
99432457,1.0,41,,,,,0
99432457,1.0,42,,,,,0
99432457,1.0,43,,,,,0
99432457,1.0,44,,,,,0
99432457,1.0,45,,,,,0
99432457,1.0,46,,,,,0
99432457,1.0,47,,,,,0
99432457,1.0,48,,,,,0
99432457,1.0,49,,,,,0
99432457,1.0,50,,,,,0
99432457,1.0,51,,,,,0
99432457,1.0,52,,,,,0
99432457,1.0,53,,,,,0
99432457,1.0,54,,,,,0
99432457,1.0,55,,,,,0
99432457,1.0,56,,,,,0
99432457,1.0,57,,,,,0
99432457,1.0,58,,,,,0
99432457,1.0,59,,,,,0
99432457,1.0,60,,,,,0
36916937,1.0,1,,,,,0
36916937,1.0,2,44236869,onsite,0.25,0.0,1
36916937,1.0,3,89165170,onsite,0.25,0.0,1
36916937,1.0,4,89165170,onsite,0.25,0.0,1
36916937,1.0,5,60307932,onsite,0.25,0.0,1
36916937,1.0,6,28373297,onsite,0.25,0.0,1
36916937,1.0,7,11362451,onsite,0.25,0.0,1
36916937,1.0,8,62889091,onsite,0.25,0.0,1
36916937,1.0,9,82539754,onsite,0.25,0.0,1
36916937,1.0,10,60307932,onsite,0.25,0.0,1
36916937,1.0,11,82539754,onsite,0.25,0.0,1
36916937,1.0,12,,,,,0
36916937,1.0,13,25096968,onsite,0.25,0.0,1
36916937,1.0,14,15194864,onsite,1.0,0.0,1
36916937,1.0,15,34197891,onsite,1.0,0.0,1
36916937,1.0,16,90142511,online,2.0,0.0,1
36916937,1.0,17,,,,,0
36916937,1.0,18,74609966,onsite,0.25,0.0,1
36916937,1.0,19,,,,,0
36916937,1.0,20,75087575,onsite,0.15,0.1,1
36916937,1.0,21,58352549,onsite,0.25,0.0,1
36916937,1.0,22,,,,,0
36916937,1.0,23,,,,,0
36916937,1.0,24,,,,,0
36916937,1.0,25,,,,,0
36916937,1.0,26,88344608,onsite,2.0,0.0,1
36916937,1.0,27,,,,,0
36916937,1.0,28,,,,,0
36916937,1.0,29,,,,,0
36916937,1.0,30,,,,,0
36916937,1.0,31,,,,,0
36916937,1.0,32,,,,,0
36916937,1.0,33,,,,,0
36916937,1.0,34,,,,,0
36916937,1.0,35,,,,,0
36916937,1.0,36,,,,,0
36916937,1.0,37,,,,,0
36916937,1.0,38,,,,,0
36916937,1.0,39,,,,,0
36916937,1.0,40,,,,,0
36916937,1.0,41,,,,,0
36916937,1.0,42,,,,,0
36916937,1.0,43,,,,,0
36916937,1.0,44,,,,,0
36916937,1.0,45,,,,,0
36916937,1.0,46,,,,,0
36916937,1.0,47,,,,,0
36916937,1.0,48,,,,,0
36916937,1.0,49,,,,,0
36916937,1.0,50,,,,,0
36916937,1.0,51,,,,,0
36916937,1.0,52,,,,,0
36916937,1.0,53,,,,,0
36916937,1.0,54,,,,,0
36916937,1.0,55,,,,,0
36916937,1.0,56,,,,,0
36916937,1.0,57,,,,,0
36916937,1.0,58,,,,,0
36916937,1.0,59,,,,,0
36916937,1.0,60,,,,,0
34551595,1.0,1,,,,,0
34551595,1.0,2,,,,,0
34551595,1.0,3,,,,,0
34551595,1.0,4,,,,,0
34551595,1.0,5,,,,,0
34551595,1.0,6,,,,,0
34551595,1.0,7,,,,,0
34551595,1.0,8,,,,,0
34551595,1.0,9,,,,,0
34551595,1.0,10,,,,,0
34551595,1.0,11,,,,,0
34551595,1.0,12,,,,,0
34551595,1.0,13,,,,,0
34551595,1.0,14,,,,,0
34551595,1.0,15,,,,,0
34551595,1.0,16,,,,,0
34551595,1.0,17,,,,,0
34551595,1.0,18,,,,,0
34551595,1.0,19,,,,,0
34551595,1.0,20,,,,,0
34551595,1.0,21,,,,,0
34551595,1.0,22,,,,,0
34551595,1.0,23,,,,,0
34551595,1.0,24,,,,,0
34551595,1.0,25,,,,,0
34551595,1.0,26,,,,,0
34551595,1.0,27,,,,,0
34551595,1.0,28,,,,,0
34551595,1.0,29,,,,,0
34551595,1.0,30,,,,,0
34551595,1.0,31,,,,,0
34551595,1.0,32,,,,,0
34551595,1.0,33,,,,,0
34551595,1.0,34,,,,,0
34551595,1.0,35,,,,,0
34551595,1.0,36,,,,,0
34551595,1.0,37,,,,,0
34551595,1.0,38,,,,,0
34551595,1.0,39,,,,,0
34551595,1.0,40,,,,,0
34551595,1.0,41,,,,,0
34551595,1.0,42,,,,,0
34551595,1.0,43,,,,,0
34551595,1.0,44,,,,,0
34551595,1.0,45,,,,,0
34551595,1.0,46,,,,,0
34551595,1.0,47,,,,,0
34551595,1.0,48,,,,,0
34551595,1.0,49,,,,,0
34551595,1.0,50,,,,,0
34551595,1.0,51,,,,,0
34551595,1.0,52,,,,,0
34551595,1.0,53,,,,,0
34551595,1.0,54,,,,,0
34551595,1.0,55,,,,,0
34551595,1.0,56,,,,,0
34551595,1.0,57,,,,,0
34551595,1.0,58,,,,,0
34551595,1.0,59,,,,,0
34551595,1.0,60,,,,,0
53820765,1.0,1,,,,,0
53820765,1.0,2,75222772,onsite,0.25,0.0,1
53820765,1.0,3,79069516,onsite,0.25,0.0,1
53820765,1.0,4,79069516,onsite,0.25,0.0,1
53820765,1.0,5,40115937,onsite,0.25,0.0,1
53820765,1.0,6,98404929,onsite,0.25,0.0,1
53820765,1.0,7,40115937,onsite,0.25,0.0,1
53820765,1.0,8,67832939,onsite,0.25,0.0,1
53820765,1.0,9,39331989,onsite,0.25,0.0,1
53820765,1.0,10,17992581,onsite,0.25,0.0,1
53820765,1.0,11,13109340,onsite,0.25,0.0,1
53820765,1.0,12,88071747,onsite,0.25,0.0,1
53820765,1.0,13,98771101,onsite,1.0,0.0,1
53820765,1.0,14,,,,,0
53820765,1.0,15,73510252,online,2.0,0.0,1
53820765,1.0,16,,,,,0
53820765,1.0,17,57179563,onsite,1.0,0.0,1
53820765,1.0,18,,,,,0
53820765,1.0,19,,,,,0
53820765,1.0,20,,,,,0
53820765,1.0,21,,,,,0
53820765,1.0,22,,,,,0
53820765,1.0,23,,,,,0
53820765,1.0,24,,,,,0
53820765,1.0,25,52797566,online,3.003003003003003,0.0,1
53820765,1.0,26,,,,,0
53820765,1.0,27,,,,,0
53820765,1.0,28,,,,,0
53820765,1.0,29,,,,,0
53820765,1.0,30,,,,,0
53820765,1.0,31,17685121,online,2.5,0.0,1
53820765,1.0,32,26347945,online,2.0,0.0,1
53820765,1.0,33,,,,,0
53820765,1.0,34,,,,,0
53820765,1.0,35,,,,,0
53820765,1.0,36,15735237,online,2.5,0.0,1
53820765,1.0,37,,,,,0
53820765,1.0,38,,,,,0
53820765,1.0,39,,,,,0
53820765,1.0,40,,,,,0
53820765,1.0,41,,,,,0
53820765,1.0,42,,,,,0
53820765,1.0,43,,,,,0
53820765,1.0,44,,,,,0
53820765,1.0,45,,,,,0
53820765,1.0,46,,,,,0
53820765,1.0,47,,,,,0
53820765,1.0,48,,,,,0
53820765,1.0,49,,,,,0
53820765,1.0,50,,,,,0
53820765,1.0,51,,,,,0
53820765,1.0,52,,,,,0
53820765,1.0,53,,,,,0
53820765,1.0,54,,,,,0
53820765,1.0,55,,,,,0
53820765,1.0,56,,,,,0
53820765,1.0,57,,,,,0
53820765,1.0,58,,,,,0
53820765,1.0,59,,,,,0
53820765,1.0,60,,,,,0
79478179,1.0,1,,,,,0
79478179,1.0,2,18658831,onsite,0.25,0.0,1
79478179,1.0,3,29397931,onsite,0.25,0.0,1
79478179,1.0,4,79359054,onsite,0.25,0.0,1
79478179,1.0,5,88494322,onsite,0.25,0.0,1
79478179,1.0,6,65947359,onsite,0.25,0.0,1
79478179,1.0,7,29397931,onsite,0.25,0.0,1
79478179,1.0,8,93524977,onsite,0.25,0.0,1
79478179,1.0,9,79359054,onsite,0.25,0.0,1
79478179,1.0,10,10771991,onsite,0.25,0.0,1
79478179,1.0,11,78796822,onsite,0.2,0.04999999999999999,1
79478179,1.0,12,78796822,onsite,0.2,0.04999999999999999,1
79478179,1.0,13,35091151,onsite,0.25,0.0,1
79478179,1.0,14,60436427,onsite,1.0,0.0,1
79478179,1.0,15,89367750,onsite,0.25,0.0,1
79478179,1.0,16,31293454,onsite,1.0,0.0,1
79478179,1.0,17,90403848,onsite,0.25,0.0,1
79478179,1.0,18,25952259,onsite,1.0,0.0,1
79478179,1.0,19,49989156,onsite,0.6,0.4,1
79478179,1.0,20,50324291,onsite,0.25,0.0,1
79478179,1.0,21,37020735,onsite,1.0,0.0,1
79478179,1.0,22,18979824,onsite,0.25,0.0,1
79478179,1.0,23,,,,,0
79478179,1.0,24,38244721,onsite,0.25,0.0,1
79478179,1.0,25,38244721,onsite,0.25,0.0,1
79478179,1.0,26,15011884,onsite,0.25,0.0,1
79478179,1.0,27,,,,,0
79478179,1.0,28,54532624,online,2.5,0.0,1
79478179,1.0,29,,,,,0
79478179,1.0,30,,,,,0
79478179,1.0,31,,,,,0
79478179,1.0,32,,,,,0
79478179,1.0,33,,,,,0
79478179,1.0,34,,,,,0
79478179,1.0,35,,,,,0
79478179,1.0,36,,,,,0
79478179,1.0,37,,,,,0
79478179,1.0,38,83429720,online,2.0,0.0,1
79478179,1.0,39,,,,,0
79478179,1.0,40,,,,,0
79478179,1.0,41,,,,,0
79478179,1.0,42,,,,,0
79478179,1.0,43,,,,,0
79478179,1.0,44,,,,,0
79478179,1.0,45,,,,,0
79478179,1.0,46,,,,,0
79478179,1.0,47,,,,,0
79478179,1.0,48,,,,,0
79478179,1.0,49,,,,,0
79478179,1.0,50,,,,,0
79478179,1.0,51,,,,,0
79478179,1.0,52,,,,,0
79478179,1.0,53,,,,,0
79478179,1.0,54,,,,,0
79478179,1.0,55,,,,,0
79478179,1.0,56,,,,,0
79478179,1.0,57,,,,,0
79478179,1.0,58,,,,,0
79478179,1.0,59,,,,,0
79478179,1.0,60,,,,,0
27169887,1.0,1,,,,,0
27169887,1.0,2,,,,,0
27169887,1.0,3,,,,,0
27169887,1.0,4,,,,,0
27169887,1.0,5,,,,,0
27169887,1.0,6,,,,,0
27169887,1.0,7,,,,,0
27169887,1.0,8,,,,,0
27169887,1.0,9,,,,,0
27169887,1.0,10,,,,,0
27169887,1.0,11,,,,,0
27169887,1.0,12,,,,,0
27169887,1.0,13,,,,,0
27169887,1.0,14,,,,,0
27169887,1.0,15,,,,,0
27169887,1.0,16,,,,,0
27169887,1.0,17,,,,,0
27169887,1.0,18,,,,,0
27169887,1.0,19,,,,,0
27169887,1.0,20,,,,,0
27169887,1.0,21,,,,,0
27169887,1.0,22,,,,,0
27169887,1.0,23,,,,,0
27169887,1.0,24,,,,,0
27169887,1.0,25,,,,,0
27169887,1.0,26,,,,,0
27169887,1.0,27,,,,,0
27169887,1.0,28,,,,,0
27169887,1.0,29,,,,,0
27169887,1.0,30,,,,,0
27169887,1.0,31,,,,,0
27169887,1.0,32,,,,,0
27169887,1.0,33,,,,,0
27169887,1.0,34,,,,,0
27169887,1.0,35,,,,,0
27169887,1.0,36,,,,,0
27169887,1.0,37,,,,,0
27169887,1.0,38,,,,,0
27169887,1.0,39,,,,,0
27169887,1.0,40,,,,,0
27169887,1.0,41,,,,,0
27169887,1.0,42,,,,,0
27169887,1.0,43,,,,,0
27169887,1.0,44,,,,,0
27169887,1.0,45,,,,,0
27169887,1.0,46,,,,,0
27169887,1.0,47,,,,,0
27169887,1.0,48,,,,,0
27169887,1.0,49,,,,,0
27169887,1.0,50,,,,,0
27169887,1.0,51,,,,,0
27169887,1.0,52,,,,,0
27169887,1.0,53,,,,,0
27169887,1.0,54,,,,,0
27169887,1.0,55,,,,,0
27169887,1.0,56,,,,,0
27169887,1.0,57,,,,,0
27169887,1.0,58,,,,,0
27169887,1.0,59,,,,,0
27169887,1.0,60,,,,,0
43572271,1.0,1,,,,,0
43572271,1.0,2,,,,,0
43572271,1.0,3,,,,,0
43572271,1.0,4,,,,,0
43572271,1.0,5,,,,,0
43572271,1.0,6,,,,,0
43572271,1.0,7,,,,,0
43572271,1.0,8,,,,,0
43572271,1.0,9,,,,,0
43572271,1.0,10,,,,,0
43572271,1.0,11,,,,,0
43572271,1.0,12,,,,,0
43572271,1.0,13,,,,,0
43572271,1.0,14,,,,,0
43572271,1.0,15,,,,,0
43572271,1.0,16,,,,,0
43572271,1.0,17,,,,,0
43572271,1.0,18,,,,,0
43572271,1.0,19,,,,,0
43572271,1.0,20,,,,,0
43572271,1.0,21,,,,,0
43572271,1.0,22,,,,,0
43572271,1.0,23,,,,,0
43572271,1.0,24,,,,,0
43572271,1.0,25,,,,,0
43572271,1.0,26,,,,,0
43572271,1.0,27,,,,,0
43572271,1.0,28,,,,,0
43572271,1.0,29,,,,,0
43572271,1.0,30,,,,,0
43572271,1.0,31,,,,,0
43572271,1.0,32,,,,,0
43572271,1.0,33,,,,,0
43572271,1.0,34,,,,,0
43572271,1.0,35,,,,,0
43572271,1.0,36,,,,,0
43572271,1.0,37,,,,,0
43572271,1.0,38,,,,,0
43572271,1.0,39,,,,,0
43572271,1.0,40,,,,,0
43572271,1.0,41,,,,,0
43572271,1.0,42,,,,,0
43572271,1.0,43,,,,,0
43572271,1.0,44,,,,,0
43572271,1.0,45,,,,,0
43572271,1.0,46,,,,,0
43572271,1.0,47,,,,,0
43572271,1.0,48,,,,,0
43572271,1.0,49,,,,,0
43572271,1.0,50,,,,,0
43572271,1.0,51,,,,,0
43572271,1.0,52,,,,,0
43572271,1.0,53,,,,,0
43572271,1.0,54,,,,,0
43572271,1.0,55,,,,,0
43572271,1.0,56,,,,,0
43572271,1.0,57,,,,,0
43572271,1.0,58,,,,,0
43572271,1.0,59,,,,,0
43572271,1.0,60,,,,,0
75230596,1.0,1,,,,,0
75230596,1.0,2,,,,,0
75230596,1.0,3,,,,,0
75230596,1.0,4,,,,,0
75230596,1.0,5,,,,,0
75230596,1.0,6,,,,,0
75230596,1.0,7,,,,,0
75230596,1.0,8,,,,,0
75230596,1.0,9,,,,,0
75230596,1.0,10,,,,,0
75230596,1.0,11,,,,,0
75230596,1.0,12,,,,,0
75230596,1.0,13,,,,,0
75230596,1.0,14,,,,,0
75230596,1.0,15,,,,,0
75230596,1.0,16,,,,,0
75230596,1.0,17,,,,,0
75230596,1.0,18,,,,,0
75230596,1.0,19,,,,,0
75230596,1.0,20,,,,,0
75230596,1.0,21,,,,,0
75230596,1.0,22,,,,,0
75230596,1.0,23,,,,,0
75230596,1.0,24,,,,,0
75230596,1.0,25,,,,,0
75230596,1.0,26,,,,,0
75230596,1.0,27,,,,,0
75230596,1.0,28,,,,,0
75230596,1.0,29,,,,,0
75230596,1.0,30,,,,,0
75230596,1.0,31,,,,,0
75230596,1.0,32,,,,,0
75230596,1.0,33,,,,,0
75230596,1.0,34,,,,,0
75230596,1.0,35,,,,,0
75230596,1.0,36,,,,,0
75230596,1.0,37,,,,,0
75230596,1.0,38,,,,,0
75230596,1.0,39,,,,,0
75230596,1.0,40,,,,,0
75230596,1.0,41,,,,,0
75230596,1.0,42,,,,,0
75230596,1.0,43,,,,,0
75230596,1.0,44,,,,,0
75230596,1.0,45,,,,,0
75230596,1.0,46,,,,,0
75230596,1.0,47,,,,,0
75230596,1.0,48,,,,,0
75230596,1.0,49,,,,,0
75230596,1.0,50,,,,,0
75230596,1.0,51,,,,,0
75230596,1.0,52,,,,,0
75230596,1.0,53,,,,,0
75230596,1.0,54,,,,,0
75230596,1.0,55,,,,,0
75230596,1.0,56,,,,,0
75230596,1.0,57,,,,,0
75230596,1.0,58,,,,,0
75230596,1.0,59,,,,,0
75230596,1.0,60,,,,,0
33113383,1.0,1,26000831,onsite,0.125,0.0,1
33113383,1.0,2,49092192,onsite,0.125,0.0,1
33113383,1.0,3,26961910,onsite,0.125,0.0,1
33113383,1.0,4,34101951,onsite,0.125,0.0,1
33113383,1.0,5,98908009,onsite,0.125,0.0,1
33113383,1.0,6,81276423,onsite,0.125,0.0,1
33113383,1.0,7,96497996,onsite,0.125,0.0,1
33113383,1.0,8,47879707,onsite,0.125,0.0,1
33113383,1.0,9,62669017,onsite,0.125,0.0,1
33113383,1.0,10,34364820,onsite,0.125,0.0,1
33113383,1.0,11,,,,,0
33113383,1.0,12,97932087,onsite,0.125,0.0,1
33113383,1.0,13,92764143,onsite,0.7501875468867217,0.0,1
33113383,1.0,14,,,,,0
33113383,1.0,15,41735900,onsite,0.7501875468867217,0.0,1
33113383,1.0,16,19551080,onsite,0.7501875468867217,0.0,1
33113383,1.0,17,,,,,0
33113383,1.0,18,,,,,0
33113383,1.0,19,41585723,onsite,2.0,0.0,1
33113383,1.0,20,,,,,0
33113383,1.0,21,,,,,0
33113383,1.0,22,55698297,onsite,2.0,0.0,1
33113383,1.0,23,79719922,online,2.0,0.0,1
33113383,1.0,24,,,,,0
33113383,1.0,25,93756859,onsite,0.125,0.0,1
33113383,1.0,26,,,,,0
33113383,1.0,27,16947841,onsite,2.5,0.0,1
33113383,1.0,28,,,,,0
33113383,1.0,29,,,,,0
33113383,1.0,30,,,,,0
33113383,1.0,31,,,,,0
33113383,1.0,32,,,,,0
33113383,1.0,33,,,,,0
33113383,1.0,34,55953788,onsite,2.0,0.0,1
33113383,1.0,35,,,,,0
33113383,1.0,36,,,,,0
33113383,1.0,37,,,,,0
33113383,1.0,38,,,,,0
33113383,1.0,39,,,,,0
33113383,1.0,40,,,,,0
33113383,1.0,41,,,,,0
33113383,1.0,42,,,,,0
33113383,1.0,43,,,,,0
33113383,1.0,44,,,,,0
33113383,1.0,45,,,,,0
33113383,1.0,46,,,,,0
33113383,1.0,47,,,,,0
33113383,1.0,48,,,,,0
33113383,1.0,49,,,,,0
33113383,1.0,50,,,,,0
33113383,1.0,51,,,,,0
33113383,1.0,52,,,,,0
33113383,1.0,53,,,,,0
33113383,1.0,54,,,,,0
33113383,1.0,55,,,,,0
33113383,1.0,56,,,,,0
33113383,1.0,57,,,,,0
33113383,1.0,58,,,,,0
33113383,1.0,59,,,,,0
33113383,1.0,60,,,,,0
23917573,1.0,1,,,,,0
23917573,1.0,2,,,,,0
23917573,1.0,3,,,,,0
23917573,1.0,4,,,,,0
23917573,1.0,5,,,,,0
23917573,1.0,6,,,,,0
23917573,1.0,7,,,,,0
23917573,1.0,8,,,,,0
23917573,1.0,9,,,,,0
23917573,1.0,10,,,,,0
23917573,1.0,11,,,,,0
23917573,1.0,12,,,,,0
23917573,1.0,13,,,,,0
23917573,1.0,14,,,,,0
23917573,1.0,15,,,,,0
23917573,1.0,16,,,,,0
23917573,1.0,17,,,,,0
23917573,1.0,18,,,,,0
23917573,1.0,19,,,,,0
23917573,1.0,20,,,,,0
23917573,1.0,21,,,,,0
23917573,1.0,22,,,,,0
23917573,1.0,23,,,,,0
23917573,1.0,24,,,,,0
23917573,1.0,25,,,,,0
23917573,1.0,26,,,,,0
23917573,1.0,27,,,,,0
23917573,1.0,28,,,,,0
23917573,1.0,29,,,,,0
23917573,1.0,30,,,,,0
23917573,1.0,31,,,,,0
23917573,1.0,32,,,,,0
23917573,1.0,33,,,,,0
23917573,1.0,34,,,,,0
23917573,1.0,35,,,,,0
23917573,1.0,36,,,,,0
23917573,1.0,37,,,,,0
23917573,1.0,38,,,,,0
23917573,1.0,39,,,,,0
23917573,1.0,40,,,,,0
23917573,1.0,41,,,,,0
23917573,1.0,42,,,,,0
23917573,1.0,43,,,,,0
23917573,1.0,44,,,,,0
23917573,1.0,45,,,,,0
23917573,1.0,46,,,,,0
23917573,1.0,47,,,,,0
23917573,1.0,48,,,,,0
23917573,1.0,49,,,,,0
23917573,1.0,50,,,,,0
23917573,1.0,51,,,,,0
23917573,1.0,52,,,,,0
23917573,1.0,53,,,,,0
23917573,1.0,54,,,,,0
23917573,1.0,55,,,,,0
23917573,1.0,56,,,,,0
23917573,1.0,57,,,,,0
23917573,1.0,58,,,,,0
23917573,1.0,59,,,,,0
23917573,1.0,60,,,,,0
99474654,1.0,1,,,,,0
99474654,1.0,2,,,,,0
99474654,1.0,3,58445260,onsite,0.125,0.0,1
99474654,1.0,4,58445260,onsite,0.125,0.0,1
99474654,1.0,5,64620323,onsite,0.125,0.0,1
99474654,1.0,6,95400612,onsite,0.125,0.0,1
99474654,1.0,7,95400612,onsite,0.125,0.0,1
99474654,1.0,8,64620323,onsite,0.125,0.0,1
99474654,1.0,9,95400612,onsite,0.125,0.0,1
99474654,1.0,10,64620323,onsite,0.125,0.0,1
99474654,1.0,11,54214608,onsite,0.1,0.024999999999999994,1
99474654,1.0,12,58818815,onsite,0.7501875468867217,0.0,1
99474654,1.0,13,54214608,onsite,0.1,0.024999999999999994,1
99474654,1.0,14,37474965,onsite,0.7501875468867217,0.0,1
99474654,1.0,15,54214608,onsite,0.1,0.024999999999999994,1
99474654,1.0,16,54214608,onsite,0.1,0.024999999999999994,1
99474654,1.0,17,87062115,onsite,0.7501875468867217,0.0,1
99474654,1.0,18,96832037,onsite,0.7501875468867217,0.0,1
99474654,1.0,19,,,,,0
99474654,1.0,20,53136113,onsite,2.0,0.0,1
99474654,1.0,21,,,,,0
99474654,1.0,22,22265186,onsite,2.0,0.0,1
99474654,1.0,23,49066894,onsite,2.5,0.0,1
99474654,1.0,24,89683809,onsite,2.0,0.0,1
99474654,1.0,25,58994033,onsite,2.0,0.0,1
99474654,1.0,26,,,,,0
99474654,1.0,27,,,,,0
99474654,1.0,28,,,,,0
99474654,1.0,29,,,,,0
99474654,1.0,30,,,,,0
99474654,1.0,31,88517106,onsite,2.5,0.0,1
99474654,1.0,32,,,,,0
99474654,1.0,33,18407150,onsite,2.0,0.0,1
99474654,1.0,34,,,,,0
99474654,1.0,35,,,,,0
99474654,1.0,36,,,,,0
99474654,1.0,37,,,,,0
99474654,1.0,38,,,,,0
99474654,1.0,39,,,,,0
99474654,1.0,40,,,,,0
99474654,1.0,41,,,,,0
99474654,1.0,42,,,,,0
99474654,1.0,43,,,,,0
99474654,1.0,44,,,,,0
99474654,1.0,45,,,,,0
99474654,1.0,46,,,,,0
99474654,1.0,47,,,,,0
99474654,1.0,48,,,,,0
99474654,1.0,49,,,,,0
99474654,1.0,50,,,,,0
99474654,1.0,51,,,,,0
99474654,1.0,52,,,,,0
99474654,1.0,53,,,,,0
99474654,1.0,54,,,,,0
99474654,1.0,55,,,,,0
99474654,1.0,56,,,,,0
99474654,1.0,57,,,,,0
99474654,1.0,58,,,,,0
99474654,1.0,59,,,,,0
99474654,1.0,60,,,,,0
60997514,1.0,1,,,,,0
60997514,1.0,2,,,,,0
60997514,1.0,3,,,,,0
60997514,1.0,4,,,,,0
60997514,1.0,5,,,,,0
60997514,1.0,6,,,,,0
60997514,1.0,7,,,,,0
60997514,1.0,8,,,,,0
60997514,1.0,9,,,,,0
60997514,1.0,10,,,,,0
60997514,1.0,11,,,,,0
60997514,1.0,12,,,,,0
60997514,1.0,13,,,,,0
60997514,1.0,14,,,,,0
60997514,1.0,15,,,,,0
60997514,1.0,16,,,,,0
60997514,1.0,17,,,,,0
60997514,1.0,18,,,,,0
60997514,1.0,19,,,,,0
60997514,1.0,20,,,,,0
60997514,1.0,21,,,,,0
60997514,1.0,22,,,,,0
60997514,1.0,23,,,,,0
60997514,1.0,24,,,,,0
60997514,1.0,25,,,,,0
60997514,1.0,26,,,,,0
60997514,1.0,27,,,,,0
60997514,1.0,28,,,,,0
60997514,1.0,29,,,,,0
60997514,1.0,30,,,,,0
60997514,1.0,31,,,,,0
60997514,1.0,32,,,,,0
60997514,1.0,33,,,,,0
60997514,1.0,34,,,,,0
60997514,1.0,35,,,,,0
60997514,1.0,36,,,,,0
60997514,1.0,37,,,,,0
60997514,1.0,38,,,,,0
60997514,1.0,39,,,,,0
60997514,1.0,40,,,,,0
60997514,1.0,41,,,,,0
60997514,1.0,42,,,,,0
60997514,1.0,43,,,,,0
60997514,1.0,44,,,,,0
60997514,1.0,45,,,,,0
60997514,1.0,46,,,,,0
60997514,1.0,47,,,,,0
60997514,1.0,48,,,,,0
60997514,1.0,49,,,,,0
60997514,1.0,50,,,,,0
60997514,1.0,51,,,,,0
60997514,1.0,52,,,,,0
60997514,1.0,53,,,,,0
60997514,1.0,54,,,,,0
60997514,1.0,55,,,,,0
60997514,1.0,56,,,,,0
60997514,1.0,57,,,,,0
60997514,1.0,58,,,,,0
60997514,1.0,59,,,,,0
60997514,1.0,60,,,,,0
89538059,1.0,1,,,,,0
89538059,1.0,2,,,,,0
89538059,1.0,3,,,,,0
89538059,1.0,4,,,,,0
89538059,1.0,5,,,,,0
89538059,1.0,6,,,,,0
89538059,1.0,7,,,,,0
89538059,1.0,8,,,,,0
89538059,1.0,9,,,,,0
89538059,1.0,10,,,,,0
89538059,1.0,11,,,,,0
89538059,1.0,12,,,,,0
89538059,1.0,13,,,,,0
89538059,1.0,14,,,,,0
89538059,1.0,15,,,,,0
89538059,1.0,16,,,,,0
89538059,1.0,17,,,,,0
89538059,1.0,18,,,,,0
89538059,1.0,19,,,,,0
89538059,1.0,20,,,,,0
89538059,1.0,21,,,,,0
89538059,1.0,22,,,,,0
89538059,1.0,23,,,,,0
89538059,1.0,24,,,,,0
89538059,1.0,25,,,,,0
89538059,1.0,26,,,,,0
89538059,1.0,27,,,,,0
89538059,1.0,28,,,,,0
89538059,1.0,29,,,,,0
89538059,1.0,30,,,,,0
89538059,1.0,31,,,,,0
89538059,1.0,32,,,,,0
89538059,1.0,33,,,,,0
89538059,1.0,34,,,,,0
89538059,1.0,35,,,,,0
89538059,1.0,36,,,,,0
89538059,1.0,37,,,,,0
89538059,1.0,38,,,,,0
89538059,1.0,39,,,,,0
89538059,1.0,40,,,,,0
89538059,1.0,41,,,,,0
89538059,1.0,42,,,,,0
89538059,1.0,43,,,,,0
89538059,1.0,44,,,,,0
89538059,1.0,45,,,,,0
89538059,1.0,46,,,,,0
89538059,1.0,47,,,,,0
89538059,1.0,48,,,,,0
89538059,1.0,49,,,,,0
89538059,1.0,50,,,,,0
89538059,1.0,51,,,,,0
89538059,1.0,52,,,,,0
89538059,1.0,53,,,,,0
89538059,1.0,54,,,,,0
89538059,1.0,55,,,,,0
89538059,1.0,56,,,,,0
89538059,1.0,57,,,,,0
89538059,1.0,58,,,,,0
89538059,1.0,59,,,,,0
89538059,1.0,60,,,,,0
48417943,1.0,1,,,,,0
48417943,1.0,2,69076779,onsite,0.25,0.0,1
48417943,1.0,3,54254268,onsite,0.25,0.0,1
48417943,1.0,4,17532639,onsite,0.25,0.0,1
48417943,1.0,5,39331989,onsite,0.25,0.0,1
48417943,1.0,6,25678177,onsite,0.25,0.0,1
48417943,1.0,7,24114873,onsite,0.25,0.0,1
48417943,1.0,8,43699187,onsite,0.25,0.0,1
48417943,1.0,9,28832313,onsite,0.25,0.0,1
48417943,1.0,10,50659826,onsite,0.25,0.0,1
48417943,1.0,11,11479317,onsite,0.15,0.1,1
48417943,1.0,12,11479317,onsite,0.15,0.1,1
48417943,1.0,13,21933264,onsite,1.0,0.0,1
48417943,1.0,14,74611319,onsite,0.25,0.0,1
48417943,1.0,15,,,,,0
48417943,1.0,16,89334143,onsite,1.0,0.0,1
48417943,1.0,17,,,,,0
48417943,1.0,18,,,,,0
48417943,1.0,19,,,,,0
48417943,1.0,20,,,,,0
48417943,1.0,21,,,,,0
48417943,1.0,22,,,,,0
48417943,1.0,23,,,,,0
48417943,1.0,24,89143237,onsite,2.0,0.0,1
48417943,1.0,25,,,,,0
48417943,1.0,26,,,,,0
48417943,1.0,27,,,,,0
48417943,1.0,28,94816267,online,3.003003003003003,0.0,1
48417943,1.0,29,,,,,0
48417943,1.0,30,,,,,0
48417943,1.0,31,33147205,online,2.5,0.0,1
48417943,1.0,32,,,,,0
48417943,1.0,33,88384460,online,3.003003003003003,0.0,1
48417943,1.0,34,,,,,0
48417943,1.0,35,,,,,0
48417943,1.0,36,,,,,0
48417943,1.0,37,,,,,0
48417943,1.0,38,,,,,0
48417943,1.0,39,,,,,0
48417943,1.0,40,,,,,0
48417943,1.0,41,,,,,0
48417943,1.0,42,,,,,0
48417943,1.0,43,,,,,0
48417943,1.0,44,,,,,0
48417943,1.0,45,,,,,0
48417943,1.0,46,,,,,0
48417943,1.0,47,,,,,0
48417943,1.0,48,,,,,0
48417943,1.0,49,,,,,0
48417943,1.0,50,,,,,0
48417943,1.0,51,,,,,0
48417943,1.0,52,,,,,0
48417943,1.0,53,,,,,0
48417943,1.0,54,,,,,0
48417943,1.0,55,,,,,0
48417943,1.0,56,,,,,0
48417943,1.0,57,,,,,0
48417943,1.0,58,,,,,0
48417943,1.0,59,,,,,0
48417943,1.0,60,,,,,0
44773549,1.0,1,,,,,0
44773549,1.0,2,,,,,0
44773549,1.0,3,,,,,0
44773549,1.0,4,,,,,0
44773549,1.0,5,,,,,0
44773549,1.0,6,,,,,0
44773549,1.0,7,,,,,0
44773549,1.0,8,,,,,0
44773549,1.0,9,,,,,0
44773549,1.0,10,,,,,0
44773549,1.0,11,,,,,0
44773549,1.0,12,,,,,0
44773549,1.0,13,,,,,0
44773549,1.0,14,,,,,0
44773549,1.0,15,,,,,0
44773549,1.0,16,,,,,0
44773549,1.0,17,,,,,0
44773549,1.0,18,,,,,0
44773549,1.0,19,,,,,0
44773549,1.0,20,,,,,0
44773549,1.0,21,,,,,0
44773549,1.0,22,,,,,0
44773549,1.0,23,,,,,0
44773549,1.0,24,,,,,0
44773549,1.0,25,,,,,0
44773549,1.0,26,,,,,0
44773549,1.0,27,,,,,0
44773549,1.0,28,,,,,0
44773549,1.0,29,,,,,0
44773549,1.0,30,,,,,0
44773549,1.0,31,,,,,0
44773549,1.0,32,,,,,0
44773549,1.0,33,,,,,0
44773549,1.0,34,,,,,0
44773549,1.0,35,,,,,0
44773549,1.0,36,,,,,0
44773549,1.0,37,,,,,0
44773549,1.0,38,,,,,0
44773549,1.0,39,,,,,0
44773549,1.0,40,,,,,0
44773549,1.0,41,,,,,0
44773549,1.0,42,,,,,0
44773549,1.0,43,,,,,0
44773549,1.0,44,,,,,0
44773549,1.0,45,,,,,0
44773549,1.0,46,,,,,0
44773549,1.0,47,,,,,0
44773549,1.0,48,,,,,0
44773549,1.0,49,,,,,0
44773549,1.0,50,,,,,0
44773549,1.0,51,,,,,0
44773549,1.0,52,,,,,0
44773549,1.0,53,,,,,0
44773549,1.0,54,,,,,0
44773549,1.0,55,,,,,0
44773549,1.0,56,,,,,0
44773549,1.0,57,,,,,0
44773549,1.0,58,,,,,0
44773549,1.0,59,,,,,0
44773549,1.0,60,,,,,0
67282331,1.0,1,,,,,0
67282331,1.0,2,,,,,0
67282331,1.0,3,,,,,0
67282331,1.0,4,,,,,0
67282331,1.0,5,,,,,0
67282331,1.0,6,,,,,0
67282331,1.0,7,,,,,0
67282331,1.0,8,,,,,0
67282331,1.0,9,,,,,0
67282331,1.0,10,,,,,0
67282331,1.0,11,,,,,0
67282331,1.0,12,,,,,0
67282331,1.0,13,,,,,0
67282331,1.0,14,,,,,0
67282331,1.0,15,,,,,0
67282331,1.0,16,,,,,0
67282331,1.0,17,,,,,0
67282331,1.0,18,,,,,0
67282331,1.0,19,,,,,0
67282331,1.0,20,,,,,0
67282331,1.0,21,,,,,0
67282331,1.0,22,,,,,0
67282331,1.0,23,,,,,0
67282331,1.0,24,,,,,0
67282331,1.0,25,,,,,0
67282331,1.0,26,,,,,0
67282331,1.0,27,,,,,0
67282331,1.0,28,,,,,0
67282331,1.0,29,,,,,0
67282331,1.0,30,,,,,0
67282331,1.0,31,,,,,0
67282331,1.0,32,,,,,0
67282331,1.0,33,,,,,0
67282331,1.0,34,,,,,0
67282331,1.0,35,,,,,0
67282331,1.0,36,,,,,0
67282331,1.0,37,,,,,0
67282331,1.0,38,,,,,0
67282331,1.0,39,,,,,0
67282331,1.0,40,,,,,0
67282331,1.0,41,,,,,0
67282331,1.0,42,,,,,0
67282331,1.0,43,,,,,0
67282331,1.0,44,,,,,0
67282331,1.0,45,,,,,0
67282331,1.0,46,,,,,0
67282331,1.0,47,,,,,0
67282331,1.0,48,,,,,0
67282331,1.0,49,,,,,0
67282331,1.0,50,,,,,0
67282331,1.0,51,,,,,0
67282331,1.0,52,,,,,0
67282331,1.0,53,,,,,0
67282331,1.0,54,,,,,0
67282331,1.0,55,,,,,0
67282331,1.0,56,,,,,0
67282331,1.0,57,,,,,0
67282331,1.0,58,,,,,0
67282331,1.0,59,,,,,0
67282331,1.0,60,,,,,0
93750751,1.0,1,,,,,0
93750751,1.0,2,59112774,onsite,0.25,0.0,1
93750751,1.0,3,86588848,onsite,0.25,0.0,1
93750751,1.0,4,86588848,onsite,0.25,0.0,1
93750751,1.0,5,83834084,onsite,0.25,0.0,1
93750751,1.0,6,23143461,onsite,0.25,0.0,1
93750751,1.0,7,91633982,onsite,0.25,0.0,1
93750751,1.0,8,74536715,onsite,0.2,0.04999999999999999,1
93750751,1.0,9,59112774,onsite,0.25,0.0,1
93750751,1.0,10,83834084,onsite,0.25,0.0,1
93750751,1.0,11,60766474,onsite,0.25,0.0,1
93750751,1.0,12,72644250,onsite,0.25,0.0,1
93750751,1.0,13,95721396,onsite,1.0,0.0,1
93750751,1.0,14,91523808,onsite,1.0,0.0,1
93750751,1.0,15,60177649,onsite,0.8,0.19999999999999996,1
93750751,1.0,16,99617803,onsite,1.0,0.0,1
93750751,1.0,17,56052364,onsite,1.0,0.0,1
93750751,1.0,18,60306763,onsite,1.0,0.0,1
93750751,1.0,19,97764976,onsite,2.0,0.0,1
93750751,1.0,20,99688016,onsite,1.0,0.0,1
93750751,1.0,21,94982348,onsite,2.0,0.0,1
93750751,1.0,22,15132122,onsite,2.0,0.0,1
93750751,1.0,23,50814161,onsite,2.0,0.0,1
93750751,1.0,24,,,,,0
93750751,1.0,25,54172692,onsite,0.8,0.19999999999999996,1
93750751,1.0,26,46932570,onsite,1.0,0.0,1
93750751,1.0,27,,,,,0
93750751,1.0,28,,,,,0
93750751,1.0,29,38796223,onsite,2.0,0.0,1
93750751,1.0,30,83320199,onsite,2.0,0.0,1
93750751,1.0,31,,,,,0
93750751,1.0,32,,,,,0
93750751,1.0,33,,,,,0
93750751,1.0,34,10611609,onsite,2.5,0.0,1
93750751,1.0,35,77500327,onsite,2.0,0.0,1
93750751,1.0,36,,,,,0
93750751,1.0,37,,,,,0
93750751,1.0,38,65520411,onsite,2.0,0.0,1
93750751,1.0,39,,,,,0
93750751,1.0,40,,,,,0
93750751,1.0,41,,,,,0
93750751,1.0,42,,,,,0
93750751,1.0,43,,,,,0
93750751,1.0,44,,,,,0
93750751,1.0,45,,,,,0
93750751,1.0,46,,,,,0
93750751,1.0,47,,,,,0
93750751,1.0,48,,,,,0
93750751,1.0,49,,,,,0
93750751,1.0,50,,,,,0
93750751,1.0,51,,,,,0
93750751,1.0,52,,,,,0
93750751,1.0,53,,,,,0
93750751,1.0,54,,,,,0
93750751,1.0,55,,,,,0
93750751,1.0,56,,,,,0
93750751,1.0,57,,,,,0
93750751,1.0,58,,,,,0
93750751,1.0,59,,,,,0
93750751,1.0,60,,,,,0
10615629,1.0,1,,,,,0
10615629,1.0,2,76058214,onsite,0.125,0.0,1
10615629,1.0,3,27360664,onsite,0.125,0.0,1
10615629,1.0,4,45819546,onsite,0.125,0.0,1
10615629,1.0,5,76058214,onsite,0.125,0.0,1
10615629,1.0,6,,,,,0
10615629,1.0,7,45819546,onsite,0.125,0.0,1
10615629,1.0,8,76058214,onsite,0.125,0.0,1
10615629,1.0,9,76058214,onsite,0.125,0.0,1
10615629,1.0,10,45819546,onsite,0.125,0.0,1
10615629,1.0,11,37428079,onsite,0.125,0.0,1
10615629,1.0,12,37428079,onsite,0.125,0.0,1
10615629,1.0,13,27360664,onsite,0.125,0.0,1
10615629,1.0,14,27360664,onsite,0.125,0.0,1
10615629,1.0,15,37428079,onsite,0.125,0.0,1
10615629,1.0,16,37428079,onsite,0.125,0.0,1
10615629,1.0,17,27360664,onsite,0.125,0.0,1
10615629,1.0,18,45819546,onsite,0.125,0.0,1
10615629,1.0,19,,,,,0
10615629,1.0,20,,,,,0
10615629,1.0,21,90997564,onsite,2.0,0.0,1
10615629,1.0,22,,,,,0
10615629,1.0,23,51440708,online,2.0,0.0,1
10615629,1.0,24,,,,,0
10615629,1.0,25,,,,,0
10615629,1.0,26,,,,,0
10615629,1.0,27,,,,,0
10615629,1.0,28,,,,,0
10615629,1.0,29,,,,,0
10615629,1.0,30,,,,,0
10615629,1.0,31,,,,,0
10615629,1.0,32,,,,,0
10615629,1.0,33,,,,,0
10615629,1.0,34,94636605,onsite,2.0,0.0,1
10615629,1.0,35,,,,,0
10615629,1.0,36,,,,,0
10615629,1.0,37,,,,,0
10615629,1.0,38,,,,,0
10615629,1.0,39,,,,,0
10615629,1.0,40,,,,,0
10615629,1.0,41,,,,,0
10615629,1.0,42,,,,,0
10615629,1.0,43,,,,,0
10615629,1.0,44,,,,,0
10615629,1.0,45,,,,,0
10615629,1.0,46,,,,,0
10615629,1.0,47,,,,,0
10615629,1.0,48,,,,,0
10615629,1.0,49,,,,,0
10615629,1.0,50,,,,,0
10615629,1.0,51,,,,,0
10615629,1.0,52,,,,,0
10615629,1.0,53,,,,,0
10615629,1.0,54,,,,,0
10615629,1.0,55,,,,,0
10615629,1.0,56,,,,,0
10615629,1.0,57,,,,,0
10615629,1.0,58,,,,,0
10615629,1.0,59,,,,,0
10615629,1.0,60,,,,,0
81400507,1.0,1,,,,,0
81400507,1.0,2,,,,,0
81400507,1.0,3,74903311,onsite,0.125,0.0,1
81400507,1.0,4,92071903,onsite,0.125,0.0,1
81400507,1.0,5,51375328,onsite,0.125,0.0,1
81400507,1.0,6,12868813,onsite,0.1,0.024999999999999994,1
81400507,1.0,7,86519548,onsite,0.125,0.0,1
81400507,1.0,8,70843522,onsite,0.125,0.0,1
81400507,1.0,9,74903311,onsite,0.125,0.0,1
81400507,1.0,10,66367478,onsite,0.125,0.0,1
81400507,1.0,11,86519548,onsite,0.125,0.0,1
81400507,1.0,12,86519548,onsite,0.125,0.0,1
81400507,1.0,13,57922365,onsite,0.7501875468867217,0.0,1
81400507,1.0,14,,,,,0
81400507,1.0,15,41299502,onsite,0.7501875468867217,0.0,1
81400507,1.0,16,65686159,onsite,0.7501875468867217,0.0,1
81400507,1.0,17,,,,,0
81400507,1.0,18,,,,,0
81400507,1.0,19,,,,,0
81400507,1.0,20,31160423,onsite,0.125,0.0,1
81400507,1.0,21,,,,,0
81400507,1.0,22,,,,,0
81400507,1.0,23,29852852,onsite,0.7501875468867217,0.0,1
81400507,1.0,24,30244614,onsite,2.0,0.0,1
81400507,1.0,25,,,,,0
81400507,1.0,26,,,,,0
81400507,1.0,27,76939180,onsite,2.5,0.0,1
81400507,1.0,28,,,,,0
81400507,1.0,29,,,,,0
81400507,1.0,30,,,,,0
81400507,1.0,31,,,,,0
81400507,1.0,32,,,,,0
81400507,1.0,33,,,,,0
81400507,1.0,34,,,,,0
81400507,1.0,35,,,,,0
81400507,1.0,36,,,,,0
81400507,1.0,37,42074158,online,3.003003003003003,0.0,1
81400507,1.0,38,,,,,0
81400507,1.0,39,,,,,0
81400507,1.0,40,,,,,0
81400507,1.0,41,,,,,0
81400507,1.0,42,,,,,0
81400507,1.0,43,,,,,0
81400507,1.0,44,,,,,0
81400507,1.0,45,,,,,0
81400507,1.0,46,,,,,0
81400507,1.0,47,,,,,0
81400507,1.0,48,,,,,0
81400507,1.0,49,,,,,0
81400507,1.0,50,,,,,0
81400507,1.0,51,,,,,0
81400507,1.0,52,,,,,0
81400507,1.0,53,,,,,0
81400507,1.0,54,,,,,0
81400507,1.0,55,,,,,0
81400507,1.0,56,,,,,0
81400507,1.0,57,,,,,0
81400507,1.0,58,,,,,0
81400507,1.0,59,,,,,0
81400507,1.0,60,,,,,0
50519688,1.0,1,,,,,0
50519688,1.0,2,75222772,onsite,0.25,0.0,1
50519688,1.0,3,79069516,onsite,0.25,0.0,1
50519688,1.0,4,79069516,onsite,0.25,0.0,1
50519688,1.0,5,40115937,onsite,0.25,0.0,1
50519688,1.0,6,98404929,onsite,0.25,0.0,1
50519688,1.0,7,40115937,onsite,0.25,0.0,1
50519688,1.0,8,67832939,onsite,0.25,0.0,1
50519688,1.0,9,17992581,onsite,0.25,0.0,1
50519688,1.0,10,17992581,onsite,0.25,0.0,1
50519688,1.0,11,13109340,onsite,0.25,0.0,1
50519688,1.0,12,75936333,onsite,0.25,0.0,1
50519688,1.0,13,63040634,onsite,1.0,0.0,1
50519688,1.0,14,,,,,0
50519688,1.0,15,50968655,onsite,1.0,0.0,1
50519688,1.0,16,,,,,0
50519688,1.0,17,49706612,onsite,1.0,0.0,1
50519688,1.0,18,,,,,0
50519688,1.0,19,,,,,0
50519688,1.0,20,,,,,0
50519688,1.0,21,,,,,0
50519688,1.0,22,,,,,0
50519688,1.0,23,,,,,0
50519688,1.0,24,,,,,0
50519688,1.0,25,15620237,online,3.003003003003003,0.0,1
50519688,1.0,26,,,,,0
50519688,1.0,27,,,,,0
50519688,1.0,28,,,,,0
50519688,1.0,29,31477599,online,2.5,0.0,1
50519688,1.0,30,,,,,0
50519688,1.0,31,43420345,online,2.5,0.0,1
50519688,1.0,32,,,,,0
50519688,1.0,33,,,,,0
50519688,1.0,34,,,,,0
50519688,1.0,35,50634251,online,3.003003003003003,0.0,1
50519688,1.0,36,,,,,0
50519688,1.0,37,,,,,0
50519688,1.0,38,,,,,0
50519688,1.0,39,,,,,0
50519688,1.0,40,,,,,0
50519688,1.0,41,,,,,0
50519688,1.0,42,,,,,0
50519688,1.0,43,,,,,0
50519688,1.0,44,,,,,0
50519688,1.0,45,,,,,0
50519688,1.0,46,,,,,0
50519688,1.0,47,,,,,0
50519688,1.0,48,,,,,0
50519688,1.0,49,,,,,0
50519688,1.0,50,,,,,0
50519688,1.0,51,,,,,0
50519688,1.0,52,,,,,0
50519688,1.0,53,,,,,0
50519688,1.0,54,,,,,0
50519688,1.0,55,,,,,0
50519688,1.0,56,,,,,0
50519688,1.0,57,,,,,0
50519688,1.0,58,,,,,0
50519688,1.0,59,,,,,0
50519688,1.0,60,,,,,0
14582357,1.0,1,,,,,0
14582357,1.0,2,94297623,online,2.0,0.0,1
14582357,1.0,3,,,,,0
14582357,1.0,4,,,,,0
14582357,1.0,5,,,,,0
14582357,1.0,6,62583355,onsite,1.5,1.0,1
14582357,1.0,7,,,,,0
14582357,1.0,8,,,,,0
14582357,1.0,9,,,,,0
14582357,1.0,10,,,,,0
14582357,1.0,11,,,,,0
14582357,1.0,12,,,,,0
14582357,1.0,13,,,,,0
14582357,1.0,14,,,,,0
14582357,1.0,15,,,,,0
14582357,1.0,16,,,,,0
14582357,1.0,17,,,,,0
14582357,1.0,18,63187573,onsite,0.04999999999999999,0.07500000000000001,1
14582357,1.0,19,63187573,onsite,0.04999999999999999,0.07500000000000001,1
14582357,1.0,20,,,,,0
14582357,1.0,21,63187573,onsite,0.04999999999999999,0.07500000000000001,1
14582357,1.0,22,63187573,onsite,0.04999999999999999,0.07500000000000001,1
14582357,1.0,23,17641361,online,2.0,0.0,1
14582357,1.0,24,63187573,onsite,0.04999999999999999,0.07500000000000001,1
14582357,1.0,25,63187573,onsite,0.04999999999999999,0.07500000000000001,1
14582357,1.0,26,63187573,onsite,0.04999999999999999,0.07500000000000001,1
14582357,1.0,27,63187573,onsite,0.04999999999999999,0.07500000000000001,1
14582357,1.0,28,63187573,onsite,0.04999999999999999,0.07500000000000001,1
14582357,1.0,29,63187573,onsite,0.04999999999999999,0.07500000000000001,1
14582357,1.0,30,,,,,0
14582357,1.0,31,63187573,onsite,0.04999999999999999,0.07500000000000001,1
14582357,1.0,32,63187573,onsite,0.04999999999999999,0.07500000000000001,1
14582357,1.0,33,,,,,0
14582357,1.0,34,,,,,0
14582357,1.0,35,,,,,0
14582357,1.0,36,,,,,0
14582357,1.0,37,,,,,0
14582357,1.0,38,,,,,0
14582357,1.0,39,,,,,0
14582357,1.0,40,,,,,0
14582357,1.0,41,,,,,0
14582357,1.0,42,,,,,0
14582357,1.0,43,,,,,0
14582357,1.0,44,,,,,0
14582357,1.0,45,,,,,0
14582357,1.0,46,,,,,0
14582357,1.0,47,,,,,0
14582357,1.0,48,,,,,0
14582357,1.0,49,,,,,0
14582357,1.0,50,,,,,0
14582357,1.0,51,,,,,0
14582357,1.0,52,,,,,0
14582357,1.0,53,,,,,0
14582357,1.0,54,,,,,0
14582357,1.0,55,,,,,0
14582357,1.0,56,,,,,0
14582357,1.0,57,,,,,0
14582357,1.0,58,,,,,0
14582357,1.0,59,,,,,0
14582357,1.0,60,,,,,0
11091566,1.0,1,15394782,onsite,0.25,0.0,1
11091566,1.0,2,29135757,onsite,0.25,0.0,1
11091566,1.0,3,63533246,onsite,0.25,0.0,1
11091566,1.0,4,15400518,onsite,0.25,0.0,1
11091566,1.0,5,59111999,onsite,0.25,0.0,1
11091566,1.0,6,29135757,onsite,0.25,0.0,1
11091566,1.0,7,12343114,onsite,0.25,0.0,1
11091566,1.0,8,41830248,onsite,0.25,0.0,1
11091566,1.0,9,18149250,onsite,0.25,0.0,1
11091566,1.0,10,37086983,onsite,0.25,0.0,1
11091566,1.0,11,38491260,onsite,0.25,0.0,1
11091566,1.0,12,95199437,onsite,0.25,0.0,1
11091566,1.0,13,96670406,onsite,0.25,0.0,1
11091566,1.0,14,96670406,onsite,0.25,0.0,1
11091566,1.0,15,18915815,onsite,1.0,0.0,1
11091566,1.0,16,42069937,onsite,0.25,0.0,1
11091566,1.0,17,27739886,onsite,0.25,0.0,1
11091566,1.0,18,25554645,onsite,1.0,0.0,1
11091566,1.0,19,24965377,onsite,1.0,0.0,1
11091566,1.0,20,46099406,onsite,1.0,0.0,1
11091566,1.0,21,28699898,onsite,2.0,0.0,1
11091566,1.0,22,47273118,onsite,2.0,0.0,1
11091566,1.0,23,18664311,onsite,2.0,0.0,1
11091566,1.0,24,54470931,onsite,2.0,0.0,1
11091566,1.0,25,44297641,onsite,2.0,0.0,1
11091566,1.0,26,45346385,onsite,2.0,0.0,1
11091566,1.0,27,62915506,onsite,2.0,0.0,1
11091566,1.0,28,,,,,0
11091566,1.0,29,84003540,onsite,2.0,0.0,1
11091566,1.0,30,,,,,0
11091566,1.0,31,32211722,onsite,2.0,0.0,1
11091566,1.0,32,,,,,0
11091566,1.0,33,,,,,0
11091566,1.0,34,,,,,0
11091566,1.0,35,,,,,0
11091566,1.0,36,,,,,0
11091566,1.0,37,,,,,0
11091566,1.0,38,,,,,0
11091566,1.0,39,,,,,0
11091566,1.0,40,,,,,0
11091566,1.0,41,,,,,0
11091566,1.0,42,,,,,0
11091566,1.0,43,,,,,0
11091566,1.0,44,,,,,0
11091566,1.0,45,,,,,0
11091566,1.0,46,,,,,0
11091566,1.0,47,,,,,0
11091566,1.0,48,,,,,0
11091566,1.0,49,,,,,0
11091566,1.0,50,,,,,0
11091566,1.0,51,,,,,0
11091566,1.0,52,,,,,0
11091566,1.0,53,,,,,0
11091566,1.0,54,,,,,0
11091566,1.0,55,,,,,0
11091566,1.0,56,,,,,0
11091566,1.0,57,,,,,0
11091566,1.0,58,,,,,0
11091566,1.0,59,,,,,0
11091566,1.0,60,,,,,0
17621023,1.0,1,29135757,onsite,0.125,0.0,1
17621023,1.0,2,41716518,onsite,0.125,0.0,1
17621023,1.0,3,92775358,onsite,0.125,0.0,1
17621023,1.0,4,92775358,onsite,0.125,0.0,1
17621023,1.0,5,92775358,onsite,0.125,0.0,1
17621023,1.0,6,59111999,onsite,0.125,0.0,1
17621023,1.0,7,24098320,onsite,0.125,0.0,1
17621023,1.0,8,79215234,onsite,0.125,0.0,1
17621023,1.0,9,79215234,onsite,0.125,0.0,1
17621023,1.0,10,15400518,onsite,0.125,0.0,1
17621023,1.0,11,95199437,onsite,0.125,0.0,1
17621023,1.0,12,36393664,onsite,0.7501875468867217,0.0,1
17621023,1.0,13,69194463,onsite,0.7501875468867217,0.0,1
17621023,1.0,14,48763537,onsite,0.7501875468867217,0.0,1
17621023,1.0,15,27739886,onsite,0.125,0.0,1
17621023,1.0,16,27739886,onsite,0.125,0.0,1
17621023,1.0,17,68390470,onsite,2.0,0.0,1
17621023,1.0,18,15822139,onsite,2.0,0.0,1
17621023,1.0,19,18186790,onsite,2.0,0.0,1
17621023,1.0,20,32699004,onsite,2.0,0.0,1
17621023,1.0,21,40228476,onsite,2.0,0.0,1
17621023,1.0,22,55007093,onsite,2.0,0.0,1
17621023,1.0,23,49078084,onsite,2.0,0.0,1
17621023,1.0,24,15670276,onsite,2.0,0.0,1
17621023,1.0,25,26978722,onsite,2.0,0.0,1
17621023,1.0,26,,,,,0
17621023,1.0,27,,,,,0
17621023,1.0,28,,,,,0
17621023,1.0,29,45785981,onsite,2.0,0.0,1
17621023,1.0,30,,,,,0
17621023,1.0,31,,,,,0
17621023,1.0,32,,,,,0
17621023,1.0,33,79604516,onsite,2.0,0.0,1
17621023,1.0,34,,,,,0
17621023,1.0,35,,,,,0
17621023,1.0,36,,,,,0
17621023,1.0,37,,,,,0
17621023,1.0,38,67219441,onsite,2.0,0.0,1
17621023,1.0,39,,,,,0
17621023,1.0,40,,,,,0
17621023,1.0,41,,,,,0
17621023,1.0,42,,,,,0
17621023,1.0,43,,,,,0
17621023,1.0,44,,,,,0
17621023,1.0,45,,,,,0
17621023,1.0,46,,,,,0
17621023,1.0,47,,,,,0
17621023,1.0,48,,,,,0
17621023,1.0,49,,,,,0
17621023,1.0,50,,,,,0
17621023,1.0,51,,,,,0
17621023,1.0,52,,,,,0
17621023,1.0,53,,,,,0
17621023,1.0,54,,,,,0
17621023,1.0,55,,,,,0
17621023,1.0,56,,,,,0
17621023,1.0,57,,,,,0
17621023,1.0,58,,,,,0
17621023,1.0,59,,,,,0
17621023,1.0,60,,,,,0
95870867,1.0,1,,,,,0
95870867,1.0,2,55388403,onsite,0.25,0.0,1
95870867,1.0,3,39099817,onsite,0.25,0.0,1
95870867,1.0,4,68884875,onsite,0.25,0.0,1
95870867,1.0,5,55388403,onsite,0.25,0.0,1
95870867,1.0,6,26512783,onsite,0.25,0.0,1
95870867,1.0,7,39099817,onsite,0.25,0.0,1
95870867,1.0,8,37946335,onsite,0.25,0.0,1
95870867,1.0,9,17574155,onsite,0.25,0.0,1
95870867,1.0,10,85132818,onsite,0.25,0.0,1
95870867,1.0,11,85132818,onsite,0.25,0.0,1
95870867,1.0,12,17090145,onsite,1.0,0.0,1
95870867,1.0,13,74810352,onsite,1.0,0.0,1
95870867,1.0,14,38219062,onsite,1.0,0.0,1
95870867,1.0,15,,,,,0
95870867,1.0,16,,,,,0
95870867,1.0,17,25266097,onsite,2.0,0.0,1
95870867,1.0,18,,,,,0
95870867,1.0,19,45251105,onsite,1.0,0.0,1
95870867,1.0,20,,,,,0
95870867,1.0,21,,,,,0
95870867,1.0,22,98815343,onsite,2.0,0.0,1
95870867,1.0,23,,,,,0
95870867,1.0,24,,,,,0
95870867,1.0,25,36436985,onsite,2.5,0.0,1
95870867,1.0,26,,,,,0
95870867,1.0,27,,,,,0
95870867,1.0,28,,,,,0
95870867,1.0,29,,,,,0
95870867,1.0,30,,,,,0
95870867,1.0,31,60462289,online,2.5,0.0,1
95870867,1.0,32,,,,,0
95870867,1.0,33,,,,,0
95870867,1.0,34,,,,,0
95870867,1.0,35,,,,,0
95870867,1.0,36,,,,,0
95870867,1.0,37,,,,,0
95870867,1.0,38,,,,,0
95870867,1.0,39,,,,,0
95870867,1.0,40,,,,,0
95870867,1.0,41,,,,,0
95870867,1.0,42,,,,,0
95870867,1.0,43,,,,,0
95870867,1.0,44,,,,,0
95870867,1.0,45,,,,,0
95870867,1.0,46,,,,,0
95870867,1.0,47,,,,,0
95870867,1.0,48,,,,,0
95870867,1.0,49,,,,,0
95870867,1.0,50,,,,,0
95870867,1.0,51,,,,,0
95870867,1.0,52,,,,,0
95870867,1.0,53,,,,,0
95870867,1.0,54,,,,,0
95870867,1.0,55,,,,,0
95870867,1.0,56,,,,,0
95870867,1.0,57,,,,,0
95870867,1.0,58,,,,,0
95870867,1.0,59,,,,,0
95870867,1.0,60,,,,,0
90086663,1.0,1,,,,,0
90086663,1.0,2,,,,,0
90086663,1.0,3,,,,,0
90086663,1.0,4,,,,,0
90086663,1.0,5,,,,,0
90086663,1.0,6,,,,,0
90086663,1.0,7,,,,,0
90086663,1.0,8,,,,,0
90086663,1.0,9,,,,,0
90086663,1.0,10,,,,,0
90086663,1.0,11,,,,,0
90086663,1.0,12,,,,,0
90086663,1.0,13,,,,,0
90086663,1.0,14,,,,,0
90086663,1.0,15,,,,,0
90086663,1.0,16,,,,,0
90086663,1.0,17,,,,,0
90086663,1.0,18,,,,,0
90086663,1.0,19,,,,,0
90086663,1.0,20,,,,,0
90086663,1.0,21,,,,,0
90086663,1.0,22,,,,,0
90086663,1.0,23,,,,,0
90086663,1.0,24,,,,,0
90086663,1.0,25,,,,,0
90086663,1.0,26,,,,,0
90086663,1.0,27,,,,,0
90086663,1.0,28,,,,,0
90086663,1.0,29,,,,,0
90086663,1.0,30,,,,,0
90086663,1.0,31,,,,,0
90086663,1.0,32,,,,,0
90086663,1.0,33,,,,,0
90086663,1.0,34,,,,,0
90086663,1.0,35,,,,,0
90086663,1.0,36,,,,,0
90086663,1.0,37,,,,,0
90086663,1.0,38,,,,,0
90086663,1.0,39,,,,,0
90086663,1.0,40,,,,,0
90086663,1.0,41,,,,,0
90086663,1.0,42,,,,,0
90086663,1.0,43,,,,,0
90086663,1.0,44,,,,,0
90086663,1.0,45,,,,,0
90086663,1.0,46,,,,,0
90086663,1.0,47,,,,,0
90086663,1.0,48,,,,,0
90086663,1.0,49,,,,,0
90086663,1.0,50,,,,,0
90086663,1.0,51,,,,,0
90086663,1.0,52,,,,,0
90086663,1.0,53,,,,,0
90086663,1.0,54,,,,,0
90086663,1.0,55,,,,,0
90086663,1.0,56,,,,,0
90086663,1.0,57,,,,,0
90086663,1.0,58,,,,,0
90086663,1.0,59,,,,,0
90086663,1.0,60,,,,,0
95994572,1.0,1,,,,,0
95994572,1.0,2,,,,,0
95994572,1.0,3,,,,,0
95994572,1.0,4,,,,,0
95994572,1.0,5,,,,,0
95994572,1.0,6,,,,,0
95994572,1.0,7,,,,,0
95994572,1.0,8,,,,,0
95994572,1.0,9,,,,,0
95994572,1.0,10,,,,,0
95994572,1.0,11,,,,,0
95994572,1.0,12,,,,,0
95994572,1.0,13,,,,,0
95994572,1.0,14,,,,,0
95994572,1.0,15,,,,,0
95994572,1.0,16,,,,,0
95994572,1.0,17,,,,,0
95994572,1.0,18,,,,,0
95994572,1.0,19,,,,,0
95994572,1.0,20,,,,,0
95994572,1.0,21,,,,,0
95994572,1.0,22,,,,,0
95994572,1.0,23,,,,,0
95994572,1.0,24,,,,,0
95994572,1.0,25,,,,,0
95994572,1.0,26,,,,,0
95994572,1.0,27,,,,,0
95994572,1.0,28,,,,,0
95994572,1.0,29,,,,,0
95994572,1.0,30,,,,,0
95994572,1.0,31,,,,,0
95994572,1.0,32,,,,,0
95994572,1.0,33,,,,,0
95994572,1.0,34,,,,,0
95994572,1.0,35,,,,,0
95994572,1.0,36,,,,,0
95994572,1.0,37,,,,,0
95994572,1.0,38,,,,,0
95994572,1.0,39,,,,,0
95994572,1.0,40,,,,,0
95994572,1.0,41,,,,,0
95994572,1.0,42,,,,,0
95994572,1.0,43,,,,,0
95994572,1.0,44,,,,,0
95994572,1.0,45,,,,,0
95994572,1.0,46,,,,,0
95994572,1.0,47,,,,,0
95994572,1.0,48,,,,,0
95994572,1.0,49,,,,,0
95994572,1.0,50,,,,,0
95994572,1.0,51,,,,,0
95994572,1.0,52,,,,,0
95994572,1.0,53,,,,,0
95994572,1.0,54,,,,,0
95994572,1.0,55,,,,,0
95994572,1.0,56,,,,,0
95994572,1.0,57,,,,,0
95994572,1.0,58,,,,,0
95994572,1.0,59,,,,,0
95994572,1.0,60,,,,,0
46137153,1.0,1,,,,,0
46137153,1.0,2,,,,,0
46137153,1.0,3,,,,,0
46137153,1.0,4,,,,,0
46137153,1.0,5,,,,,0
46137153,1.0,6,,,,,0
46137153,1.0,7,,,,,0
46137153,1.0,8,,,,,0
46137153,1.0,9,,,,,0
46137153,1.0,10,,,,,0
46137153,1.0,11,,,,,0
46137153,1.0,12,,,,,0
46137153,1.0,13,,,,,0
46137153,1.0,14,,,,,0
46137153,1.0,15,,,,,0
46137153,1.0,16,,,,,0
46137153,1.0,17,,,,,0
46137153,1.0,18,,,,,0
46137153,1.0,19,,,,,0
46137153,1.0,20,,,,,0
46137153,1.0,21,,,,,0
46137153,1.0,22,,,,,0
46137153,1.0,23,,,,,0
46137153,1.0,24,,,,,0
46137153,1.0,25,,,,,0
46137153,1.0,26,,,,,0
46137153,1.0,27,,,,,0
46137153,1.0,28,,,,,0
46137153,1.0,29,,,,,0
46137153,1.0,30,,,,,0
46137153,1.0,31,,,,,0
46137153,1.0,32,,,,,0
46137153,1.0,33,,,,,0
46137153,1.0,34,,,,,0
46137153,1.0,35,,,,,0
46137153,1.0,36,,,,,0
46137153,1.0,37,,,,,0
46137153,1.0,38,,,,,0
46137153,1.0,39,,,,,0
46137153,1.0,40,,,,,0
46137153,1.0,41,,,,,0
46137153,1.0,42,,,,,0
46137153,1.0,43,,,,,0
46137153,1.0,44,,,,,0
46137153,1.0,45,,,,,0
46137153,1.0,46,,,,,0
46137153,1.0,47,,,,,0
46137153,1.0,48,,,,,0
46137153,1.0,49,,,,,0
46137153,1.0,50,,,,,0
46137153,1.0,51,,,,,0
46137153,1.0,52,,,,,0
46137153,1.0,53,,,,,0
46137153,1.0,54,,,,,0
46137153,1.0,55,,,,,0
46137153,1.0,56,,,,,0
46137153,1.0,57,,,,,0
46137153,1.0,58,,,,,0
46137153,1.0,59,,,,,0
46137153,1.0,60,,,,,0
20682406,1.0,1,,,,,0
20682406,1.0,2,45148681,onsite,0.125,0.0,1
20682406,1.0,3,17992581,onsite,0.125,0.0,1
20682406,1.0,4,50659826,onsite,0.125,0.0,1
20682406,1.0,5,45148681,onsite,0.125,0.0,1
20682406,1.0,6,12102960,onsite,0.125,0.0,1
20682406,1.0,7,99523059,onsite,0.125,0.0,1
20682406,1.0,8,17532639,onsite,0.125,0.0,1
20682406,1.0,9,25678177,onsite,0.125,0.0,1
20682406,1.0,10,99523059,onsite,0.125,0.0,1
20682406,1.0,11,12102960,onsite,0.125,0.0,1
20682406,1.0,12,30073996,onsite,0.450112528132033,0.3000750187546887,1
20682406,1.0,13,74611319,onsite,0.125,0.0,1
20682406,1.0,14,,,,,0
20682406,1.0,15,,,,,0
20682406,1.0,16,74611319,onsite,0.125,0.0,1
20682406,1.0,17,,,,,0
20682406,1.0,18,,,,,0
20682406,1.0,19,,,,,0
20682406,1.0,20,32895625,onsite,2.0,0.0,1
20682406,1.0,21,,,,,0
20682406,1.0,22,,,,,0
20682406,1.0,23,63197914,online,2.0,0.0,1
20682406,1.0,24,,,,,0
20682406,1.0,25,,,,,0
20682406,1.0,26,,,,,0
20682406,1.0,27,,,,,0
20682406,1.0,28,42093983,online,3.003003003003003,0.0,1
20682406,1.0,29,,,,,0
20682406,1.0,30,,,,,0
20682406,1.0,31,,,,,0
20682406,1.0,32,74345842,online,3.003003003003003,0.0,1
20682406,1.0,33,,,,,0
20682406,1.0,34,,,,,0
20682406,1.0,35,,,,,0
20682406,1.0,36,,,,,0
20682406,1.0,37,,,,,0
20682406,1.0,38,,,,,0
20682406,1.0,39,,,,,0
20682406,1.0,40,,,,,0
20682406,1.0,41,,,,,0
20682406,1.0,42,,,,,0
20682406,1.0,43,,,,,0
20682406,1.0,44,,,,,0
20682406,1.0,45,,,,,0
20682406,1.0,46,,,,,0
20682406,1.0,47,,,,,0
20682406,1.0,48,,,,,0
20682406,1.0,49,,,,,0
20682406,1.0,50,,,,,0
20682406,1.0,51,,,,,0
20682406,1.0,52,,,,,0
20682406,1.0,53,,,,,0
20682406,1.0,54,,,,,0
20682406,1.0,55,,,,,0
20682406,1.0,56,,,,,0
20682406,1.0,57,,,,,0
20682406,1.0,58,,,,,0
20682406,1.0,59,,,,,0
20682406,1.0,60,,,,,0
34930040,1.0,1,,,,,0
34930040,1.0,2,,,,,0
34930040,1.0,3,75100937,onsite,0.125,0.0,1
34930040,1.0,4,70360438,onsite,0.125,0.0,1
34930040,1.0,5,38535136,onsite,0.7501875468867217,0.0,1
34930040,1.0,6,73104057,onsite,0.7501875468867217,0.0,1
34930040,1.0,7,12449108,onsite,0.125,0.0,1
34930040,1.0,8,12449108,onsite,0.125,0.0,1
34930040,1.0,9,70360438,onsite,0.125,0.0,1
34930040,1.0,10,70360438,onsite,0.125,0.0,1
34930040,1.0,11,86517267,onsite,0.7501875468867217,0.0,1
34930040,1.0,12,86517267,onsite,0.7501875468867217,0.0,1
34930040,1.0,13,,,,,0
34930040,1.0,14,66327959,onsite,0.7501875468867217,0.0,1
34930040,1.0,15,38535136,onsite,0.7501875468867217,0.0,1
34930040,1.0,16,99434458,onsite,0.7501875468867217,0.0,1
34930040,1.0,17,20075564,onsite,0.125,0.0,1
34930040,1.0,18,20075564,onsite,0.125,0.0,1
34930040,1.0,19,38682789,onsite,0.7501875468867217,0.0,1
34930040,1.0,20,,,,,0
34930040,1.0,21,,,,,0
34930040,1.0,22,,,,,0
34930040,1.0,23,99615756,online,2.0,0.0,1
34930040,1.0,24,,,,,0
34930040,1.0,25,,,,,0
34930040,1.0,26,,,,,0
34930040,1.0,27,,,,,0
34930040,1.0,28,,,,,0
34930040,1.0,29,,,,,0
34930040,1.0,30,,,,,0
34930040,1.0,31,,,,,0
34930040,1.0,32,,,,,0
34930040,1.0,33,,,,,0
34930040,1.0,34,,,,,0
34930040,1.0,35,,,,,0
34930040,1.0,36,,,,,0
34930040,1.0,37,,,,,0
34930040,1.0,38,,,,,0
34930040,1.0,39,,,,,0
34930040,1.0,40,,,,,0
34930040,1.0,41,,,,,0
34930040,1.0,42,,,,,0
34930040,1.0,43,,,,,0
34930040,1.0,44,,,,,0
34930040,1.0,45,,,,,0
34930040,1.0,46,,,,,0
34930040,1.0,47,,,,,0
34930040,1.0,48,,,,,0
34930040,1.0,49,,,,,0
34930040,1.0,50,,,,,0
34930040,1.0,51,,,,,0
34930040,1.0,52,,,,,0
34930040,1.0,53,,,,,0
34930040,1.0,54,,,,,0
34930040,1.0,55,,,,,0
34930040,1.0,56,,,,,0
34930040,1.0,57,,,,,0
34930040,1.0,58,,,,,0
34930040,1.0,59,,,,,0
34930040,1.0,60,,,,,0
55188485,1.0,1,,,,,0
55188485,1.0,2,75222772,onsite,0.25,0.0,1
55188485,1.0,3,69076779,onsite,0.25,0.0,1
55188485,1.0,4,43699187,onsite,0.25,0.0,1
55188485,1.0,5,12102960,onsite,0.25,0.0,1
55188485,1.0,6,98404929,onsite,0.25,0.0,1
55188485,1.0,7,11479317,onsite,0.15,0.1,1
55188485,1.0,8,67832939,onsite,0.25,0.0,1
55188485,1.0,9,75222772,onsite,0.25,0.0,1
55188485,1.0,10,24114873,onsite,0.25,0.0,1
55188485,1.0,11,13109340,onsite,0.25,0.0,1
55188485,1.0,12,67021537,onsite,1.0,0.0,1
55188485,1.0,13,,,,,0
55188485,1.0,14,88071747,onsite,0.25,0.0,1
55188485,1.0,15,,,,,0
55188485,1.0,16,14684874,onsite,1.0,0.0,1
55188485,1.0,17,,,,,0
55188485,1.0,18,25429903,onsite,1.0,0.0,1
55188485,1.0,19,,,,,0
55188485,1.0,20,,,,,0
55188485,1.0,21,,,,,0
55188485,1.0,22,,,,,0
55188485,1.0,23,,,,,0
55188485,1.0,24,,,,,0
55188485,1.0,25,,,,,0
55188485,1.0,26,71714404,online,2.5,0.0,1
55188485,1.0,27,,,,,0
55188485,1.0,28,,,,,0
55188485,1.0,29,,,,,0
55188485,1.0,30,,,,,0
55188485,1.0,31,21167710,online,2.5,0.0,1
55188485,1.0,32,34926876,online,2.5,0.0,1
55188485,1.0,33,,,,,0
55188485,1.0,34,,,,,0
55188485,1.0,35,,,,,0
55188485,1.0,36,46023767,online,2.5,0.0,1
55188485,1.0,37,,,,,0
55188485,1.0,38,,,,,0
55188485,1.0,39,,,,,0
55188485,1.0,40,,,,,0
55188485,1.0,41,,,,,0
55188485,1.0,42,,,,,0
55188485,1.0,43,,,,,0
55188485,1.0,44,,,,,0
55188485,1.0,45,,,,,0
55188485,1.0,46,,,,,0
55188485,1.0,47,,,,,0
55188485,1.0,48,,,,,0
55188485,1.0,49,,,,,0
55188485,1.0,50,,,,,0
55188485,1.0,51,,,,,0
55188485,1.0,52,,,,,0
55188485,1.0,53,,,,,0
55188485,1.0,54,,,,,0
55188485,1.0,55,,,,,0
55188485,1.0,56,,,,,0
55188485,1.0,57,,,,,0
55188485,1.0,58,,,,,0
55188485,1.0,59,,,,,0
55188485,1.0,60,,,,,0
52851310,1.0,1,,,,,0
52851310,1.0,2,,,,,0
52851310,1.0,3,,,,,0
52851310,1.0,4,,,,,0
52851310,1.0,5,,,,,0
52851310,1.0,6,,,,,0
52851310,1.0,7,,,,,0
52851310,1.0,8,,,,,0
52851310,1.0,9,,,,,0
52851310,1.0,10,,,,,0
52851310,1.0,11,,,,,0
52851310,1.0,12,,,,,0
52851310,1.0,13,,,,,0
52851310,1.0,14,,,,,0
52851310,1.0,15,,,,,0
52851310,1.0,16,,,,,0
52851310,1.0,17,,,,,0
52851310,1.0,18,,,,,0
52851310,1.0,19,,,,,0
52851310,1.0,20,,,,,0
52851310,1.0,21,,,,,0
52851310,1.0,22,,,,,0
52851310,1.0,23,,,,,0
52851310,1.0,24,,,,,0
52851310,1.0,25,,,,,0
52851310,1.0,26,,,,,0
52851310,1.0,27,,,,,0
52851310,1.0,28,,,,,0
52851310,1.0,29,,,,,0
52851310,1.0,30,,,,,0
52851310,1.0,31,,,,,0
52851310,1.0,32,,,,,0
52851310,1.0,33,,,,,0
52851310,1.0,34,,,,,0
52851310,1.0,35,,,,,0
52851310,1.0,36,,,,,0
52851310,1.0,37,,,,,0
52851310,1.0,38,,,,,0
52851310,1.0,39,,,,,0
52851310,1.0,40,,,,,0
52851310,1.0,41,,,,,0
52851310,1.0,42,,,,,0
52851310,1.0,43,,,,,0
52851310,1.0,44,,,,,0
52851310,1.0,45,,,,,0
52851310,1.0,46,,,,,0
52851310,1.0,47,,,,,0
52851310,1.0,48,,,,,0
52851310,1.0,49,,,,,0
52851310,1.0,50,,,,,0
52851310,1.0,51,,,,,0
52851310,1.0,52,,,,,0
52851310,1.0,53,,,,,0
52851310,1.0,54,,,,,0
52851310,1.0,55,,,,,0
52851310,1.0,56,,,,,0
52851310,1.0,57,,,,,0
52851310,1.0,58,,,,,0
52851310,1.0,59,,,,,0
52851310,1.0,60,,,,,0
30456597,1.0,1,74978693,online,3.003003003003003,0.0,1
30456597,1.0,2,83678710,onsite,0.125,0.0,1
30456597,1.0,3,62609802,onsite,0.125,0.0,1
30456597,1.0,4,61074242,onsite,0.125,0.0,1
30456597,1.0,5,62609802,onsite,0.125,0.0,1
30456597,1.0,6,62800650,onsite,0.125,0.0,1
30456597,1.0,7,31691472,onsite,0.125,0.0,1
30456597,1.0,8,62800650,onsite,0.125,0.0,1
30456597,1.0,9,44236869,onsite,0.125,0.0,1
30456597,1.0,10,97541237,onsite,0.125,0.0,1
30456597,1.0,11,79193020,onsite,0.125,0.0,1
30456597,1.0,12,15202372,onsite,0.7501875468867217,0.0,1
30456597,1.0,13,27907071,onsite,0.6001500375093775,0.15003750937734428,1
30456597,1.0,14,,,,,0
30456597,1.0,15,76643740,onsite,0.7501875468867217,0.0,1
30456597,1.0,16,94917673,onsite,0.7501875468867217,0.0,1
30456597,1.0,17,21590309,onsite,0.7501875468867217,0.0,1
30456597,1.0,18,,,,,0
30456597,1.0,19,,,,,0
30456597,1.0,20,,,,,0
30456597,1.0,21,74188885,onsite,2.0,0.0,1
30456597,1.0,22,54489273,onsite,2.0,0.0,1
30456597,1.0,23,58352549,onsite,0.125,0.0,1
30456597,1.0,24,,,,,0
30456597,1.0,25,,,,,0
30456597,1.0,26,,,,,0
30456597,1.0,27,,,,,0
30456597,1.0,28,,,,,0
30456597,1.0,29,,,,,0
30456597,1.0,30,,,,,0
30456597,1.0,31,,,,,0
30456597,1.0,32,,,,,0
30456597,1.0,33,,,,,0
30456597,1.0,34,,,,,0
30456597,1.0,35,,,,,0
30456597,1.0,36,,,,,0
30456597,1.0,37,,,,,0
30456597,1.0,38,,,,,0
30456597,1.0,39,,,,,0
30456597,1.0,40,,,,,0
30456597,1.0,41,,,,,0
30456597,1.0,42,,,,,0
30456597,1.0,43,,,,,0
30456597,1.0,44,,,,,0
30456597,1.0,45,,,,,0
30456597,1.0,46,,,,,0
30456597,1.0,47,,,,,0
30456597,1.0,48,,,,,0
30456597,1.0,49,,,,,0
30456597,1.0,50,,,,,0
30456597,1.0,51,,,,,0
30456597,1.0,52,,,,,0
30456597,1.0,53,,,,,0
30456597,1.0,54,,,,,0
30456597,1.0,55,,,,,0
30456597,1.0,56,,,,,0
30456597,1.0,57,,,,,0
30456597,1.0,58,,,,,0
30456597,1.0,59,,,,,0
30456597,1.0,60,,,,,0
41573166,1.0,1,,,,,0
41573166,1.0,2,,,,,0
41573166,1.0,3,,,,,0
41573166,1.0,4,,,,,0
41573166,1.0,5,,,,,0
41573166,1.0,6,,,,,0
41573166,1.0,7,,,,,0
41573166,1.0,8,,,,,0
41573166,1.0,9,,,,,0
41573166,1.0,10,,,,,0
41573166,1.0,11,,,,,0
41573166,1.0,12,,,,,0
41573166,1.0,13,,,,,0
41573166,1.0,14,,,,,0
41573166,1.0,15,,,,,0
41573166,1.0,16,,,,,0
41573166,1.0,17,,,,,0
41573166,1.0,18,,,,,0
41573166,1.0,19,,,,,0
41573166,1.0,20,,,,,0
41573166,1.0,21,,,,,0
41573166,1.0,22,,,,,0
41573166,1.0,23,,,,,0
41573166,1.0,24,,,,,0
41573166,1.0,25,,,,,0
41573166,1.0,26,,,,,0
41573166,1.0,27,,,,,0
41573166,1.0,28,,,,,0
41573166,1.0,29,,,,,0
41573166,1.0,30,,,,,0
41573166,1.0,31,,,,,0
41573166,1.0,32,,,,,0
41573166,1.0,33,,,,,0
41573166,1.0,34,,,,,0
41573166,1.0,35,,,,,0
41573166,1.0,36,,,,,0
41573166,1.0,37,,,,,0
41573166,1.0,38,,,,,0
41573166,1.0,39,,,,,0
41573166,1.0,40,,,,,0
41573166,1.0,41,,,,,0
41573166,1.0,42,,,,,0
41573166,1.0,43,,,,,0
41573166,1.0,44,,,,,0
41573166,1.0,45,,,,,0
41573166,1.0,46,,,,,0
41573166,1.0,47,,,,,0
41573166,1.0,48,,,,,0
41573166,1.0,49,,,,,0
41573166,1.0,50,,,,,0
41573166,1.0,51,,,,,0
41573166,1.0,52,,,,,0
41573166,1.0,53,,,,,0
41573166,1.0,54,,,,,0
41573166,1.0,55,,,,,0
41573166,1.0,56,,,,,0
41573166,1.0,57,,,,,0
41573166,1.0,58,,,,,0
41573166,1.0,59,,,,,0
41573166,1.0,60,,,,,0
58770856,1.0,1,,,,,0
58770856,1.0,2,,,,,0
58770856,1.0,3,,,,,0
58770856,1.0,4,,,,,0
58770856,1.0,5,,,,,0
58770856,1.0,6,,,,,0
58770856,1.0,7,,,,,0
58770856,1.0,8,,,,,0
58770856,1.0,9,,,,,0
58770856,1.0,10,,,,,0
58770856,1.0,11,,,,,0
58770856,1.0,12,,,,,0
58770856,1.0,13,,,,,0
58770856,1.0,14,,,,,0
58770856,1.0,15,,,,,0
58770856,1.0,16,,,,,0
58770856,1.0,17,,,,,0
58770856,1.0,18,,,,,0
58770856,1.0,19,,,,,0
58770856,1.0,20,,,,,0
58770856,1.0,21,,,,,0
58770856,1.0,22,,,,,0
58770856,1.0,23,,,,,0
58770856,1.0,24,,,,,0
58770856,1.0,25,,,,,0
58770856,1.0,26,,,,,0
58770856,1.0,27,,,,,0
58770856,1.0,28,,,,,0
58770856,1.0,29,,,,,0
58770856,1.0,30,,,,,0
58770856,1.0,31,,,,,0
58770856,1.0,32,,,,,0
58770856,1.0,33,,,,,0
58770856,1.0,34,,,,,0
58770856,1.0,35,,,,,0
58770856,1.0,36,,,,,0
58770856,1.0,37,,,,,0
58770856,1.0,38,,,,,0
58770856,1.0,39,,,,,0
58770856,1.0,40,,,,,0
58770856,1.0,41,,,,,0
58770856,1.0,42,,,,,0
58770856,1.0,43,,,,,0
58770856,1.0,44,,,,,0
58770856,1.0,45,,,,,0
58770856,1.0,46,,,,,0
58770856,1.0,47,,,,,0
58770856,1.0,48,,,,,0
58770856,1.0,49,,,,,0
58770856,1.0,50,,,,,0
58770856,1.0,51,,,,,0
58770856,1.0,52,,,,,0
58770856,1.0,53,,,,,0
58770856,1.0,54,,,,,0
58770856,1.0,55,,,,,0
58770856,1.0,56,,,,,0
58770856,1.0,57,,,,,0
58770856,1.0,58,,,,,0
58770856,1.0,59,,,,,0
58770856,1.0,60,,,,,0
54887810,1.0,1,,,,,0
54887810,1.0,2,58097723,onsite,0.125,0.0,1
54887810,1.0,3,12024718,onsite,0.125,0.0,1
54887810,1.0,4,23030615,onsite,0.125,0.0,1
54887810,1.0,5,47468387,onsite,0.125,0.0,1
54887810,1.0,6,12024718,onsite,0.125,0.0,1
54887810,1.0,7,99067980,onsite,0.125,0.0,1
54887810,1.0,8,23030615,onsite,0.125,0.0,1
54887810,1.0,9,99067980,onsite,0.125,0.0,1
54887810,1.0,10,87179753,onsite,0.125,0.0,1
54887810,1.0,11,72070529,onsite,0.125,0.0,1
54887810,1.0,12,50924711,onsite,0.125,0.0,1
54887810,1.0,13,49025991,onsite,0.125,0.0,1
54887810,1.0,14,31417627,onsite,0.7501875468867217,0.0,1
54887810,1.0,15,50473912,onsite,0.125,0.0,1
54887810,1.0,16,27252372,onsite,0.7501875468867217,0.0,1
54887810,1.0,17,47872044,onsite,0.7501875468867217,0.0,1
54887810,1.0,18,30478428,onsite,0.7501875468867217,0.0,1
54887810,1.0,19,59183717,onsite,0.125,0.0,1
54887810,1.0,20,63571597,onsite,0.7501875468867217,0.0,1
54887810,1.0,21,14182432,onsite,2.0,0.0,1
54887810,1.0,22,,,,,0
54887810,1.0,23,,,,,0
54887810,1.0,24,75078387,onsite,2.0,0.0,1
54887810,1.0,25,,,,,0
54887810,1.0,26,,,,,0
54887810,1.0,27,,,,,0
54887810,1.0,28,,,,,0
54887810,1.0,29,,,,,0
54887810,1.0,30,,,,,0
54887810,1.0,31,,,,,0
54887810,1.0,32,,,,,0
54887810,1.0,33,,,,,0
54887810,1.0,34,,,,,0
54887810,1.0,35,,,,,0
54887810,1.0,36,,,,,0
54887810,1.0,37,,,,,0
54887810,1.0,38,,,,,0
54887810,1.0,39,,,,,0
54887810,1.0,40,,,,,0
54887810,1.0,41,,,,,0
54887810,1.0,42,,,,,0
54887810,1.0,43,,,,,0
54887810,1.0,44,,,,,0
54887810,1.0,45,,,,,0
54887810,1.0,46,,,,,0
54887810,1.0,47,,,,,0
54887810,1.0,48,,,,,0
54887810,1.0,49,,,,,0
54887810,1.0,50,,,,,0
54887810,1.0,51,,,,,0
54887810,1.0,52,,,,,0
54887810,1.0,53,,,,,0
54887810,1.0,54,,,,,0
54887810,1.0,55,,,,,0
54887810,1.0,56,,,,,0
54887810,1.0,57,,,,,0
54887810,1.0,58,,,,,0
54887810,1.0,59,,,,,0
54887810,1.0,60,,,,,0
41000193,1.0,1,,,,,0
41000193,1.0,2,,,,,0
41000193,1.0,3,,,,,0
41000193,1.0,4,,,,,0
41000193,1.0,5,,,,,0
41000193,1.0,6,,,,,0
41000193,1.0,7,,,,,0
41000193,1.0,8,,,,,0
41000193,1.0,9,,,,,0
41000193,1.0,10,,,,,0
41000193,1.0,11,,,,,0
41000193,1.0,12,,,,,0
41000193,1.0,13,,,,,0
41000193,1.0,14,,,,,0
41000193,1.0,15,,,,,0
41000193,1.0,16,,,,,0
41000193,1.0,17,,,,,0
41000193,1.0,18,,,,,0
41000193,1.0,19,,,,,0
41000193,1.0,20,,,,,0
41000193,1.0,21,,,,,0
41000193,1.0,22,,,,,0
41000193,1.0,23,,,,,0
41000193,1.0,24,,,,,0
41000193,1.0,25,,,,,0
41000193,1.0,26,,,,,0
41000193,1.0,27,,,,,0
41000193,1.0,28,,,,,0
41000193,1.0,29,,,,,0
41000193,1.0,30,,,,,0
41000193,1.0,31,,,,,0
41000193,1.0,32,,,,,0
41000193,1.0,33,,,,,0
41000193,1.0,34,,,,,0
41000193,1.0,35,,,,,0
41000193,1.0,36,,,,,0
41000193,1.0,37,,,,,0
41000193,1.0,38,,,,,0
41000193,1.0,39,,,,,0
41000193,1.0,40,,,,,0
41000193,1.0,41,,,,,0
41000193,1.0,42,,,,,0
41000193,1.0,43,,,,,0
41000193,1.0,44,,,,,0
41000193,1.0,45,,,,,0
41000193,1.0,46,,,,,0
41000193,1.0,47,,,,,0
41000193,1.0,48,,,,,0
41000193,1.0,49,,,,,0
41000193,1.0,50,,,,,0
41000193,1.0,51,,,,,0
41000193,1.0,52,,,,,0
41000193,1.0,53,,,,,0
41000193,1.0,54,,,,,0
41000193,1.0,55,,,,,0
41000193,1.0,56,,,,,0
41000193,1.0,57,,,,,0
41000193,1.0,58,,,,,0
41000193,1.0,59,,,,,0
41000193,1.0,60,,,,,0
11598800,1.0,1,,,,,0
11598800,1.0,2,,,,,0
11598800,1.0,3,,,,,0
11598800,1.0,4,,,,,0
11598800,1.0,5,,,,,0
11598800,1.0,6,,,,,0
11598800,1.0,7,,,,,0
11598800,1.0,8,,,,,0
11598800,1.0,9,,,,,0
11598800,1.0,10,,,,,0
11598800,1.0,11,,,,,0
11598800,1.0,12,,,,,0
11598800,1.0,13,,,,,0
11598800,1.0,14,,,,,0
11598800,1.0,15,,,,,0
11598800,1.0,16,,,,,0
11598800,1.0,17,,,,,0
11598800,1.0,18,,,,,0
11598800,1.0,19,,,,,0
11598800,1.0,20,,,,,0
11598800,1.0,21,,,,,0
11598800,1.0,22,,,,,0
11598800,1.0,23,,,,,0
11598800,1.0,24,,,,,0
11598800,1.0,25,,,,,0
11598800,1.0,26,,,,,0
11598800,1.0,27,,,,,0
11598800,1.0,28,,,,,0
11598800,1.0,29,,,,,0
11598800,1.0,30,,,,,0
11598800,1.0,31,,,,,0
11598800,1.0,32,,,,,0
11598800,1.0,33,,,,,0
11598800,1.0,34,,,,,0
11598800,1.0,35,,,,,0
11598800,1.0,36,,,,,0
11598800,1.0,37,,,,,0
11598800,1.0,38,,,,,0
11598800,1.0,39,,,,,0
11598800,1.0,40,,,,,0
11598800,1.0,41,,,,,0
11598800,1.0,42,,,,,0
11598800,1.0,43,,,,,0
11598800,1.0,44,,,,,0
11598800,1.0,45,,,,,0
11598800,1.0,46,,,,,0
11598800,1.0,47,,,,,0
11598800,1.0,48,,,,,0
11598800,1.0,49,,,,,0
11598800,1.0,50,,,,,0
11598800,1.0,51,,,,,0
11598800,1.0,52,,,,,0
11598800,1.0,53,,,,,0
11598800,1.0,54,,,,,0
11598800,1.0,55,,,,,0
11598800,1.0,56,,,,,0
11598800,1.0,57,,,,,0
11598800,1.0,58,,,,,0
11598800,1.0,59,,,,,0
11598800,1.0,60,,,,,0
30950740,1.0,1,,,,,0
30950740,1.0,2,,,,,0
30950740,1.0,3,,,,,0
30950740,1.0,4,,,,,0
30950740,1.0,5,,,,,0
30950740,1.0,6,,,,,0
30950740,1.0,7,,,,,0
30950740,1.0,8,,,,,0
30950740,1.0,9,,,,,0
30950740,1.0,10,,,,,0
30950740,1.0,11,,,,,0
30950740,1.0,12,,,,,0
30950740,1.0,13,,,,,0
30950740,1.0,14,,,,,0
30950740,1.0,15,,,,,0
30950740,1.0,16,,,,,0
30950740,1.0,17,,,,,0
30950740,1.0,18,,,,,0
30950740,1.0,19,,,,,0
30950740,1.0,20,,,,,0
30950740,1.0,21,,,,,0
30950740,1.0,22,,,,,0
30950740,1.0,23,,,,,0
30950740,1.0,24,,,,,0
30950740,1.0,25,,,,,0
30950740,1.0,26,,,,,0
30950740,1.0,27,,,,,0
30950740,1.0,28,,,,,0
30950740,1.0,29,,,,,0
30950740,1.0,30,,,,,0
30950740,1.0,31,,,,,0
30950740,1.0,32,,,,,0
30950740,1.0,33,,,,,0
30950740,1.0,34,,,,,0
30950740,1.0,35,,,,,0
30950740,1.0,36,,,,,0
30950740,1.0,37,,,,,0
30950740,1.0,38,,,,,0
30950740,1.0,39,,,,,0
30950740,1.0,40,,,,,0
30950740,1.0,41,,,,,0
30950740,1.0,42,,,,,0
30950740,1.0,43,,,,,0
30950740,1.0,44,,,,,0
30950740,1.0,45,,,,,0
30950740,1.0,46,,,,,0
30950740,1.0,47,,,,,0
30950740,1.0,48,,,,,0
30950740,1.0,49,,,,,0
30950740,1.0,50,,,,,0
30950740,1.0,51,,,,,0
30950740,1.0,52,,,,,0
30950740,1.0,53,,,,,0
30950740,1.0,54,,,,,0
30950740,1.0,55,,,,,0
30950740,1.0,56,,,,,0
30950740,1.0,57,,,,,0
30950740,1.0,58,,,,,0
30950740,1.0,59,,,,,0
30950740,1.0,60,,,,,0
63696577,1.0,1,,,,,0
63696577,1.0,2,,,,,0
63696577,1.0,3,,,,,0
63696577,1.0,4,,,,,0
63696577,1.0,5,,,,,0
63696577,1.0,6,,,,,0
63696577,1.0,7,,,,,0
63696577,1.0,8,,,,,0
63696577,1.0,9,,,,,0
63696577,1.0,10,,,,,0
63696577,1.0,11,,,,,0
63696577,1.0,12,,,,,0
63696577,1.0,13,,,,,0
63696577,1.0,14,,,,,0
63696577,1.0,15,,,,,0
63696577,1.0,16,,,,,0
63696577,1.0,17,,,,,0
63696577,1.0,18,,,,,0
63696577,1.0,19,,,,,0
63696577,1.0,20,,,,,0
63696577,1.0,21,,,,,0
63696577,1.0,22,,,,,0
63696577,1.0,23,,,,,0
63696577,1.0,24,,,,,0
63696577,1.0,25,,,,,0
63696577,1.0,26,,,,,0
63696577,1.0,27,,,,,0
63696577,1.0,28,,,,,0
63696577,1.0,29,,,,,0
63696577,1.0,30,,,,,0
63696577,1.0,31,,,,,0
63696577,1.0,32,,,,,0
63696577,1.0,33,,,,,0
63696577,1.0,34,,,,,0
63696577,1.0,35,,,,,0
63696577,1.0,36,,,,,0
63696577,1.0,37,,,,,0
63696577,1.0,38,,,,,0
63696577,1.0,39,,,,,0
63696577,1.0,40,,,,,0
63696577,1.0,41,,,,,0
63696577,1.0,42,,,,,0
63696577,1.0,43,,,,,0
63696577,1.0,44,,,,,0
63696577,1.0,45,,,,,0
63696577,1.0,46,,,,,0
63696577,1.0,47,,,,,0
63696577,1.0,48,,,,,0
63696577,1.0,49,,,,,0
63696577,1.0,50,,,,,0
63696577,1.0,51,,,,,0
63696577,1.0,52,,,,,0
63696577,1.0,53,,,,,0
63696577,1.0,54,,,,,0
63696577,1.0,55,,,,,0
63696577,1.0,56,,,,,0
63696577,1.0,57,,,,,0
63696577,1.0,58,,,,,0
63696577,1.0,59,,,,,0
63696577,1.0,60,,,,,0
35600734,1.0,1,,,,,0
35600734,1.0,2,,,,,0
35600734,1.0,3,,,,,0
35600734,1.0,4,,,,,0
35600734,1.0,5,,,,,0
35600734,1.0,6,,,,,0
35600734,1.0,7,,,,,0
35600734,1.0,8,,,,,0
35600734,1.0,9,,,,,0
35600734,1.0,10,,,,,0
35600734,1.0,11,,,,,0
35600734,1.0,12,,,,,0
35600734,1.0,13,,,,,0
35600734,1.0,14,,,,,0
35600734,1.0,15,,,,,0
35600734,1.0,16,,,,,0
35600734,1.0,17,,,,,0
35600734,1.0,18,,,,,0
35600734,1.0,19,,,,,0
35600734,1.0,20,,,,,0
35600734,1.0,21,,,,,0
35600734,1.0,22,,,,,0
35600734,1.0,23,,,,,0
35600734,1.0,24,,,,,0
35600734,1.0,25,,,,,0
35600734,1.0,26,,,,,0
35600734,1.0,27,,,,,0
35600734,1.0,28,,,,,0
35600734,1.0,29,,,,,0
35600734,1.0,30,,,,,0
35600734,1.0,31,,,,,0
35600734,1.0,32,,,,,0
35600734,1.0,33,,,,,0
35600734,1.0,34,,,,,0
35600734,1.0,35,,,,,0
35600734,1.0,36,,,,,0
35600734,1.0,37,,,,,0
35600734,1.0,38,,,,,0
35600734,1.0,39,,,,,0
35600734,1.0,40,,,,,0
35600734,1.0,41,,,,,0
35600734,1.0,42,,,,,0
35600734,1.0,43,,,,,0
35600734,1.0,44,,,,,0
35600734,1.0,45,,,,,0
35600734,1.0,46,,,,,0
35600734,1.0,47,,,,,0
35600734,1.0,48,,,,,0
35600734,1.0,49,,,,,0
35600734,1.0,50,,,,,0
35600734,1.0,51,,,,,0
35600734,1.0,52,,,,,0
35600734,1.0,53,,,,,0
35600734,1.0,54,,,,,0
35600734,1.0,55,,,,,0
35600734,1.0,56,,,,,0
35600734,1.0,57,,,,,0
35600734,1.0,58,,,,,0
35600734,1.0,59,,,,,0
35600734,1.0,60,,,,,0
34174328,1.0,1,13376386,online,2.0,0.0,1
34174328,1.0,2,,,,,0
34174328,1.0,3,70483492,onsite,0.7501875468867217,0.0,1
34174328,1.0,4,70360438,onsite,0.125,0.0,1
34174328,1.0,5,75100937,onsite,0.125,0.0,1
34174328,1.0,6,93666596,onsite,0.7501875468867217,0.0,1
34174328,1.0,7,12449108,onsite,0.125,0.0,1
34174328,1.0,8,66217422,onsite,0.125,0.0,1
34174328,1.0,9,12449108,onsite,0.125,0.0,1
34174328,1.0,10,12449108,onsite,0.125,0.0,1
34174328,1.0,11,12449108,onsite,0.125,0.0,1
34174328,1.0,12,66217422,onsite,0.125,0.0,1
34174328,1.0,13,70483492,onsite,0.7501875468867217,0.0,1
34174328,1.0,14,20075564,onsite,0.125,0.0,1
34174328,1.0,15,99434458,onsite,0.7501875468867217,0.0,1
34174328,1.0,16,88878361,onsite,0.7501875468867217,0.0,1
34174328,1.0,17,73104057,onsite,0.7501875468867217,0.0,1
34174328,1.0,18,20075564,onsite,0.125,0.0,1
34174328,1.0,19,38682789,onsite,0.7501875468867217,0.0,1
34174328,1.0,20,,,,,0
34174328,1.0,21,,,,,0
34174328,1.0,22,,,,,0
34174328,1.0,23,,,,,0
34174328,1.0,24,,,,,0
34174328,1.0,25,,,,,0
34174328,1.0,26,,,,,0
34174328,1.0,27,,,,,0
34174328,1.0,28,,,,,0
34174328,1.0,29,,,,,0
34174328,1.0,30,,,,,0
34174328,1.0,31,,,,,0
34174328,1.0,32,25193138,online,3.003003003003003,0.0,1
34174328,1.0,33,,,,,0
34174328,1.0,34,,,,,0
34174328,1.0,35,,,,,0
34174328,1.0,36,,,,,0
34174328,1.0,37,,,,,0
34174328,1.0,38,,,,,0
34174328,1.0,39,,,,,0
34174328,1.0,40,,,,,0
34174328,1.0,41,,,,,0
34174328,1.0,42,,,,,0
34174328,1.0,43,,,,,0
34174328,1.0,44,,,,,0
34174328,1.0,45,,,,,0
34174328,1.0,46,,,,,0
34174328,1.0,47,,,,,0
34174328,1.0,48,,,,,0
34174328,1.0,49,,,,,0
34174328,1.0,50,,,,,0
34174328,1.0,51,,,,,0
34174328,1.0,52,,,,,0
34174328,1.0,53,,,,,0
34174328,1.0,54,,,,,0
34174328,1.0,55,,,,,0
34174328,1.0,56,,,,,0
34174328,1.0,57,,,,,0
34174328,1.0,58,,,,,0
34174328,1.0,59,,,,,0
34174328,1.0,60,,,,,0
94151997,1.0,1,,,,,0
94151997,1.0,2,,,,,0
94151997,1.0,3,,,,,0
94151997,1.0,4,,,,,0
94151997,1.0,5,,,,,0
94151997,1.0,6,,,,,0
94151997,1.0,7,,,,,0
94151997,1.0,8,,,,,0
94151997,1.0,9,,,,,0
94151997,1.0,10,,,,,0
94151997,1.0,11,,,,,0
94151997,1.0,12,,,,,0
94151997,1.0,13,,,,,0
94151997,1.0,14,,,,,0
94151997,1.0,15,,,,,0
94151997,1.0,16,,,,,0
94151997,1.0,17,,,,,0
94151997,1.0,18,,,,,0
94151997,1.0,19,,,,,0
94151997,1.0,20,,,,,0
94151997,1.0,21,,,,,0
94151997,1.0,22,,,,,0
94151997,1.0,23,,,,,0
94151997,1.0,24,,,,,0
94151997,1.0,25,,,,,0
94151997,1.0,26,,,,,0
94151997,1.0,27,,,,,0
94151997,1.0,28,,,,,0
94151997,1.0,29,,,,,0
94151997,1.0,30,,,,,0
94151997,1.0,31,,,,,0
94151997,1.0,32,,,,,0
94151997,1.0,33,,,,,0
94151997,1.0,34,,,,,0
94151997,1.0,35,,,,,0
94151997,1.0,36,,,,,0
94151997,1.0,37,,,,,0
94151997,1.0,38,,,,,0
94151997,1.0,39,,,,,0
94151997,1.0,40,,,,,0
94151997,1.0,41,,,,,0
94151997,1.0,42,,,,,0
94151997,1.0,43,,,,,0
94151997,1.0,44,,,,,0
94151997,1.0,45,,,,,0
94151997,1.0,46,,,,,0
94151997,1.0,47,,,,,0
94151997,1.0,48,,,,,0
94151997,1.0,49,,,,,0
94151997,1.0,50,,,,,0
94151997,1.0,51,,,,,0
94151997,1.0,52,,,,,0
94151997,1.0,53,,,,,0
94151997,1.0,54,,,,,0
94151997,1.0,55,,,,,0
94151997,1.0,56,,,,,0
94151997,1.0,57,,,,,0
94151997,1.0,58,,,,,0
94151997,1.0,59,,,,,0
94151997,1.0,60,,,,,0
67915620,1.0,1,,,,,0
67915620,1.0,2,,,,,0
67915620,1.0,3,,,,,0
67915620,1.0,4,,,,,0
67915620,1.0,5,,,,,0
67915620,1.0,6,,,,,0
67915620,1.0,7,,,,,0
67915620,1.0,8,,,,,0
67915620,1.0,9,,,,,0
67915620,1.0,10,,,,,0
67915620,1.0,11,,,,,0
67915620,1.0,12,,,,,0
67915620,1.0,13,,,,,0
67915620,1.0,14,,,,,0
67915620,1.0,15,,,,,0
67915620,1.0,16,,,,,0
67915620,1.0,17,,,,,0
67915620,1.0,18,,,,,0
67915620,1.0,19,,,,,0
67915620,1.0,20,,,,,0
67915620,1.0,21,,,,,0
67915620,1.0,22,,,,,0
67915620,1.0,23,,,,,0
67915620,1.0,24,,,,,0
67915620,1.0,25,,,,,0
67915620,1.0,26,,,,,0
67915620,1.0,27,,,,,0
67915620,1.0,28,,,,,0
67915620,1.0,29,,,,,0
67915620,1.0,30,,,,,0
67915620,1.0,31,,,,,0
67915620,1.0,32,,,,,0
67915620,1.0,33,,,,,0
67915620,1.0,34,,,,,0
67915620,1.0,35,,,,,0
67915620,1.0,36,,,,,0
67915620,1.0,37,,,,,0
67915620,1.0,38,,,,,0
67915620,1.0,39,,,,,0
67915620,1.0,40,,,,,0
67915620,1.0,41,,,,,0
67915620,1.0,42,,,,,0
67915620,1.0,43,,,,,0
67915620,1.0,44,,,,,0
67915620,1.0,45,,,,,0
67915620,1.0,46,,,,,0
67915620,1.0,47,,,,,0
67915620,1.0,48,,,,,0
67915620,1.0,49,,,,,0
67915620,1.0,50,,,,,0
67915620,1.0,51,,,,,0
67915620,1.0,52,,,,,0
67915620,1.0,53,,,,,0
67915620,1.0,54,,,,,0
67915620,1.0,55,,,,,0
67915620,1.0,56,,,,,0
67915620,1.0,57,,,,,0
67915620,1.0,58,,,,,0
67915620,1.0,59,,,,,0
67915620,1.0,60,,,,,0
21624812,1.0,1,,,,,0
21624812,1.0,2,,,,,0
21624812,1.0,3,,,,,0
21624812,1.0,4,,,,,0
21624812,1.0,5,,,,,0
21624812,1.0,6,,,,,0
21624812,1.0,7,,,,,0
21624812,1.0,8,,,,,0
21624812,1.0,9,,,,,0
21624812,1.0,10,,,,,0
21624812,1.0,11,,,,,0
21624812,1.0,12,,,,,0
21624812,1.0,13,,,,,0
21624812,1.0,14,,,,,0
21624812,1.0,15,,,,,0
21624812,1.0,16,,,,,0
21624812,1.0,17,,,,,0
21624812,1.0,18,,,,,0
21624812,1.0,19,,,,,0
21624812,1.0,20,,,,,0
21624812,1.0,21,,,,,0
21624812,1.0,22,,,,,0
21624812,1.0,23,,,,,0
21624812,1.0,24,,,,,0
21624812,1.0,25,,,,,0
21624812,1.0,26,,,,,0
21624812,1.0,27,,,,,0
21624812,1.0,28,,,,,0
21624812,1.0,29,,,,,0
21624812,1.0,30,,,,,0
21624812,1.0,31,,,,,0
21624812,1.0,32,,,,,0
21624812,1.0,33,,,,,0
21624812,1.0,34,,,,,0
21624812,1.0,35,,,,,0
21624812,1.0,36,,,,,0
21624812,1.0,37,,,,,0
21624812,1.0,38,,,,,0
21624812,1.0,39,,,,,0
21624812,1.0,40,,,,,0
21624812,1.0,41,,,,,0
21624812,1.0,42,,,,,0
21624812,1.0,43,,,,,0
21624812,1.0,44,,,,,0
21624812,1.0,45,,,,,0
21624812,1.0,46,,,,,0
21624812,1.0,47,,,,,0
21624812,1.0,48,,,,,0
21624812,1.0,49,,,,,0
21624812,1.0,50,,,,,0
21624812,1.0,51,,,,,0
21624812,1.0,52,,,,,0
21624812,1.0,53,,,,,0
21624812,1.0,54,,,,,0
21624812,1.0,55,,,,,0
21624812,1.0,56,,,,,0
21624812,1.0,57,,,,,0
21624812,1.0,58,,,,,0
21624812,1.0,59,,,,,0
21624812,1.0,60,,,,,0
35183190,1.0,1,,,,,0
35183190,1.0,2,,,,,0
35183190,1.0,3,,,,,0
35183190,1.0,4,,,,,0
35183190,1.0,5,,,,,0
35183190,1.0,6,,,,,0
35183190,1.0,7,,,,,0
35183190,1.0,8,,,,,0
35183190,1.0,9,,,,,0
35183190,1.0,10,,,,,0
35183190,1.0,11,,,,,0
35183190,1.0,12,,,,,0
35183190,1.0,13,,,,,0
35183190,1.0,14,,,,,0
35183190,1.0,15,,,,,0
35183190,1.0,16,,,,,0
35183190,1.0,17,,,,,0
35183190,1.0,18,,,,,0
35183190,1.0,19,,,,,0
35183190,1.0,20,,,,,0
35183190,1.0,21,,,,,0
35183190,1.0,22,,,,,0
35183190,1.0,23,,,,,0
35183190,1.0,24,,,,,0
35183190,1.0,25,,,,,0
35183190,1.0,26,,,,,0
35183190,1.0,27,,,,,0
35183190,1.0,28,,,,,0
35183190,1.0,29,,,,,0
35183190,1.0,30,,,,,0
35183190,1.0,31,,,,,0
35183190,1.0,32,,,,,0
35183190,1.0,33,,,,,0
35183190,1.0,34,,,,,0
35183190,1.0,35,,,,,0
35183190,1.0,36,,,,,0
35183190,1.0,37,,,,,0
35183190,1.0,38,,,,,0
35183190,1.0,39,,,,,0
35183190,1.0,40,,,,,0
35183190,1.0,41,,,,,0
35183190,1.0,42,,,,,0
35183190,1.0,43,,,,,0
35183190,1.0,44,,,,,0
35183190,1.0,45,,,,,0
35183190,1.0,46,,,,,0
35183190,1.0,47,,,,,0
35183190,1.0,48,,,,,0
35183190,1.0,49,,,,,0
35183190,1.0,50,,,,,0
35183190,1.0,51,,,,,0
35183190,1.0,52,,,,,0
35183190,1.0,53,,,,,0
35183190,1.0,54,,,,,0
35183190,1.0,55,,,,,0
35183190,1.0,56,,,,,0
35183190,1.0,57,,,,,0
35183190,1.0,58,,,,,0
35183190,1.0,59,,,,,0
35183190,1.0,60,,,,,0
55786888,1.0,1,,,,,0
55786888,1.0,2,,,,,0
55786888,1.0,3,,,,,0
55786888,1.0,4,,,,,0
55786888,1.0,5,,,,,0
55786888,1.0,6,,,,,0
55786888,1.0,7,,,,,0
55786888,1.0,8,,,,,0
55786888,1.0,9,,,,,0
55786888,1.0,10,,,,,0
55786888,1.0,11,,,,,0
55786888,1.0,12,,,,,0
55786888,1.0,13,,,,,0
55786888,1.0,14,,,,,0
55786888,1.0,15,,,,,0
55786888,1.0,16,,,,,0
55786888,1.0,17,,,,,0
55786888,1.0,18,,,,,0
55786888,1.0,19,,,,,0
55786888,1.0,20,,,,,0
55786888,1.0,21,,,,,0
55786888,1.0,22,,,,,0
55786888,1.0,23,,,,,0
55786888,1.0,24,,,,,0
55786888,1.0,25,,,,,0
55786888,1.0,26,,,,,0
55786888,1.0,27,,,,,0
55786888,1.0,28,,,,,0
55786888,1.0,29,,,,,0
55786888,1.0,30,,,,,0
55786888,1.0,31,,,,,0
55786888,1.0,32,,,,,0
55786888,1.0,33,,,,,0
55786888,1.0,34,,,,,0
55786888,1.0,35,,,,,0
55786888,1.0,36,,,,,0
55786888,1.0,37,,,,,0
55786888,1.0,38,,,,,0
55786888,1.0,39,,,,,0
55786888,1.0,40,,,,,0
55786888,1.0,41,,,,,0
55786888,1.0,42,,,,,0
55786888,1.0,43,,,,,0
55786888,1.0,44,,,,,0
55786888,1.0,45,,,,,0
55786888,1.0,46,,,,,0
55786888,1.0,47,,,,,0
55786888,1.0,48,,,,,0
55786888,1.0,49,,,,,0
55786888,1.0,50,,,,,0
55786888,1.0,51,,,,,0
55786888,1.0,52,,,,,0
55786888,1.0,53,,,,,0
55786888,1.0,54,,,,,0
55786888,1.0,55,,,,,0
55786888,1.0,56,,,,,0
55786888,1.0,57,,,,,0
55786888,1.0,58,,,,,0
55786888,1.0,59,,,,,0
55786888,1.0,60,,,,,0
18550433,1.0,1,,,,,0
18550433,1.0,2,,,,,0
18550433,1.0,3,,,,,0
18550433,1.0,4,,,,,0
18550433,1.0,5,,,,,0
18550433,1.0,6,,,,,0
18550433,1.0,7,,,,,0
18550433,1.0,8,,,,,0
18550433,1.0,9,,,,,0
18550433,1.0,10,,,,,0
18550433,1.0,11,,,,,0
18550433,1.0,12,,,,,0
18550433,1.0,13,,,,,0
18550433,1.0,14,,,,,0
18550433,1.0,15,,,,,0
18550433,1.0,16,,,,,0
18550433,1.0,17,,,,,0
18550433,1.0,18,,,,,0
18550433,1.0,19,,,,,0
18550433,1.0,20,,,,,0
18550433,1.0,21,,,,,0
18550433,1.0,22,,,,,0
18550433,1.0,23,,,,,0
18550433,1.0,24,,,,,0
18550433,1.0,25,,,,,0
18550433,1.0,26,,,,,0
18550433,1.0,27,,,,,0
18550433,1.0,28,,,,,0
18550433,1.0,29,,,,,0
18550433,1.0,30,,,,,0
18550433,1.0,31,,,,,0
18550433,1.0,32,,,,,0
18550433,1.0,33,,,,,0
18550433,1.0,34,,,,,0
18550433,1.0,35,,,,,0
18550433,1.0,36,,,,,0
18550433,1.0,37,,,,,0
18550433,1.0,38,,,,,0
18550433,1.0,39,,,,,0
18550433,1.0,40,,,,,0
18550433,1.0,41,,,,,0
18550433,1.0,42,,,,,0
18550433,1.0,43,,,,,0
18550433,1.0,44,,,,,0
18550433,1.0,45,,,,,0
18550433,1.0,46,,,,,0
18550433,1.0,47,,,,,0
18550433,1.0,48,,,,,0
18550433,1.0,49,,,,,0
18550433,1.0,50,,,,,0
18550433,1.0,51,,,,,0
18550433,1.0,52,,,,,0
18550433,1.0,53,,,,,0
18550433,1.0,54,,,,,0
18550433,1.0,55,,,,,0
18550433,1.0,56,,,,,0
18550433,1.0,57,,,,,0
18550433,1.0,58,,,,,0
18550433,1.0,59,,,,,0
18550433,1.0,60,,,,,0
91983029,1.0,1,,,,,0
91983029,1.0,2,,,,,0
91983029,1.0,3,,,,,0
91983029,1.0,4,,,,,0
91983029,1.0,5,,,,,0
91983029,1.0,6,,,,,0
91983029,1.0,7,,,,,0
91983029,1.0,8,,,,,0
91983029,1.0,9,,,,,0
91983029,1.0,10,,,,,0
91983029,1.0,11,,,,,0
91983029,1.0,12,,,,,0
91983029,1.0,13,,,,,0
91983029,1.0,14,,,,,0
91983029,1.0,15,,,,,0
91983029,1.0,16,,,,,0
91983029,1.0,17,,,,,0
91983029,1.0,18,,,,,0
91983029,1.0,19,,,,,0
91983029,1.0,20,,,,,0
91983029,1.0,21,,,,,0
91983029,1.0,22,,,,,0
91983029,1.0,23,,,,,0
91983029,1.0,24,,,,,0
91983029,1.0,25,,,,,0
91983029,1.0,26,,,,,0
91983029,1.0,27,,,,,0
91983029,1.0,28,,,,,0
91983029,1.0,29,,,,,0
91983029,1.0,30,,,,,0
91983029,1.0,31,,,,,0
91983029,1.0,32,,,,,0
91983029,1.0,33,,,,,0
91983029,1.0,34,,,,,0
91983029,1.0,35,,,,,0
91983029,1.0,36,,,,,0
91983029,1.0,37,,,,,0
91983029,1.0,38,,,,,0
91983029,1.0,39,,,,,0
91983029,1.0,40,,,,,0
91983029,1.0,41,,,,,0
91983029,1.0,42,,,,,0
91983029,1.0,43,,,,,0
91983029,1.0,44,,,,,0
91983029,1.0,45,,,,,0
91983029,1.0,46,,,,,0
91983029,1.0,47,,,,,0
91983029,1.0,48,,,,,0
91983029,1.0,49,,,,,0
91983029,1.0,50,,,,,0
91983029,1.0,51,,,,,0
91983029,1.0,52,,,,,0
91983029,1.0,53,,,,,0
91983029,1.0,54,,,,,0
91983029,1.0,55,,,,,0
91983029,1.0,56,,,,,0
91983029,1.0,57,,,,,0
91983029,1.0,58,,,,,0
91983029,1.0,59,,,,,0
91983029,1.0,60,,,,,0
74204642,1.0,1,,,,,0
74204642,1.0,2,,,,,0
74204642,1.0,3,,,,,0
74204642,1.0,4,,,,,0
74204642,1.0,5,,,,,0
74204642,1.0,6,,,,,0
74204642,1.0,7,,,,,0
74204642,1.0,8,,,,,0
74204642,1.0,9,,,,,0
74204642,1.0,10,,,,,0
74204642,1.0,11,,,,,0
74204642,1.0,12,,,,,0
74204642,1.0,13,,,,,0
74204642,1.0,14,,,,,0
74204642,1.0,15,,,,,0
74204642,1.0,16,,,,,0
74204642,1.0,17,,,,,0
74204642,1.0,18,,,,,0
74204642,1.0,19,,,,,0
74204642,1.0,20,,,,,0
74204642,1.0,21,,,,,0
74204642,1.0,22,,,,,0
74204642,1.0,23,,,,,0
74204642,1.0,24,,,,,0
74204642,1.0,25,,,,,0
74204642,1.0,26,,,,,0
74204642,1.0,27,,,,,0
74204642,1.0,28,,,,,0
74204642,1.0,29,,,,,0
74204642,1.0,30,,,,,0
74204642,1.0,31,,,,,0
74204642,1.0,32,,,,,0
74204642,1.0,33,,,,,0
74204642,1.0,34,,,,,0
74204642,1.0,35,,,,,0
74204642,1.0,36,,,,,0
74204642,1.0,37,,,,,0
74204642,1.0,38,,,,,0
74204642,1.0,39,,,,,0
74204642,1.0,40,,,,,0
74204642,1.0,41,,,,,0
74204642,1.0,42,,,,,0
74204642,1.0,43,,,,,0
74204642,1.0,44,,,,,0
74204642,1.0,45,,,,,0
74204642,1.0,46,,,,,0
74204642,1.0,47,,,,,0
74204642,1.0,48,,,,,0
74204642,1.0,49,,,,,0
74204642,1.0,50,,,,,0
74204642,1.0,51,,,,,0
74204642,1.0,52,,,,,0
74204642,1.0,53,,,,,0
74204642,1.0,54,,,,,0
74204642,1.0,55,,,,,0
74204642,1.0,56,,,,,0
74204642,1.0,57,,,,,0
74204642,1.0,58,,,,,0
74204642,1.0,59,,,,,0
74204642,1.0,60,,,,,0
61039891,1.0,1,,,,,0
61039891,1.0,2,,,,,0
61039891,1.0,3,,,,,0
61039891,1.0,4,,,,,0
61039891,1.0,5,,,,,0
61039891,1.0,6,,,,,0
61039891,1.0,7,,,,,0
61039891,1.0,8,,,,,0
61039891,1.0,9,,,,,0
61039891,1.0,10,,,,,0
61039891,1.0,11,,,,,0
61039891,1.0,12,,,,,0
61039891,1.0,13,,,,,0
61039891,1.0,14,,,,,0
61039891,1.0,15,,,,,0
61039891,1.0,16,,,,,0
61039891,1.0,17,,,,,0
61039891,1.0,18,,,,,0
61039891,1.0,19,,,,,0
61039891,1.0,20,,,,,0
61039891,1.0,21,,,,,0
61039891,1.0,22,,,,,0
61039891,1.0,23,,,,,0
61039891,1.0,24,,,,,0
61039891,1.0,25,,,,,0
61039891,1.0,26,,,,,0
61039891,1.0,27,,,,,0
61039891,1.0,28,,,,,0
61039891,1.0,29,,,,,0
61039891,1.0,30,,,,,0
61039891,1.0,31,,,,,0
61039891,1.0,32,,,,,0
61039891,1.0,33,,,,,0
61039891,1.0,34,,,,,0
61039891,1.0,35,,,,,0
61039891,1.0,36,,,,,0
61039891,1.0,37,,,,,0
61039891,1.0,38,,,,,0
61039891,1.0,39,,,,,0
61039891,1.0,40,,,,,0
61039891,1.0,41,,,,,0
61039891,1.0,42,,,,,0
61039891,1.0,43,,,,,0
61039891,1.0,44,,,,,0
61039891,1.0,45,,,,,0
61039891,1.0,46,,,,,0
61039891,1.0,47,,,,,0
61039891,1.0,48,,,,,0
61039891,1.0,49,,,,,0
61039891,1.0,50,,,,,0
61039891,1.0,51,,,,,0
61039891,1.0,52,,,,,0
61039891,1.0,53,,,,,0
61039891,1.0,54,,,,,0
61039891,1.0,55,,,,,0
61039891,1.0,56,,,,,0
61039891,1.0,57,,,,,0
61039891,1.0,58,,,,,0
61039891,1.0,59,,,,,0
61039891,1.0,60,,,,,0
33519700,1.0,1,,,,,0
33519700,1.0,2,11637019,onsite,0.125,0.0,1
33519700,1.0,3,67599722,onsite,0.125,0.0,1
33519700,1.0,4,80534914,onsite,0.125,0.0,1
33519700,1.0,5,86777142,onsite,0.125,0.0,1
33519700,1.0,6,67599722,onsite,0.125,0.0,1
33519700,1.0,7,23389870,onsite,0.125,0.0,1
33519700,1.0,8,23389870,onsite,0.125,0.0,1
33519700,1.0,9,11637019,onsite,0.125,0.0,1
33519700,1.0,10,80534914,onsite,0.125,0.0,1
33519700,1.0,11,80534914,onsite,0.125,0.0,1
33519700,1.0,12,42250196,onsite,0.125,0.0,1
33519700,1.0,13,42250196,onsite,0.125,0.0,1
33519700,1.0,14,42250196,onsite,0.125,0.0,1
33519700,1.0,15,76537848,onsite,0.125,0.0,1
33519700,1.0,16,57989492,onsite,0.7501875468867217,0.0,1
33519700,1.0,17,76537848,onsite,0.125,0.0,1
33519700,1.0,18,33540615,onsite,0.7501875468867217,0.0,1
33519700,1.0,19,29582688,onsite,0.7501875468867217,0.0,1
33519700,1.0,20,94895483,onsite,0.7501875468867217,0.0,1
33519700,1.0,21,,,,,0
33519700,1.0,22,34382975,onsite,0.125,0.0,1
33519700,1.0,23,,,,,0
33519700,1.0,24,,,,,0
33519700,1.0,25,34382975,onsite,0.125,0.0,1
33519700,1.0,26,99154748,onsite,2.0,0.0,1
33519700,1.0,27,25603839,onsite,1.5,1.0,1
33519700,1.0,28,,,,,0
33519700,1.0,29,,,,,0
33519700,1.0,30,,,,,0
33519700,1.0,31,,,,,0
33519700,1.0,32,80870666,onsite,2.0,0.0,1
33519700,1.0,33,,,,,0
33519700,1.0,34,,,,,0
33519700,1.0,35,,,,,0
33519700,1.0,36,,,,,0
33519700,1.0,37,,,,,0
33519700,1.0,38,,,,,0
33519700,1.0,39,,,,,0
33519700,1.0,40,,,,,0
33519700,1.0,41,,,,,0
33519700,1.0,42,,,,,0
33519700,1.0,43,,,,,0
33519700,1.0,44,,,,,0
33519700,1.0,45,,,,,0
33519700,1.0,46,,,,,0
33519700,1.0,47,,,,,0
33519700,1.0,48,,,,,0
33519700,1.0,49,,,,,0
33519700,1.0,50,,,,,0
33519700,1.0,51,,,,,0
33519700,1.0,52,,,,,0
33519700,1.0,53,,,,,0
33519700,1.0,54,,,,,0
33519700,1.0,55,,,,,0
33519700,1.0,56,,,,,0
33519700,1.0,57,,,,,0
33519700,1.0,58,,,,,0
33519700,1.0,59,,,,,0
33519700,1.0,60,,,,,0
88392723,1.0,1,,,,,0
88392723,1.0,2,,,,,0
88392723,1.0,3,,,,,0
88392723,1.0,4,,,,,0
88392723,1.0,5,,,,,0
88392723,1.0,6,,,,,0
88392723,1.0,7,,,,,0
88392723,1.0,8,,,,,0
88392723,1.0,9,,,,,0
88392723,1.0,10,,,,,0
88392723,1.0,11,,,,,0
88392723,1.0,12,,,,,0
88392723,1.0,13,,,,,0
88392723,1.0,14,,,,,0
88392723,1.0,15,,,,,0
88392723,1.0,16,,,,,0
88392723,1.0,17,,,,,0
88392723,1.0,18,,,,,0
88392723,1.0,19,,,,,0
88392723,1.0,20,,,,,0
88392723,1.0,21,,,,,0
88392723,1.0,22,,,,,0
88392723,1.0,23,,,,,0
88392723,1.0,24,,,,,0
88392723,1.0,25,,,,,0
88392723,1.0,26,,,,,0
88392723,1.0,27,,,,,0
88392723,1.0,28,,,,,0
88392723,1.0,29,,,,,0
88392723,1.0,30,,,,,0
88392723,1.0,31,,,,,0
88392723,1.0,32,,,,,0
88392723,1.0,33,,,,,0
88392723,1.0,34,,,,,0
88392723,1.0,35,,,,,0
88392723,1.0,36,,,,,0
88392723,1.0,37,,,,,0
88392723,1.0,38,,,,,0
88392723,1.0,39,,,,,0
88392723,1.0,40,,,,,0
88392723,1.0,41,,,,,0
88392723,1.0,42,,,,,0
88392723,1.0,43,,,,,0
88392723,1.0,44,,,,,0
88392723,1.0,45,,,,,0
88392723,1.0,46,,,,,0
88392723,1.0,47,,,,,0
88392723,1.0,48,,,,,0
88392723,1.0,49,,,,,0
88392723,1.0,50,,,,,0
88392723,1.0,51,,,,,0
88392723,1.0,52,,,,,0
88392723,1.0,53,,,,,0
88392723,1.0,54,,,,,0
88392723,1.0,55,,,,,0
88392723,1.0,56,,,,,0
88392723,1.0,57,,,,,0
88392723,1.0,58,,,,,0
88392723,1.0,59,,,,,0
88392723,1.0,60,,,,,0
45459060,1.0,1,,,,,0
45459060,1.0,2,,,,,0
45459060,1.0,3,99067980,onsite,0.125,0.0,1
45459060,1.0,4,58097723,onsite,0.125,0.0,1
45459060,1.0,5,87179753,onsite,0.125,0.0,1
45459060,1.0,6,87179753,onsite,0.125,0.0,1
45459060,1.0,7,77004428,onsite,0.125,0.0,1
45459060,1.0,8,72070529,onsite,0.125,0.0,1
45459060,1.0,9,12024718,onsite,0.125,0.0,1
45459060,1.0,10,69805960,onsite,0.125,0.0,1
45459060,1.0,11,77004428,onsite,0.125,0.0,1
45459060,1.0,12,50473912,onsite,0.125,0.0,1
45459060,1.0,13,58094481,onsite,0.7501875468867217,0.0,1
45459060,1.0,14,49025991,onsite,0.125,0.0,1
45459060,1.0,15,84187455,onsite,0.7501875468867217,0.0,1
45459060,1.0,16,34480676,onsite,0.7501875468867217,0.0,1
45459060,1.0,17,,,,,0
45459060,1.0,18,37884703,onsite,0.7501875468867217,0.0,1
45459060,1.0,19,23258833,onsite,0.7501875468867217,0.0,1
45459060,1.0,20,,,,,0
45459060,1.0,21,44492783,onsite,1.2,0.8,1
45459060,1.0,22,,,,,0
45459060,1.0,23,,,,,0
45459060,1.0,24,85510849,onsite,2.0,0.0,1
45459060,1.0,25,,,,,0
45459060,1.0,26,,,,,0
45459060,1.0,27,,,,,0
45459060,1.0,28,,,,,0
45459060,1.0,29,,,,,0
45459060,1.0,30,,,,,0
45459060,1.0,31,,,,,0
45459060,1.0,32,,,,,0
45459060,1.0,33,,,,,0
45459060,1.0,34,39643871,onsite,2.0,0.0,1
45459060,1.0,35,,,,,0
45459060,1.0,36,,,,,0
45459060,1.0,37,,,,,0
45459060,1.0,38,,,,,0
45459060,1.0,39,,,,,0
45459060,1.0,40,,,,,0
45459060,1.0,41,,,,,0
45459060,1.0,42,,,,,0
45459060,1.0,43,,,,,0
45459060,1.0,44,,,,,0
45459060,1.0,45,,,,,0
45459060,1.0,46,,,,,0
45459060,1.0,47,,,,,0
45459060,1.0,48,,,,,0
45459060,1.0,49,,,,,0
45459060,1.0,50,,,,,0
45459060,1.0,51,,,,,0
45459060,1.0,52,,,,,0
45459060,1.0,53,,,,,0
45459060,1.0,54,,,,,0
45459060,1.0,55,,,,,0
45459060,1.0,56,,,,,0
45459060,1.0,57,,,,,0
45459060,1.0,58,,,,,0
45459060,1.0,59,,,,,0
45459060,1.0,60,,,,,0
18607212,1.0,1,,,,,0
18607212,1.0,2,,,,,0
18607212,1.0,3,,,,,0
18607212,1.0,4,,,,,0
18607212,1.0,5,,,,,0
18607212,1.0,6,,,,,0
18607212,1.0,7,,,,,0
18607212,1.0,8,,,,,0
18607212,1.0,9,,,,,0
18607212,1.0,10,,,,,0
18607212,1.0,11,,,,,0
18607212,1.0,12,,,,,0
18607212,1.0,13,,,,,0
18607212,1.0,14,,,,,0
18607212,1.0,15,,,,,0
18607212,1.0,16,,,,,0
18607212,1.0,17,,,,,0
18607212,1.0,18,,,,,0
18607212,1.0,19,,,,,0
18607212,1.0,20,,,,,0
18607212,1.0,21,,,,,0
18607212,1.0,22,,,,,0
18607212,1.0,23,,,,,0
18607212,1.0,24,,,,,0
18607212,1.0,25,,,,,0
18607212,1.0,26,,,,,0
18607212,1.0,27,,,,,0
18607212,1.0,28,,,,,0
18607212,1.0,29,,,,,0
18607212,1.0,30,,,,,0
18607212,1.0,31,,,,,0
18607212,1.0,32,,,,,0
18607212,1.0,33,,,,,0
18607212,1.0,34,,,,,0
18607212,1.0,35,,,,,0
18607212,1.0,36,,,,,0
18607212,1.0,37,,,,,0
18607212,1.0,38,,,,,0
18607212,1.0,39,,,,,0
18607212,1.0,40,,,,,0
18607212,1.0,41,,,,,0
18607212,1.0,42,,,,,0
18607212,1.0,43,,,,,0
18607212,1.0,44,,,,,0
18607212,1.0,45,,,,,0
18607212,1.0,46,,,,,0
18607212,1.0,47,,,,,0
18607212,1.0,48,,,,,0
18607212,1.0,49,,,,,0
18607212,1.0,50,,,,,0
18607212,1.0,51,,,,,0
18607212,1.0,52,,,,,0
18607212,1.0,53,,,,,0
18607212,1.0,54,,,,,0
18607212,1.0,55,,,,,0
18607212,1.0,56,,,,,0
18607212,1.0,57,,,,,0
18607212,1.0,58,,,,,0
18607212,1.0,59,,,,,0
18607212,1.0,60,,,,,0
77304158,1.0,1,,,,,0
77304158,1.0,2,,,,,0
77304158,1.0,3,,,,,0
77304158,1.0,4,,,,,0
77304158,1.0,5,,,,,0
77304158,1.0,6,,,,,0
77304158,1.0,7,,,,,0
77304158,1.0,8,,,,,0
77304158,1.0,9,,,,,0
77304158,1.0,10,,,,,0
77304158,1.0,11,,,,,0
77304158,1.0,12,,,,,0
77304158,1.0,13,,,,,0
77304158,1.0,14,,,,,0
77304158,1.0,15,,,,,0
77304158,1.0,16,,,,,0
77304158,1.0,17,,,,,0
77304158,1.0,18,,,,,0
77304158,1.0,19,,,,,0
77304158,1.0,20,,,,,0
77304158,1.0,21,,,,,0
77304158,1.0,22,,,,,0
77304158,1.0,23,,,,,0
77304158,1.0,24,,,,,0
77304158,1.0,25,,,,,0
77304158,1.0,26,,,,,0
77304158,1.0,27,,,,,0
77304158,1.0,28,,,,,0
77304158,1.0,29,,,,,0
77304158,1.0,30,,,,,0
77304158,1.0,31,,,,,0
77304158,1.0,32,,,,,0
77304158,1.0,33,,,,,0
77304158,1.0,34,,,,,0
77304158,1.0,35,,,,,0
77304158,1.0,36,,,,,0
77304158,1.0,37,,,,,0
77304158,1.0,38,,,,,0
77304158,1.0,39,,,,,0
77304158,1.0,40,,,,,0
77304158,1.0,41,,,,,0
77304158,1.0,42,,,,,0
77304158,1.0,43,,,,,0
77304158,1.0,44,,,,,0
77304158,1.0,45,,,,,0
77304158,1.0,46,,,,,0
77304158,1.0,47,,,,,0
77304158,1.0,48,,,,,0
77304158,1.0,49,,,,,0
77304158,1.0,50,,,,,0
77304158,1.0,51,,,,,0
77304158,1.0,52,,,,,0
77304158,1.0,53,,,,,0
77304158,1.0,54,,,,,0
77304158,1.0,55,,,,,0
77304158,1.0,56,,,,,0
77304158,1.0,57,,,,,0
77304158,1.0,58,,,,,0
77304158,1.0,59,,,,,0
77304158,1.0,60,,,,,0
52047972,1.0,1,,,,,0
52047972,1.0,2,,,,,0
52047972,1.0,3,,,,,0
52047972,1.0,4,,,,,0
52047972,1.0,5,,,,,0
52047972,1.0,6,,,,,0
52047972,1.0,7,,,,,0
52047972,1.0,8,,,,,0
52047972,1.0,9,,,,,0
52047972,1.0,10,,,,,0
52047972,1.0,11,,,,,0
52047972,1.0,12,,,,,0
52047972,1.0,13,,,,,0
52047972,1.0,14,,,,,0
52047972,1.0,15,,,,,0
52047972,1.0,16,,,,,0
52047972,1.0,17,,,,,0
52047972,1.0,18,,,,,0
52047972,1.0,19,,,,,0
52047972,1.0,20,,,,,0
52047972,1.0,21,,,,,0
52047972,1.0,22,,,,,0
52047972,1.0,23,,,,,0
52047972,1.0,24,,,,,0
52047972,1.0,25,,,,,0
52047972,1.0,26,,,,,0
52047972,1.0,27,,,,,0
52047972,1.0,28,,,,,0
52047972,1.0,29,,,,,0
52047972,1.0,30,,,,,0
52047972,1.0,31,,,,,0
52047972,1.0,32,,,,,0
52047972,1.0,33,,,,,0
52047972,1.0,34,,,,,0
52047972,1.0,35,,,,,0
52047972,1.0,36,,,,,0
52047972,1.0,37,,,,,0
52047972,1.0,38,,,,,0
52047972,1.0,39,,,,,0
52047972,1.0,40,,,,,0
52047972,1.0,41,,,,,0
52047972,1.0,42,,,,,0
52047972,1.0,43,,,,,0
52047972,1.0,44,,,,,0
52047972,1.0,45,,,,,0
52047972,1.0,46,,,,,0
52047972,1.0,47,,,,,0
52047972,1.0,48,,,,,0
52047972,1.0,49,,,,,0
52047972,1.0,50,,,,,0
52047972,1.0,51,,,,,0
52047972,1.0,52,,,,,0
52047972,1.0,53,,,,,0
52047972,1.0,54,,,,,0
52047972,1.0,55,,,,,0
52047972,1.0,56,,,,,0
52047972,1.0,57,,,,,0
52047972,1.0,58,,,,,0
52047972,1.0,59,,,,,0
52047972,1.0,60,,,,,0
30245881,1.0,1,,,,,0
30245881,1.0,2,,,,,0
30245881,1.0,3,,,,,0
30245881,1.0,4,,,,,0
30245881,1.0,5,,,,,0
30245881,1.0,6,,,,,0
30245881,1.0,7,,,,,0
30245881,1.0,8,,,,,0
30245881,1.0,9,,,,,0
30245881,1.0,10,,,,,0
30245881,1.0,11,,,,,0
30245881,1.0,12,,,,,0
30245881,1.0,13,,,,,0
30245881,1.0,14,,,,,0
30245881,1.0,15,,,,,0
30245881,1.0,16,,,,,0
30245881,1.0,17,,,,,0
30245881,1.0,18,,,,,0
30245881,1.0,19,,,,,0
30245881,1.0,20,,,,,0
30245881,1.0,21,,,,,0
30245881,1.0,22,,,,,0
30245881,1.0,23,,,,,0
30245881,1.0,24,,,,,0
30245881,1.0,25,,,,,0
30245881,1.0,26,,,,,0
30245881,1.0,27,,,,,0
30245881,1.0,28,,,,,0
30245881,1.0,29,,,,,0
30245881,1.0,30,,,,,0
30245881,1.0,31,,,,,0
30245881,1.0,32,,,,,0
30245881,1.0,33,,,,,0
30245881,1.0,34,,,,,0
30245881,1.0,35,,,,,0
30245881,1.0,36,,,,,0
30245881,1.0,37,,,,,0
30245881,1.0,38,,,,,0
30245881,1.0,39,,,,,0
30245881,1.0,40,,,,,0
30245881,1.0,41,,,,,0
30245881,1.0,42,,,,,0
30245881,1.0,43,,,,,0
30245881,1.0,44,,,,,0
30245881,1.0,45,,,,,0
30245881,1.0,46,,,,,0
30245881,1.0,47,,,,,0
30245881,1.0,48,,,,,0
30245881,1.0,49,,,,,0
30245881,1.0,50,,,,,0
30245881,1.0,51,,,,,0
30245881,1.0,52,,,,,0
30245881,1.0,53,,,,,0
30245881,1.0,54,,,,,0
30245881,1.0,55,,,,,0
30245881,1.0,56,,,,,0
30245881,1.0,57,,,,,0
30245881,1.0,58,,,,,0
30245881,1.0,59,,,,,0
30245881,1.0,60,,,,,0
21191952,1.0,1,,,,,0
21191952,1.0,2,,,,,0
21191952,1.0,3,,,,,0
21191952,1.0,4,,,,,0
21191952,1.0,5,,,,,0
21191952,1.0,6,,,,,0
21191952,1.0,7,,,,,0
21191952,1.0,8,,,,,0
21191952,1.0,9,,,,,0
21191952,1.0,10,,,,,0
21191952,1.0,11,,,,,0
21191952,1.0,12,,,,,0
21191952,1.0,13,,,,,0
21191952,1.0,14,,,,,0
21191952,1.0,15,,,,,0
21191952,1.0,16,,,,,0
21191952,1.0,17,,,,,0
21191952,1.0,18,,,,,0
21191952,1.0,19,,,,,0
21191952,1.0,20,,,,,0
21191952,1.0,21,,,,,0
21191952,1.0,22,,,,,0
21191952,1.0,23,,,,,0
21191952,1.0,24,,,,,0
21191952,1.0,25,,,,,0
21191952,1.0,26,,,,,0
21191952,1.0,27,,,,,0
21191952,1.0,28,,,,,0
21191952,1.0,29,,,,,0
21191952,1.0,30,,,,,0
21191952,1.0,31,,,,,0
21191952,1.0,32,,,,,0
21191952,1.0,33,,,,,0
21191952,1.0,34,,,,,0
21191952,1.0,35,,,,,0
21191952,1.0,36,,,,,0
21191952,1.0,37,,,,,0
21191952,1.0,38,,,,,0
21191952,1.0,39,,,,,0
21191952,1.0,40,,,,,0
21191952,1.0,41,,,,,0
21191952,1.0,42,,,,,0
21191952,1.0,43,,,,,0
21191952,1.0,44,,,,,0
21191952,1.0,45,,,,,0
21191952,1.0,46,,,,,0
21191952,1.0,47,,,,,0
21191952,1.0,48,,,,,0
21191952,1.0,49,,,,,0
21191952,1.0,50,,,,,0
21191952,1.0,51,,,,,0
21191952,1.0,52,,,,,0
21191952,1.0,53,,,,,0
21191952,1.0,54,,,,,0
21191952,1.0,55,,,,,0
21191952,1.0,56,,,,,0
21191952,1.0,57,,,,,0
21191952,1.0,58,,,,,0
21191952,1.0,59,,,,,0
21191952,1.0,60,,,,,0
46986893,1.0,1,,,,,0
46986893,1.0,2,,,,,0
46986893,1.0,3,,,,,0
46986893,1.0,4,,,,,0
46986893,1.0,5,,,,,0
46986893,1.0,6,,,,,0
46986893,1.0,7,,,,,0
46986893,1.0,8,50017519,online,2.0,0.0,1
46986893,1.0,9,,,,,0
46986893,1.0,10,,,,,0
46986893,1.0,11,,,,,0
46986893,1.0,12,,,,,0
46986893,1.0,13,75125571,onsite,0.125,0.0,1
46986893,1.0,14,75125571,onsite,0.125,0.0,1
46986893,1.0,15,75125571,onsite,0.125,0.0,1
46986893,1.0,16,75125571,onsite,0.125,0.0,1
46986893,1.0,17,75125571,onsite,0.125,0.0,1
46986893,1.0,18,75125571,onsite,0.125,0.0,1
46986893,1.0,19,75125571,onsite,0.125,0.0,1
46986893,1.0,20,75125571,onsite,0.125,0.0,1
46986893,1.0,21,33988441,onsite,2.0,0.0,1
46986893,1.0,22,,,,,0
46986893,1.0,23,43685517,online,2.0,0.0,1
46986893,1.0,24,41690950,online,2.0,0.0,1
46986893,1.0,25,60942014,online,2.5,0.0,1
46986893,1.0,26,82005893,online,2.0,0.0,1
46986893,1.0,27,,,,,0
46986893,1.0,28,33943820,online,3.003003003003003,0.0,1
46986893,1.0,29,,,,,0
46986893,1.0,30,34379279,online,3.003003003003003,0.0,1
46986893,1.0,31,,,,,0
46986893,1.0,32,,,,,0
46986893,1.0,33,14016899,online,2.0,0.0,1
46986893,1.0,34,,,,,0
46986893,1.0,35,,,,,0
46986893,1.0,36,,,,,0
46986893,1.0,37,,,,,0
46986893,1.0,38,,,,,0
46986893,1.0,39,,,,,0
46986893,1.0,40,,,,,0
46986893,1.0,41,,,,,0
46986893,1.0,42,,,,,0
46986893,1.0,43,,,,,0
46986893,1.0,44,,,,,0
46986893,1.0,45,,,,,0
46986893,1.0,46,,,,,0
46986893,1.0,47,,,,,0
46986893,1.0,48,,,,,0
46986893,1.0,49,,,,,0
46986893,1.0,50,,,,,0
46986893,1.0,51,,,,,0
46986893,1.0,52,,,,,0
46986893,1.0,53,,,,,0
46986893,1.0,54,,,,,0
46986893,1.0,55,,,,,0
46986893,1.0,56,,,,,0
46986893,1.0,57,,,,,0
46986893,1.0,58,,,,,0
46986893,1.0,59,,,,,0
46986893,1.0,60,,,,,0
89382290,1.0,1,,,,,0
89382290,1.0,2,,,,,0
89382290,1.0,3,,,,,0
89382290,1.0,4,,,,,0
89382290,1.0,5,,,,,0
89382290,1.0,6,,,,,0
89382290,1.0,7,,,,,0
89382290,1.0,8,,,,,0
89382290,1.0,9,,,,,0
89382290,1.0,10,,,,,0
89382290,1.0,11,,,,,0
89382290,1.0,12,,,,,0
89382290,1.0,13,,,,,0
89382290,1.0,14,,,,,0
89382290,1.0,15,,,,,0
89382290,1.0,16,,,,,0
89382290,1.0,17,,,,,0
89382290,1.0,18,,,,,0
89382290,1.0,19,,,,,0
89382290,1.0,20,,,,,0
89382290,1.0,21,,,,,0
89382290,1.0,22,,,,,0
89382290,1.0,23,,,,,0
89382290,1.0,24,,,,,0
89382290,1.0,25,,,,,0
89382290,1.0,26,,,,,0
89382290,1.0,27,,,,,0
89382290,1.0,28,,,,,0
89382290,1.0,29,,,,,0
89382290,1.0,30,,,,,0
89382290,1.0,31,,,,,0
89382290,1.0,32,,,,,0
89382290,1.0,33,,,,,0
89382290,1.0,34,,,,,0
89382290,1.0,35,,,,,0
89382290,1.0,36,,,,,0
89382290,1.0,37,,,,,0
89382290,1.0,38,,,,,0
89382290,1.0,39,,,,,0
89382290,1.0,40,,,,,0
89382290,1.0,41,,,,,0
89382290,1.0,42,,,,,0
89382290,1.0,43,,,,,0
89382290,1.0,44,,,,,0
89382290,1.0,45,,,,,0
89382290,1.0,46,,,,,0
89382290,1.0,47,,,,,0
89382290,1.0,48,,,,,0
89382290,1.0,49,,,,,0
89382290,1.0,50,,,,,0
89382290,1.0,51,,,,,0
89382290,1.0,52,,,,,0
89382290,1.0,53,,,,,0
89382290,1.0,54,,,,,0
89382290,1.0,55,,,,,0
89382290,1.0,56,,,,,0
89382290,1.0,57,,,,,0
89382290,1.0,58,,,,,0
89382290,1.0,59,,,,,0
89382290,1.0,60,,,,,0
12272594,1.0,1,,,,,0
12272594,1.0,2,,,,,0
12272594,1.0,3,58834864,onsite,0.125,0.0,1
12272594,1.0,4,58834864,onsite,0.125,0.0,1
12272594,1.0,5,,,,,0
12272594,1.0,6,,,,,0
12272594,1.0,7,,,,,0
12272594,1.0,8,,,,,0
12272594,1.0,9,58834864,onsite,0.125,0.0,1
12272594,1.0,10,19528147,onsite,0.1,0.024999999999999994,1
12272594,1.0,11,19528147,onsite,0.1,0.024999999999999994,1
12272594,1.0,12,19528147,onsite,0.1,0.024999999999999994,1
12272594,1.0,13,19528147,onsite,0.1,0.024999999999999994,1
12272594,1.0,14,,,,,0
12272594,1.0,15,58834864,onsite,0.125,0.0,1
12272594,1.0,16,34812954,onsite,2.0,0.0,1
12272594,1.0,17,,,,,0
12272594,1.0,18,19528147,onsite,0.1,0.024999999999999994,1
12272594,1.0,19,54997493,onsite,2.0,0.0,1
12272594,1.0,20,,,,,0
12272594,1.0,21,76163732,onsite,0.125,0.0,1
12272594,1.0,22,35699035,onsite,1.4992503748125936,0.0,1
12272594,1.0,23,,,,,0
12272594,1.0,24,76163732,onsite,0.125,0.0,1
12272594,1.0,25,76163732,onsite,0.125,0.0,1
12272594,1.0,26,,,,,0
12272594,1.0,27,76163732,onsite,0.125,0.0,1
12272594,1.0,28,,,,,0
12272594,1.0,29,19454340,onsite,2.0,0.0,1
12272594,1.0,30,55699161,onsite,2.0,0.0,1
12272594,1.0,31,,,,,0
12272594,1.0,32,20177713,onsite,2.0,0.0,1
12272594,1.0,33,,,,,0
12272594,1.0,34,,,,,0
12272594,1.0,35,43125894,onsite,2.0,0.0,1
12272594,1.0,36,,,,,0
12272594,1.0,37,71958391,onsite,2.0,0.0,1
12272594,1.0,38,,,,,0
12272594,1.0,39,,,,,0
12272594,1.0,40,,,,,0
12272594,1.0,41,,,,,0
12272594,1.0,42,,,,,0
12272594,1.0,43,,,,,0
12272594,1.0,44,,,,,0
12272594,1.0,45,,,,,0
12272594,1.0,46,,,,,0
12272594,1.0,47,,,,,0
12272594,1.0,48,,,,,0
12272594,1.0,49,,,,,0
12272594,1.0,50,,,,,0
12272594,1.0,51,,,,,0
12272594,1.0,52,,,,,0
12272594,1.0,53,,,,,0
12272594,1.0,54,,,,,0
12272594,1.0,55,,,,,0
12272594,1.0,56,,,,,0
12272594,1.0,57,,,,,0
12272594,1.0,58,,,,,0
12272594,1.0,59,,,,,0
12272594,1.0,60,,,,,0
30290833,1.0,1,,,,,0
30290833,1.0,2,,,,,0
30290833,1.0,3,,,,,0
30290833,1.0,4,,,,,0
30290833,1.0,5,,,,,0
30290833,1.0,6,,,,,0
30290833,1.0,7,,,,,0
30290833,1.0,8,,,,,0
30290833,1.0,9,,,,,0
30290833,1.0,10,,,,,0
30290833,1.0,11,,,,,0
30290833,1.0,12,,,,,0
30290833,1.0,13,,,,,0
30290833,1.0,14,,,,,0
30290833,1.0,15,,,,,0
30290833,1.0,16,,,,,0
30290833,1.0,17,,,,,0
30290833,1.0,18,,,,,0
30290833,1.0,19,,,,,0
30290833,1.0,20,,,,,0
30290833,1.0,21,,,,,0
30290833,1.0,22,,,,,0
30290833,1.0,23,,,,,0
30290833,1.0,24,,,,,0
30290833,1.0,25,,,,,0
30290833,1.0,26,,,,,0
30290833,1.0,27,,,,,0
30290833,1.0,28,,,,,0
30290833,1.0,29,,,,,0
30290833,1.0,30,,,,,0
30290833,1.0,31,,,,,0
30290833,1.0,32,,,,,0
30290833,1.0,33,,,,,0
30290833,1.0,34,,,,,0
30290833,1.0,35,,,,,0
30290833,1.0,36,,,,,0
30290833,1.0,37,,,,,0
30290833,1.0,38,,,,,0
30290833,1.0,39,,,,,0
30290833,1.0,40,,,,,0
30290833,1.0,41,,,,,0
30290833,1.0,42,,,,,0
30290833,1.0,43,,,,,0
30290833,1.0,44,,,,,0
30290833,1.0,45,,,,,0
30290833,1.0,46,,,,,0
30290833,1.0,47,,,,,0
30290833,1.0,48,,,,,0
30290833,1.0,49,,,,,0
30290833,1.0,50,,,,,0
30290833,1.0,51,,,,,0
30290833,1.0,52,,,,,0
30290833,1.0,53,,,,,0
30290833,1.0,54,,,,,0
30290833,1.0,55,,,,,0
30290833,1.0,56,,,,,0
30290833,1.0,57,,,,,0
30290833,1.0,58,,,,,0
30290833,1.0,59,,,,,0
30290833,1.0,60,,,,,0
97120688,1.0,1,,,,,0
97120688,1.0,2,98229611,onsite,0.25,0.0,1
97120688,1.0,3,94835245,onsite,0.25,0.0,1
97120688,1.0,4,68884875,onsite,0.25,0.0,1
97120688,1.0,5,86498344,onsite,0.25,0.0,1
97120688,1.0,6,98229611,onsite,0.25,0.0,1
97120688,1.0,7,86498344,onsite,0.25,0.0,1
97120688,1.0,8,37946335,onsite,0.25,0.0,1
97120688,1.0,9,17574155,onsite,0.25,0.0,1
97120688,1.0,10,94835245,onsite,0.25,0.0,1
97120688,1.0,11,85132818,onsite,0.25,0.0,1
97120688,1.0,12,46063759,onsite,1.0,0.0,1
97120688,1.0,13,85903801,onsite,1.0,0.0,1
97120688,1.0,14,,,,,0
97120688,1.0,15,,,,,0
97120688,1.0,16,65526976,online,2.0,0.0,1
97120688,1.0,17,,,,,0
97120688,1.0,18,46680058,online,3.003003003003003,0.0,1
97120688,1.0,19,,,,,0
97120688,1.0,20,,,,,0
97120688,1.0,21,14829022,onsite,2.5,0.0,1
97120688,1.0,22,,,,,0
97120688,1.0,23,36464638,onsite,2.0,0.0,1
97120688,1.0,24,,,,,0
97120688,1.0,25,,,,,0
97120688,1.0,26,,,,,0
97120688,1.0,27,,,,,0
97120688,1.0,28,,,,,0
97120688,1.0,29,,,,,0
97120688,1.0,30,,,,,0
97120688,1.0,31,50341364,online,2.5,0.0,1
97120688,1.0,32,,,,,0
97120688,1.0,33,,,,,0
97120688,1.0,34,,,,,0
97120688,1.0,35,,,,,0
97120688,1.0,36,,,,,0
97120688,1.0,37,44191158,online,2.5,0.0,1
97120688,1.0,38,,,,,0
97120688,1.0,39,,,,,0
97120688,1.0,40,,,,,0
97120688,1.0,41,,,,,0
97120688,1.0,42,,,,,0
97120688,1.0,43,,,,,0
97120688,1.0,44,,,,,0
97120688,1.0,45,,,,,0
97120688,1.0,46,,,,,0
97120688,1.0,47,,,,,0
97120688,1.0,48,,,,,0
97120688,1.0,49,,,,,0
97120688,1.0,50,,,,,0
97120688,1.0,51,,,,,0
97120688,1.0,52,,,,,0
97120688,1.0,53,,,,,0
97120688,1.0,54,,,,,0
97120688,1.0,55,,,,,0
97120688,1.0,56,,,,,0
97120688,1.0,57,,,,,0
97120688,1.0,58,,,,,0
97120688,1.0,59,,,,,0
97120688,1.0,60,,,,,0
11226387,1.0,1,43144184,online,2.5,0.0,1
11226387,1.0,2,39320303,onsite,0.125,0.0,1
11226387,1.0,3,30145138,onsite,0.125,0.0,1
11226387,1.0,4,,,,,0
11226387,1.0,5,,,,,0
11226387,1.0,6,70942690,onsite,0.125,0.0,1
11226387,1.0,7,70923390,onsite,0.125,0.0,1
11226387,1.0,8,,,,,0
11226387,1.0,9,22816481,onsite,0.125,0.0,1
11226387,1.0,10,,,,,0
11226387,1.0,11,,,,,0
11226387,1.0,12,33540615,onsite,0.125,0.0,1
11226387,1.0,13,77129325,onsite,0.125,0.0,1
11226387,1.0,14,81634710,onsite,0.125,0.0,1
11226387,1.0,15,73344763,onsite,0.125,0.0,1
11226387,1.0,16,22453141,onsite,0.125,0.0,1
11226387,1.0,17,,,,,0
11226387,1.0,18,52711433,onsite,0.125,0.0,1
11226387,1.0,19,60578367,onsite,2.5,0.0,1
11226387,1.0,20,,,,,0
11226387,1.0,21,,,,,0
11226387,1.0,22,,,,,0
11226387,1.0,23,,,,,0
11226387,1.0,24,47678249,online,2.0,0.0,1
11226387,1.0,25,,,,,0
11226387,1.0,26,,,,,0
11226387,1.0,27,,,,,0
11226387,1.0,28,,,,,0
11226387,1.0,29,,,,,0
11226387,1.0,30,,,,,0
11226387,1.0,31,,,,,0
11226387,1.0,32,,,,,0
11226387,1.0,33,,,,,0
11226387,1.0,34,,,,,0
11226387,1.0,35,,,,,0
11226387,1.0,36,,,,,0
11226387,1.0,37,,,,,0
11226387,1.0,38,,,,,0
11226387,1.0,39,,,,,0
11226387,1.0,40,,,,,0
11226387,1.0,41,,,,,0
11226387,1.0,42,,,,,0
11226387,1.0,43,,,,,0
11226387,1.0,44,,,,,0
11226387,1.0,45,,,,,0
11226387,1.0,46,,,,,0
11226387,1.0,47,,,,,0
11226387,1.0,48,,,,,0
11226387,1.0,49,,,,,0
11226387,1.0,50,,,,,0
11226387,1.0,51,,,,,0
11226387,1.0,52,,,,,0
11226387,1.0,53,,,,,0
11226387,1.0,54,,,,,0
11226387,1.0,55,,,,,0
11226387,1.0,56,,,,,0
11226387,1.0,57,,,,,0
11226387,1.0,58,,,,,0
11226387,1.0,59,,,,,0
11226387,1.0,60,,,,,0
93840690,1.0,1,,,,,0
93840690,1.0,2,,,,,0
93840690,1.0,3,,,,,0
93840690,1.0,4,,,,,0
93840690,1.0,5,,,,,0
93840690,1.0,6,,,,,0
93840690,1.0,7,,,,,0
93840690,1.0,8,,,,,0
93840690,1.0,9,,,,,0
93840690,1.0,10,,,,,0
93840690,1.0,11,,,,,0
93840690,1.0,12,,,,,0
93840690,1.0,13,,,,,0
93840690,1.0,14,,,,,0
93840690,1.0,15,,,,,0
93840690,1.0,16,,,,,0
93840690,1.0,17,,,,,0
93840690,1.0,18,,,,,0
93840690,1.0,19,,,,,0
93840690,1.0,20,,,,,0
93840690,1.0,21,,,,,0
93840690,1.0,22,,,,,0
93840690,1.0,23,,,,,0
93840690,1.0,24,,,,,0
93840690,1.0,25,,,,,0
93840690,1.0,26,,,,,0
93840690,1.0,27,,,,,0
93840690,1.0,28,,,,,0
93840690,1.0,29,,,,,0
93840690,1.0,30,,,,,0
93840690,1.0,31,,,,,0
93840690,1.0,32,,,,,0
93840690,1.0,33,,,,,0
93840690,1.0,34,,,,,0
93840690,1.0,35,,,,,0
93840690,1.0,36,,,,,0
93840690,1.0,37,,,,,0
93840690,1.0,38,,,,,0
93840690,1.0,39,,,,,0
93840690,1.0,40,,,,,0
93840690,1.0,41,,,,,0
93840690,1.0,42,,,,,0
93840690,1.0,43,,,,,0
93840690,1.0,44,,,,,0
93840690,1.0,45,,,,,0
93840690,1.0,46,,,,,0
93840690,1.0,47,,,,,0
93840690,1.0,48,,,,,0
93840690,1.0,49,,,,,0
93840690,1.0,50,,,,,0
93840690,1.0,51,,,,,0
93840690,1.0,52,,,,,0
93840690,1.0,53,,,,,0
93840690,1.0,54,,,,,0
93840690,1.0,55,,,,,0
93840690,1.0,56,,,,,0
93840690,1.0,57,,,,,0
93840690,1.0,58,,,,,0
93840690,1.0,59,,,,,0
93840690,1.0,60,,,,,0
67220759,1.0,1,,,,,0
67220759,1.0,2,,,,,0
67220759,1.0,3,,,,,0
67220759,1.0,4,,,,,0
67220759,1.0,5,,,,,0
67220759,1.0,6,,,,,0
67220759,1.0,7,,,,,0
67220759,1.0,8,,,,,0
67220759,1.0,9,,,,,0
67220759,1.0,10,,,,,0
67220759,1.0,11,,,,,0
67220759,1.0,12,,,,,0
67220759,1.0,13,,,,,0
67220759,1.0,14,,,,,0
67220759,1.0,15,,,,,0
67220759,1.0,16,,,,,0
67220759,1.0,17,,,,,0
67220759,1.0,18,,,,,0
67220759,1.0,19,,,,,0
67220759,1.0,20,,,,,0
67220759,1.0,21,,,,,0
67220759,1.0,22,,,,,0
67220759,1.0,23,,,,,0
67220759,1.0,24,,,,,0
67220759,1.0,25,,,,,0
67220759,1.0,26,,,,,0
67220759,1.0,27,,,,,0
67220759,1.0,28,,,,,0
67220759,1.0,29,,,,,0
67220759,1.0,30,,,,,0
67220759,1.0,31,,,,,0
67220759,1.0,32,,,,,0
67220759,1.0,33,,,,,0
67220759,1.0,34,,,,,0
67220759,1.0,35,,,,,0
67220759,1.0,36,,,,,0
67220759,1.0,37,,,,,0
67220759,1.0,38,,,,,0
67220759,1.0,39,,,,,0
67220759,1.0,40,,,,,0
67220759,1.0,41,,,,,0
67220759,1.0,42,,,,,0
67220759,1.0,43,,,,,0
67220759,1.0,44,,,,,0
67220759,1.0,45,,,,,0
67220759,1.0,46,,,,,0
67220759,1.0,47,,,,,0
67220759,1.0,48,,,,,0
67220759,1.0,49,,,,,0
67220759,1.0,50,,,,,0
67220759,1.0,51,,,,,0
67220759,1.0,52,,,,,0
67220759,1.0,53,,,,,0
67220759,1.0,54,,,,,0
67220759,1.0,55,,,,,0
67220759,1.0,56,,,,,0
67220759,1.0,57,,,,,0
67220759,1.0,58,,,,,0
67220759,1.0,59,,,,,0
67220759,1.0,60,,,,,0
77187182,1.0,1,,,,,0
77187182,1.0,2,,,,,0
77187182,1.0,3,,,,,0
77187182,1.0,4,,,,,0
77187182,1.0,5,,,,,0
77187182,1.0,6,,,,,0
77187182,1.0,7,,,,,0
77187182,1.0,8,,,,,0
77187182,1.0,9,,,,,0
77187182,1.0,10,,,,,0
77187182,1.0,11,,,,,0
77187182,1.0,12,,,,,0
77187182,1.0,13,,,,,0
77187182,1.0,14,,,,,0
77187182,1.0,15,,,,,0
77187182,1.0,16,,,,,0
77187182,1.0,17,,,,,0
77187182,1.0,18,,,,,0
77187182,1.0,19,,,,,0
77187182,1.0,20,,,,,0
77187182,1.0,21,,,,,0
77187182,1.0,22,,,,,0
77187182,1.0,23,,,,,0
77187182,1.0,24,,,,,0
77187182,1.0,25,,,,,0
77187182,1.0,26,,,,,0
77187182,1.0,27,,,,,0
77187182,1.0,28,,,,,0
77187182,1.0,29,,,,,0
77187182,1.0,30,,,,,0
77187182,1.0,31,,,,,0
77187182,1.0,32,,,,,0
77187182,1.0,33,,,,,0
77187182,1.0,34,,,,,0
77187182,1.0,35,,,,,0
77187182,1.0,36,,,,,0
77187182,1.0,37,,,,,0
77187182,1.0,38,,,,,0
77187182,1.0,39,,,,,0
77187182,1.0,40,,,,,0
77187182,1.0,41,,,,,0
77187182,1.0,42,,,,,0
77187182,1.0,43,,,,,0
77187182,1.0,44,,,,,0
77187182,1.0,45,,,,,0
77187182,1.0,46,,,,,0
77187182,1.0,47,,,,,0
77187182,1.0,48,,,,,0
77187182,1.0,49,,,,,0
77187182,1.0,50,,,,,0
77187182,1.0,51,,,,,0
77187182,1.0,52,,,,,0
77187182,1.0,53,,,,,0
77187182,1.0,54,,,,,0
77187182,1.0,55,,,,,0
77187182,1.0,56,,,,,0
77187182,1.0,57,,,,,0
77187182,1.0,58,,,,,0
77187182,1.0,59,,,,,0
77187182,1.0,60,,,,,0
74913421,1.0,1,,,,,0
74913421,1.0,2,,,,,0
74913421,1.0,3,,,,,0
74913421,1.0,4,,,,,0
74913421,1.0,5,,,,,0
74913421,1.0,6,,,,,0
74913421,1.0,7,,,,,0
74913421,1.0,8,,,,,0
74913421,1.0,9,,,,,0
74913421,1.0,10,,,,,0
74913421,1.0,11,,,,,0
74913421,1.0,12,,,,,0
74913421,1.0,13,,,,,0
74913421,1.0,14,,,,,0
74913421,1.0,15,,,,,0
74913421,1.0,16,,,,,0
74913421,1.0,17,,,,,0
74913421,1.0,18,,,,,0
74913421,1.0,19,,,,,0
74913421,1.0,20,,,,,0
74913421,1.0,21,,,,,0
74913421,1.0,22,,,,,0
74913421,1.0,23,,,,,0
74913421,1.0,24,,,,,0
74913421,1.0,25,,,,,0
74913421,1.0,26,,,,,0
74913421,1.0,27,,,,,0
74913421,1.0,28,,,,,0
74913421,1.0,29,,,,,0
74913421,1.0,30,,,,,0
74913421,1.0,31,,,,,0
74913421,1.0,32,,,,,0
74913421,1.0,33,,,,,0
74913421,1.0,34,,,,,0
74913421,1.0,35,,,,,0
74913421,1.0,36,,,,,0
74913421,1.0,37,,,,,0
74913421,1.0,38,,,,,0
74913421,1.0,39,,,,,0
74913421,1.0,40,,,,,0
74913421,1.0,41,,,,,0
74913421,1.0,42,,,,,0
74913421,1.0,43,,,,,0
74913421,1.0,44,,,,,0
74913421,1.0,45,,,,,0
74913421,1.0,46,,,,,0
74913421,1.0,47,,,,,0
74913421,1.0,48,,,,,0
74913421,1.0,49,,,,,0
74913421,1.0,50,,,,,0
74913421,1.0,51,,,,,0
74913421,1.0,52,,,,,0
74913421,1.0,53,,,,,0
74913421,1.0,54,,,,,0
74913421,1.0,55,,,,,0
74913421,1.0,56,,,,,0
74913421,1.0,57,,,,,0
74913421,1.0,58,,,,,0
74913421,1.0,59,,,,,0
74913421,1.0,60,,,,,0
82687551,1.0,1,,,,,0
82687551,1.0,2,,,,,0
82687551,1.0,3,54794966,onsite,0.125,0.0,1
82687551,1.0,4,44564234,onsite,0.125,0.0,1
82687551,1.0,5,60167696,onsite,0.125,0.0,1
82687551,1.0,6,54794966,onsite,0.125,0.0,1
82687551,1.0,7,84730110,onsite,0.125,0.0,1
82687551,1.0,8,60167696,onsite,0.125,0.0,1
82687551,1.0,9,44564234,onsite,0.125,0.0,1
82687551,1.0,10,82473832,onsite,0.125,0.0,1
82687551,1.0,11,60167696,onsite,0.125,0.0,1
82687551,1.0,12,92471125,onsite,0.125,0.0,1
82687551,1.0,13,78257789,onsite,0.125,0.0,1
82687551,1.0,14,90137660,onsite,0.125,0.0,1
82687551,1.0,15,90137660,onsite,0.125,0.0,1
82687551,1.0,16,90137660,onsite,0.125,0.0,1
82687551,1.0,17,36513892,onsite,0.7501875468867217,0.0,1
82687551,1.0,18,47555912,onsite,0.7501875468867217,0.0,1
82687551,1.0,19,16728333,onsite,0.7501875468867217,0.0,1
82687551,1.0,20,,,,,0
82687551,1.0,21,88730886,onsite,0.7501875468867217,0.0,1
82687551,1.0,22,88891728,onsite,2.0,0.0,1
82687551,1.0,23,72828702,onsite,2.0,0.0,1
82687551,1.0,24,,,,,0
82687551,1.0,25,,,,,0
82687551,1.0,26,27290956,onsite,2.0,0.0,1
82687551,1.0,27,14427676,onsite,2.5,0.0,1
82687551,1.0,28,,,,,0
82687551,1.0,29,,,,,0
82687551,1.0,30,,,,,0
82687551,1.0,31,,,,,0
82687551,1.0,32,,,,,0
82687551,1.0,33,,,,,0
82687551,1.0,34,,,,,0
82687551,1.0,35,,,,,0
82687551,1.0,36,,,,,0
82687551,1.0,37,,,,,0
82687551,1.0,38,,,,,0
82687551,1.0,39,,,,,0
82687551,1.0,40,,,,,0
82687551,1.0,41,,,,,0
82687551,1.0,42,,,,,0
82687551,1.0,43,,,,,0
82687551,1.0,44,,,,,0
82687551,1.0,45,,,,,0
82687551,1.0,46,,,,,0
82687551,1.0,47,,,,,0
82687551,1.0,48,,,,,0
82687551,1.0,49,,,,,0
82687551,1.0,50,,,,,0
82687551,1.0,51,,,,,0
82687551,1.0,52,,,,,0
82687551,1.0,53,,,,,0
82687551,1.0,54,,,,,0
82687551,1.0,55,,,,,0
82687551,1.0,56,,,,,0
82687551,1.0,57,,,,,0
82687551,1.0,58,,,,,0
82687551,1.0,59,,,,,0
82687551,1.0,60,,,,,0
20179277,1.0,1,,,,,0
20179277,1.0,2,,,,,0
20179277,1.0,3,,,,,0
20179277,1.0,4,,,,,0
20179277,1.0,5,,,,,0
20179277,1.0,6,,,,,0
20179277,1.0,7,,,,,0
20179277,1.0,8,,,,,0
20179277,1.0,9,,,,,0
20179277,1.0,10,,,,,0
20179277,1.0,11,,,,,0
20179277,1.0,12,,,,,0
20179277,1.0,13,,,,,0
20179277,1.0,14,,,,,0
20179277,1.0,15,,,,,0
20179277,1.0,16,,,,,0
20179277,1.0,17,,,,,0
20179277,1.0,18,,,,,0
20179277,1.0,19,,,,,0
20179277,1.0,20,,,,,0
20179277,1.0,21,,,,,0
20179277,1.0,22,,,,,0
20179277,1.0,23,,,,,0
20179277,1.0,24,,,,,0
20179277,1.0,25,,,,,0
20179277,1.0,26,,,,,0
20179277,1.0,27,,,,,0
20179277,1.0,28,,,,,0
20179277,1.0,29,,,,,0
20179277,1.0,30,,,,,0
20179277,1.0,31,,,,,0
20179277,1.0,32,,,,,0
20179277,1.0,33,,,,,0
20179277,1.0,34,,,,,0
20179277,1.0,35,,,,,0
20179277,1.0,36,,,,,0
20179277,1.0,37,,,,,0
20179277,1.0,38,,,,,0
20179277,1.0,39,,,,,0
20179277,1.0,40,,,,,0
20179277,1.0,41,,,,,0
20179277,1.0,42,,,,,0
20179277,1.0,43,,,,,0
20179277,1.0,44,,,,,0
20179277,1.0,45,,,,,0
20179277,1.0,46,,,,,0
20179277,1.0,47,,,,,0
20179277,1.0,48,,,,,0
20179277,1.0,49,,,,,0
20179277,1.0,50,,,,,0
20179277,1.0,51,,,,,0
20179277,1.0,52,,,,,0
20179277,1.0,53,,,,,0
20179277,1.0,54,,,,,0
20179277,1.0,55,,,,,0
20179277,1.0,56,,,,,0
20179277,1.0,57,,,,,0
20179277,1.0,58,,,,,0
20179277,1.0,59,,,,,0
20179277,1.0,60,,,,,0
74571165,1.0,1,,,,,0
74571165,1.0,2,,,,,0
74571165,1.0,3,,,,,0
74571165,1.0,4,,,,,0
74571165,1.0,5,,,,,0
74571165,1.0,6,,,,,0
74571165,1.0,7,,,,,0
74571165,1.0,8,,,,,0
74571165,1.0,9,,,,,0
74571165,1.0,10,,,,,0
74571165,1.0,11,,,,,0
74571165,1.0,12,,,,,0
74571165,1.0,13,,,,,0
74571165,1.0,14,,,,,0
74571165,1.0,15,,,,,0
74571165,1.0,16,,,,,0
74571165,1.0,17,,,,,0
74571165,1.0,18,,,,,0
74571165,1.0,19,,,,,0
74571165,1.0,20,,,,,0
74571165,1.0,21,,,,,0
74571165,1.0,22,,,,,0
74571165,1.0,23,,,,,0
74571165,1.0,24,,,,,0
74571165,1.0,25,,,,,0
74571165,1.0,26,,,,,0
74571165,1.0,27,,,,,0
74571165,1.0,28,,,,,0
74571165,1.0,29,,,,,0
74571165,1.0,30,,,,,0
74571165,1.0,31,,,,,0
74571165,1.0,32,,,,,0
74571165,1.0,33,,,,,0
74571165,1.0,34,,,,,0
74571165,1.0,35,,,,,0
74571165,1.0,36,,,,,0
74571165,1.0,37,,,,,0
74571165,1.0,38,,,,,0
74571165,1.0,39,,,,,0
74571165,1.0,40,,,,,0
74571165,1.0,41,,,,,0
74571165,1.0,42,,,,,0
74571165,1.0,43,,,,,0
74571165,1.0,44,,,,,0
74571165,1.0,45,,,,,0
74571165,1.0,46,,,,,0
74571165,1.0,47,,,,,0
74571165,1.0,48,,,,,0
74571165,1.0,49,,,,,0
74571165,1.0,50,,,,,0
74571165,1.0,51,,,,,0
74571165,1.0,52,,,,,0
74571165,1.0,53,,,,,0
74571165,1.0,54,,,,,0
74571165,1.0,55,,,,,0
74571165,1.0,56,,,,,0
74571165,1.0,57,,,,,0
74571165,1.0,58,,,,,0
74571165,1.0,59,,,,,0
74571165,1.0,60,,,,,0
55789879,1.0,1,,,,,0
55789879,1.0,2,,,,,0
55789879,1.0,3,,,,,0
55789879,1.0,4,,,,,0
55789879,1.0,5,,,,,0
55789879,1.0,6,,,,,0
55789879,1.0,7,,,,,0
55789879,1.0,8,,,,,0
55789879,1.0,9,,,,,0
55789879,1.0,10,,,,,0
55789879,1.0,11,,,,,0
55789879,1.0,12,,,,,0
55789879,1.0,13,,,,,0
55789879,1.0,14,,,,,0
55789879,1.0,15,,,,,0
55789879,1.0,16,,,,,0
55789879,1.0,17,,,,,0
55789879,1.0,18,,,,,0
55789879,1.0,19,,,,,0
55789879,1.0,20,,,,,0
55789879,1.0,21,,,,,0
55789879,1.0,22,,,,,0
55789879,1.0,23,,,,,0
55789879,1.0,24,,,,,0
55789879,1.0,25,,,,,0
55789879,1.0,26,,,,,0
55789879,1.0,27,,,,,0
55789879,1.0,28,,,,,0
55789879,1.0,29,,,,,0
55789879,1.0,30,,,,,0
55789879,1.0,31,,,,,0
55789879,1.0,32,,,,,0
55789879,1.0,33,,,,,0
55789879,1.0,34,,,,,0
55789879,1.0,35,,,,,0
55789879,1.0,36,,,,,0
55789879,1.0,37,,,,,0
55789879,1.0,38,,,,,0
55789879,1.0,39,,,,,0
55789879,1.0,40,,,,,0
55789879,1.0,41,,,,,0
55789879,1.0,42,,,,,0
55789879,1.0,43,,,,,0
55789879,1.0,44,,,,,0
55789879,1.0,45,,,,,0
55789879,1.0,46,,,,,0
55789879,1.0,47,,,,,0
55789879,1.0,48,,,,,0
55789879,1.0,49,,,,,0
55789879,1.0,50,,,,,0
55789879,1.0,51,,,,,0
55789879,1.0,52,,,,,0
55789879,1.0,53,,,,,0
55789879,1.0,54,,,,,0
55789879,1.0,55,,,,,0
55789879,1.0,56,,,,,0
55789879,1.0,57,,,,,0
55789879,1.0,58,,,,,0
55789879,1.0,59,,,,,0
55789879,1.0,60,,,,,0
85470328,1.0,1,,,,,0
85470328,1.0,2,,,,,0
85470328,1.0,3,,,,,0
85470328,1.0,4,,,,,0
85470328,1.0,5,,,,,0
85470328,1.0,6,,,,,0
85470328,1.0,7,,,,,0
85470328,1.0,8,,,,,0
85470328,1.0,9,,,,,0
85470328,1.0,10,,,,,0
85470328,1.0,11,,,,,0
85470328,1.0,12,,,,,0
85470328,1.0,13,,,,,0
85470328,1.0,14,,,,,0
85470328,1.0,15,,,,,0
85470328,1.0,16,,,,,0
85470328,1.0,17,,,,,0
85470328,1.0,18,,,,,0
85470328,1.0,19,,,,,0
85470328,1.0,20,,,,,0
85470328,1.0,21,,,,,0
85470328,1.0,22,,,,,0
85470328,1.0,23,,,,,0
85470328,1.0,24,,,,,0
85470328,1.0,25,,,,,0
85470328,1.0,26,,,,,0
85470328,1.0,27,,,,,0
85470328,1.0,28,,,,,0
85470328,1.0,29,,,,,0
85470328,1.0,30,,,,,0
85470328,1.0,31,,,,,0
85470328,1.0,32,,,,,0
85470328,1.0,33,,,,,0
85470328,1.0,34,,,,,0
85470328,1.0,35,,,,,0
85470328,1.0,36,,,,,0
85470328,1.0,37,,,,,0
85470328,1.0,38,,,,,0
85470328,1.0,39,,,,,0
85470328,1.0,40,,,,,0
85470328,1.0,41,,,,,0
85470328,1.0,42,,,,,0
85470328,1.0,43,,,,,0
85470328,1.0,44,,,,,0
85470328,1.0,45,,,,,0
85470328,1.0,46,,,,,0
85470328,1.0,47,,,,,0
85470328,1.0,48,,,,,0
85470328,1.0,49,,,,,0
85470328,1.0,50,,,,,0
85470328,1.0,51,,,,,0
85470328,1.0,52,,,,,0
85470328,1.0,53,,,,,0
85470328,1.0,54,,,,,0
85470328,1.0,55,,,,,0
85470328,1.0,56,,,,,0
85470328,1.0,57,,,,,0
85470328,1.0,58,,,,,0
85470328,1.0,59,,,,,0
85470328,1.0,60,,,,,0
99829609,1.0,1,,,,,0
99829609,1.0,2,,,,,0
99829609,1.0,3,,,,,0
99829609,1.0,4,,,,,0
99829609,1.0,5,,,,,0
99829609,1.0,6,,,,,0
99829609,1.0,7,,,,,0
99829609,1.0,8,,,,,0
99829609,1.0,9,,,,,0
99829609,1.0,10,,,,,0
99829609,1.0,11,,,,,0
99829609,1.0,12,,,,,0
99829609,1.0,13,,,,,0
99829609,1.0,14,,,,,0
99829609,1.0,15,,,,,0
99829609,1.0,16,,,,,0
99829609,1.0,17,,,,,0
99829609,1.0,18,,,,,0
99829609,1.0,19,,,,,0
99829609,1.0,20,,,,,0
99829609,1.0,21,,,,,0
99829609,1.0,22,,,,,0
99829609,1.0,23,,,,,0
99829609,1.0,24,,,,,0
99829609,1.0,25,,,,,0
99829609,1.0,26,,,,,0
99829609,1.0,27,,,,,0
99829609,1.0,28,,,,,0
99829609,1.0,29,,,,,0
99829609,1.0,30,,,,,0
99829609,1.0,31,,,,,0
99829609,1.0,32,,,,,0
99829609,1.0,33,,,,,0
99829609,1.0,34,,,,,0
99829609,1.0,35,,,,,0
99829609,1.0,36,,,,,0
99829609,1.0,37,,,,,0
99829609,1.0,38,,,,,0
99829609,1.0,39,,,,,0
99829609,1.0,40,,,,,0
99829609,1.0,41,,,,,0
99829609,1.0,42,,,,,0
99829609,1.0,43,,,,,0
99829609,1.0,44,,,,,0
99829609,1.0,45,,,,,0
99829609,1.0,46,,,,,0
99829609,1.0,47,,,,,0
99829609,1.0,48,,,,,0
99829609,1.0,49,,,,,0
99829609,1.0,50,,,,,0
99829609,1.0,51,,,,,0
99829609,1.0,52,,,,,0
99829609,1.0,53,,,,,0
99829609,1.0,54,,,,,0
99829609,1.0,55,,,,,0
99829609,1.0,56,,,,,0
99829609,1.0,57,,,,,0
99829609,1.0,58,,,,,0
99829609,1.0,59,,,,,0
99829609,1.0,60,,,,,0
37468517,1.0,1,,,,,0
37468517,1.0,2,,,,,0
37468517,1.0,3,,,,,0
37468517,1.0,4,,,,,0
37468517,1.0,5,,,,,0
37468517,1.0,6,,,,,0
37468517,1.0,7,,,,,0
37468517,1.0,8,,,,,0
37468517,1.0,9,,,,,0
37468517,1.0,10,,,,,0
37468517,1.0,11,,,,,0
37468517,1.0,12,,,,,0
37468517,1.0,13,,,,,0
37468517,1.0,14,,,,,0
37468517,1.0,15,,,,,0
37468517,1.0,16,,,,,0
37468517,1.0,17,,,,,0
37468517,1.0,18,,,,,0
37468517,1.0,19,,,,,0
37468517,1.0,20,,,,,0
37468517,1.0,21,,,,,0
37468517,1.0,22,,,,,0
37468517,1.0,23,,,,,0
37468517,1.0,24,,,,,0
37468517,1.0,25,,,,,0
37468517,1.0,26,,,,,0
37468517,1.0,27,,,,,0
37468517,1.0,28,,,,,0
37468517,1.0,29,,,,,0
37468517,1.0,30,,,,,0
37468517,1.0,31,,,,,0
37468517,1.0,32,,,,,0
37468517,1.0,33,,,,,0
37468517,1.0,34,,,,,0
37468517,1.0,35,,,,,0
37468517,1.0,36,,,,,0
37468517,1.0,37,,,,,0
37468517,1.0,38,,,,,0
37468517,1.0,39,,,,,0
37468517,1.0,40,,,,,0
37468517,1.0,41,,,,,0
37468517,1.0,42,,,,,0
37468517,1.0,43,,,,,0
37468517,1.0,44,,,,,0
37468517,1.0,45,,,,,0
37468517,1.0,46,,,,,0
37468517,1.0,47,,,,,0
37468517,1.0,48,,,,,0
37468517,1.0,49,,,,,0
37468517,1.0,50,,,,,0
37468517,1.0,51,,,,,0
37468517,1.0,52,,,,,0
37468517,1.0,53,,,,,0
37468517,1.0,54,,,,,0
37468517,1.0,55,,,,,0
37468517,1.0,56,,,,,0
37468517,1.0,57,,,,,0
37468517,1.0,58,,,,,0
37468517,1.0,59,,,,,0
37468517,1.0,60,,,,,0
28793553,1.0,1,,,,,0
28793553,1.0,2,,,,,0
28793553,1.0,3,,,,,0
28793553,1.0,4,,,,,0
28793553,1.0,5,,,,,0
28793553,1.0,6,,,,,0
28793553,1.0,7,,,,,0
28793553,1.0,8,,,,,0
28793553,1.0,9,,,,,0
28793553,1.0,10,,,,,0
28793553,1.0,11,,,,,0
28793553,1.0,12,,,,,0
28793553,1.0,13,,,,,0
28793553,1.0,14,,,,,0
28793553,1.0,15,,,,,0
28793553,1.0,16,,,,,0
28793553,1.0,17,,,,,0
28793553,1.0,18,,,,,0
28793553,1.0,19,,,,,0
28793553,1.0,20,,,,,0
28793553,1.0,21,,,,,0
28793553,1.0,22,,,,,0
28793553,1.0,23,,,,,0
28793553,1.0,24,,,,,0
28793553,1.0,25,,,,,0
28793553,1.0,26,,,,,0
28793553,1.0,27,,,,,0
28793553,1.0,28,,,,,0
28793553,1.0,29,,,,,0
28793553,1.0,30,,,,,0
28793553,1.0,31,,,,,0
28793553,1.0,32,,,,,0
28793553,1.0,33,,,,,0
28793553,1.0,34,,,,,0
28793553,1.0,35,,,,,0
28793553,1.0,36,,,,,0
28793553,1.0,37,,,,,0
28793553,1.0,38,,,,,0
28793553,1.0,39,,,,,0
28793553,1.0,40,,,,,0
28793553,1.0,41,,,,,0
28793553,1.0,42,,,,,0
28793553,1.0,43,,,,,0
28793553,1.0,44,,,,,0
28793553,1.0,45,,,,,0
28793553,1.0,46,,,,,0
28793553,1.0,47,,,,,0
28793553,1.0,48,,,,,0
28793553,1.0,49,,,,,0
28793553,1.0,50,,,,,0
28793553,1.0,51,,,,,0
28793553,1.0,52,,,,,0
28793553,1.0,53,,,,,0
28793553,1.0,54,,,,,0
28793553,1.0,55,,,,,0
28793553,1.0,56,,,,,0
28793553,1.0,57,,,,,0
28793553,1.0,58,,,,,0
28793553,1.0,59,,,,,0
28793553,1.0,60,,,,,0
38424593,1.0,1,,,,,0
38424593,1.0,2,,,,,0
38424593,1.0,3,,,,,0
38424593,1.0,4,,,,,0
38424593,1.0,5,,,,,0
38424593,1.0,6,,,,,0
38424593,1.0,7,,,,,0
38424593,1.0,8,,,,,0
38424593,1.0,9,,,,,0
38424593,1.0,10,,,,,0
38424593,1.0,11,,,,,0
38424593,1.0,12,,,,,0
38424593,1.0,13,,,,,0
38424593,1.0,14,,,,,0
38424593,1.0,15,,,,,0
38424593,1.0,16,,,,,0
38424593,1.0,17,,,,,0
38424593,1.0,18,,,,,0
38424593,1.0,19,,,,,0
38424593,1.0,20,,,,,0
38424593,1.0,21,,,,,0
38424593,1.0,22,,,,,0
38424593,1.0,23,,,,,0
38424593,1.0,24,,,,,0
38424593,1.0,25,,,,,0
38424593,1.0,26,,,,,0
38424593,1.0,27,,,,,0
38424593,1.0,28,,,,,0
38424593,1.0,29,,,,,0
38424593,1.0,30,,,,,0
38424593,1.0,31,,,,,0
38424593,1.0,32,,,,,0
38424593,1.0,33,,,,,0
38424593,1.0,34,,,,,0
38424593,1.0,35,,,,,0
38424593,1.0,36,,,,,0
38424593,1.0,37,,,,,0
38424593,1.0,38,,,,,0
38424593,1.0,39,,,,,0
38424593,1.0,40,,,,,0
38424593,1.0,41,,,,,0
38424593,1.0,42,,,,,0
38424593,1.0,43,,,,,0
38424593,1.0,44,,,,,0
38424593,1.0,45,,,,,0
38424593,1.0,46,,,,,0
38424593,1.0,47,,,,,0
38424593,1.0,48,,,,,0
38424593,1.0,49,,,,,0
38424593,1.0,50,,,,,0
38424593,1.0,51,,,,,0
38424593,1.0,52,,,,,0
38424593,1.0,53,,,,,0
38424593,1.0,54,,,,,0
38424593,1.0,55,,,,,0
38424593,1.0,56,,,,,0
38424593,1.0,57,,,,,0
38424593,1.0,58,,,,,0
38424593,1.0,59,,,,,0
38424593,1.0,60,,,,,0
39322231,1.0,1,,,,,0
39322231,1.0,2,,,,,0
39322231,1.0,3,,,,,0
39322231,1.0,4,,,,,0
39322231,1.0,5,,,,,0
39322231,1.0,6,,,,,0
39322231,1.0,7,,,,,0
39322231,1.0,8,,,,,0
39322231,1.0,9,,,,,0
39322231,1.0,10,,,,,0
39322231,1.0,11,,,,,0
39322231,1.0,12,,,,,0
39322231,1.0,13,,,,,0
39322231,1.0,14,,,,,0
39322231,1.0,15,,,,,0
39322231,1.0,16,,,,,0
39322231,1.0,17,,,,,0
39322231,1.0,18,,,,,0
39322231,1.0,19,,,,,0
39322231,1.0,20,,,,,0
39322231,1.0,21,,,,,0
39322231,1.0,22,,,,,0
39322231,1.0,23,,,,,0
39322231,1.0,24,,,,,0
39322231,1.0,25,,,,,0
39322231,1.0,26,,,,,0
39322231,1.0,27,,,,,0
39322231,1.0,28,,,,,0
39322231,1.0,29,,,,,0
39322231,1.0,30,,,,,0
39322231,1.0,31,,,,,0
39322231,1.0,32,,,,,0
39322231,1.0,33,,,,,0
39322231,1.0,34,,,,,0
39322231,1.0,35,,,,,0
39322231,1.0,36,,,,,0
39322231,1.0,37,,,,,0
39322231,1.0,38,,,,,0
39322231,1.0,39,,,,,0
39322231,1.0,40,,,,,0
39322231,1.0,41,,,,,0
39322231,1.0,42,,,,,0
39322231,1.0,43,,,,,0
39322231,1.0,44,,,,,0
39322231,1.0,45,,,,,0
39322231,1.0,46,,,,,0
39322231,1.0,47,,,,,0
39322231,1.0,48,,,,,0
39322231,1.0,49,,,,,0
39322231,1.0,50,,,,,0
39322231,1.0,51,,,,,0
39322231,1.0,52,,,,,0
39322231,1.0,53,,,,,0
39322231,1.0,54,,,,,0
39322231,1.0,55,,,,,0
39322231,1.0,56,,,,,0
39322231,1.0,57,,,,,0
39322231,1.0,58,,,,,0
39322231,1.0,59,,,,,0
39322231,1.0,60,,,,,0
83212066,1.0,1,,,,,0
83212066,1.0,2,45640997,onsite,0.125,0.0,1
83212066,1.0,3,65947359,onsite,0.125,0.0,1
83212066,1.0,4,88494322,onsite,0.125,0.0,1
83212066,1.0,5,79359054,onsite,0.125,0.0,1
83212066,1.0,6,88494322,onsite,0.125,0.0,1
83212066,1.0,7,79359054,onsite,0.125,0.0,1
83212066,1.0,8,88494322,onsite,0.125,0.0,1
83212066,1.0,9,18658831,onsite,0.125,0.0,1
83212066,1.0,10,93524977,onsite,0.125,0.0,1
83212066,1.0,11,78796822,onsite,0.1,0.024999999999999994,1
83212066,1.0,12,78796822,onsite,0.1,0.024999999999999994,1
83212066,1.0,13,38693481,onsite,0.6001500375093775,0.15003750937734428,1
83212066,1.0,14,16376540,onsite,2.0,0.0,1
83212066,1.0,15,13198214,onsite,0.7501875468867217,0.0,1
83212066,1.0,16,50324291,onsite,0.125,0.0,1
83212066,1.0,17,38918075,onsite,0.7501875468867217,0.0,1
83212066,1.0,18,50324291,onsite,0.125,0.0,1
83212066,1.0,19,50324291,onsite,0.125,0.0,1
83212066,1.0,20,50324291,onsite,0.125,0.0,1
83212066,1.0,21,96966689,onsite,2.0,0.0,1
83212066,1.0,22,35370322,onsite,2.0,0.0,1
83212066,1.0,23,45600752,onsite,2.0,0.0,1
83212066,1.0,24,87223908,onsite,2.0,0.0,1
83212066,1.0,25,51681149,onsite,2.0,0.0,1
83212066,1.0,26,,,,,0
83212066,1.0,27,,,,,0
83212066,1.0,28,55633404,online,2.0,0.0,1
83212066,1.0,29,37622453,onsite,2.5,0.0,1
83212066,1.0,30,,,,,0
83212066,1.0,31,63650990,online,3.003003003003003,0.0,1
83212066,1.0,32,,,,,0
83212066,1.0,33,,,,,0
83212066,1.0,34,,,,,0
83212066,1.0,35,77519131,online,2.0,0.0,1
83212066,1.0,36,12088234,online,2.0,0.0,1
83212066,1.0,37,43229515,online,2.5,0.0,1
83212066,1.0,38,,,,,0
83212066,1.0,39,,,,,0
83212066,1.0,40,84318564,online,3.003003003003003,0.0,1
83212066,1.0,41,,,,,0
83212066,1.0,42,,,,,0
83212066,1.0,43,,,,,0
83212066,1.0,44,,,,,0
83212066,1.0,45,,,,,0
83212066,1.0,46,,,,,0
83212066,1.0,47,,,,,0
83212066,1.0,48,,,,,0
83212066,1.0,49,,,,,0
83212066,1.0,50,,,,,0
83212066,1.0,51,,,,,0
83212066,1.0,52,,,,,0
83212066,1.0,53,,,,,0
83212066,1.0,54,,,,,0
83212066,1.0,55,,,,,0
83212066,1.0,56,,,,,0
83212066,1.0,57,,,,,0
83212066,1.0,58,,,,,0
83212066,1.0,59,,,,,0
83212066,1.0,60,,,,,0
22896008,1.0,1,,,,,0
22896008,1.0,2,,,,,0
22896008,1.0,3,,,,,0
22896008,1.0,4,,,,,0
22896008,1.0,5,,,,,0
22896008,1.0,6,,,,,0
22896008,1.0,7,,,,,0
22896008,1.0,8,,,,,0
22896008,1.0,9,,,,,0
22896008,1.0,10,,,,,0
22896008,1.0,11,,,,,0
22896008,1.0,12,,,,,0
22896008,1.0,13,,,,,0
22896008,1.0,14,,,,,0
22896008,1.0,15,,,,,0
22896008,1.0,16,,,,,0
22896008,1.0,17,,,,,0
22896008,1.0,18,,,,,0
22896008,1.0,19,,,,,0
22896008,1.0,20,,,,,0
22896008,1.0,21,,,,,0
22896008,1.0,22,,,,,0
22896008,1.0,23,,,,,0
22896008,1.0,24,,,,,0
22896008,1.0,25,,,,,0
22896008,1.0,26,,,,,0
22896008,1.0,27,,,,,0
22896008,1.0,28,,,,,0
22896008,1.0,29,,,,,0
22896008,1.0,30,,,,,0
22896008,1.0,31,,,,,0
22896008,1.0,32,,,,,0
22896008,1.0,33,,,,,0
22896008,1.0,34,,,,,0
22896008,1.0,35,,,,,0
22896008,1.0,36,,,,,0
22896008,1.0,37,,,,,0
22896008,1.0,38,,,,,0
22896008,1.0,39,,,,,0
22896008,1.0,40,,,,,0
22896008,1.0,41,,,,,0
22896008,1.0,42,,,,,0
22896008,1.0,43,,,,,0
22896008,1.0,44,,,,,0
22896008,1.0,45,,,,,0
22896008,1.0,46,,,,,0
22896008,1.0,47,,,,,0
22896008,1.0,48,,,,,0
22896008,1.0,49,,,,,0
22896008,1.0,50,,,,,0
22896008,1.0,51,,,,,0
22896008,1.0,52,,,,,0
22896008,1.0,53,,,,,0
22896008,1.0,54,,,,,0
22896008,1.0,55,,,,,0
22896008,1.0,56,,,,,0
22896008,1.0,57,,,,,0
22896008,1.0,58,,,,,0
22896008,1.0,59,,,,,0
22896008,1.0,60,,,,,0
28848705,1.0,1,,,,,0
28848705,1.0,2,,,,,0
28848705,1.0,3,,,,,0
28848705,1.0,4,,,,,0
28848705,1.0,5,,,,,0
28848705,1.0,6,,,,,0
28848705,1.0,7,,,,,0
28848705,1.0,8,,,,,0
28848705,1.0,9,,,,,0
28848705,1.0,10,,,,,0
28848705,1.0,11,,,,,0
28848705,1.0,12,,,,,0
28848705,1.0,13,,,,,0
28848705,1.0,14,,,,,0
28848705,1.0,15,,,,,0
28848705,1.0,16,,,,,0
28848705,1.0,17,,,,,0
28848705,1.0,18,,,,,0
28848705,1.0,19,,,,,0
28848705,1.0,20,,,,,0
28848705,1.0,21,,,,,0
28848705,1.0,22,,,,,0
28848705,1.0,23,,,,,0
28848705,1.0,24,,,,,0
28848705,1.0,25,,,,,0
28848705,1.0,26,,,,,0
28848705,1.0,27,,,,,0
28848705,1.0,28,,,,,0
28848705,1.0,29,,,,,0
28848705,1.0,30,,,,,0
28848705,1.0,31,,,,,0
28848705,1.0,32,,,,,0
28848705,1.0,33,,,,,0
28848705,1.0,34,,,,,0
28848705,1.0,35,,,,,0
28848705,1.0,36,,,,,0
28848705,1.0,37,,,,,0
28848705,1.0,38,,,,,0
28848705,1.0,39,,,,,0
28848705,1.0,40,,,,,0
28848705,1.0,41,,,,,0
28848705,1.0,42,,,,,0
28848705,1.0,43,,,,,0
28848705,1.0,44,,,,,0
28848705,1.0,45,,,,,0
28848705,1.0,46,,,,,0
28848705,1.0,47,,,,,0
28848705,1.0,48,,,,,0
28848705,1.0,49,,,,,0
28848705,1.0,50,,,,,0
28848705,1.0,51,,,,,0
28848705,1.0,52,,,,,0
28848705,1.0,53,,,,,0
28848705,1.0,54,,,,,0
28848705,1.0,55,,,,,0
28848705,1.0,56,,,,,0
28848705,1.0,57,,,,,0
28848705,1.0,58,,,,,0
28848705,1.0,59,,,,,0
28848705,1.0,60,,,,,0
76384842,1.0,1,,,,,0
76384842,1.0,2,,,,,0
76384842,1.0,3,,,,,0
76384842,1.0,4,,,,,0
76384842,1.0,5,,,,,0
76384842,1.0,6,,,,,0
76384842,1.0,7,,,,,0
76384842,1.0,8,,,,,0
76384842,1.0,9,,,,,0
76384842,1.0,10,,,,,0
76384842,1.0,11,,,,,0
76384842,1.0,12,,,,,0
76384842,1.0,13,,,,,0
76384842,1.0,14,,,,,0
76384842,1.0,15,,,,,0
76384842,1.0,16,,,,,0
76384842,1.0,17,,,,,0
76384842,1.0,18,,,,,0
76384842,1.0,19,,,,,0
76384842,1.0,20,,,,,0
76384842,1.0,21,,,,,0
76384842,1.0,22,,,,,0
76384842,1.0,23,,,,,0
76384842,1.0,24,,,,,0
76384842,1.0,25,,,,,0
76384842,1.0,26,,,,,0
76384842,1.0,27,,,,,0
76384842,1.0,28,,,,,0
76384842,1.0,29,,,,,0
76384842,1.0,30,,,,,0
76384842,1.0,31,,,,,0
76384842,1.0,32,,,,,0
76384842,1.0,33,,,,,0
76384842,1.0,34,,,,,0
76384842,1.0,35,,,,,0
76384842,1.0,36,,,,,0
76384842,1.0,37,,,,,0
76384842,1.0,38,,,,,0
76384842,1.0,39,,,,,0
76384842,1.0,40,,,,,0
76384842,1.0,41,,,,,0
76384842,1.0,42,,,,,0
76384842,1.0,43,,,,,0
76384842,1.0,44,,,,,0
76384842,1.0,45,,,,,0
76384842,1.0,46,,,,,0
76384842,1.0,47,,,,,0
76384842,1.0,48,,,,,0
76384842,1.0,49,,,,,0
76384842,1.0,50,,,,,0
76384842,1.0,51,,,,,0
76384842,1.0,52,,,,,0
76384842,1.0,53,,,,,0
76384842,1.0,54,,,,,0
76384842,1.0,55,,,,,0
76384842,1.0,56,,,,,0
76384842,1.0,57,,,,,0
76384842,1.0,58,,,,,0
76384842,1.0,59,,,,,0
76384842,1.0,60,,,,,0
38978401,1.0,1,,,,,0
38978401,1.0,2,,,,,0
38978401,1.0,3,,,,,0
38978401,1.0,4,,,,,0
38978401,1.0,5,,,,,0
38978401,1.0,6,,,,,0
38978401,1.0,7,,,,,0
38978401,1.0,8,,,,,0
38978401,1.0,9,,,,,0
38978401,1.0,10,,,,,0
38978401,1.0,11,,,,,0
38978401,1.0,12,,,,,0
38978401,1.0,13,,,,,0
38978401,1.0,14,,,,,0
38978401,1.0,15,,,,,0
38978401,1.0,16,,,,,0
38978401,1.0,17,,,,,0
38978401,1.0,18,,,,,0
38978401,1.0,19,,,,,0
38978401,1.0,20,,,,,0
38978401,1.0,21,,,,,0
38978401,1.0,22,,,,,0
38978401,1.0,23,,,,,0
38978401,1.0,24,,,,,0
38978401,1.0,25,,,,,0
38978401,1.0,26,,,,,0
38978401,1.0,27,,,,,0
38978401,1.0,28,,,,,0
38978401,1.0,29,,,,,0
38978401,1.0,30,,,,,0
38978401,1.0,31,,,,,0
38978401,1.0,32,,,,,0
38978401,1.0,33,,,,,0
38978401,1.0,34,,,,,0
38978401,1.0,35,,,,,0
38978401,1.0,36,,,,,0
38978401,1.0,37,,,,,0
38978401,1.0,38,,,,,0
38978401,1.0,39,,,,,0
38978401,1.0,40,,,,,0
38978401,1.0,41,,,,,0
38978401,1.0,42,,,,,0
38978401,1.0,43,,,,,0
38978401,1.0,44,,,,,0
38978401,1.0,45,,,,,0
38978401,1.0,46,,,,,0
38978401,1.0,47,,,,,0
38978401,1.0,48,,,,,0
38978401,1.0,49,,,,,0
38978401,1.0,50,,,,,0
38978401,1.0,51,,,,,0
38978401,1.0,52,,,,,0
38978401,1.0,53,,,,,0
38978401,1.0,54,,,,,0
38978401,1.0,55,,,,,0
38978401,1.0,56,,,,,0
38978401,1.0,57,,,,,0
38978401,1.0,58,,,,,0
38978401,1.0,59,,,,,0
38978401,1.0,60,,,,,0
50380556,1.0,1,,,,,0
50380556,1.0,2,,,,,0
50380556,1.0,3,,,,,0
50380556,1.0,4,,,,,0
50380556,1.0,5,,,,,0
50380556,1.0,6,,,,,0
50380556,1.0,7,,,,,0
50380556,1.0,8,,,,,0
50380556,1.0,9,,,,,0
50380556,1.0,10,,,,,0
50380556,1.0,11,,,,,0
50380556,1.0,12,,,,,0
50380556,1.0,13,,,,,0
50380556,1.0,14,,,,,0
50380556,1.0,15,,,,,0
50380556,1.0,16,,,,,0
50380556,1.0,17,,,,,0
50380556,1.0,18,,,,,0
50380556,1.0,19,,,,,0
50380556,1.0,20,,,,,0
50380556,1.0,21,,,,,0
50380556,1.0,22,,,,,0
50380556,1.0,23,,,,,0
50380556,1.0,24,,,,,0
50380556,1.0,25,,,,,0
50380556,1.0,26,,,,,0
50380556,1.0,27,,,,,0
50380556,1.0,28,,,,,0
50380556,1.0,29,,,,,0
50380556,1.0,30,,,,,0
50380556,1.0,31,,,,,0
50380556,1.0,32,,,,,0
50380556,1.0,33,,,,,0
50380556,1.0,34,,,,,0
50380556,1.0,35,,,,,0
50380556,1.0,36,,,,,0
50380556,1.0,37,,,,,0
50380556,1.0,38,,,,,0
50380556,1.0,39,,,,,0
50380556,1.0,40,,,,,0
50380556,1.0,41,,,,,0
50380556,1.0,42,,,,,0
50380556,1.0,43,,,,,0
50380556,1.0,44,,,,,0
50380556,1.0,45,,,,,0
50380556,1.0,46,,,,,0
50380556,1.0,47,,,,,0
50380556,1.0,48,,,,,0
50380556,1.0,49,,,,,0
50380556,1.0,50,,,,,0
50380556,1.0,51,,,,,0
50380556,1.0,52,,,,,0
50380556,1.0,53,,,,,0
50380556,1.0,54,,,,,0
50380556,1.0,55,,,,,0
50380556,1.0,56,,,,,0
50380556,1.0,57,,,,,0
50380556,1.0,58,,,,,0
50380556,1.0,59,,,,,0
50380556,1.0,60,,,,,0
61662948,1.0,1,,,,,0
61662948,1.0,2,58097723,onsite,0.125,0.0,1
61662948,1.0,3,69805960,onsite,0.125,0.0,1
61662948,1.0,4,23030615,onsite,0.125,0.0,1
61662948,1.0,5,47468387,onsite,0.125,0.0,1
61662948,1.0,6,12024718,onsite,0.125,0.0,1
61662948,1.0,7,99067980,onsite,0.125,0.0,1
61662948,1.0,8,23030615,onsite,0.125,0.0,1
61662948,1.0,9,99067980,onsite,0.125,0.0,1
61662948,1.0,10,87179753,onsite,0.125,0.0,1
61662948,1.0,11,87179753,onsite,0.125,0.0,1
61662948,1.0,12,50924711,onsite,0.125,0.0,1
61662948,1.0,13,50924711,onsite,0.125,0.0,1
61662948,1.0,14,31417627,onsite,0.7501875468867217,0.0,1
61662948,1.0,15,50473912,onsite,0.125,0.0,1
61662948,1.0,16,27252372,onsite,0.7501875468867217,0.0,1
61662948,1.0,17,47872044,onsite,0.7501875468867217,0.0,1
61662948,1.0,18,30478428,onsite,0.7501875468867217,0.0,1
61662948,1.0,19,59183717,onsite,0.125,0.0,1
61662948,1.0,20,63571597,onsite,0.7501875468867217,0.0,1
61662948,1.0,21,,,,,0
61662948,1.0,22,,,,,0
61662948,1.0,23,30618787,onsite,2.0,0.0,1
61662948,1.0,24,,,,,0
61662948,1.0,25,,,,,0
61662948,1.0,26,,,,,0
61662948,1.0,27,,,,,0
61662948,1.0,28,,,,,0
61662948,1.0,29,,,,,0
61662948,1.0,30,,,,,0
61662948,1.0,31,,,,,0
61662948,1.0,32,,,,,0
61662948,1.0,33,,,,,0
61662948,1.0,34,,,,,0
61662948,1.0,35,,,,,0
61662948,1.0,36,,,,,0
61662948,1.0,37,,,,,0
61662948,1.0,38,,,,,0
61662948,1.0,39,,,,,0
61662948,1.0,40,,,,,0
61662948,1.0,41,,,,,0
61662948,1.0,42,,,,,0
61662948,1.0,43,,,,,0
61662948,1.0,44,,,,,0
61662948,1.0,45,,,,,0
61662948,1.0,46,,,,,0
61662948,1.0,47,,,,,0
61662948,1.0,48,,,,,0
61662948,1.0,49,,,,,0
61662948,1.0,50,,,,,0
61662948,1.0,51,,,,,0
61662948,1.0,52,,,,,0
61662948,1.0,53,,,,,0
61662948,1.0,54,,,,,0
61662948,1.0,55,,,,,0
61662948,1.0,56,,,,,0
61662948,1.0,57,,,,,0
61662948,1.0,58,,,,,0
61662948,1.0,59,,,,,0
61662948,1.0,60,,,,,0
73968848,1.0,1,,,,,0
73968848,1.0,2,10703530,onsite,0.125,0.0,1
73968848,1.0,3,94662445,onsite,0.125,0.0,1
73968848,1.0,4,97750287,onsite,0.125,0.0,1
73968848,1.0,5,18658831,onsite,0.125,0.0,1
73968848,1.0,6,10703530,onsite,0.125,0.0,1
73968848,1.0,7,93524977,onsite,0.125,0.0,1
73968848,1.0,8,45640997,onsite,0.125,0.0,1
73968848,1.0,9,94662445,onsite,0.125,0.0,1
73968848,1.0,10,88494322,onsite,0.125,0.0,1
73968848,1.0,11,93524977,onsite,0.125,0.0,1
73968848,1.0,12,35091151,onsite,0.125,0.0,1
73968848,1.0,13,89367750,onsite,0.125,0.0,1
73968848,1.0,14,45394363,onsite,0.125,0.0,1
73968848,1.0,15,38918075,onsite,0.7501875468867217,0.0,1
73968848,1.0,16,54712848,onsite,0.7501875468867217,0.0,1
73968848,1.0,17,38693481,onsite,0.6001500375093775,0.15003750937734428,1
73968848,1.0,18,33875686,onsite,0.7501875468867217,0.0,1
73968848,1.0,19,62377651,onsite,0.7501875468867217,0.0,1
73968848,1.0,20,93087428,onsite,0.7501875468867217,0.0,1
73968848,1.0,21,54327101,onsite,0.7501875468867217,0.0,1
73968848,1.0,22,20243729,onsite,0.125,0.0,1
73968848,1.0,23,84465955,onsite,2.0,0.0,1
73968848,1.0,24,93076070,onsite,2.0,0.0,1
73968848,1.0,25,91153989,onsite,2.0,0.0,1
73968848,1.0,26,,,,,0
73968848,1.0,27,,,,,0
73968848,1.0,28,46902838,onsite,2.0,0.0,1
73968848,1.0,29,83144084,onsite,0.7501875468867217,0.0,1
73968848,1.0,30,,,,,0
73968848,1.0,31,,,,,0
73968848,1.0,32,,,,,0
73968848,1.0,33,,,,,0
73968848,1.0,34,,,,,0
73968848,1.0,35,,,,,0
73968848,1.0,36,,,,,0
73968848,1.0,37,,,,,0
73968848,1.0,38,,,,,0
73968848,1.0,39,,,,,0
73968848,1.0,40,,,,,0
73968848,1.0,41,,,,,0
73968848,1.0,42,,,,,0
73968848,1.0,43,,,,,0
73968848,1.0,44,,,,,0
73968848,1.0,45,,,,,0
73968848,1.0,46,,,,,0
73968848,1.0,47,,,,,0
73968848,1.0,48,,,,,0
73968848,1.0,49,,,,,0
73968848,1.0,50,,,,,0
73968848,1.0,51,,,,,0
73968848,1.0,52,,,,,0
73968848,1.0,53,,,,,0
73968848,1.0,54,,,,,0
73968848,1.0,55,,,,,0
73968848,1.0,56,,,,,0
73968848,1.0,57,,,,,0
73968848,1.0,58,,,,,0
73968848,1.0,59,,,,,0
73968848,1.0,60,,,,,0
61005874,1.0,1,,,,,0
61005874,1.0,2,,,,,0
61005874,1.0,3,,,,,0
61005874,1.0,4,,,,,0
61005874,1.0,5,,,,,0
61005874,1.0,6,,,,,0
61005874,1.0,7,,,,,0
61005874,1.0,8,,,,,0
61005874,1.0,9,,,,,0
61005874,1.0,10,,,,,0
61005874,1.0,11,,,,,0
61005874,1.0,12,,,,,0
61005874,1.0,13,,,,,0
61005874,1.0,14,,,,,0
61005874,1.0,15,,,,,0
61005874,1.0,16,,,,,0
61005874,1.0,17,,,,,0
61005874,1.0,18,,,,,0
61005874,1.0,19,,,,,0
61005874,1.0,20,,,,,0
61005874,1.0,21,,,,,0
61005874,1.0,22,,,,,0
61005874,1.0,23,,,,,0
61005874,1.0,24,,,,,0
61005874,1.0,25,,,,,0
61005874,1.0,26,,,,,0
61005874,1.0,27,,,,,0
61005874,1.0,28,,,,,0
61005874,1.0,29,,,,,0
61005874,1.0,30,,,,,0
61005874,1.0,31,,,,,0
61005874,1.0,32,,,,,0
61005874,1.0,33,,,,,0
61005874,1.0,34,,,,,0
61005874,1.0,35,,,,,0
61005874,1.0,36,,,,,0
61005874,1.0,37,,,,,0
61005874,1.0,38,,,,,0
61005874,1.0,39,,,,,0
61005874,1.0,40,,,,,0
61005874,1.0,41,,,,,0
61005874,1.0,42,,,,,0
61005874,1.0,43,,,,,0
61005874,1.0,44,,,,,0
61005874,1.0,45,,,,,0
61005874,1.0,46,,,,,0
61005874,1.0,47,,,,,0
61005874,1.0,48,,,,,0
61005874,1.0,49,,,,,0
61005874,1.0,50,,,,,0
61005874,1.0,51,,,,,0
61005874,1.0,52,,,,,0
61005874,1.0,53,,,,,0
61005874,1.0,54,,,,,0
61005874,1.0,55,,,,,0
61005874,1.0,56,,,,,0
61005874,1.0,57,,,,,0
61005874,1.0,58,,,,,0
61005874,1.0,59,,,,,0
61005874,1.0,60,,,,,0
84927195,1.0,1,,,,,0
84927195,1.0,2,,,,,0
84927195,1.0,3,,,,,0
84927195,1.0,4,,,,,0
84927195,1.0,5,,,,,0
84927195,1.0,6,,,,,0
84927195,1.0,7,,,,,0
84927195,1.0,8,,,,,0
84927195,1.0,9,,,,,0
84927195,1.0,10,,,,,0
84927195,1.0,11,,,,,0
84927195,1.0,12,,,,,0
84927195,1.0,13,,,,,0
84927195,1.0,14,,,,,0
84927195,1.0,15,,,,,0
84927195,1.0,16,,,,,0
84927195,1.0,17,,,,,0
84927195,1.0,18,,,,,0
84927195,1.0,19,,,,,0
84927195,1.0,20,,,,,0
84927195,1.0,21,,,,,0
84927195,1.0,22,,,,,0
84927195,1.0,23,,,,,0
84927195,1.0,24,,,,,0
84927195,1.0,25,,,,,0
84927195,1.0,26,,,,,0
84927195,1.0,27,,,,,0
84927195,1.0,28,,,,,0
84927195,1.0,29,,,,,0
84927195,1.0,30,,,,,0
84927195,1.0,31,,,,,0
84927195,1.0,32,,,,,0
84927195,1.0,33,,,,,0
84927195,1.0,34,,,,,0
84927195,1.0,35,,,,,0
84927195,1.0,36,,,,,0
84927195,1.0,37,,,,,0
84927195,1.0,38,,,,,0
84927195,1.0,39,,,,,0
84927195,1.0,40,,,,,0
84927195,1.0,41,,,,,0
84927195,1.0,42,,,,,0
84927195,1.0,43,,,,,0
84927195,1.0,44,,,,,0
84927195,1.0,45,,,,,0
84927195,1.0,46,,,,,0
84927195,1.0,47,,,,,0
84927195,1.0,48,,,,,0
84927195,1.0,49,,,,,0
84927195,1.0,50,,,,,0
84927195,1.0,51,,,,,0
84927195,1.0,52,,,,,0
84927195,1.0,53,,,,,0
84927195,1.0,54,,,,,0
84927195,1.0,55,,,,,0
84927195,1.0,56,,,,,0
84927195,1.0,57,,,,,0
84927195,1.0,58,,,,,0
84927195,1.0,59,,,,,0
84927195,1.0,60,,,,,0
10134858,1.0,1,,,,,0
10134858,1.0,2,,,,,0
10134858,1.0,3,,,,,0
10134858,1.0,4,82908253,onsite,0.125,0.0,1
10134858,1.0,5,82908253,onsite,0.125,0.0,1
10134858,1.0,6,96326859,onsite,0.125,0.0,1
10134858,1.0,7,82908253,onsite,0.125,0.0,1
10134858,1.0,8,82908253,onsite,0.125,0.0,1
10134858,1.0,9,82908253,onsite,0.125,0.0,1
10134858,1.0,10,82908253,onsite,0.125,0.0,1
10134858,1.0,11,82908253,onsite,0.125,0.0,1
10134858,1.0,12,96326859,onsite,0.125,0.0,1
10134858,1.0,13,82908253,onsite,0.125,0.0,1
10134858,1.0,14,96326859,onsite,0.125,0.0,1
10134858,1.0,15,96326859,onsite,0.125,0.0,1
10134858,1.0,16,96326859,onsite,0.125,0.0,1
10134858,1.0,17,96326859,onsite,0.125,0.0,1
10134858,1.0,18,96326859,onsite,0.125,0.0,1
10134858,1.0,19,96326859,onsite,0.125,0.0,1
10134858,1.0,20,,,,,0
10134858,1.0,21,,,,,0
10134858,1.0,22,,,,,0
10134858,1.0,23,,,,,0
10134858,1.0,24,39487175,online,3.003003003003003,0.0,1
10134858,1.0,25,38283677,online,2.5,0.0,1
10134858,1.0,26,98338244,online,2.0,0.0,1
10134858,1.0,27,,,,,0
10134858,1.0,28,,,,,0
10134858,1.0,29,,,,,0
10134858,1.0,30,,,,,0
10134858,1.0,31,,,,,0
10134858,1.0,32,,,,,0
10134858,1.0,33,,,,,0
10134858,1.0,34,,,,,0
10134858,1.0,35,,,,,0
10134858,1.0,36,,,,,0
10134858,1.0,37,,,,,0
10134858,1.0,38,,,,,0
10134858,1.0,39,,,,,0
10134858,1.0,40,,,,,0
10134858,1.0,41,,,,,0
10134858,1.0,42,,,,,0
10134858,1.0,43,,,,,0
10134858,1.0,44,,,,,0
10134858,1.0,45,,,,,0
10134858,1.0,46,,,,,0
10134858,1.0,47,,,,,0
10134858,1.0,48,,,,,0
10134858,1.0,49,,,,,0
10134858,1.0,50,,,,,0
10134858,1.0,51,,,,,0
10134858,1.0,52,,,,,0
10134858,1.0,53,,,,,0
10134858,1.0,54,,,,,0
10134858,1.0,55,,,,,0
10134858,1.0,56,,,,,0
10134858,1.0,57,,,,,0
10134858,1.0,58,,,,,0
10134858,1.0,59,,,,,0
10134858,1.0,60,,,,,0
33914483,1.0,1,13637202,onsite,0.125,0.0,1
33914483,1.0,2,71760872,onsite,0.125,0.0,1
33914483,1.0,3,67410106,onsite,0.125,0.0,1
33914483,1.0,4,71760872,onsite,0.125,0.0,1
33914483,1.0,5,62669017,onsite,0.125,0.0,1
33914483,1.0,6,26961910,onsite,0.125,0.0,1
33914483,1.0,7,67410106,onsite,0.125,0.0,1
33914483,1.0,8,47879707,onsite,0.125,0.0,1
33914483,1.0,9,62669017,onsite,0.125,0.0,1
33914483,1.0,10,34364820,onsite,0.125,0.0,1
33914483,1.0,11,,,,,0
33914483,1.0,12,,,,,0
33914483,1.0,13,66351845,onsite,0.125,0.0,1
33914483,1.0,14,19806199,onsite,0.7501875468867217,0.0,1
33914483,1.0,15,45934863,onsite,0.7501875468867217,0.0,1
33914483,1.0,16,79204406,onsite,0.7501875468867217,0.0,1
33914483,1.0,17,,,,,0
33914483,1.0,18,,,,,0
33914483,1.0,19,96626645,onsite,2.0,0.0,1
33914483,1.0,20,,,,,0
33914483,1.0,21,,,,,0
33914483,1.0,22,65692182,onsite,2.0,0.0,1
33914483,1.0,23,94436633,online,2.0,0.0,1
33914483,1.0,24,,,,,0
33914483,1.0,25,57381509,onsite,2.0,0.0,1
33914483,1.0,26,,,,,0
33914483,1.0,27,,,,,0
33914483,1.0,28,21990170,onsite,0.7501875468867217,0.0,1
33914483,1.0,29,,,,,0
33914483,1.0,30,,,,,0
33914483,1.0,31,,,,,0
33914483,1.0,32,,,,,0
33914483,1.0,33,,,,,0
33914483,1.0,34,,,,,0
33914483,1.0,35,,,,,0
33914483,1.0,36,,,,,0
33914483,1.0,37,,,,,0
33914483,1.0,38,,,,,0
33914483,1.0,39,,,,,0
33914483,1.0,40,,,,,0
33914483,1.0,41,,,,,0
33914483,1.0,42,,,,,0
33914483,1.0,43,,,,,0
33914483,1.0,44,,,,,0
33914483,1.0,45,,,,,0
33914483,1.0,46,,,,,0
33914483,1.0,47,,,,,0
33914483,1.0,48,,,,,0
33914483,1.0,49,,,,,0
33914483,1.0,50,,,,,0
33914483,1.0,51,,,,,0
33914483,1.0,52,,,,,0
33914483,1.0,53,,,,,0
33914483,1.0,54,,,,,0
33914483,1.0,55,,,,,0
33914483,1.0,56,,,,,0
33914483,1.0,57,,,,,0
33914483,1.0,58,,,,,0
33914483,1.0,59,,,,,0
33914483,1.0,60,,,,,0
42937499,1.0,1,,,,,0
42937499,1.0,2,,,,,0
42937499,1.0,3,,,,,0
42937499,1.0,4,,,,,0
42937499,1.0,5,,,,,0
42937499,1.0,6,,,,,0
42937499,1.0,7,,,,,0
42937499,1.0,8,,,,,0
42937499,1.0,9,,,,,0
42937499,1.0,10,,,,,0
42937499,1.0,11,,,,,0
42937499,1.0,12,,,,,0
42937499,1.0,13,,,,,0
42937499,1.0,14,,,,,0
42937499,1.0,15,,,,,0
42937499,1.0,16,,,,,0
42937499,1.0,17,,,,,0
42937499,1.0,18,,,,,0
42937499,1.0,19,,,,,0
42937499,1.0,20,,,,,0
42937499,1.0,21,,,,,0
42937499,1.0,22,,,,,0
42937499,1.0,23,,,,,0
42937499,1.0,24,,,,,0
42937499,1.0,25,,,,,0
42937499,1.0,26,,,,,0
42937499,1.0,27,,,,,0
42937499,1.0,28,,,,,0
42937499,1.0,29,,,,,0
42937499,1.0,30,,,,,0
42937499,1.0,31,,,,,0
42937499,1.0,32,,,,,0
42937499,1.0,33,,,,,0
42937499,1.0,34,,,,,0
42937499,1.0,35,,,,,0
42937499,1.0,36,,,,,0
42937499,1.0,37,,,,,0
42937499,1.0,38,,,,,0
42937499,1.0,39,,,,,0
42937499,1.0,40,,,,,0
42937499,1.0,41,,,,,0
42937499,1.0,42,,,,,0
42937499,1.0,43,,,,,0
42937499,1.0,44,,,,,0
42937499,1.0,45,,,,,0
42937499,1.0,46,,,,,0
42937499,1.0,47,,,,,0
42937499,1.0,48,,,,,0
42937499,1.0,49,,,,,0
42937499,1.0,50,,,,,0
42937499,1.0,51,,,,,0
42937499,1.0,52,,,,,0
42937499,1.0,53,,,,,0
42937499,1.0,54,,,,,0
42937499,1.0,55,,,,,0
42937499,1.0,56,,,,,0
42937499,1.0,57,,,,,0
42937499,1.0,58,,,,,0
42937499,1.0,59,,,,,0
42937499,1.0,60,,,,,0
87856768,1.0,1,,,,,0
87856768,1.0,2,,,,,0
87856768,1.0,3,,,,,0
87856768,1.0,4,,,,,0
87856768,1.0,5,,,,,0
87856768,1.0,6,,,,,0
87856768,1.0,7,,,,,0
87856768,1.0,8,,,,,0
87856768,1.0,9,,,,,0
87856768,1.0,10,,,,,0
87856768,1.0,11,,,,,0
87856768,1.0,12,,,,,0
87856768,1.0,13,,,,,0
87856768,1.0,14,,,,,0
87856768,1.0,15,,,,,0
87856768,1.0,16,,,,,0
87856768,1.0,17,,,,,0
87856768,1.0,18,,,,,0
87856768,1.0,19,,,,,0
87856768,1.0,20,,,,,0
87856768,1.0,21,,,,,0
87856768,1.0,22,,,,,0
87856768,1.0,23,,,,,0
87856768,1.0,24,,,,,0
87856768,1.0,25,,,,,0
87856768,1.0,26,,,,,0
87856768,1.0,27,,,,,0
87856768,1.0,28,,,,,0
87856768,1.0,29,,,,,0
87856768,1.0,30,,,,,0
87856768,1.0,31,,,,,0
87856768,1.0,32,,,,,0
87856768,1.0,33,,,,,0
87856768,1.0,34,,,,,0
87856768,1.0,35,,,,,0
87856768,1.0,36,,,,,0
87856768,1.0,37,,,,,0
87856768,1.0,38,,,,,0
87856768,1.0,39,,,,,0
87856768,1.0,40,,,,,0
87856768,1.0,41,,,,,0
87856768,1.0,42,,,,,0
87856768,1.0,43,,,,,0
87856768,1.0,44,,,,,0
87856768,1.0,45,,,,,0
87856768,1.0,46,,,,,0
87856768,1.0,47,,,,,0
87856768,1.0,48,,,,,0
87856768,1.0,49,,,,,0
87856768,1.0,50,,,,,0
87856768,1.0,51,,,,,0
87856768,1.0,52,,,,,0
87856768,1.0,53,,,,,0
87856768,1.0,54,,,,,0
87856768,1.0,55,,,,,0
87856768,1.0,56,,,,,0
87856768,1.0,57,,,,,0
87856768,1.0,58,,,,,0
87856768,1.0,59,,,,,0
87856768,1.0,60,,,,,0
74462531,1.0,1,,,,,0
74462531,1.0,2,,,,,0
74462531,1.0,3,,,,,0
74462531,1.0,4,,,,,0
74462531,1.0,5,,,,,0
74462531,1.0,6,,,,,0
74462531,1.0,7,,,,,0
74462531,1.0,8,,,,,0
74462531,1.0,9,,,,,0
74462531,1.0,10,,,,,0
74462531,1.0,11,,,,,0
74462531,1.0,12,,,,,0
74462531,1.0,13,,,,,0
74462531,1.0,14,,,,,0
74462531,1.0,15,,,,,0
74462531,1.0,16,,,,,0
74462531,1.0,17,,,,,0
74462531,1.0,18,,,,,0
74462531,1.0,19,,,,,0
74462531,1.0,20,,,,,0
74462531,1.0,21,,,,,0
74462531,1.0,22,,,,,0
74462531,1.0,23,,,,,0
74462531,1.0,24,,,,,0
74462531,1.0,25,,,,,0
74462531,1.0,26,,,,,0
74462531,1.0,27,,,,,0
74462531,1.0,28,,,,,0
74462531,1.0,29,,,,,0
74462531,1.0,30,,,,,0
74462531,1.0,31,,,,,0
74462531,1.0,32,,,,,0
74462531,1.0,33,,,,,0
74462531,1.0,34,,,,,0
74462531,1.0,35,,,,,0
74462531,1.0,36,,,,,0
74462531,1.0,37,,,,,0
74462531,1.0,38,,,,,0
74462531,1.0,39,,,,,0
74462531,1.0,40,,,,,0
74462531,1.0,41,,,,,0
74462531,1.0,42,,,,,0
74462531,1.0,43,,,,,0
74462531,1.0,44,,,,,0
74462531,1.0,45,,,,,0
74462531,1.0,46,,,,,0
74462531,1.0,47,,,,,0
74462531,1.0,48,,,,,0
74462531,1.0,49,,,,,0
74462531,1.0,50,,,,,0
74462531,1.0,51,,,,,0
74462531,1.0,52,,,,,0
74462531,1.0,53,,,,,0
74462531,1.0,54,,,,,0
74462531,1.0,55,,,,,0
74462531,1.0,56,,,,,0
74462531,1.0,57,,,,,0
74462531,1.0,58,,,,,0
74462531,1.0,59,,,,,0
74462531,1.0,60,,,,,0
45573161,1.0,1,,,,,0
45573161,1.0,2,,,,,0
45573161,1.0,3,,,,,0
45573161,1.0,4,,,,,0
45573161,1.0,5,,,,,0
45573161,1.0,6,,,,,0
45573161,1.0,7,,,,,0
45573161,1.0,8,,,,,0
45573161,1.0,9,,,,,0
45573161,1.0,10,,,,,0
45573161,1.0,11,,,,,0
45573161,1.0,12,,,,,0
45573161,1.0,13,,,,,0
45573161,1.0,14,,,,,0
45573161,1.0,15,,,,,0
45573161,1.0,16,,,,,0
45573161,1.0,17,,,,,0
45573161,1.0,18,,,,,0
45573161,1.0,19,,,,,0
45573161,1.0,20,,,,,0
45573161,1.0,21,,,,,0
45573161,1.0,22,,,,,0
45573161,1.0,23,,,,,0
45573161,1.0,24,,,,,0
45573161,1.0,25,,,,,0
45573161,1.0,26,,,,,0
45573161,1.0,27,,,,,0
45573161,1.0,28,,,,,0
45573161,1.0,29,,,,,0
45573161,1.0,30,,,,,0
45573161,1.0,31,,,,,0
45573161,1.0,32,,,,,0
45573161,1.0,33,,,,,0
45573161,1.0,34,,,,,0
45573161,1.0,35,,,,,0
45573161,1.0,36,,,,,0
45573161,1.0,37,,,,,0
45573161,1.0,38,,,,,0
45573161,1.0,39,,,,,0
45573161,1.0,40,,,,,0
45573161,1.0,41,,,,,0
45573161,1.0,42,,,,,0
45573161,1.0,43,,,,,0
45573161,1.0,44,,,,,0
45573161,1.0,45,,,,,0
45573161,1.0,46,,,,,0
45573161,1.0,47,,,,,0
45573161,1.0,48,,,,,0
45573161,1.0,49,,,,,0
45573161,1.0,50,,,,,0
45573161,1.0,51,,,,,0
45573161,1.0,52,,,,,0
45573161,1.0,53,,,,,0
45573161,1.0,54,,,,,0
45573161,1.0,55,,,,,0
45573161,1.0,56,,,,,0
45573161,1.0,57,,,,,0
45573161,1.0,58,,,,,0
45573161,1.0,59,,,,,0
45573161,1.0,60,,,,,0
32147516,1.0,1,,,,,0
32147516,1.0,2,,,,,0
32147516,1.0,3,,,,,0
32147516,1.0,4,,,,,0
32147516,1.0,5,,,,,0
32147516,1.0,6,,,,,0
32147516,1.0,7,,,,,0
32147516,1.0,8,,,,,0
32147516,1.0,9,,,,,0
32147516,1.0,10,,,,,0
32147516,1.0,11,,,,,0
32147516,1.0,12,,,,,0
32147516,1.0,13,,,,,0
32147516,1.0,14,,,,,0
32147516,1.0,15,,,,,0
32147516,1.0,16,,,,,0
32147516,1.0,17,,,,,0
32147516,1.0,18,,,,,0
32147516,1.0,19,,,,,0
32147516,1.0,20,,,,,0
32147516,1.0,21,,,,,0
32147516,1.0,22,,,,,0
32147516,1.0,23,,,,,0
32147516,1.0,24,,,,,0
32147516,1.0,25,,,,,0
32147516,1.0,26,,,,,0
32147516,1.0,27,,,,,0
32147516,1.0,28,,,,,0
32147516,1.0,29,,,,,0
32147516,1.0,30,,,,,0
32147516,1.0,31,,,,,0
32147516,1.0,32,,,,,0
32147516,1.0,33,,,,,0
32147516,1.0,34,,,,,0
32147516,1.0,35,,,,,0
32147516,1.0,36,,,,,0
32147516,1.0,37,,,,,0
32147516,1.0,38,,,,,0
32147516,1.0,39,,,,,0
32147516,1.0,40,,,,,0
32147516,1.0,41,,,,,0
32147516,1.0,42,,,,,0
32147516,1.0,43,,,,,0
32147516,1.0,44,,,,,0
32147516,1.0,45,,,,,0
32147516,1.0,46,,,,,0
32147516,1.0,47,,,,,0
32147516,1.0,48,,,,,0
32147516,1.0,49,,,,,0
32147516,1.0,50,,,,,0
32147516,1.0,51,,,,,0
32147516,1.0,52,,,,,0
32147516,1.0,53,,,,,0
32147516,1.0,54,,,,,0
32147516,1.0,55,,,,,0
32147516,1.0,56,,,,,0
32147516,1.0,57,,,,,0
32147516,1.0,58,,,,,0
32147516,1.0,59,,,,,0
32147516,1.0,60,,,,,0
73370890,1.0,1,,,,,0
73370890,1.0,2,,,,,0
73370890,1.0,3,,,,,0
73370890,1.0,4,,,,,0
73370890,1.0,5,,,,,0
73370890,1.0,6,,,,,0
73370890,1.0,7,,,,,0
73370890,1.0,8,,,,,0
73370890,1.0,9,,,,,0
73370890,1.0,10,,,,,0
73370890,1.0,11,,,,,0
73370890,1.0,12,,,,,0
73370890,1.0,13,,,,,0
73370890,1.0,14,,,,,0
73370890,1.0,15,,,,,0
73370890,1.0,16,,,,,0
73370890,1.0,17,,,,,0
73370890,1.0,18,,,,,0
73370890,1.0,19,,,,,0
73370890,1.0,20,,,,,0
73370890,1.0,21,,,,,0
73370890,1.0,22,,,,,0
73370890,1.0,23,,,,,0
73370890,1.0,24,,,,,0
73370890,1.0,25,,,,,0
73370890,1.0,26,,,,,0
73370890,1.0,27,,,,,0
73370890,1.0,28,,,,,0
73370890,1.0,29,,,,,0
73370890,1.0,30,,,,,0
73370890,1.0,31,,,,,0
73370890,1.0,32,,,,,0
73370890,1.0,33,,,,,0
73370890,1.0,34,,,,,0
73370890,1.0,35,,,,,0
73370890,1.0,36,,,,,0
73370890,1.0,37,,,,,0
73370890,1.0,38,,,,,0
73370890,1.0,39,,,,,0
73370890,1.0,40,,,,,0
73370890,1.0,41,,,,,0
73370890,1.0,42,,,,,0
73370890,1.0,43,,,,,0
73370890,1.0,44,,,,,0
73370890,1.0,45,,,,,0
73370890,1.0,46,,,,,0
73370890,1.0,47,,,,,0
73370890,1.0,48,,,,,0
73370890,1.0,49,,,,,0
73370890,1.0,50,,,,,0
73370890,1.0,51,,,,,0
73370890,1.0,52,,,,,0
73370890,1.0,53,,,,,0
73370890,1.0,54,,,,,0
73370890,1.0,55,,,,,0
73370890,1.0,56,,,,,0
73370890,1.0,57,,,,,0
73370890,1.0,58,,,,,0
73370890,1.0,59,,,,,0
73370890,1.0,60,,,,,0
38847643,1.0,1,,,,,0
38847643,1.0,2,,,,,0
38847643,1.0,3,,,,,0
38847643,1.0,4,,,,,0
38847643,1.0,5,,,,,0
38847643,1.0,6,,,,,0
38847643,1.0,7,,,,,0
38847643,1.0,8,,,,,0
38847643,1.0,9,,,,,0
38847643,1.0,10,,,,,0
38847643,1.0,11,,,,,0
38847643,1.0,12,,,,,0
38847643,1.0,13,,,,,0
38847643,1.0,14,,,,,0
38847643,1.0,15,,,,,0
38847643,1.0,16,,,,,0
38847643,1.0,17,,,,,0
38847643,1.0,18,,,,,0
38847643,1.0,19,,,,,0
38847643,1.0,20,,,,,0
38847643,1.0,21,,,,,0
38847643,1.0,22,,,,,0
38847643,1.0,23,,,,,0
38847643,1.0,24,,,,,0
38847643,1.0,25,,,,,0
38847643,1.0,26,,,,,0
38847643,1.0,27,,,,,0
38847643,1.0,28,,,,,0
38847643,1.0,29,,,,,0
38847643,1.0,30,,,,,0
38847643,1.0,31,,,,,0
38847643,1.0,32,,,,,0
38847643,1.0,33,,,,,0
38847643,1.0,34,,,,,0
38847643,1.0,35,,,,,0
38847643,1.0,36,,,,,0
38847643,1.0,37,,,,,0
38847643,1.0,38,,,,,0
38847643,1.0,39,,,,,0
38847643,1.0,40,,,,,0
38847643,1.0,41,,,,,0
38847643,1.0,42,,,,,0
38847643,1.0,43,,,,,0
38847643,1.0,44,,,,,0
38847643,1.0,45,,,,,0
38847643,1.0,46,,,,,0
38847643,1.0,47,,,,,0
38847643,1.0,48,,,,,0
38847643,1.0,49,,,,,0
38847643,1.0,50,,,,,0
38847643,1.0,51,,,,,0
38847643,1.0,52,,,,,0
38847643,1.0,53,,,,,0
38847643,1.0,54,,,,,0
38847643,1.0,55,,,,,0
38847643,1.0,56,,,,,0
38847643,1.0,57,,,,,0
38847643,1.0,58,,,,,0
38847643,1.0,59,,,,,0
38847643,1.0,60,,,,,0
67007034,1.0,1,,,,,0
67007034,1.0,2,,,,,0
67007034,1.0,3,,,,,0
67007034,1.0,4,,,,,0
67007034,1.0,5,,,,,0
67007034,1.0,6,,,,,0
67007034,1.0,7,,,,,0
67007034,1.0,8,,,,,0
67007034,1.0,9,,,,,0
67007034,1.0,10,,,,,0
67007034,1.0,11,,,,,0
67007034,1.0,12,,,,,0
67007034,1.0,13,,,,,0
67007034,1.0,14,,,,,0
67007034,1.0,15,,,,,0
67007034,1.0,16,,,,,0
67007034,1.0,17,,,,,0
67007034,1.0,18,,,,,0
67007034,1.0,19,,,,,0
67007034,1.0,20,,,,,0
67007034,1.0,21,,,,,0
67007034,1.0,22,,,,,0
67007034,1.0,23,,,,,0
67007034,1.0,24,,,,,0
67007034,1.0,25,,,,,0
67007034,1.0,26,,,,,0
67007034,1.0,27,,,,,0
67007034,1.0,28,,,,,0
67007034,1.0,29,,,,,0
67007034,1.0,30,,,,,0
67007034,1.0,31,,,,,0
67007034,1.0,32,,,,,0
67007034,1.0,33,,,,,0
67007034,1.0,34,,,,,0
67007034,1.0,35,,,,,0
67007034,1.0,36,,,,,0
67007034,1.0,37,,,,,0
67007034,1.0,38,,,,,0
67007034,1.0,39,,,,,0
67007034,1.0,40,,,,,0
67007034,1.0,41,,,,,0
67007034,1.0,42,,,,,0
67007034,1.0,43,,,,,0
67007034,1.0,44,,,,,0
67007034,1.0,45,,,,,0
67007034,1.0,46,,,,,0
67007034,1.0,47,,,,,0
67007034,1.0,48,,,,,0
67007034,1.0,49,,,,,0
67007034,1.0,50,,,,,0
67007034,1.0,51,,,,,0
67007034,1.0,52,,,,,0
67007034,1.0,53,,,,,0
67007034,1.0,54,,,,,0
67007034,1.0,55,,,,,0
67007034,1.0,56,,,,,0
67007034,1.0,57,,,,,0
67007034,1.0,58,,,,,0
67007034,1.0,59,,,,,0
67007034,1.0,60,,,,,0
85598668,1.0,1,,,,,0
85598668,1.0,2,26512783,onsite,0.125,0.0,1
85598668,1.0,3,11851998,onsite,0.125,0.0,1
85598668,1.0,4,28507914,onsite,0.125,0.0,1
85598668,1.0,5,40737428,onsite,0.125,0.0,1
85598668,1.0,6,40984670,onsite,0.125,0.0,1
85598668,1.0,7,28507914,onsite,0.125,0.0,1
85598668,1.0,8,16490446,onsite,0.125,0.0,1
85598668,1.0,9,39099817,onsite,0.125,0.0,1
85598668,1.0,10,11851998,onsite,0.125,0.0,1
85598668,1.0,11,53976647,onsite,0.7501875468867217,0.0,1
85598668,1.0,12,,,,,0
85598668,1.0,13,,,,,0
85598668,1.0,14,,,,,0
85598668,1.0,15,,,,,0
85598668,1.0,16,91148787,onsite,0.7501875468867217,0.0,1
85598668,1.0,17,,,,,0
85598668,1.0,18,,,,,0
85598668,1.0,19,,,,,0
85598668,1.0,20,93155186,onsite,2.0,0.0,1
85598668,1.0,21,39278652,onsite,2.0,0.0,1
85598668,1.0,22,85614782,onsite,2.0,0.0,1
85598668,1.0,23,68184818,online,2.0,0.0,1
85598668,1.0,24,,,,,0
85598668,1.0,25,,,,,0
85598668,1.0,26,,,,,0
85598668,1.0,27,,,,,0
85598668,1.0,28,,,,,0
85598668,1.0,29,43013345,onsite,2.5,0.0,1
85598668,1.0,30,,,,,0
85598668,1.0,31,,,,,0
85598668,1.0,32,,,,,0
85598668,1.0,33,33042420,online,3.003003003003003,0.0,1
85598668,1.0,34,,,,,0
85598668,1.0,35,,,,,0
85598668,1.0,36,,,,,0
85598668,1.0,37,,,,,0
85598668,1.0,38,,,,,0
85598668,1.0,39,,,,,0
85598668,1.0,40,,,,,0
85598668,1.0,41,,,,,0
85598668,1.0,42,,,,,0
85598668,1.0,43,,,,,0
85598668,1.0,44,,,,,0
85598668,1.0,45,,,,,0
85598668,1.0,46,,,,,0
85598668,1.0,47,,,,,0
85598668,1.0,48,,,,,0
85598668,1.0,49,,,,,0
85598668,1.0,50,,,,,0
85598668,1.0,51,,,,,0
85598668,1.0,52,,,,,0
85598668,1.0,53,,,,,0
85598668,1.0,54,,,,,0
85598668,1.0,55,,,,,0
85598668,1.0,56,,,,,0
85598668,1.0,57,,,,,0
85598668,1.0,58,,,,,0
85598668,1.0,59,,,,,0
85598668,1.0,60,,,,,0
30812935,1.0,1,,,,,0
30812935,1.0,2,,,,,0
30812935,1.0,3,,,,,0
30812935,1.0,4,,,,,0
30812935,1.0,5,,,,,0
30812935,1.0,6,,,,,0
30812935,1.0,7,,,,,0
30812935,1.0,8,,,,,0
30812935,1.0,9,,,,,0
30812935,1.0,10,,,,,0
30812935,1.0,11,,,,,0
30812935,1.0,12,,,,,0
30812935,1.0,13,,,,,0
30812935,1.0,14,,,,,0
30812935,1.0,15,,,,,0
30812935,1.0,16,,,,,0
30812935,1.0,17,,,,,0
30812935,1.0,18,,,,,0
30812935,1.0,19,,,,,0
30812935,1.0,20,,,,,0
30812935,1.0,21,,,,,0
30812935,1.0,22,,,,,0
30812935,1.0,23,,,,,0
30812935,1.0,24,,,,,0
30812935,1.0,25,,,,,0
30812935,1.0,26,,,,,0
30812935,1.0,27,,,,,0
30812935,1.0,28,,,,,0
30812935,1.0,29,,,,,0
30812935,1.0,30,,,,,0
30812935,1.0,31,,,,,0
30812935,1.0,32,,,,,0
30812935,1.0,33,,,,,0
30812935,1.0,34,,,,,0
30812935,1.0,35,,,,,0
30812935,1.0,36,,,,,0
30812935,1.0,37,,,,,0
30812935,1.0,38,,,,,0
30812935,1.0,39,,,,,0
30812935,1.0,40,,,,,0
30812935,1.0,41,,,,,0
30812935,1.0,42,,,,,0
30812935,1.0,43,,,,,0
30812935,1.0,44,,,,,0
30812935,1.0,45,,,,,0
30812935,1.0,46,,,,,0
30812935,1.0,47,,,,,0
30812935,1.0,48,,,,,0
30812935,1.0,49,,,,,0
30812935,1.0,50,,,,,0
30812935,1.0,51,,,,,0
30812935,1.0,52,,,,,0
30812935,1.0,53,,,,,0
30812935,1.0,54,,,,,0
30812935,1.0,55,,,,,0
30812935,1.0,56,,,,,0
30812935,1.0,57,,,,,0
30812935,1.0,58,,,,,0
30812935,1.0,59,,,,,0
30812935,1.0,60,,,,,0
40470409,1.0,1,,,,,0
40470409,1.0,2,,,,,0
40470409,1.0,3,,,,,0
40470409,1.0,4,,,,,0
40470409,1.0,5,,,,,0
40470409,1.0,6,,,,,0
40470409,1.0,7,,,,,0
40470409,1.0,8,,,,,0
40470409,1.0,9,,,,,0
40470409,1.0,10,,,,,0
40470409,1.0,11,,,,,0
40470409,1.0,12,,,,,0
40470409,1.0,13,,,,,0
40470409,1.0,14,,,,,0
40470409,1.0,15,,,,,0
40470409,1.0,16,,,,,0
40470409,1.0,17,,,,,0
40470409,1.0,18,,,,,0
40470409,1.0,19,,,,,0
40470409,1.0,20,,,,,0
40470409,1.0,21,,,,,0
40470409,1.0,22,,,,,0
40470409,1.0,23,,,,,0
40470409,1.0,24,,,,,0
40470409,1.0,25,,,,,0
40470409,1.0,26,,,,,0
40470409,1.0,27,,,,,0
40470409,1.0,28,,,,,0
40470409,1.0,29,,,,,0
40470409,1.0,30,,,,,0
40470409,1.0,31,,,,,0
40470409,1.0,32,,,,,0
40470409,1.0,33,,,,,0
40470409,1.0,34,,,,,0
40470409,1.0,35,,,,,0
40470409,1.0,36,,,,,0
40470409,1.0,37,,,,,0
40470409,1.0,38,,,,,0
40470409,1.0,39,,,,,0
40470409,1.0,40,,,,,0
40470409,1.0,41,,,,,0
40470409,1.0,42,,,,,0
40470409,1.0,43,,,,,0
40470409,1.0,44,,,,,0
40470409,1.0,45,,,,,0
40470409,1.0,46,,,,,0
40470409,1.0,47,,,,,0
40470409,1.0,48,,,,,0
40470409,1.0,49,,,,,0
40470409,1.0,50,,,,,0
40470409,1.0,51,,,,,0
40470409,1.0,52,,,,,0
40470409,1.0,53,,,,,0
40470409,1.0,54,,,,,0
40470409,1.0,55,,,,,0
40470409,1.0,56,,,,,0
40470409,1.0,57,,,,,0
40470409,1.0,58,,,,,0
40470409,1.0,59,,,,,0
40470409,1.0,60,,,,,0
65319595,1.0,1,,,,,0
65319595,1.0,2,,,,,0
65319595,1.0,3,,,,,0
65319595,1.0,4,,,,,0
65319595,1.0,5,,,,,0
65319595,1.0,6,,,,,0
65319595,1.0,7,,,,,0
65319595,1.0,8,,,,,0
65319595,1.0,9,,,,,0
65319595,1.0,10,,,,,0
65319595,1.0,11,,,,,0
65319595,1.0,12,,,,,0
65319595,1.0,13,,,,,0
65319595,1.0,14,,,,,0
65319595,1.0,15,,,,,0
65319595,1.0,16,,,,,0
65319595,1.0,17,,,,,0
65319595,1.0,18,,,,,0
65319595,1.0,19,,,,,0
65319595,1.0,20,,,,,0
65319595,1.0,21,,,,,0
65319595,1.0,22,,,,,0
65319595,1.0,23,,,,,0
65319595,1.0,24,,,,,0
65319595,1.0,25,,,,,0
65319595,1.0,26,,,,,0
65319595,1.0,27,,,,,0
65319595,1.0,28,,,,,0
65319595,1.0,29,,,,,0
65319595,1.0,30,,,,,0
65319595,1.0,31,,,,,0
65319595,1.0,32,,,,,0
65319595,1.0,33,,,,,0
65319595,1.0,34,,,,,0
65319595,1.0,35,,,,,0
65319595,1.0,36,,,,,0
65319595,1.0,37,,,,,0
65319595,1.0,38,,,,,0
65319595,1.0,39,,,,,0
65319595,1.0,40,,,,,0
65319595,1.0,41,,,,,0
65319595,1.0,42,,,,,0
65319595,1.0,43,,,,,0
65319595,1.0,44,,,,,0
65319595,1.0,45,,,,,0
65319595,1.0,46,,,,,0
65319595,1.0,47,,,,,0
65319595,1.0,48,,,,,0
65319595,1.0,49,,,,,0
65319595,1.0,50,,,,,0
65319595,1.0,51,,,,,0
65319595,1.0,52,,,,,0
65319595,1.0,53,,,,,0
65319595,1.0,54,,,,,0
65319595,1.0,55,,,,,0
65319595,1.0,56,,,,,0
65319595,1.0,57,,,,,0
65319595,1.0,58,,,,,0
65319595,1.0,59,,,,,0
65319595,1.0,60,,,,,0
15106158,1.0,1,,,,,0
15106158,1.0,2,,,,,0
15106158,1.0,3,,,,,0
15106158,1.0,4,,,,,0
15106158,1.0,5,,,,,0
15106158,1.0,6,,,,,0
15106158,1.0,7,,,,,0
15106158,1.0,8,,,,,0
15106158,1.0,9,,,,,0
15106158,1.0,10,,,,,0
15106158,1.0,11,,,,,0
15106158,1.0,12,,,,,0
15106158,1.0,13,,,,,0
15106158,1.0,14,,,,,0
15106158,1.0,15,,,,,0
15106158,1.0,16,,,,,0
15106158,1.0,17,,,,,0
15106158,1.0,18,,,,,0
15106158,1.0,19,,,,,0
15106158,1.0,20,,,,,0
15106158,1.0,21,,,,,0
15106158,1.0,22,,,,,0
15106158,1.0,23,,,,,0
15106158,1.0,24,,,,,0
15106158,1.0,25,,,,,0
15106158,1.0,26,,,,,0
15106158,1.0,27,,,,,0
15106158,1.0,28,,,,,0
15106158,1.0,29,,,,,0
15106158,1.0,30,,,,,0
15106158,1.0,31,,,,,0
15106158,1.0,32,,,,,0
15106158,1.0,33,,,,,0
15106158,1.0,34,,,,,0
15106158,1.0,35,,,,,0
15106158,1.0,36,,,,,0
15106158,1.0,37,,,,,0
15106158,1.0,38,,,,,0
15106158,1.0,39,,,,,0
15106158,1.0,40,,,,,0
15106158,1.0,41,,,,,0
15106158,1.0,42,,,,,0
15106158,1.0,43,,,,,0
15106158,1.0,44,,,,,0
15106158,1.0,45,,,,,0
15106158,1.0,46,,,,,0
15106158,1.0,47,,,,,0
15106158,1.0,48,,,,,0
15106158,1.0,49,,,,,0
15106158,1.0,50,,,,,0
15106158,1.0,51,,,,,0
15106158,1.0,52,,,,,0
15106158,1.0,53,,,,,0
15106158,1.0,54,,,,,0
15106158,1.0,55,,,,,0
15106158,1.0,56,,,,,0
15106158,1.0,57,,,,,0
15106158,1.0,58,,,,,0
15106158,1.0,59,,,,,0
15106158,1.0,60,,,,,0
87427382,1.0,1,,,,,0
87427382,1.0,2,,,,,0
87427382,1.0,3,,,,,0
87427382,1.0,4,,,,,0
87427382,1.0,5,,,,,0
87427382,1.0,6,,,,,0
87427382,1.0,7,,,,,0
87427382,1.0,8,,,,,0
87427382,1.0,9,,,,,0
87427382,1.0,10,,,,,0
87427382,1.0,11,,,,,0
87427382,1.0,12,,,,,0
87427382,1.0,13,,,,,0
87427382,1.0,14,,,,,0
87427382,1.0,15,,,,,0
87427382,1.0,16,,,,,0
87427382,1.0,17,,,,,0
87427382,1.0,18,,,,,0
87427382,1.0,19,,,,,0
87427382,1.0,20,,,,,0
87427382,1.0,21,,,,,0
87427382,1.0,22,,,,,0
87427382,1.0,23,,,,,0
87427382,1.0,24,,,,,0
87427382,1.0,25,,,,,0
87427382,1.0,26,,,,,0
87427382,1.0,27,,,,,0
87427382,1.0,28,,,,,0
87427382,1.0,29,,,,,0
87427382,1.0,30,,,,,0
87427382,1.0,31,,,,,0
87427382,1.0,32,,,,,0
87427382,1.0,33,,,,,0
87427382,1.0,34,,,,,0
87427382,1.0,35,,,,,0
87427382,1.0,36,,,,,0
87427382,1.0,37,,,,,0
87427382,1.0,38,,,,,0
87427382,1.0,39,,,,,0
87427382,1.0,40,,,,,0
87427382,1.0,41,,,,,0
87427382,1.0,42,,,,,0
87427382,1.0,43,,,,,0
87427382,1.0,44,,,,,0
87427382,1.0,45,,,,,0
87427382,1.0,46,,,,,0
87427382,1.0,47,,,,,0
87427382,1.0,48,,,,,0
87427382,1.0,49,,,,,0
87427382,1.0,50,,,,,0
87427382,1.0,51,,,,,0
87427382,1.0,52,,,,,0
87427382,1.0,53,,,,,0
87427382,1.0,54,,,,,0
87427382,1.0,55,,,,,0
87427382,1.0,56,,,,,0
87427382,1.0,57,,,,,0
87427382,1.0,58,,,,,0
87427382,1.0,59,,,,,0
87427382,1.0,60,,,,,0
12272069,1.0,1,35404467,online,3.003003003003003,0.0,1
12272069,1.0,2,31691472,onsite,0.125,0.0,1
12272069,1.0,3,34353940,onsite,0.125,0.0,1
12272069,1.0,4,45924388,onsite,0.125,0.0,1
12272069,1.0,5,31691472,onsite,0.125,0.0,1
12272069,1.0,6,45924388,onsite,0.125,0.0,1
12272069,1.0,7,27962354,onsite,0.125,0.0,1
12272069,1.0,8,62609802,onsite,0.125,0.0,1
12272069,1.0,9,62800650,onsite,0.125,0.0,1
12272069,1.0,10,34353940,onsite,0.125,0.0,1
12272069,1.0,11,62800650,onsite,0.125,0.0,1
12272069,1.0,12,,,,,0
12272069,1.0,13,,,,,0
12272069,1.0,14,99261454,onsite,0.125,0.0,1
12272069,1.0,15,,,,,0
12272069,1.0,16,64581593,onsite,0.7501875468867217,0.0,1
12272069,1.0,17,42658946,onsite,0.7501875468867217,0.0,1
12272069,1.0,18,,,,,0
12272069,1.0,19,,,,,0
12272069,1.0,20,,,,,0
12272069,1.0,21,,,,,0
12272069,1.0,22,,,,,0
12272069,1.0,23,56814124,online,2.0,0.0,1
12272069,1.0,24,,,,,0
12272069,1.0,25,,,,,0
12272069,1.0,26,70117027,onsite,2.0,0.5,1
12272069,1.0,27,85097498,onsite,2.0,0.0,1
12272069,1.0,28,,,,,0
12272069,1.0,29,,,,,0
12272069,1.0,30,,,,,0
12272069,1.0,31,,,,,0
12272069,1.0,32,,,,,0
12272069,1.0,33,,,,,0
12272069,1.0,34,,,,,0
12272069,1.0,35,,,,,0
12272069,1.0,36,,,,,0
12272069,1.0,37,,,,,0
12272069,1.0,38,,,,,0
12272069,1.0,39,,,,,0
12272069,1.0,40,,,,,0
12272069,1.0,41,,,,,0
12272069,1.0,42,,,,,0
12272069,1.0,43,,,,,0
12272069,1.0,44,,,,,0
12272069,1.0,45,,,,,0
12272069,1.0,46,,,,,0
12272069,1.0,47,,,,,0
12272069,1.0,48,,,,,0
12272069,1.0,49,,,,,0
12272069,1.0,50,,,,,0
12272069,1.0,51,,,,,0
12272069,1.0,52,,,,,0
12272069,1.0,53,,,,,0
12272069,1.0,54,,,,,0
12272069,1.0,55,,,,,0
12272069,1.0,56,,,,,0
12272069,1.0,57,,,,,0
12272069,1.0,58,,,,,0
12272069,1.0,59,,,,,0
12272069,1.0,60,,,,,0
68049515,1.0,1,,,,,0
68049515,1.0,2,,,,,0
68049515,1.0,3,,,,,0
68049515,1.0,4,,,,,0
68049515,1.0,5,,,,,0
68049515,1.0,6,,,,,0
68049515,1.0,7,,,,,0
68049515,1.0,8,,,,,0
68049515,1.0,9,,,,,0
68049515,1.0,10,,,,,0
68049515,1.0,11,,,,,0
68049515,1.0,12,,,,,0
68049515,1.0,13,,,,,0
68049515,1.0,14,,,,,0
68049515,1.0,15,,,,,0
68049515,1.0,16,,,,,0
68049515,1.0,17,,,,,0
68049515,1.0,18,,,,,0
68049515,1.0,19,,,,,0
68049515,1.0,20,,,,,0
68049515,1.0,21,,,,,0
68049515,1.0,22,,,,,0
68049515,1.0,23,,,,,0
68049515,1.0,24,,,,,0
68049515,1.0,25,,,,,0
68049515,1.0,26,,,,,0
68049515,1.0,27,,,,,0
68049515,1.0,28,,,,,0
68049515,1.0,29,,,,,0
68049515,1.0,30,,,,,0
68049515,1.0,31,,,,,0
68049515,1.0,32,,,,,0
68049515,1.0,33,,,,,0
68049515,1.0,34,,,,,0
68049515,1.0,35,,,,,0
68049515,1.0,36,,,,,0
68049515,1.0,37,,,,,0
68049515,1.0,38,,,,,0
68049515,1.0,39,,,,,0
68049515,1.0,40,,,,,0
68049515,1.0,41,,,,,0
68049515,1.0,42,,,,,0
68049515,1.0,43,,,,,0
68049515,1.0,44,,,,,0
68049515,1.0,45,,,,,0
68049515,1.0,46,,,,,0
68049515,1.0,47,,,,,0
68049515,1.0,48,,,,,0
68049515,1.0,49,,,,,0
68049515,1.0,50,,,,,0
68049515,1.0,51,,,,,0
68049515,1.0,52,,,,,0
68049515,1.0,53,,,,,0
68049515,1.0,54,,,,,0
68049515,1.0,55,,,,,0
68049515,1.0,56,,,,,0
68049515,1.0,57,,,,,0
68049515,1.0,58,,,,,0
68049515,1.0,59,,,,,0
68049515,1.0,60,,,,,0
47021836,1.0,1,,,,,0
47021836,1.0,2,,,,,0
47021836,1.0,3,,,,,0
47021836,1.0,4,,,,,0
47021836,1.0,5,,,,,0
47021836,1.0,6,,,,,0
47021836,1.0,7,,,,,0
47021836,1.0,8,,,,,0
47021836,1.0,9,,,,,0
47021836,1.0,10,,,,,0
47021836,1.0,11,,,,,0
47021836,1.0,12,,,,,0
47021836,1.0,13,,,,,0
47021836,1.0,14,,,,,0
47021836,1.0,15,,,,,0
47021836,1.0,16,,,,,0
47021836,1.0,17,,,,,0
47021836,1.0,18,,,,,0
47021836,1.0,19,,,,,0
47021836,1.0,20,,,,,0
47021836,1.0,21,,,,,0
47021836,1.0,22,,,,,0
47021836,1.0,23,,,,,0
47021836,1.0,24,,,,,0
47021836,1.0,25,,,,,0
47021836,1.0,26,,,,,0
47021836,1.0,27,,,,,0
47021836,1.0,28,,,,,0
47021836,1.0,29,,,,,0
47021836,1.0,30,,,,,0
47021836,1.0,31,,,,,0
47021836,1.0,32,,,,,0
47021836,1.0,33,,,,,0
47021836,1.0,34,,,,,0
47021836,1.0,35,,,,,0
47021836,1.0,36,,,,,0
47021836,1.0,37,,,,,0
47021836,1.0,38,,,,,0
47021836,1.0,39,,,,,0
47021836,1.0,40,,,,,0
47021836,1.0,41,,,,,0
47021836,1.0,42,,,,,0
47021836,1.0,43,,,,,0
47021836,1.0,44,,,,,0
47021836,1.0,45,,,,,0
47021836,1.0,46,,,,,0
47021836,1.0,47,,,,,0
47021836,1.0,48,,,,,0
47021836,1.0,49,,,,,0
47021836,1.0,50,,,,,0
47021836,1.0,51,,,,,0
47021836,1.0,52,,,,,0
47021836,1.0,53,,,,,0
47021836,1.0,54,,,,,0
47021836,1.0,55,,,,,0
47021836,1.0,56,,,,,0
47021836,1.0,57,,,,,0
47021836,1.0,58,,,,,0
47021836,1.0,59,,,,,0
47021836,1.0,60,,,,,0
60602293,1.0,1,,,,,0
60602293,1.0,2,,,,,0
60602293,1.0,3,,,,,0
60602293,1.0,4,,,,,0
60602293,1.0,5,,,,,0
60602293,1.0,6,,,,,0
60602293,1.0,7,,,,,0
60602293,1.0,8,,,,,0
60602293,1.0,9,,,,,0
60602293,1.0,10,,,,,0
60602293,1.0,11,,,,,0
60602293,1.0,12,,,,,0
60602293,1.0,13,,,,,0
60602293,1.0,14,,,,,0
60602293,1.0,15,,,,,0
60602293,1.0,16,,,,,0
60602293,1.0,17,,,,,0
60602293,1.0,18,,,,,0
60602293,1.0,19,,,,,0
60602293,1.0,20,,,,,0
60602293,1.0,21,,,,,0
60602293,1.0,22,,,,,0
60602293,1.0,23,,,,,0
60602293,1.0,24,,,,,0
60602293,1.0,25,,,,,0
60602293,1.0,26,,,,,0
60602293,1.0,27,,,,,0
60602293,1.0,28,,,,,0
60602293,1.0,29,,,,,0
60602293,1.0,30,,,,,0
60602293,1.0,31,,,,,0
60602293,1.0,32,,,,,0
60602293,1.0,33,,,,,0
60602293,1.0,34,,,,,0
60602293,1.0,35,,,,,0
60602293,1.0,36,,,,,0
60602293,1.0,37,,,,,0
60602293,1.0,38,,,,,0
60602293,1.0,39,,,,,0
60602293,1.0,40,,,,,0
60602293,1.0,41,,,,,0
60602293,1.0,42,,,,,0
60602293,1.0,43,,,,,0
60602293,1.0,44,,,,,0
60602293,1.0,45,,,,,0
60602293,1.0,46,,,,,0
60602293,1.0,47,,,,,0
60602293,1.0,48,,,,,0
60602293,1.0,49,,,,,0
60602293,1.0,50,,,,,0
60602293,1.0,51,,,,,0
60602293,1.0,52,,,,,0
60602293,1.0,53,,,,,0
60602293,1.0,54,,,,,0
60602293,1.0,55,,,,,0
60602293,1.0,56,,,,,0
60602293,1.0,57,,,,,0
60602293,1.0,58,,,,,0
60602293,1.0,59,,,,,0
60602293,1.0,60,,,,,0
20350678,1.0,1,,,,,0
20350678,1.0,2,,,,,0
20350678,1.0,3,,,,,0
20350678,1.0,4,,,,,0
20350678,1.0,5,,,,,0
20350678,1.0,6,,,,,0
20350678,1.0,7,,,,,0
20350678,1.0,8,,,,,0
20350678,1.0,9,,,,,0
20350678,1.0,10,,,,,0
20350678,1.0,11,,,,,0
20350678,1.0,12,,,,,0
20350678,1.0,13,,,,,0
20350678,1.0,14,,,,,0
20350678,1.0,15,,,,,0
20350678,1.0,16,,,,,0
20350678,1.0,17,,,,,0
20350678,1.0,18,,,,,0
20350678,1.0,19,,,,,0
20350678,1.0,20,,,,,0
20350678,1.0,21,,,,,0
20350678,1.0,22,,,,,0
20350678,1.0,23,,,,,0
20350678,1.0,24,,,,,0
20350678,1.0,25,,,,,0
20350678,1.0,26,,,,,0
20350678,1.0,27,,,,,0
20350678,1.0,28,,,,,0
20350678,1.0,29,,,,,0
20350678,1.0,30,,,,,0
20350678,1.0,31,,,,,0
20350678,1.0,32,,,,,0
20350678,1.0,33,,,,,0
20350678,1.0,34,,,,,0
20350678,1.0,35,,,,,0
20350678,1.0,36,,,,,0
20350678,1.0,37,,,,,0
20350678,1.0,38,,,,,0
20350678,1.0,39,,,,,0
20350678,1.0,40,,,,,0
20350678,1.0,41,,,,,0
20350678,1.0,42,,,,,0
20350678,1.0,43,,,,,0
20350678,1.0,44,,,,,0
20350678,1.0,45,,,,,0
20350678,1.0,46,,,,,0
20350678,1.0,47,,,,,0
20350678,1.0,48,,,,,0
20350678,1.0,49,,,,,0
20350678,1.0,50,,,,,0
20350678,1.0,51,,,,,0
20350678,1.0,52,,,,,0
20350678,1.0,53,,,,,0
20350678,1.0,54,,,,,0
20350678,1.0,55,,,,,0
20350678,1.0,56,,,,,0
20350678,1.0,57,,,,,0
20350678,1.0,58,,,,,0
20350678,1.0,59,,,,,0
20350678,1.0,60,,,,,0
76149834,1.0,1,,,,,0
76149834,1.0,2,,,,,0
76149834,1.0,3,,,,,0
76149834,1.0,4,,,,,0
76149834,1.0,5,,,,,0
76149834,1.0,6,,,,,0
76149834,1.0,7,,,,,0
76149834,1.0,8,,,,,0
76149834,1.0,9,,,,,0
76149834,1.0,10,,,,,0
76149834,1.0,11,,,,,0
76149834,1.0,12,,,,,0
76149834,1.0,13,,,,,0
76149834,1.0,14,,,,,0
76149834,1.0,15,,,,,0
76149834,1.0,16,,,,,0
76149834,1.0,17,,,,,0
76149834,1.0,18,,,,,0
76149834,1.0,19,,,,,0
76149834,1.0,20,,,,,0
76149834,1.0,21,,,,,0
76149834,1.0,22,,,,,0
76149834,1.0,23,,,,,0
76149834,1.0,24,,,,,0
76149834,1.0,25,,,,,0
76149834,1.0,26,,,,,0
76149834,1.0,27,,,,,0
76149834,1.0,28,,,,,0
76149834,1.0,29,,,,,0
76149834,1.0,30,,,,,0
76149834,1.0,31,,,,,0
76149834,1.0,32,,,,,0
76149834,1.0,33,,,,,0
76149834,1.0,34,,,,,0
76149834,1.0,35,,,,,0
76149834,1.0,36,,,,,0
76149834,1.0,37,,,,,0
76149834,1.0,38,,,,,0
76149834,1.0,39,,,,,0
76149834,1.0,40,,,,,0
76149834,1.0,41,,,,,0
76149834,1.0,42,,,,,0
76149834,1.0,43,,,,,0
76149834,1.0,44,,,,,0
76149834,1.0,45,,,,,0
76149834,1.0,46,,,,,0
76149834,1.0,47,,,,,0
76149834,1.0,48,,,,,0
76149834,1.0,49,,,,,0
76149834,1.0,50,,,,,0
76149834,1.0,51,,,,,0
76149834,1.0,52,,,,,0
76149834,1.0,53,,,,,0
76149834,1.0,54,,,,,0
76149834,1.0,55,,,,,0
76149834,1.0,56,,,,,0
76149834,1.0,57,,,,,0
76149834,1.0,58,,,,,0
76149834,1.0,59,,,,,0
76149834,1.0,60,,,,,0
93687340,1.0,1,,,,,0
93687340,1.0,2,,,,,0
93687340,1.0,3,,,,,0
93687340,1.0,4,,,,,0
93687340,1.0,5,,,,,0
93687340,1.0,6,,,,,0
93687340,1.0,7,,,,,0
93687340,1.0,8,,,,,0
93687340,1.0,9,,,,,0
93687340,1.0,10,,,,,0
93687340,1.0,11,,,,,0
93687340,1.0,12,,,,,0
93687340,1.0,13,,,,,0
93687340,1.0,14,,,,,0
93687340,1.0,15,,,,,0
93687340,1.0,16,,,,,0
93687340,1.0,17,,,,,0
93687340,1.0,18,,,,,0
93687340,1.0,19,,,,,0
93687340,1.0,20,,,,,0
93687340,1.0,21,,,,,0
93687340,1.0,22,,,,,0
93687340,1.0,23,,,,,0
93687340,1.0,24,,,,,0
93687340,1.0,25,,,,,0
93687340,1.0,26,,,,,0
93687340,1.0,27,,,,,0
93687340,1.0,28,,,,,0
93687340,1.0,29,,,,,0
93687340,1.0,30,,,,,0
93687340,1.0,31,,,,,0
93687340,1.0,32,,,,,0
93687340,1.0,33,,,,,0
93687340,1.0,34,,,,,0
93687340,1.0,35,,,,,0
93687340,1.0,36,,,,,0
93687340,1.0,37,,,,,0
93687340,1.0,38,,,,,0
93687340,1.0,39,,,,,0
93687340,1.0,40,,,,,0
93687340,1.0,41,,,,,0
93687340,1.0,42,,,,,0
93687340,1.0,43,,,,,0
93687340,1.0,44,,,,,0
93687340,1.0,45,,,,,0
93687340,1.0,46,,,,,0
93687340,1.0,47,,,,,0
93687340,1.0,48,,,,,0
93687340,1.0,49,,,,,0
93687340,1.0,50,,,,,0
93687340,1.0,51,,,,,0
93687340,1.0,52,,,,,0
93687340,1.0,53,,,,,0
93687340,1.0,54,,,,,0
93687340,1.0,55,,,,,0
93687340,1.0,56,,,,,0
93687340,1.0,57,,,,,0
93687340,1.0,58,,,,,0
93687340,1.0,59,,,,,0
93687340,1.0,60,,,,,0
48617218,1.0,1,,,,,0
48617218,1.0,2,,,,,0
48617218,1.0,3,,,,,0
48617218,1.0,4,,,,,0
48617218,1.0,5,,,,,0
48617218,1.0,6,,,,,0
48617218,1.0,7,,,,,0
48617218,1.0,8,,,,,0
48617218,1.0,9,,,,,0
48617218,1.0,10,,,,,0
48617218,1.0,11,,,,,0
48617218,1.0,12,,,,,0
48617218,1.0,13,,,,,0
48617218,1.0,14,,,,,0
48617218,1.0,15,,,,,0
48617218,1.0,16,,,,,0
48617218,1.0,17,,,,,0
48617218,1.0,18,,,,,0
48617218,1.0,19,,,,,0
48617218,1.0,20,,,,,0
48617218,1.0,21,,,,,0
48617218,1.0,22,,,,,0
48617218,1.0,23,,,,,0
48617218,1.0,24,,,,,0
48617218,1.0,25,,,,,0
48617218,1.0,26,,,,,0
48617218,1.0,27,,,,,0
48617218,1.0,28,,,,,0
48617218,1.0,29,,,,,0
48617218,1.0,30,,,,,0
48617218,1.0,31,,,,,0
48617218,1.0,32,,,,,0
48617218,1.0,33,,,,,0
48617218,1.0,34,,,,,0
48617218,1.0,35,,,,,0
48617218,1.0,36,,,,,0
48617218,1.0,37,,,,,0
48617218,1.0,38,,,,,0
48617218,1.0,39,,,,,0
48617218,1.0,40,,,,,0
48617218,1.0,41,,,,,0
48617218,1.0,42,,,,,0
48617218,1.0,43,,,,,0
48617218,1.0,44,,,,,0
48617218,1.0,45,,,,,0
48617218,1.0,46,,,,,0
48617218,1.0,47,,,,,0
48617218,1.0,48,,,,,0
48617218,1.0,49,,,,,0
48617218,1.0,50,,,,,0
48617218,1.0,51,,,,,0
48617218,1.0,52,,,,,0
48617218,1.0,53,,,,,0
48617218,1.0,54,,,,,0
48617218,1.0,55,,,,,0
48617218,1.0,56,,,,,0
48617218,1.0,57,,,,,0
48617218,1.0,58,,,,,0
48617218,1.0,59,,,,,0
48617218,1.0,60,,,,,0
30108904,1.0,1,,,,,0
30108904,1.0,2,,,,,0
30108904,1.0,3,,,,,0
30108904,1.0,4,,,,,0
30108904,1.0,5,,,,,0
30108904,1.0,6,,,,,0
30108904,1.0,7,,,,,0
30108904,1.0,8,,,,,0
30108904,1.0,9,,,,,0
30108904,1.0,10,,,,,0
30108904,1.0,11,,,,,0
30108904,1.0,12,,,,,0
30108904,1.0,13,,,,,0
30108904,1.0,14,,,,,0
30108904,1.0,15,,,,,0
30108904,1.0,16,,,,,0
30108904,1.0,17,,,,,0
30108904,1.0,18,,,,,0
30108904,1.0,19,,,,,0
30108904,1.0,20,,,,,0
30108904,1.0,21,,,,,0
30108904,1.0,22,,,,,0
30108904,1.0,23,,,,,0
30108904,1.0,24,,,,,0
30108904,1.0,25,,,,,0
30108904,1.0,26,,,,,0
30108904,1.0,27,,,,,0
30108904,1.0,28,,,,,0
30108904,1.0,29,,,,,0
30108904,1.0,30,,,,,0
30108904,1.0,31,,,,,0
30108904,1.0,32,,,,,0
30108904,1.0,33,,,,,0
30108904,1.0,34,,,,,0
30108904,1.0,35,,,,,0
30108904,1.0,36,,,,,0
30108904,1.0,37,,,,,0
30108904,1.0,38,,,,,0
30108904,1.0,39,,,,,0
30108904,1.0,40,,,,,0
30108904,1.0,41,,,,,0
30108904,1.0,42,,,,,0
30108904,1.0,43,,,,,0
30108904,1.0,44,,,,,0
30108904,1.0,45,,,,,0
30108904,1.0,46,,,,,0
30108904,1.0,47,,,,,0
30108904,1.0,48,,,,,0
30108904,1.0,49,,,,,0
30108904,1.0,50,,,,,0
30108904,1.0,51,,,,,0
30108904,1.0,52,,,,,0
30108904,1.0,53,,,,,0
30108904,1.0,54,,,,,0
30108904,1.0,55,,,,,0
30108904,1.0,56,,,,,0
30108904,1.0,57,,,,,0
30108904,1.0,58,,,,,0
30108904,1.0,59,,,,,0
30108904,1.0,60,,,,,0
13676947,1.0,1,,,,,0
13676947,1.0,2,,,,,0
13676947,1.0,3,,,,,0
13676947,1.0,4,,,,,0
13676947,1.0,5,,,,,0
13676947,1.0,6,,,,,0
13676947,1.0,7,,,,,0
13676947,1.0,8,,,,,0
13676947,1.0,9,,,,,0
13676947,1.0,10,,,,,0
13676947,1.0,11,,,,,0
13676947,1.0,12,,,,,0
13676947,1.0,13,,,,,0
13676947,1.0,14,,,,,0
13676947,1.0,15,,,,,0
13676947,1.0,16,,,,,0
13676947,1.0,17,,,,,0
13676947,1.0,18,,,,,0
13676947,1.0,19,,,,,0
13676947,1.0,20,,,,,0
13676947,1.0,21,,,,,0
13676947,1.0,22,,,,,0
13676947,1.0,23,,,,,0
13676947,1.0,24,,,,,0
13676947,1.0,25,,,,,0
13676947,1.0,26,,,,,0
13676947,1.0,27,,,,,0
13676947,1.0,28,,,,,0
13676947,1.0,29,,,,,0
13676947,1.0,30,,,,,0
13676947,1.0,31,,,,,0
13676947,1.0,32,,,,,0
13676947,1.0,33,,,,,0
13676947,1.0,34,,,,,0
13676947,1.0,35,,,,,0
13676947,1.0,36,,,,,0
13676947,1.0,37,,,,,0
13676947,1.0,38,,,,,0
13676947,1.0,39,,,,,0
13676947,1.0,40,,,,,0
13676947,1.0,41,,,,,0
13676947,1.0,42,,,,,0
13676947,1.0,43,,,,,0
13676947,1.0,44,,,,,0
13676947,1.0,45,,,,,0
13676947,1.0,46,,,,,0
13676947,1.0,47,,,,,0
13676947,1.0,48,,,,,0
13676947,1.0,49,,,,,0
13676947,1.0,50,,,,,0
13676947,1.0,51,,,,,0
13676947,1.0,52,,,,,0
13676947,1.0,53,,,,,0
13676947,1.0,54,,,,,0
13676947,1.0,55,,,,,0
13676947,1.0,56,,,,,0
13676947,1.0,57,,,,,0
13676947,1.0,58,,,,,0
13676947,1.0,59,,,,,0
13676947,1.0,60,,,,,0
96210224,1.0,1,,,,,0
96210224,1.0,2,,,,,0
96210224,1.0,3,,,,,0
96210224,1.0,4,,,,,0
96210224,1.0,5,,,,,0
96210224,1.0,6,,,,,0
96210224,1.0,7,,,,,0
96210224,1.0,8,,,,,0
96210224,1.0,9,,,,,0
96210224,1.0,10,,,,,0
96210224,1.0,11,,,,,0
96210224,1.0,12,,,,,0
96210224,1.0,13,,,,,0
96210224,1.0,14,,,,,0
96210224,1.0,15,,,,,0
96210224,1.0,16,,,,,0
96210224,1.0,17,,,,,0
96210224,1.0,18,,,,,0
96210224,1.0,19,,,,,0
96210224,1.0,20,,,,,0
96210224,1.0,21,,,,,0
96210224,1.0,22,,,,,0
96210224,1.0,23,,,,,0
96210224,1.0,24,,,,,0
96210224,1.0,25,,,,,0
96210224,1.0,26,,,,,0
96210224,1.0,27,,,,,0
96210224,1.0,28,,,,,0
96210224,1.0,29,,,,,0
96210224,1.0,30,,,,,0
96210224,1.0,31,,,,,0
96210224,1.0,32,,,,,0
96210224,1.0,33,,,,,0
96210224,1.0,34,,,,,0
96210224,1.0,35,,,,,0
96210224,1.0,36,,,,,0
96210224,1.0,37,,,,,0
96210224,1.0,38,,,,,0
96210224,1.0,39,,,,,0
96210224,1.0,40,,,,,0
96210224,1.0,41,,,,,0
96210224,1.0,42,,,,,0
96210224,1.0,43,,,,,0
96210224,1.0,44,,,,,0
96210224,1.0,45,,,,,0
96210224,1.0,46,,,,,0
96210224,1.0,47,,,,,0
96210224,1.0,48,,,,,0
96210224,1.0,49,,,,,0
96210224,1.0,50,,,,,0
96210224,1.0,51,,,,,0
96210224,1.0,52,,,,,0
96210224,1.0,53,,,,,0
96210224,1.0,54,,,,,0
96210224,1.0,55,,,,,0
96210224,1.0,56,,,,,0
96210224,1.0,57,,,,,0
96210224,1.0,58,,,,,0
96210224,1.0,59,,,,,0
96210224,1.0,60,,,,,0
55392537,1.0,1,,,,,0
55392537,1.0,2,,,,,0
55392537,1.0,3,,,,,0
55392537,1.0,4,,,,,0
55392537,1.0,5,,,,,0
55392537,1.0,6,,,,,0
55392537,1.0,7,,,,,0
55392537,1.0,8,,,,,0
55392537,1.0,9,,,,,0
55392537,1.0,10,,,,,0
55392537,1.0,11,,,,,0
55392537,1.0,12,,,,,0
55392537,1.0,13,,,,,0
55392537,1.0,14,,,,,0
55392537,1.0,15,,,,,0
55392537,1.0,16,,,,,0
55392537,1.0,17,,,,,0
55392537,1.0,18,,,,,0
55392537,1.0,19,,,,,0
55392537,1.0,20,,,,,0
55392537,1.0,21,,,,,0
55392537,1.0,22,,,,,0
55392537,1.0,23,,,,,0
55392537,1.0,24,,,,,0
55392537,1.0,25,,,,,0
55392537,1.0,26,,,,,0
55392537,1.0,27,,,,,0
55392537,1.0,28,,,,,0
55392537,1.0,29,,,,,0
55392537,1.0,30,,,,,0
55392537,1.0,31,,,,,0
55392537,1.0,32,,,,,0
55392537,1.0,33,,,,,0
55392537,1.0,34,,,,,0
55392537,1.0,35,,,,,0
55392537,1.0,36,,,,,0
55392537,1.0,37,,,,,0
55392537,1.0,38,,,,,0
55392537,1.0,39,,,,,0
55392537,1.0,40,,,,,0
55392537,1.0,41,,,,,0
55392537,1.0,42,,,,,0
55392537,1.0,43,,,,,0
55392537,1.0,44,,,,,0
55392537,1.0,45,,,,,0
55392537,1.0,46,,,,,0
55392537,1.0,47,,,,,0
55392537,1.0,48,,,,,0
55392537,1.0,49,,,,,0
55392537,1.0,50,,,,,0
55392537,1.0,51,,,,,0
55392537,1.0,52,,,,,0
55392537,1.0,53,,,,,0
55392537,1.0,54,,,,,0
55392537,1.0,55,,,,,0
55392537,1.0,56,,,,,0
55392537,1.0,57,,,,,0
55392537,1.0,58,,,,,0
55392537,1.0,59,,,,,0
55392537,1.0,60,,,,,0
54362814,1.0,1,,,,,0
54362814,1.0,2,,,,,0
54362814,1.0,3,,,,,0
54362814,1.0,4,,,,,0
54362814,1.0,5,,,,,0
54362814,1.0,6,,,,,0
54362814,1.0,7,,,,,0
54362814,1.0,8,,,,,0
54362814,1.0,9,,,,,0
54362814,1.0,10,,,,,0
54362814,1.0,11,,,,,0
54362814,1.0,12,,,,,0
54362814,1.0,13,,,,,0
54362814,1.0,14,,,,,0
54362814,1.0,15,,,,,0
54362814,1.0,16,,,,,0
54362814,1.0,17,,,,,0
54362814,1.0,18,,,,,0
54362814,1.0,19,,,,,0
54362814,1.0,20,,,,,0
54362814,1.0,21,,,,,0
54362814,1.0,22,,,,,0
54362814,1.0,23,,,,,0
54362814,1.0,24,,,,,0
54362814,1.0,25,,,,,0
54362814,1.0,26,,,,,0
54362814,1.0,27,,,,,0
54362814,1.0,28,,,,,0
54362814,1.0,29,,,,,0
54362814,1.0,30,,,,,0
54362814,1.0,31,,,,,0
54362814,1.0,32,,,,,0
54362814,1.0,33,,,,,0
54362814,1.0,34,,,,,0
54362814,1.0,35,,,,,0
54362814,1.0,36,,,,,0
54362814,1.0,37,,,,,0
54362814,1.0,38,,,,,0
54362814,1.0,39,,,,,0
54362814,1.0,40,,,,,0
54362814,1.0,41,,,,,0
54362814,1.0,42,,,,,0
54362814,1.0,43,,,,,0
54362814,1.0,44,,,,,0
54362814,1.0,45,,,,,0
54362814,1.0,46,,,,,0
54362814,1.0,47,,,,,0
54362814,1.0,48,,,,,0
54362814,1.0,49,,,,,0
54362814,1.0,50,,,,,0
54362814,1.0,51,,,,,0
54362814,1.0,52,,,,,0
54362814,1.0,53,,,,,0
54362814,1.0,54,,,,,0
54362814,1.0,55,,,,,0
54362814,1.0,56,,,,,0
54362814,1.0,57,,,,,0
54362814,1.0,58,,,,,0
54362814,1.0,59,,,,,0
54362814,1.0,60,,,,,0
13424077,1.0,1,,,,,0
13424077,1.0,2,,,,,0
13424077,1.0,3,,,,,0
13424077,1.0,4,,,,,0
13424077,1.0,5,,,,,0
13424077,1.0,6,,,,,0
13424077,1.0,7,,,,,0
13424077,1.0,8,,,,,0
13424077,1.0,9,,,,,0
13424077,1.0,10,,,,,0
13424077,1.0,11,,,,,0
13424077,1.0,12,,,,,0
13424077,1.0,13,,,,,0
13424077,1.0,14,,,,,0
13424077,1.0,15,,,,,0
13424077,1.0,16,,,,,0
13424077,1.0,17,,,,,0
13424077,1.0,18,,,,,0
13424077,1.0,19,,,,,0
13424077,1.0,20,,,,,0
13424077,1.0,21,,,,,0
13424077,1.0,22,,,,,0
13424077,1.0,23,,,,,0
13424077,1.0,24,,,,,0
13424077,1.0,25,,,,,0
13424077,1.0,26,,,,,0
13424077,1.0,27,,,,,0
13424077,1.0,28,,,,,0
13424077,1.0,29,,,,,0
13424077,1.0,30,,,,,0
13424077,1.0,31,,,,,0
13424077,1.0,32,,,,,0
13424077,1.0,33,,,,,0
13424077,1.0,34,,,,,0
13424077,1.0,35,,,,,0
13424077,1.0,36,,,,,0
13424077,1.0,37,,,,,0
13424077,1.0,38,,,,,0
13424077,1.0,39,,,,,0
13424077,1.0,40,,,,,0
13424077,1.0,41,,,,,0
13424077,1.0,42,,,,,0
13424077,1.0,43,,,,,0
13424077,1.0,44,,,,,0
13424077,1.0,45,,,,,0
13424077,1.0,46,,,,,0
13424077,1.0,47,,,,,0
13424077,1.0,48,,,,,0
13424077,1.0,49,,,,,0
13424077,1.0,50,,,,,0
13424077,1.0,51,,,,,0
13424077,1.0,52,,,,,0
13424077,1.0,53,,,,,0
13424077,1.0,54,,,,,0
13424077,1.0,55,,,,,0
13424077,1.0,56,,,,,0
13424077,1.0,57,,,,,0
13424077,1.0,58,,,,,0
13424077,1.0,59,,,,,0
13424077,1.0,60,,,,,0
29136794,1.0,1,,,,,0
29136794,1.0,2,,,,,0
29136794,1.0,3,,,,,0
29136794,1.0,4,,,,,0
29136794,1.0,5,,,,,0
29136794,1.0,6,,,,,0
29136794,1.0,7,,,,,0
29136794,1.0,8,,,,,0
29136794,1.0,9,,,,,0
29136794,1.0,10,,,,,0
29136794,1.0,11,,,,,0
29136794,1.0,12,,,,,0
29136794,1.0,13,,,,,0
29136794,1.0,14,,,,,0
29136794,1.0,15,,,,,0
29136794,1.0,16,,,,,0
29136794,1.0,17,,,,,0
29136794,1.0,18,,,,,0
29136794,1.0,19,,,,,0
29136794,1.0,20,,,,,0
29136794,1.0,21,,,,,0
29136794,1.0,22,,,,,0
29136794,1.0,23,,,,,0
29136794,1.0,24,,,,,0
29136794,1.0,25,,,,,0
29136794,1.0,26,,,,,0
29136794,1.0,27,,,,,0
29136794,1.0,28,,,,,0
29136794,1.0,29,,,,,0
29136794,1.0,30,,,,,0
29136794,1.0,31,,,,,0
29136794,1.0,32,,,,,0
29136794,1.0,33,,,,,0
29136794,1.0,34,,,,,0
29136794,1.0,35,,,,,0
29136794,1.0,36,,,,,0
29136794,1.0,37,,,,,0
29136794,1.0,38,,,,,0
29136794,1.0,39,,,,,0
29136794,1.0,40,,,,,0
29136794,1.0,41,,,,,0
29136794,1.0,42,,,,,0
29136794,1.0,43,,,,,0
29136794,1.0,44,,,,,0
29136794,1.0,45,,,,,0
29136794,1.0,46,,,,,0
29136794,1.0,47,,,,,0
29136794,1.0,48,,,,,0
29136794,1.0,49,,,,,0
29136794,1.0,50,,,,,0
29136794,1.0,51,,,,,0
29136794,1.0,52,,,,,0
29136794,1.0,53,,,,,0
29136794,1.0,54,,,,,0
29136794,1.0,55,,,,,0
29136794,1.0,56,,,,,0
29136794,1.0,57,,,,,0
29136794,1.0,58,,,,,0
29136794,1.0,59,,,,,0
29136794,1.0,60,,,,,0
94582361,1.0,1,,,,,0
94582361,1.0,2,,,,,0
94582361,1.0,3,,,,,0
94582361,1.0,4,,,,,0
94582361,1.0,5,,,,,0
94582361,1.0,6,,,,,0
94582361,1.0,7,,,,,0
94582361,1.0,8,,,,,0
94582361,1.0,9,,,,,0
94582361,1.0,10,,,,,0
94582361,1.0,11,,,,,0
94582361,1.0,12,,,,,0
94582361,1.0,13,,,,,0
94582361,1.0,14,,,,,0
94582361,1.0,15,,,,,0
94582361,1.0,16,,,,,0
94582361,1.0,17,,,,,0
94582361,1.0,18,,,,,0
94582361,1.0,19,,,,,0
94582361,1.0,20,,,,,0
94582361,1.0,21,,,,,0
94582361,1.0,22,,,,,0
94582361,1.0,23,,,,,0
94582361,1.0,24,,,,,0
94582361,1.0,25,,,,,0
94582361,1.0,26,,,,,0
94582361,1.0,27,,,,,0
94582361,1.0,28,,,,,0
94582361,1.0,29,,,,,0
94582361,1.0,30,,,,,0
94582361,1.0,31,,,,,0
94582361,1.0,32,,,,,0
94582361,1.0,33,,,,,0
94582361,1.0,34,,,,,0
94582361,1.0,35,,,,,0
94582361,1.0,36,,,,,0
94582361,1.0,37,,,,,0
94582361,1.0,38,,,,,0
94582361,1.0,39,,,,,0
94582361,1.0,40,,,,,0
94582361,1.0,41,,,,,0
94582361,1.0,42,,,,,0
94582361,1.0,43,,,,,0
94582361,1.0,44,,,,,0
94582361,1.0,45,,,,,0
94582361,1.0,46,,,,,0
94582361,1.0,47,,,,,0
94582361,1.0,48,,,,,0
94582361,1.0,49,,,,,0
94582361,1.0,50,,,,,0
94582361,1.0,51,,,,,0
94582361,1.0,52,,,,,0
94582361,1.0,53,,,,,0
94582361,1.0,54,,,,,0
94582361,1.0,55,,,,,0
94582361,1.0,56,,,,,0
94582361,1.0,57,,,,,0
94582361,1.0,58,,,,,0
94582361,1.0,59,,,,,0
94582361,1.0,60,,,,,0
68245614,1.0,1,,,,,0
68245614,1.0,2,,,,,0
68245614,1.0,3,,,,,0
68245614,1.0,4,,,,,0
68245614,1.0,5,,,,,0
68245614,1.0,6,,,,,0
68245614,1.0,7,,,,,0
68245614,1.0,8,,,,,0
68245614,1.0,9,,,,,0
68245614,1.0,10,,,,,0
68245614,1.0,11,,,,,0
68245614,1.0,12,,,,,0
68245614,1.0,13,,,,,0
68245614,1.0,14,,,,,0
68245614,1.0,15,,,,,0
68245614,1.0,16,,,,,0
68245614,1.0,17,,,,,0
68245614,1.0,18,,,,,0
68245614,1.0,19,,,,,0
68245614,1.0,20,,,,,0
68245614,1.0,21,,,,,0
68245614,1.0,22,,,,,0
68245614,1.0,23,,,,,0
68245614,1.0,24,,,,,0
68245614,1.0,25,,,,,0
68245614,1.0,26,,,,,0
68245614,1.0,27,,,,,0
68245614,1.0,28,,,,,0
68245614,1.0,29,,,,,0
68245614,1.0,30,,,,,0
68245614,1.0,31,,,,,0
68245614,1.0,32,,,,,0
68245614,1.0,33,,,,,0
68245614,1.0,34,,,,,0
68245614,1.0,35,,,,,0
68245614,1.0,36,,,,,0
68245614,1.0,37,,,,,0
68245614,1.0,38,,,,,0
68245614,1.0,39,,,,,0
68245614,1.0,40,,,,,0
68245614,1.0,41,,,,,0
68245614,1.0,42,,,,,0
68245614,1.0,43,,,,,0
68245614,1.0,44,,,,,0
68245614,1.0,45,,,,,0
68245614,1.0,46,,,,,0
68245614,1.0,47,,,,,0
68245614,1.0,48,,,,,0
68245614,1.0,49,,,,,0
68245614,1.0,50,,,,,0
68245614,1.0,51,,,,,0
68245614,1.0,52,,,,,0
68245614,1.0,53,,,,,0
68245614,1.0,54,,,,,0
68245614,1.0,55,,,,,0
68245614,1.0,56,,,,,0
68245614,1.0,57,,,,,0
68245614,1.0,58,,,,,0
68245614,1.0,59,,,,,0
68245614,1.0,60,,,,,0
52192658,1.0,1,,,,,0
52192658,1.0,2,,,,,0
52192658,1.0,3,56835375,onsite,0.125,0.0,1
52192658,1.0,4,85876972,onsite,0.125,0.0,1
52192658,1.0,5,82473832,onsite,0.125,0.0,1
52192658,1.0,6,84730110,onsite,0.125,0.0,1
52192658,1.0,7,44564234,onsite,0.125,0.0,1
52192658,1.0,8,54794966,onsite,0.125,0.0,1
52192658,1.0,9,85876972,onsite,0.125,0.0,1
52192658,1.0,10,78257789,onsite,0.125,0.0,1
52192658,1.0,11,92471125,onsite,0.125,0.0,1
52192658,1.0,12,78257789,onsite,0.125,0.0,1
52192658,1.0,13,90137660,onsite,0.125,0.0,1
52192658,1.0,14,10892619,onsite,0.7501875468867217,0.0,1
52192658,1.0,15,84177662,onsite,0.125,0.0,1
52192658,1.0,16,14117027,onsite,0.7501875468867217,0.0,1
52192658,1.0,17,90137660,onsite,0.125,0.0,1
52192658,1.0,18,24073253,onsite,0.7501875468867217,0.0,1
52192658,1.0,19,,,,,0
52192658,1.0,20,29524718,onsite,0.7501875468867217,0.0,1
52192658,1.0,21,80636212,onsite,0.7501875468867217,0.0,1
52192658,1.0,22,,,,,0
52192658,1.0,23,,,,,0
52192658,1.0,24,33010398,onsite,2.0,0.0,1
52192658,1.0,25,,,,,0
52192658,1.0,26,,,,,0
52192658,1.0,27,,,,,0
52192658,1.0,28,,,,,0
52192658,1.0,29,,,,,0
52192658,1.0,30,,,,,0
52192658,1.0,31,,,,,0
52192658,1.0,32,,,,,0
52192658,1.0,33,,,,,0
52192658,1.0,34,,,,,0
52192658,1.0,35,,,,,0
52192658,1.0,36,,,,,0
52192658,1.0,37,,,,,0
52192658,1.0,38,,,,,0
52192658,1.0,39,,,,,0
52192658,1.0,40,,,,,0
52192658,1.0,41,,,,,0
52192658,1.0,42,,,,,0
52192658,1.0,43,,,,,0
52192658,1.0,44,,,,,0
52192658,1.0,45,,,,,0
52192658,1.0,46,,,,,0
52192658,1.0,47,,,,,0
52192658,1.0,48,,,,,0
52192658,1.0,49,,,,,0
52192658,1.0,50,,,,,0
52192658,1.0,51,,,,,0
52192658,1.0,52,,,,,0
52192658,1.0,53,,,,,0
52192658,1.0,54,,,,,0
52192658,1.0,55,,,,,0
52192658,1.0,56,,,,,0
52192658,1.0,57,,,,,0
52192658,1.0,58,,,,,0
52192658,1.0,59,,,,,0
52192658,1.0,60,,,,,0
69968859,1.0,1,,,,,0
69968859,1.0,2,,,,,0
69968859,1.0,3,,,,,0
69968859,1.0,4,,,,,0
69968859,1.0,5,,,,,0
69968859,1.0,6,,,,,0
69968859,1.0,7,,,,,0
69968859,1.0,8,,,,,0
69968859,1.0,9,,,,,0
69968859,1.0,10,,,,,0
69968859,1.0,11,,,,,0
69968859,1.0,12,,,,,0
69968859,1.0,13,,,,,0
69968859,1.0,14,,,,,0
69968859,1.0,15,,,,,0
69968859,1.0,16,,,,,0
69968859,1.0,17,,,,,0
69968859,1.0,18,,,,,0
69968859,1.0,19,,,,,0
69968859,1.0,20,,,,,0
69968859,1.0,21,,,,,0
69968859,1.0,22,,,,,0
69968859,1.0,23,,,,,0
69968859,1.0,24,,,,,0
69968859,1.0,25,,,,,0
69968859,1.0,26,,,,,0
69968859,1.0,27,,,,,0
69968859,1.0,28,,,,,0
69968859,1.0,29,,,,,0
69968859,1.0,30,,,,,0
69968859,1.0,31,,,,,0
69968859,1.0,32,,,,,0
69968859,1.0,33,,,,,0
69968859,1.0,34,,,,,0
69968859,1.0,35,,,,,0
69968859,1.0,36,,,,,0
69968859,1.0,37,,,,,0
69968859,1.0,38,,,,,0
69968859,1.0,39,,,,,0
69968859,1.0,40,,,,,0
69968859,1.0,41,,,,,0
69968859,1.0,42,,,,,0
69968859,1.0,43,,,,,0
69968859,1.0,44,,,,,0
69968859,1.0,45,,,,,0
69968859,1.0,46,,,,,0
69968859,1.0,47,,,,,0
69968859,1.0,48,,,,,0
69968859,1.0,49,,,,,0
69968859,1.0,50,,,,,0
69968859,1.0,51,,,,,0
69968859,1.0,52,,,,,0
69968859,1.0,53,,,,,0
69968859,1.0,54,,,,,0
69968859,1.0,55,,,,,0
69968859,1.0,56,,,,,0
69968859,1.0,57,,,,,0
69968859,1.0,58,,,,,0
69968859,1.0,59,,,,,0
69968859,1.0,60,,,,,0
50587694,1.0,1,,,,,0
50587694,1.0,2,,,,,0
50587694,1.0,3,,,,,0
50587694,1.0,4,,,,,0
50587694,1.0,5,,,,,0
50587694,1.0,6,,,,,0
50587694,1.0,7,,,,,0
50587694,1.0,8,,,,,0
50587694,1.0,9,,,,,0
50587694,1.0,10,,,,,0
50587694,1.0,11,,,,,0
50587694,1.0,12,,,,,0
50587694,1.0,13,,,,,0
50587694,1.0,14,,,,,0
50587694,1.0,15,,,,,0
50587694,1.0,16,,,,,0
50587694,1.0,17,,,,,0
50587694,1.0,18,,,,,0
50587694,1.0,19,,,,,0
50587694,1.0,20,,,,,0
50587694,1.0,21,,,,,0
50587694,1.0,22,,,,,0
50587694,1.0,23,,,,,0
50587694,1.0,24,,,,,0
50587694,1.0,25,,,,,0
50587694,1.0,26,,,,,0
50587694,1.0,27,,,,,0
50587694,1.0,28,,,,,0
50587694,1.0,29,,,,,0
50587694,1.0,30,,,,,0
50587694,1.0,31,,,,,0
50587694,1.0,32,,,,,0
50587694,1.0,33,,,,,0
50587694,1.0,34,,,,,0
50587694,1.0,35,,,,,0
50587694,1.0,36,,,,,0
50587694,1.0,37,,,,,0
50587694,1.0,38,,,,,0
50587694,1.0,39,,,,,0
50587694,1.0,40,,,,,0
50587694,1.0,41,,,,,0
50587694,1.0,42,,,,,0
50587694,1.0,43,,,,,0
50587694,1.0,44,,,,,0
50587694,1.0,45,,,,,0
50587694,1.0,46,,,,,0
50587694,1.0,47,,,,,0
50587694,1.0,48,,,,,0
50587694,1.0,49,,,,,0
50587694,1.0,50,,,,,0
50587694,1.0,51,,,,,0
50587694,1.0,52,,,,,0
50587694,1.0,53,,,,,0
50587694,1.0,54,,,,,0
50587694,1.0,55,,,,,0
50587694,1.0,56,,,,,0
50587694,1.0,57,,,,,0
50587694,1.0,58,,,,,0
50587694,1.0,59,,,,,0
50587694,1.0,60,,,,,0
55514458,1.0,1,,,,,0
55514458,1.0,2,,,,,0
55514458,1.0,3,,,,,0
55514458,1.0,4,,,,,0
55514458,1.0,5,,,,,0
55514458,1.0,6,,,,,0
55514458,1.0,7,,,,,0
55514458,1.0,8,,,,,0
55514458,1.0,9,,,,,0
55514458,1.0,10,,,,,0
55514458,1.0,11,,,,,0
55514458,1.0,12,,,,,0
55514458,1.0,13,,,,,0
55514458,1.0,14,,,,,0
55514458,1.0,15,,,,,0
55514458,1.0,16,,,,,0
55514458,1.0,17,,,,,0
55514458,1.0,18,,,,,0
55514458,1.0,19,,,,,0
55514458,1.0,20,,,,,0
55514458,1.0,21,,,,,0
55514458,1.0,22,,,,,0
55514458,1.0,23,,,,,0
55514458,1.0,24,,,,,0
55514458,1.0,25,,,,,0
55514458,1.0,26,,,,,0
55514458,1.0,27,,,,,0
55514458,1.0,28,,,,,0
55514458,1.0,29,,,,,0
55514458,1.0,30,,,,,0
55514458,1.0,31,,,,,0
55514458,1.0,32,,,,,0
55514458,1.0,33,,,,,0
55514458,1.0,34,,,,,0
55514458,1.0,35,,,,,0
55514458,1.0,36,,,,,0
55514458,1.0,37,,,,,0
55514458,1.0,38,,,,,0
55514458,1.0,39,,,,,0
55514458,1.0,40,,,,,0
55514458,1.0,41,,,,,0
55514458,1.0,42,,,,,0
55514458,1.0,43,,,,,0
55514458,1.0,44,,,,,0
55514458,1.0,45,,,,,0
55514458,1.0,46,,,,,0
55514458,1.0,47,,,,,0
55514458,1.0,48,,,,,0
55514458,1.0,49,,,,,0
55514458,1.0,50,,,,,0
55514458,1.0,51,,,,,0
55514458,1.0,52,,,,,0
55514458,1.0,53,,,,,0
55514458,1.0,54,,,,,0
55514458,1.0,55,,,,,0
55514458,1.0,56,,,,,0
55514458,1.0,57,,,,,0
55514458,1.0,58,,,,,0
55514458,1.0,59,,,,,0
55514458,1.0,60,,,,,0
27328743,1.0,1,43631890,onsite,0.125,0.0,1
27328743,1.0,2,50984520,onsite,0.125,0.0,1
27328743,1.0,3,50984520,onsite,0.125,0.0,1
27328743,1.0,4,13637202,onsite,0.125,0.0,1
27328743,1.0,5,47879707,onsite,0.125,0.0,1
27328743,1.0,6,43631890,onsite,0.125,0.0,1
27328743,1.0,7,37785214,onsite,0.125,0.0,1
27328743,1.0,8,40114190,onsite,0.125,0.0,1
27328743,1.0,9,40114190,onsite,0.125,0.0,1
27328743,1.0,10,34101951,onsite,0.125,0.0,1
27328743,1.0,11,49631463,onsite,2.0,0.0,1
27328743,1.0,12,,,,,0
27328743,1.0,13,37788556,onsite,0.7501875468867217,0.0,1
27328743,1.0,14,99379271,onsite,0.7501875468867217,0.0,1
27328743,1.0,15,,,,,0
27328743,1.0,16,19551080,onsite,0.7501875468867217,0.0,1
27328743,1.0,17,,,,,0
27328743,1.0,18,,,,,0
27328743,1.0,19,27935826,onsite,2.0,0.0,1
27328743,1.0,20,,,,,0
27328743,1.0,21,,,,,0
27328743,1.0,22,55612037,onsite,2.0,0.0,1
27328743,1.0,23,78685358,onsite,2.5,0.0,1
27328743,1.0,24,45779025,onsite,2.0,0.0,1
27328743,1.0,25,,,,,0
27328743,1.0,26,,,,,0
27328743,1.0,27,51962308,onsite,2.0,0.0,1
27328743,1.0,28,,,,,0
27328743,1.0,29,,,,,0
27328743,1.0,30,,,,,0
27328743,1.0,31,48114411,onsite,2.5,0.0,1
27328743,1.0,32,,,,,0
27328743,1.0,33,,,,,0
27328743,1.0,34,,,,,0
27328743,1.0,35,,,,,0
27328743,1.0,36,,,,,0
27328743,1.0,37,,,,,0
27328743,1.0,38,,,,,0
27328743,1.0,39,,,,,0
27328743,1.0,40,,,,,0
27328743,1.0,41,,,,,0
27328743,1.0,42,,,,,0
27328743,1.0,43,,,,,0
27328743,1.0,44,,,,,0
27328743,1.0,45,,,,,0
27328743,1.0,46,,,,,0
27328743,1.0,47,,,,,0
27328743,1.0,48,,,,,0
27328743,1.0,49,,,,,0
27328743,1.0,50,,,,,0
27328743,1.0,51,,,,,0
27328743,1.0,52,,,,,0
27328743,1.0,53,,,,,0
27328743,1.0,54,,,,,0
27328743,1.0,55,,,,,0
27328743,1.0,56,,,,,0
27328743,1.0,57,,,,,0
27328743,1.0,58,,,,,0
27328743,1.0,59,,,,,0
27328743,1.0,60,,,,,0
66602850,1.0,1,,,,,0
66602850,1.0,2,,,,,0
66602850,1.0,3,,,,,0
66602850,1.0,4,,,,,0
66602850,1.0,5,,,,,0
66602850,1.0,6,,,,,0
66602850,1.0,7,,,,,0
66602850,1.0,8,,,,,0
66602850,1.0,9,,,,,0
66602850,1.0,10,,,,,0
66602850,1.0,11,,,,,0
66602850,1.0,12,,,,,0
66602850,1.0,13,,,,,0
66602850,1.0,14,,,,,0
66602850,1.0,15,,,,,0
66602850,1.0,16,,,,,0
66602850,1.0,17,,,,,0
66602850,1.0,18,,,,,0
66602850,1.0,19,,,,,0
66602850,1.0,20,,,,,0
66602850,1.0,21,,,,,0
66602850,1.0,22,,,,,0
66602850,1.0,23,,,,,0
66602850,1.0,24,,,,,0
66602850,1.0,25,,,,,0
66602850,1.0,26,,,,,0
66602850,1.0,27,,,,,0
66602850,1.0,28,,,,,0
66602850,1.0,29,,,,,0
66602850,1.0,30,,,,,0
66602850,1.0,31,,,,,0
66602850,1.0,32,,,,,0
66602850,1.0,33,,,,,0
66602850,1.0,34,,,,,0
66602850,1.0,35,,,,,0
66602850,1.0,36,,,,,0
66602850,1.0,37,,,,,0
66602850,1.0,38,,,,,0
66602850,1.0,39,,,,,0
66602850,1.0,40,,,,,0
66602850,1.0,41,,,,,0
66602850,1.0,42,,,,,0
66602850,1.0,43,,,,,0
66602850,1.0,44,,,,,0
66602850,1.0,45,,,,,0
66602850,1.0,46,,,,,0
66602850,1.0,47,,,,,0
66602850,1.0,48,,,,,0
66602850,1.0,49,,,,,0
66602850,1.0,50,,,,,0
66602850,1.0,51,,,,,0
66602850,1.0,52,,,,,0
66602850,1.0,53,,,,,0
66602850,1.0,54,,,,,0
66602850,1.0,55,,,,,0
66602850,1.0,56,,,,,0
66602850,1.0,57,,,,,0
66602850,1.0,58,,,,,0
66602850,1.0,59,,,,,0
66602850,1.0,60,,,,,0
54199425,1.0,1,,,,,0
54199425,1.0,2,,,,,0
54199425,1.0,3,,,,,0
54199425,1.0,4,,,,,0
54199425,1.0,5,,,,,0
54199425,1.0,6,,,,,0
54199425,1.0,7,,,,,0
54199425,1.0,8,,,,,0
54199425,1.0,9,,,,,0
54199425,1.0,10,,,,,0
54199425,1.0,11,,,,,0
54199425,1.0,12,,,,,0
54199425,1.0,13,,,,,0
54199425,1.0,14,,,,,0
54199425,1.0,15,,,,,0
54199425,1.0,16,,,,,0
54199425,1.0,17,,,,,0
54199425,1.0,18,,,,,0
54199425,1.0,19,,,,,0
54199425,1.0,20,,,,,0
54199425,1.0,21,,,,,0
54199425,1.0,22,,,,,0
54199425,1.0,23,,,,,0
54199425,1.0,24,,,,,0
54199425,1.0,25,,,,,0
54199425,1.0,26,,,,,0
54199425,1.0,27,,,,,0
54199425,1.0,28,,,,,0
54199425,1.0,29,,,,,0
54199425,1.0,30,,,,,0
54199425,1.0,31,,,,,0
54199425,1.0,32,,,,,0
54199425,1.0,33,,,,,0
54199425,1.0,34,,,,,0
54199425,1.0,35,,,,,0
54199425,1.0,36,,,,,0
54199425,1.0,37,,,,,0
54199425,1.0,38,,,,,0
54199425,1.0,39,,,,,0
54199425,1.0,40,,,,,0
54199425,1.0,41,,,,,0
54199425,1.0,42,,,,,0
54199425,1.0,43,,,,,0
54199425,1.0,44,,,,,0
54199425,1.0,45,,,,,0
54199425,1.0,46,,,,,0
54199425,1.0,47,,,,,0
54199425,1.0,48,,,,,0
54199425,1.0,49,,,,,0
54199425,1.0,50,,,,,0
54199425,1.0,51,,,,,0
54199425,1.0,52,,,,,0
54199425,1.0,53,,,,,0
54199425,1.0,54,,,,,0
54199425,1.0,55,,,,,0
54199425,1.0,56,,,,,0
54199425,1.0,57,,,,,0
54199425,1.0,58,,,,,0
54199425,1.0,59,,,,,0
54199425,1.0,60,,,,,0
87951870,1.0,1,,,,,0
87951870,1.0,2,,,,,0
87951870,1.0,3,,,,,0
87951870,1.0,4,,,,,0
87951870,1.0,5,,,,,0
87951870,1.0,6,,,,,0
87951870,1.0,7,,,,,0
87951870,1.0,8,,,,,0
87951870,1.0,9,,,,,0
87951870,1.0,10,,,,,0
87951870,1.0,11,,,,,0
87951870,1.0,12,,,,,0
87951870,1.0,13,,,,,0
87951870,1.0,14,,,,,0
87951870,1.0,15,,,,,0
87951870,1.0,16,,,,,0
87951870,1.0,17,,,,,0
87951870,1.0,18,,,,,0
87951870,1.0,19,,,,,0
87951870,1.0,20,,,,,0
87951870,1.0,21,,,,,0
87951870,1.0,22,,,,,0
87951870,1.0,23,,,,,0
87951870,1.0,24,,,,,0
87951870,1.0,25,,,,,0
87951870,1.0,26,,,,,0
87951870,1.0,27,,,,,0
87951870,1.0,28,,,,,0
87951870,1.0,29,,,,,0
87951870,1.0,30,,,,,0
87951870,1.0,31,,,,,0
87951870,1.0,32,,,,,0
87951870,1.0,33,,,,,0
87951870,1.0,34,,,,,0
87951870,1.0,35,,,,,0
87951870,1.0,36,,,,,0
87951870,1.0,37,,,,,0
87951870,1.0,38,,,,,0
87951870,1.0,39,,,,,0
87951870,1.0,40,,,,,0
87951870,1.0,41,,,,,0
87951870,1.0,42,,,,,0
87951870,1.0,43,,,,,0
87951870,1.0,44,,,,,0
87951870,1.0,45,,,,,0
87951870,1.0,46,,,,,0
87951870,1.0,47,,,,,0
87951870,1.0,48,,,,,0
87951870,1.0,49,,,,,0
87951870,1.0,50,,,,,0
87951870,1.0,51,,,,,0
87951870,1.0,52,,,,,0
87951870,1.0,53,,,,,0
87951870,1.0,54,,,,,0
87951870,1.0,55,,,,,0
87951870,1.0,56,,,,,0
87951870,1.0,57,,,,,0
87951870,1.0,58,,,,,0
87951870,1.0,59,,,,,0
87951870,1.0,60,,,,,0
35386202,1.0,1,,,,,0
35386202,1.0,2,,,,,0
35386202,1.0,3,,,,,0
35386202,1.0,4,55122358,onsite,0.7501875468867217,0.0,1
35386202,1.0,5,32550898,onsite,0.125,0.0,1
35386202,1.0,6,32550898,onsite,0.125,0.0,1
35386202,1.0,7,13124031,onsite,0.125,0.0,1
35386202,1.0,8,13124031,onsite,0.125,0.0,1
35386202,1.0,9,32550898,onsite,0.125,0.0,1
35386202,1.0,10,13124031,onsite,0.125,0.0,1
35386202,1.0,11,13124031,onsite,0.125,0.0,1
35386202,1.0,12,32550898,onsite,0.125,0.0,1
35386202,1.0,13,,,,,0
35386202,1.0,14,,,,,0
35386202,1.0,15,,,,,0
35386202,1.0,16,70065156,onsite,0.7501875468867217,0.0,1
35386202,1.0,17,13766694,onsite,0.7501875468867217,0.0,1
35386202,1.0,18,25393624,onsite,0.7501875468867217,0.0,1
35386202,1.0,19,,,,,0
35386202,1.0,20,,,,,0
35386202,1.0,21,51967161,online,2.0,0.0,1
35386202,1.0,22,,,,,0
35386202,1.0,23,54610468,online,2.0,0.0,1
35386202,1.0,24,,,,,0
35386202,1.0,25,,,,,0
35386202,1.0,26,90758095,online,2.0,0.0,1
35386202,1.0,27,,,,,0
35386202,1.0,28,43901627,online,3.003003003003003,0.0,1
35386202,1.0,29,,,,,0
35386202,1.0,30,,,,,0
35386202,1.0,31,,,,,0
35386202,1.0,32,83921644,online,3.003003003003003,0.0,1
35386202,1.0,33,,,,,0
35386202,1.0,34,,,,,0
35386202,1.0,35,,,,,0
35386202,1.0,36,,,,,0
35386202,1.0,37,,,,,0
35386202,1.0,38,,,,,0
35386202,1.0,39,,,,,0
35386202,1.0,40,,,,,0
35386202,1.0,41,,,,,0
35386202,1.0,42,,,,,0
35386202,1.0,43,,,,,0
35386202,1.0,44,,,,,0
35386202,1.0,45,,,,,0
35386202,1.0,46,,,,,0
35386202,1.0,47,,,,,0
35386202,1.0,48,,,,,0
35386202,1.0,49,,,,,0
35386202,1.0,50,,,,,0
35386202,1.0,51,,,,,0
35386202,1.0,52,,,,,0
35386202,1.0,53,,,,,0
35386202,1.0,54,,,,,0
35386202,1.0,55,,,,,0
35386202,1.0,56,,,,,0
35386202,1.0,57,,,,,0
35386202,1.0,58,,,,,0
35386202,1.0,59,,,,,0
35386202,1.0,60,,,,,0
49267899,1.0,1,,,,,0
49267899,1.0,2,,,,,0
49267899,1.0,3,92071903,onsite,0.125,0.0,1
49267899,1.0,4,74903311,onsite,0.125,0.0,1
49267899,1.0,5,,,,,0
49267899,1.0,6,,,,,0
49267899,1.0,7,51375328,onsite,0.125,0.0,1
49267899,1.0,8,,,,,0
49267899,1.0,9,,,,,0
49267899,1.0,10,74903311,onsite,0.125,0.0,1
49267899,1.0,11,,,,,0
49267899,1.0,12,,,,,0
49267899,1.0,13,,,,,0
49267899,1.0,14,,,,,0
49267899,1.0,15,,,,,0
49267899,1.0,16,,,,,0
49267899,1.0,17,,,,,0
49267899,1.0,18,38545745,online,3.003003003003003,0.0,1
49267899,1.0,19,,,,,0
49267899,1.0,20,17573177,online,2.0,0.0,1
49267899,1.0,21,37788034,online,2.0,0.0,1
49267899,1.0,22,,,,,0
49267899,1.0,23,19769869,online,2.0,0.0,1
49267899,1.0,24,38858223,online,2.0,0.0,1
49267899,1.0,25,24915230,online,2.5,0.0,1
49267899,1.0,26,53663111,online,2.0,0.0,1
49267899,1.0,27,20604531,online,2.0,0.0,1
49267899,1.0,28,40887256,online,2.0,0.0,1
49267899,1.0,29,87944301,online,3.003003003003003,0.0,1
49267899,1.0,30,25350710,online,2.5,0.0,1
49267899,1.0,31,40809082,online,2.5,0.0,1
49267899,1.0,32,,,,,0
49267899,1.0,33,23641394,online,3.003003003003003,0.0,1
49267899,1.0,34,,,,,0
49267899,1.0,35,,,,,0
49267899,1.0,36,,,,,0
49267899,1.0,37,,,,,0
49267899,1.0,38,,,,,0
49267899,1.0,39,,,,,0
49267899,1.0,40,,,,,0
49267899,1.0,41,,,,,0
49267899,1.0,42,,,,,0
49267899,1.0,43,,,,,0
49267899,1.0,44,,,,,0
49267899,1.0,45,,,,,0
49267899,1.0,46,,,,,0
49267899,1.0,47,,,,,0
49267899,1.0,48,,,,,0
49267899,1.0,49,,,,,0
49267899,1.0,50,,,,,0
49267899,1.0,51,,,,,0
49267899,1.0,52,,,,,0
49267899,1.0,53,,,,,0
49267899,1.0,54,,,,,0
49267899,1.0,55,,,,,0
49267899,1.0,56,,,,,0
49267899,1.0,57,,,,,0
49267899,1.0,58,,,,,0
49267899,1.0,59,,,,,0
49267899,1.0,60,,,,,0
84049591,1.0,1,,,,,0
84049591,1.0,2,,,,,0
84049591,1.0,3,,,,,0
84049591,1.0,4,,,,,0
84049591,1.0,5,,,,,0
84049591,1.0,6,,,,,0
84049591,1.0,7,,,,,0
84049591,1.0,8,,,,,0
84049591,1.0,9,,,,,0
84049591,1.0,10,,,,,0
84049591,1.0,11,,,,,0
84049591,1.0,12,,,,,0
84049591,1.0,13,,,,,0
84049591,1.0,14,,,,,0
84049591,1.0,15,,,,,0
84049591,1.0,16,,,,,0
84049591,1.0,17,,,,,0
84049591,1.0,18,,,,,0
84049591,1.0,19,,,,,0
84049591,1.0,20,,,,,0
84049591,1.0,21,,,,,0
84049591,1.0,22,,,,,0
84049591,1.0,23,,,,,0
84049591,1.0,24,,,,,0
84049591,1.0,25,,,,,0
84049591,1.0,26,,,,,0
84049591,1.0,27,,,,,0
84049591,1.0,28,,,,,0
84049591,1.0,29,,,,,0
84049591,1.0,30,,,,,0
84049591,1.0,31,,,,,0
84049591,1.0,32,,,,,0
84049591,1.0,33,,,,,0
84049591,1.0,34,,,,,0
84049591,1.0,35,,,,,0
84049591,1.0,36,,,,,0
84049591,1.0,37,,,,,0
84049591,1.0,38,,,,,0
84049591,1.0,39,,,,,0
84049591,1.0,40,,,,,0
84049591,1.0,41,,,,,0
84049591,1.0,42,,,,,0
84049591,1.0,43,,,,,0
84049591,1.0,44,,,,,0
84049591,1.0,45,,,,,0
84049591,1.0,46,,,,,0
84049591,1.0,47,,,,,0
84049591,1.0,48,,,,,0
84049591,1.0,49,,,,,0
84049591,1.0,50,,,,,0
84049591,1.0,51,,,,,0
84049591,1.0,52,,,,,0
84049591,1.0,53,,,,,0
84049591,1.0,54,,,,,0
84049591,1.0,55,,,,,0
84049591,1.0,56,,,,,0
84049591,1.0,57,,,,,0
84049591,1.0,58,,,,,0
84049591,1.0,59,,,,,0
84049591,1.0,60,,,,,0
13565299,1.0,1,,,,,0
13565299,1.0,2,,,,,0
13565299,1.0,3,,,,,0
13565299,1.0,4,,,,,0
13565299,1.0,5,,,,,0
13565299,1.0,6,,,,,0
13565299,1.0,7,,,,,0
13565299,1.0,8,,,,,0
13565299,1.0,9,,,,,0
13565299,1.0,10,,,,,0
13565299,1.0,11,,,,,0
13565299,1.0,12,,,,,0
13565299,1.0,13,,,,,0
13565299,1.0,14,,,,,0
13565299,1.0,15,,,,,0
13565299,1.0,16,,,,,0
13565299,1.0,17,,,,,0
13565299,1.0,18,,,,,0
13565299,1.0,19,,,,,0
13565299,1.0,20,,,,,0
13565299,1.0,21,,,,,0
13565299,1.0,22,,,,,0
13565299,1.0,23,,,,,0
13565299,1.0,24,,,,,0
13565299,1.0,25,,,,,0
13565299,1.0,26,,,,,0
13565299,1.0,27,,,,,0
13565299,1.0,28,,,,,0
13565299,1.0,29,,,,,0
13565299,1.0,30,,,,,0
13565299,1.0,31,,,,,0
13565299,1.0,32,,,,,0
13565299,1.0,33,,,,,0
13565299,1.0,34,,,,,0
13565299,1.0,35,,,,,0
13565299,1.0,36,,,,,0
13565299,1.0,37,,,,,0
13565299,1.0,38,,,,,0
13565299,1.0,39,,,,,0
13565299,1.0,40,,,,,0
13565299,1.0,41,,,,,0
13565299,1.0,42,,,,,0
13565299,1.0,43,,,,,0
13565299,1.0,44,,,,,0
13565299,1.0,45,,,,,0
13565299,1.0,46,,,,,0
13565299,1.0,47,,,,,0
13565299,1.0,48,,,,,0
13565299,1.0,49,,,,,0
13565299,1.0,50,,,,,0
13565299,1.0,51,,,,,0
13565299,1.0,52,,,,,0
13565299,1.0,53,,,,,0
13565299,1.0,54,,,,,0
13565299,1.0,55,,,,,0
13565299,1.0,56,,,,,0
13565299,1.0,57,,,,,0
13565299,1.0,58,,,,,0
13565299,1.0,59,,,,,0
13565299,1.0,60,,,,,0
36168767,1.0,1,,,,,0
36168767,1.0,2,,,,,0
36168767,1.0,3,,,,,0
36168767,1.0,4,,,,,0
36168767,1.0,5,,,,,0
36168767,1.0,6,,,,,0
36168767,1.0,7,,,,,0
36168767,1.0,8,,,,,0
36168767,1.0,9,,,,,0
36168767,1.0,10,,,,,0
36168767,1.0,11,,,,,0
36168767,1.0,12,,,,,0
36168767,1.0,13,,,,,0
36168767,1.0,14,,,,,0
36168767,1.0,15,,,,,0
36168767,1.0,16,,,,,0
36168767,1.0,17,,,,,0
36168767,1.0,18,,,,,0
36168767,1.0,19,,,,,0
36168767,1.0,20,,,,,0
36168767,1.0,21,,,,,0
36168767,1.0,22,,,,,0
36168767,1.0,23,,,,,0
36168767,1.0,24,,,,,0
36168767,1.0,25,,,,,0
36168767,1.0,26,,,,,0
36168767,1.0,27,,,,,0
36168767,1.0,28,,,,,0
36168767,1.0,29,,,,,0
36168767,1.0,30,,,,,0
36168767,1.0,31,,,,,0
36168767,1.0,32,,,,,0
36168767,1.0,33,,,,,0
36168767,1.0,34,,,,,0
36168767,1.0,35,,,,,0
36168767,1.0,36,,,,,0
36168767,1.0,37,,,,,0
36168767,1.0,38,,,,,0
36168767,1.0,39,,,,,0
36168767,1.0,40,,,,,0
36168767,1.0,41,,,,,0
36168767,1.0,42,,,,,0
36168767,1.0,43,,,,,0
36168767,1.0,44,,,,,0
36168767,1.0,45,,,,,0
36168767,1.0,46,,,,,0
36168767,1.0,47,,,,,0
36168767,1.0,48,,,,,0
36168767,1.0,49,,,,,0
36168767,1.0,50,,,,,0
36168767,1.0,51,,,,,0
36168767,1.0,52,,,,,0
36168767,1.0,53,,,,,0
36168767,1.0,54,,,,,0
36168767,1.0,55,,,,,0
36168767,1.0,56,,,,,0
36168767,1.0,57,,,,,0
36168767,1.0,58,,,,,0
36168767,1.0,59,,,,,0
36168767,1.0,60,,,,,0
63674515,1.0,1,,,,,0
63674515,1.0,2,,,,,0
63674515,1.0,3,,,,,0
63674515,1.0,4,,,,,0
63674515,1.0,5,,,,,0
63674515,1.0,6,,,,,0
63674515,1.0,7,,,,,0
63674515,1.0,8,,,,,0
63674515,1.0,9,,,,,0
63674515,1.0,10,,,,,0
63674515,1.0,11,,,,,0
63674515,1.0,12,,,,,0
63674515,1.0,13,,,,,0
63674515,1.0,14,,,,,0
63674515,1.0,15,,,,,0
63674515,1.0,16,,,,,0
63674515,1.0,17,,,,,0
63674515,1.0,18,,,,,0
63674515,1.0,19,,,,,0
63674515,1.0,20,,,,,0
63674515,1.0,21,,,,,0
63674515,1.0,22,,,,,0
63674515,1.0,23,,,,,0
63674515,1.0,24,,,,,0
63674515,1.0,25,,,,,0
63674515,1.0,26,,,,,0
63674515,1.0,27,,,,,0
63674515,1.0,28,,,,,0
63674515,1.0,29,,,,,0
63674515,1.0,30,,,,,0
63674515,1.0,31,,,,,0
63674515,1.0,32,,,,,0
63674515,1.0,33,,,,,0
63674515,1.0,34,,,,,0
63674515,1.0,35,,,,,0
63674515,1.0,36,,,,,0
63674515,1.0,37,,,,,0
63674515,1.0,38,,,,,0
63674515,1.0,39,,,,,0
63674515,1.0,40,,,,,0
63674515,1.0,41,,,,,0
63674515,1.0,42,,,,,0
63674515,1.0,43,,,,,0
63674515,1.0,44,,,,,0
63674515,1.0,45,,,,,0
63674515,1.0,46,,,,,0
63674515,1.0,47,,,,,0
63674515,1.0,48,,,,,0
63674515,1.0,49,,,,,0
63674515,1.0,50,,,,,0
63674515,1.0,51,,,,,0
63674515,1.0,52,,,,,0
63674515,1.0,53,,,,,0
63674515,1.0,54,,,,,0
63674515,1.0,55,,,,,0
63674515,1.0,56,,,,,0
63674515,1.0,57,,,,,0
63674515,1.0,58,,,,,0
63674515,1.0,59,,,,,0
63674515,1.0,60,,,,,0
99357304,1.0,1,,,,,0
99357304,1.0,2,,,,,0
99357304,1.0,3,,,,,0
99357304,1.0,4,,,,,0
99357304,1.0,5,,,,,0
99357304,1.0,6,,,,,0
99357304,1.0,7,,,,,0
99357304,1.0,8,,,,,0
99357304,1.0,9,,,,,0
99357304,1.0,10,,,,,0
99357304,1.0,11,,,,,0
99357304,1.0,12,,,,,0
99357304,1.0,13,,,,,0
99357304,1.0,14,,,,,0
99357304,1.0,15,,,,,0
99357304,1.0,16,,,,,0
99357304,1.0,17,,,,,0
99357304,1.0,18,,,,,0
99357304,1.0,19,,,,,0
99357304,1.0,20,,,,,0
99357304,1.0,21,,,,,0
99357304,1.0,22,,,,,0
99357304,1.0,23,,,,,0
99357304,1.0,24,,,,,0
99357304,1.0,25,,,,,0
99357304,1.0,26,,,,,0
99357304,1.0,27,,,,,0
99357304,1.0,28,,,,,0
99357304,1.0,29,,,,,0
99357304,1.0,30,,,,,0
99357304,1.0,31,,,,,0
99357304,1.0,32,,,,,0
99357304,1.0,33,,,,,0
99357304,1.0,34,,,,,0
99357304,1.0,35,,,,,0
99357304,1.0,36,,,,,0
99357304,1.0,37,,,,,0
99357304,1.0,38,,,,,0
99357304,1.0,39,,,,,0
99357304,1.0,40,,,,,0
99357304,1.0,41,,,,,0
99357304,1.0,42,,,,,0
99357304,1.0,43,,,,,0
99357304,1.0,44,,,,,0
99357304,1.0,45,,,,,0
99357304,1.0,46,,,,,0
99357304,1.0,47,,,,,0
99357304,1.0,48,,,,,0
99357304,1.0,49,,,,,0
99357304,1.0,50,,,,,0
99357304,1.0,51,,,,,0
99357304,1.0,52,,,,,0
99357304,1.0,53,,,,,0
99357304,1.0,54,,,,,0
99357304,1.0,55,,,,,0
99357304,1.0,56,,,,,0
99357304,1.0,57,,,,,0
99357304,1.0,58,,,,,0
99357304,1.0,59,,,,,0
99357304,1.0,60,,,,,0
29056378,1.0,1,,,,,0
29056378,1.0,2,,,,,0
29056378,1.0,3,,,,,0
29056378,1.0,4,,,,,0
29056378,1.0,5,,,,,0
29056378,1.0,6,,,,,0
29056378,1.0,7,,,,,0
29056378,1.0,8,,,,,0
29056378,1.0,9,,,,,0
29056378,1.0,10,,,,,0
29056378,1.0,11,,,,,0
29056378,1.0,12,,,,,0
29056378,1.0,13,,,,,0
29056378,1.0,14,,,,,0
29056378,1.0,15,,,,,0
29056378,1.0,16,,,,,0
29056378,1.0,17,,,,,0
29056378,1.0,18,,,,,0
29056378,1.0,19,,,,,0
29056378,1.0,20,,,,,0
29056378,1.0,21,,,,,0
29056378,1.0,22,,,,,0
29056378,1.0,23,,,,,0
29056378,1.0,24,,,,,0
29056378,1.0,25,,,,,0
29056378,1.0,26,,,,,0
29056378,1.0,27,,,,,0
29056378,1.0,28,,,,,0
29056378,1.0,29,,,,,0
29056378,1.0,30,,,,,0
29056378,1.0,31,,,,,0
29056378,1.0,32,,,,,0
29056378,1.0,33,,,,,0
29056378,1.0,34,,,,,0
29056378,1.0,35,,,,,0
29056378,1.0,36,,,,,0
29056378,1.0,37,,,,,0
29056378,1.0,38,,,,,0
29056378,1.0,39,,,,,0
29056378,1.0,40,,,,,0
29056378,1.0,41,,,,,0
29056378,1.0,42,,,,,0
29056378,1.0,43,,,,,0
29056378,1.0,44,,,,,0
29056378,1.0,45,,,,,0
29056378,1.0,46,,,,,0
29056378,1.0,47,,,,,0
29056378,1.0,48,,,,,0
29056378,1.0,49,,,,,0
29056378,1.0,50,,,,,0
29056378,1.0,51,,,,,0
29056378,1.0,52,,,,,0
29056378,1.0,53,,,,,0
29056378,1.0,54,,,,,0
29056378,1.0,55,,,,,0
29056378,1.0,56,,,,,0
29056378,1.0,57,,,,,0
29056378,1.0,58,,,,,0
29056378,1.0,59,,,,,0
29056378,1.0,60,,,,,0
64494587,1.0,1,,,,,0
64494587,1.0,2,,,,,0
64494587,1.0,3,,,,,0
64494587,1.0,4,,,,,0
64494587,1.0,5,,,,,0
64494587,1.0,6,,,,,0
64494587,1.0,7,,,,,0
64494587,1.0,8,,,,,0
64494587,1.0,9,,,,,0
64494587,1.0,10,,,,,0
64494587,1.0,11,,,,,0
64494587,1.0,12,,,,,0
64494587,1.0,13,,,,,0
64494587,1.0,14,,,,,0
64494587,1.0,15,,,,,0
64494587,1.0,16,,,,,0
64494587,1.0,17,,,,,0
64494587,1.0,18,,,,,0
64494587,1.0,19,,,,,0
64494587,1.0,20,,,,,0
64494587,1.0,21,,,,,0
64494587,1.0,22,,,,,0
64494587,1.0,23,,,,,0
64494587,1.0,24,,,,,0
64494587,1.0,25,,,,,0
64494587,1.0,26,,,,,0
64494587,1.0,27,,,,,0
64494587,1.0,28,,,,,0
64494587,1.0,29,,,,,0
64494587,1.0,30,,,,,0
64494587,1.0,31,,,,,0
64494587,1.0,32,,,,,0
64494587,1.0,33,,,,,0
64494587,1.0,34,,,,,0
64494587,1.0,35,,,,,0
64494587,1.0,36,,,,,0
64494587,1.0,37,,,,,0
64494587,1.0,38,,,,,0
64494587,1.0,39,,,,,0
64494587,1.0,40,,,,,0
64494587,1.0,41,,,,,0
64494587,1.0,42,,,,,0
64494587,1.0,43,,,,,0
64494587,1.0,44,,,,,0
64494587,1.0,45,,,,,0
64494587,1.0,46,,,,,0
64494587,1.0,47,,,,,0
64494587,1.0,48,,,,,0
64494587,1.0,49,,,,,0
64494587,1.0,50,,,,,0
64494587,1.0,51,,,,,0
64494587,1.0,52,,,,,0
64494587,1.0,53,,,,,0
64494587,1.0,54,,,,,0
64494587,1.0,55,,,,,0
64494587,1.0,56,,,,,0
64494587,1.0,57,,,,,0
64494587,1.0,58,,,,,0
64494587,1.0,59,,,,,0
64494587,1.0,60,,,,,0
18601206,1.0,1,,,,,0
18601206,1.0,2,,,,,0
18601206,1.0,3,,,,,0
18601206,1.0,4,,,,,0
18601206,1.0,5,,,,,0
18601206,1.0,6,,,,,0
18601206,1.0,7,,,,,0
18601206,1.0,8,,,,,0
18601206,1.0,9,,,,,0
18601206,1.0,10,,,,,0
18601206,1.0,11,,,,,0
18601206,1.0,12,,,,,0
18601206,1.0,13,,,,,0
18601206,1.0,14,,,,,0
18601206,1.0,15,,,,,0
18601206,1.0,16,,,,,0
18601206,1.0,17,,,,,0
18601206,1.0,18,,,,,0
18601206,1.0,19,,,,,0
18601206,1.0,20,,,,,0
18601206,1.0,21,,,,,0
18601206,1.0,22,,,,,0
18601206,1.0,23,,,,,0
18601206,1.0,24,,,,,0
18601206,1.0,25,,,,,0
18601206,1.0,26,,,,,0
18601206,1.0,27,,,,,0
18601206,1.0,28,,,,,0
18601206,1.0,29,,,,,0
18601206,1.0,30,,,,,0
18601206,1.0,31,,,,,0
18601206,1.0,32,,,,,0
18601206,1.0,33,,,,,0
18601206,1.0,34,,,,,0
18601206,1.0,35,,,,,0
18601206,1.0,36,,,,,0
18601206,1.0,37,,,,,0
18601206,1.0,38,,,,,0
18601206,1.0,39,,,,,0
18601206,1.0,40,,,,,0
18601206,1.0,41,,,,,0
18601206,1.0,42,,,,,0
18601206,1.0,43,,,,,0
18601206,1.0,44,,,,,0
18601206,1.0,45,,,,,0
18601206,1.0,46,,,,,0
18601206,1.0,47,,,,,0
18601206,1.0,48,,,,,0
18601206,1.0,49,,,,,0
18601206,1.0,50,,,,,0
18601206,1.0,51,,,,,0
18601206,1.0,52,,,,,0
18601206,1.0,53,,,,,0
18601206,1.0,54,,,,,0
18601206,1.0,55,,,,,0
18601206,1.0,56,,,,,0
18601206,1.0,57,,,,,0
18601206,1.0,58,,,,,0
18601206,1.0,59,,,,,0
18601206,1.0,60,,,,,0
44914866,1.0,1,,,,,0
44914866,1.0,2,23030615,onsite,0.125,0.0,1
44914866,1.0,3,99067980,onsite,0.125,0.0,1
44914866,1.0,4,77004428,onsite,0.125,0.0,1
44914866,1.0,5,77004428,onsite,0.125,0.0,1
44914866,1.0,6,87179753,onsite,0.125,0.0,1
44914866,1.0,7,77004428,onsite,0.125,0.0,1
44914866,1.0,8,72070529,onsite,0.125,0.0,1
44914866,1.0,9,12024718,onsite,0.125,0.0,1
44914866,1.0,10,69805960,onsite,0.125,0.0,1
44914866,1.0,11,77004428,onsite,0.125,0.0,1
44914866,1.0,12,50473912,onsite,0.125,0.0,1
44914866,1.0,13,50924711,onsite,0.125,0.0,1
44914866,1.0,14,49025991,onsite,0.125,0.0,1
44914866,1.0,15,,,,,0
44914866,1.0,16,34480676,onsite,0.7501875468867217,0.0,1
44914866,1.0,17,18073606,onsite,0.7501875468867217,0.0,1
44914866,1.0,18,,,,,0
44914866,1.0,19,23258833,onsite,0.7501875468867217,0.0,1
44914866,1.0,20,78896470,onsite,2.0,0.0,1
44914866,1.0,21,,,,,0
44914866,1.0,22,,,,,0
44914866,1.0,23,,,,,0
44914866,1.0,24,74333754,onsite,1.6,0.3999999999999999,1
44914866,1.0,25,77941716,onsite,0.7501875468867217,0.0,1
44914866,1.0,26,,,,,0
44914866,1.0,27,,,,,0
44914866,1.0,28,,,,,0
44914866,1.0,29,,,,,0
44914866,1.0,30,,,,,0
44914866,1.0,31,,,,,0
44914866,1.0,32,,,,,0
44914866,1.0,33,,,,,0
44914866,1.0,34,,,,,0
44914866,1.0,35,,,,,0
44914866,1.0,36,,,,,0
44914866,1.0,37,,,,,0
44914866,1.0,38,,,,,0
44914866,1.0,39,,,,,0
44914866,1.0,40,,,,,0
44914866,1.0,41,,,,,0
44914866,1.0,42,,,,,0
44914866,1.0,43,,,,,0
44914866,1.0,44,,,,,0
44914866,1.0,45,,,,,0
44914866,1.0,46,,,,,0
44914866,1.0,47,,,,,0
44914866,1.0,48,,,,,0
44914866,1.0,49,,,,,0
44914866,1.0,50,,,,,0
44914866,1.0,51,,,,,0
44914866,1.0,52,,,,,0
44914866,1.0,53,,,,,0
44914866,1.0,54,,,,,0
44914866,1.0,55,,,,,0
44914866,1.0,56,,,,,0
44914866,1.0,57,,,,,0
44914866,1.0,58,,,,,0
44914866,1.0,59,,,,,0
44914866,1.0,60,,,,,0
96917114,1.0,1,,,,,0
96917114,1.0,2,,,,,0
96917114,1.0,3,,,,,0
96917114,1.0,4,,,,,0
96917114,1.0,5,,,,,0
96917114,1.0,6,,,,,0
96917114,1.0,7,,,,,0
96917114,1.0,8,,,,,0
96917114,1.0,9,,,,,0
96917114,1.0,10,,,,,0
96917114,1.0,11,,,,,0
96917114,1.0,12,,,,,0
96917114,1.0,13,,,,,0
96917114,1.0,14,,,,,0
96917114,1.0,15,,,,,0
96917114,1.0,16,,,,,0
96917114,1.0,17,,,,,0
96917114,1.0,18,,,,,0
96917114,1.0,19,,,,,0
96917114,1.0,20,,,,,0
96917114,1.0,21,,,,,0
96917114,1.0,22,,,,,0
96917114,1.0,23,,,,,0
96917114,1.0,24,,,,,0
96917114,1.0,25,,,,,0
96917114,1.0,26,,,,,0
96917114,1.0,27,,,,,0
96917114,1.0,28,,,,,0
96917114,1.0,29,,,,,0
96917114,1.0,30,,,,,0
96917114,1.0,31,,,,,0
96917114,1.0,32,,,,,0
96917114,1.0,33,,,,,0
96917114,1.0,34,,,,,0
96917114,1.0,35,,,,,0
96917114,1.0,36,,,,,0
96917114,1.0,37,,,,,0
96917114,1.0,38,,,,,0
96917114,1.0,39,,,,,0
96917114,1.0,40,,,,,0
96917114,1.0,41,,,,,0
96917114,1.0,42,,,,,0
96917114,1.0,43,,,,,0
96917114,1.0,44,,,,,0
96917114,1.0,45,,,,,0
96917114,1.0,46,,,,,0
96917114,1.0,47,,,,,0
96917114,1.0,48,,,,,0
96917114,1.0,49,,,,,0
96917114,1.0,50,,,,,0
96917114,1.0,51,,,,,0
96917114,1.0,52,,,,,0
96917114,1.0,53,,,,,0
96917114,1.0,54,,,,,0
96917114,1.0,55,,,,,0
96917114,1.0,56,,,,,0
96917114,1.0,57,,,,,0
96917114,1.0,58,,,,,0
96917114,1.0,59,,,,,0
96917114,1.0,60,,,,,0
56368661,1.0,1,,,,,0
56368661,1.0,2,,,,,0
56368661,1.0,3,,,,,0
56368661,1.0,4,,,,,0
56368661,1.0,5,,,,,0
56368661,1.0,6,,,,,0
56368661,1.0,7,,,,,0
56368661,1.0,8,,,,,0
56368661,1.0,9,,,,,0
56368661,1.0,10,,,,,0
56368661,1.0,11,,,,,0
56368661,1.0,12,,,,,0
56368661,1.0,13,,,,,0
56368661,1.0,14,,,,,0
56368661,1.0,15,,,,,0
56368661,1.0,16,,,,,0
56368661,1.0,17,,,,,0
56368661,1.0,18,,,,,0
56368661,1.0,19,,,,,0
56368661,1.0,20,,,,,0
56368661,1.0,21,,,,,0
56368661,1.0,22,,,,,0
56368661,1.0,23,,,,,0
56368661,1.0,24,,,,,0
56368661,1.0,25,,,,,0
56368661,1.0,26,,,,,0
56368661,1.0,27,,,,,0
56368661,1.0,28,,,,,0
56368661,1.0,29,,,,,0
56368661,1.0,30,,,,,0
56368661,1.0,31,,,,,0
56368661,1.0,32,,,,,0
56368661,1.0,33,,,,,0
56368661,1.0,34,,,,,0
56368661,1.0,35,,,,,0
56368661,1.0,36,,,,,0
56368661,1.0,37,,,,,0
56368661,1.0,38,,,,,0
56368661,1.0,39,,,,,0
56368661,1.0,40,,,,,0
56368661,1.0,41,,,,,0
56368661,1.0,42,,,,,0
56368661,1.0,43,,,,,0
56368661,1.0,44,,,,,0
56368661,1.0,45,,,,,0
56368661,1.0,46,,,,,0
56368661,1.0,47,,,,,0
56368661,1.0,48,,,,,0
56368661,1.0,49,,,,,0
56368661,1.0,50,,,,,0
56368661,1.0,51,,,,,0
56368661,1.0,52,,,,,0
56368661,1.0,53,,,,,0
56368661,1.0,54,,,,,0
56368661,1.0,55,,,,,0
56368661,1.0,56,,,,,0
56368661,1.0,57,,,,,0
56368661,1.0,58,,,,,0
56368661,1.0,59,,,,,0
56368661,1.0,60,,,,,0
21204478,1.0,1,,,,,0
21204478,1.0,2,,,,,0
21204478,1.0,3,,,,,0
21204478,1.0,4,,,,,0
21204478,1.0,5,60657955,onsite,2.0,0.0,1
21204478,1.0,6,,,,,0
21204478,1.0,7,86426359,online,2.0,0.0,1
21204478,1.0,8,,,,,0
21204478,1.0,9,33047846,onsite,2.0,0.5,1
21204478,1.0,10,,,,,0
21204478,1.0,11,,,,,0
21204478,1.0,12,,,,,0
21204478,1.0,13,,,,,0
21204478,1.0,14,,,,,0
21204478,1.0,15,,,,,0
21204478,1.0,16,,,,,0
21204478,1.0,17,,,,,0
21204478,1.0,18,,,,,0
21204478,1.0,19,,,,,0
21204478,1.0,20,,,,,0
21204478,1.0,21,,,,,0
21204478,1.0,22,22920771,onsite,0.075,0.05,1
21204478,1.0,23,22920771,onsite,0.075,0.05,1
21204478,1.0,24,22920771,onsite,0.075,0.05,1
21204478,1.0,25,22920771,onsite,0.075,0.05,1
21204478,1.0,26,22920771,onsite,0.075,0.05,1
21204478,1.0,27,22920771,onsite,0.075,0.05,1
21204478,1.0,28,22920771,onsite,0.075,0.05,1
21204478,1.0,29,22920771,onsite,0.075,0.05,1
21204478,1.0,30,22920771,onsite,0.075,0.05,1
21204478,1.0,31,22920771,onsite,0.075,0.05,1
21204478,1.0,32,22920771,onsite,0.075,0.05,1
21204478,1.0,33,22920771,onsite,0.075,0.05,1
21204478,1.0,34,22920771,onsite,0.075,0.05,1
21204478,1.0,35,22920771,onsite,0.075,0.05,1
21204478,1.0,36,,,,,0
21204478,1.0,37,,,,,0
21204478,1.0,38,,,,,0
21204478,1.0,39,,,,,0
21204478,1.0,40,,,,,0
21204478,1.0,41,,,,,0
21204478,1.0,42,,,,,0
21204478,1.0,43,,,,,0
21204478,1.0,44,,,,,0
21204478,1.0,45,,,,,0
21204478,1.0,46,,,,,0
21204478,1.0,47,,,,,0
21204478,1.0,48,,,,,0
21204478,1.0,49,,,,,0
21204478,1.0,50,,,,,0
21204478,1.0,51,,,,,0
21204478,1.0,52,,,,,0
21204478,1.0,53,,,,,0
21204478,1.0,54,,,,,0
21204478,1.0,55,,,,,0
21204478,1.0,56,,,,,0
21204478,1.0,57,,,,,0
21204478,1.0,58,,,,,0
21204478,1.0,59,,,,,0
21204478,1.0,60,,,,,0
99925754,1.0,1,,,,,0
99925754,1.0,2,,,,,0
99925754,1.0,3,,,,,0
99925754,1.0,4,,,,,0
99925754,1.0,5,,,,,0
99925754,1.0,6,,,,,0
99925754,1.0,7,,,,,0
99925754,1.0,8,,,,,0
99925754,1.0,9,,,,,0
99925754,1.0,10,,,,,0
99925754,1.0,11,,,,,0
99925754,1.0,12,,,,,0
99925754,1.0,13,,,,,0
99925754,1.0,14,,,,,0
99925754,1.0,15,,,,,0
99925754,1.0,16,,,,,0
99925754,1.0,17,,,,,0
99925754,1.0,18,,,,,0
99925754,1.0,19,,,,,0
99925754,1.0,20,,,,,0
99925754,1.0,21,,,,,0
99925754,1.0,22,,,,,0
99925754,1.0,23,,,,,0
99925754,1.0,24,,,,,0
99925754,1.0,25,,,,,0
99925754,1.0,26,,,,,0
99925754,1.0,27,,,,,0
99925754,1.0,28,,,,,0
99925754,1.0,29,,,,,0
99925754,1.0,30,,,,,0
99925754,1.0,31,,,,,0
99925754,1.0,32,,,,,0
99925754,1.0,33,,,,,0
99925754,1.0,34,,,,,0
99925754,1.0,35,,,,,0
99925754,1.0,36,,,,,0
99925754,1.0,37,,,,,0
99925754,1.0,38,,,,,0
99925754,1.0,39,,,,,0
99925754,1.0,40,,,,,0
99925754,1.0,41,,,,,0
99925754,1.0,42,,,,,0
99925754,1.0,43,,,,,0
99925754,1.0,44,,,,,0
99925754,1.0,45,,,,,0
99925754,1.0,46,,,,,0
99925754,1.0,47,,,,,0
99925754,1.0,48,,,,,0
99925754,1.0,49,,,,,0
99925754,1.0,50,,,,,0
99925754,1.0,51,,,,,0
99925754,1.0,52,,,,,0
99925754,1.0,53,,,,,0
99925754,1.0,54,,,,,0
99925754,1.0,55,,,,,0
99925754,1.0,56,,,,,0
99925754,1.0,57,,,,,0
99925754,1.0,58,,,,,0
99925754,1.0,59,,,,,0
99925754,1.0,60,,,,,0
90406456,1.0,1,,,,,0
90406456,1.0,2,17574155,onsite,0.125,0.0,1
90406456,1.0,3,40737428,onsite,0.125,0.0,1
90406456,1.0,4,40984670,onsite,0.125,0.0,1
90406456,1.0,5,11851998,onsite,0.125,0.0,1
90406456,1.0,6,11851998,onsite,0.125,0.0,1
90406456,1.0,7,39099817,onsite,0.125,0.0,1
90406456,1.0,8,55388403,onsite,0.125,0.0,1
90406456,1.0,9,86498344,onsite,0.125,0.0,1
90406456,1.0,10,16490446,onsite,0.125,0.0,1
90406456,1.0,11,,,,,0
90406456,1.0,12,55903838,onsite,0.7501875468867217,0.0,1
90406456,1.0,13,,,,,0
90406456,1.0,14,,,,,0
90406456,1.0,15,,,,,0
90406456,1.0,16,56237691,onsite,2.0,0.0,1
90406456,1.0,17,,,,,0
90406456,1.0,18,,,,,0
90406456,1.0,19,,,,,0
90406456,1.0,20,89095133,online,2.0,0.0,1
90406456,1.0,21,,,,,0
90406456,1.0,22,48663814,onsite,2.0,0.0,1
90406456,1.0,23,67091841,onsite,2.0,0.0,1
90406456,1.0,24,,,,,0
90406456,1.0,25,,,,,0
90406456,1.0,26,14733569,onsite,2.0,0.0,1
90406456,1.0,27,,,,,0
90406456,1.0,28,,,,,0
90406456,1.0,29,,,,,0
90406456,1.0,30,,,,,0
90406456,1.0,31,40123897,online,3.003003003003003,0.0,1
90406456,1.0,32,,,,,0
90406456,1.0,33,82499615,online,3.003003003003003,0.0,1
90406456,1.0,34,,,,,0
90406456,1.0,35,,,,,0
90406456,1.0,36,,,,,0
90406456,1.0,37,,,,,0
90406456,1.0,38,,,,,0
90406456,1.0,39,,,,,0
90406456,1.0,40,,,,,0
90406456,1.0,41,,,,,0
90406456,1.0,42,,,,,0
90406456,1.0,43,,,,,0
90406456,1.0,44,,,,,0
90406456,1.0,45,,,,,0
90406456,1.0,46,,,,,0
90406456,1.0,47,,,,,0
90406456,1.0,48,,,,,0
90406456,1.0,49,,,,,0
90406456,1.0,50,,,,,0
90406456,1.0,51,,,,,0
90406456,1.0,52,,,,,0
90406456,1.0,53,,,,,0
90406456,1.0,54,,,,,0
90406456,1.0,55,,,,,0
90406456,1.0,56,,,,,0
90406456,1.0,57,,,,,0
90406456,1.0,58,,,,,0
90406456,1.0,59,,,,,0
90406456,1.0,60,,,,,0
94370024,1.0,1,,,,,0
94370024,1.0,2,,,,,0
94370024,1.0,3,,,,,0
94370024,1.0,4,,,,,0
94370024,1.0,5,,,,,0
94370024,1.0,6,,,,,0
94370024,1.0,7,,,,,0
94370024,1.0,8,,,,,0
94370024,1.0,9,,,,,0
94370024,1.0,10,,,,,0
94370024,1.0,11,,,,,0
94370024,1.0,12,,,,,0
94370024,1.0,13,,,,,0
94370024,1.0,14,,,,,0
94370024,1.0,15,,,,,0
94370024,1.0,16,,,,,0
94370024,1.0,17,,,,,0
94370024,1.0,18,,,,,0
94370024,1.0,19,,,,,0
94370024,1.0,20,,,,,0
94370024,1.0,21,,,,,0
94370024,1.0,22,,,,,0
94370024,1.0,23,,,,,0
94370024,1.0,24,,,,,0
94370024,1.0,25,,,,,0
94370024,1.0,26,,,,,0
94370024,1.0,27,,,,,0
94370024,1.0,28,,,,,0
94370024,1.0,29,,,,,0
94370024,1.0,30,,,,,0
94370024,1.0,31,,,,,0
94370024,1.0,32,,,,,0
94370024,1.0,33,,,,,0
94370024,1.0,34,,,,,0
94370024,1.0,35,,,,,0
94370024,1.0,36,,,,,0
94370024,1.0,37,,,,,0
94370024,1.0,38,,,,,0
94370024,1.0,39,,,,,0
94370024,1.0,40,,,,,0
94370024,1.0,41,,,,,0
94370024,1.0,42,,,,,0
94370024,1.0,43,,,,,0
94370024,1.0,44,,,,,0
94370024,1.0,45,,,,,0
94370024,1.0,46,,,,,0
94370024,1.0,47,,,,,0
94370024,1.0,48,,,,,0
94370024,1.0,49,,,,,0
94370024,1.0,50,,,,,0
94370024,1.0,51,,,,,0
94370024,1.0,52,,,,,0
94370024,1.0,53,,,,,0
94370024,1.0,54,,,,,0
94370024,1.0,55,,,,,0
94370024,1.0,56,,,,,0
94370024,1.0,57,,,,,0
94370024,1.0,58,,,,,0
94370024,1.0,59,,,,,0
94370024,1.0,60,,,,,0
93101190,1.0,1,,,,,0
93101190,1.0,2,,,,,0
93101190,1.0,3,,,,,0
93101190,1.0,4,,,,,0
93101190,1.0,5,,,,,0
93101190,1.0,6,,,,,0
93101190,1.0,7,,,,,0
93101190,1.0,8,,,,,0
93101190,1.0,9,,,,,0
93101190,1.0,10,,,,,0
93101190,1.0,11,,,,,0
93101190,1.0,12,,,,,0
93101190,1.0,13,,,,,0
93101190,1.0,14,,,,,0
93101190,1.0,15,,,,,0
93101190,1.0,16,,,,,0
93101190,1.0,17,,,,,0
93101190,1.0,18,,,,,0
93101190,1.0,19,,,,,0
93101190,1.0,20,,,,,0
93101190,1.0,21,,,,,0
93101190,1.0,22,,,,,0
93101190,1.0,23,,,,,0
93101190,1.0,24,,,,,0
93101190,1.0,25,,,,,0
93101190,1.0,26,,,,,0
93101190,1.0,27,,,,,0
93101190,1.0,28,,,,,0
93101190,1.0,29,,,,,0
93101190,1.0,30,,,,,0
93101190,1.0,31,,,,,0
93101190,1.0,32,,,,,0
93101190,1.0,33,,,,,0
93101190,1.0,34,,,,,0
93101190,1.0,35,,,,,0
93101190,1.0,36,,,,,0
93101190,1.0,37,,,,,0
93101190,1.0,38,,,,,0
93101190,1.0,39,,,,,0
93101190,1.0,40,,,,,0
93101190,1.0,41,,,,,0
93101190,1.0,42,,,,,0
93101190,1.0,43,,,,,0
93101190,1.0,44,,,,,0
93101190,1.0,45,,,,,0
93101190,1.0,46,,,,,0
93101190,1.0,47,,,,,0
93101190,1.0,48,,,,,0
93101190,1.0,49,,,,,0
93101190,1.0,50,,,,,0
93101190,1.0,51,,,,,0
93101190,1.0,52,,,,,0
93101190,1.0,53,,,,,0
93101190,1.0,54,,,,,0
93101190,1.0,55,,,,,0
93101190,1.0,56,,,,,0
93101190,1.0,57,,,,,0
93101190,1.0,58,,,,,0
93101190,1.0,59,,,,,0
93101190,1.0,60,,,,,0
84638077,1.0,1,,,,,0
84638077,1.0,2,,,,,0
84638077,1.0,3,,,,,0
84638077,1.0,4,,,,,0
84638077,1.0,5,,,,,0
84638077,1.0,6,,,,,0
84638077,1.0,7,,,,,0
84638077,1.0,8,,,,,0
84638077,1.0,9,,,,,0
84638077,1.0,10,,,,,0
84638077,1.0,11,,,,,0
84638077,1.0,12,,,,,0
84638077,1.0,13,,,,,0
84638077,1.0,14,,,,,0
84638077,1.0,15,,,,,0
84638077,1.0,16,,,,,0
84638077,1.0,17,,,,,0
84638077,1.0,18,,,,,0
84638077,1.0,19,,,,,0
84638077,1.0,20,,,,,0
84638077,1.0,21,,,,,0
84638077,1.0,22,,,,,0
84638077,1.0,23,,,,,0
84638077,1.0,24,,,,,0
84638077,1.0,25,,,,,0
84638077,1.0,26,,,,,0
84638077,1.0,27,,,,,0
84638077,1.0,28,,,,,0
84638077,1.0,29,,,,,0
84638077,1.0,30,,,,,0
84638077,1.0,31,,,,,0
84638077,1.0,32,,,,,0
84638077,1.0,33,,,,,0
84638077,1.0,34,,,,,0
84638077,1.0,35,,,,,0
84638077,1.0,36,,,,,0
84638077,1.0,37,,,,,0
84638077,1.0,38,,,,,0
84638077,1.0,39,,,,,0
84638077,1.0,40,,,,,0
84638077,1.0,41,,,,,0
84638077,1.0,42,,,,,0
84638077,1.0,43,,,,,0
84638077,1.0,44,,,,,0
84638077,1.0,45,,,,,0
84638077,1.0,46,,,,,0
84638077,1.0,47,,,,,0
84638077,1.0,48,,,,,0
84638077,1.0,49,,,,,0
84638077,1.0,50,,,,,0
84638077,1.0,51,,,,,0
84638077,1.0,52,,,,,0
84638077,1.0,53,,,,,0
84638077,1.0,54,,,,,0
84638077,1.0,55,,,,,0
84638077,1.0,56,,,,,0
84638077,1.0,57,,,,,0
84638077,1.0,58,,,,,0
84638077,1.0,59,,,,,0
84638077,1.0,60,,,,,0
40504952,1.0,1,,,,,0
40504952,1.0,2,,,,,0
40504952,1.0,3,,,,,0
40504952,1.0,4,,,,,0
40504952,1.0,5,,,,,0
40504952,1.0,6,,,,,0
40504952,1.0,7,,,,,0
40504952,1.0,8,,,,,0
40504952,1.0,9,,,,,0
40504952,1.0,10,,,,,0
40504952,1.0,11,,,,,0
40504952,1.0,12,,,,,0
40504952,1.0,13,,,,,0
40504952,1.0,14,,,,,0
40504952,1.0,15,,,,,0
40504952,1.0,16,,,,,0
40504952,1.0,17,,,,,0
40504952,1.0,18,,,,,0
40504952,1.0,19,,,,,0
40504952,1.0,20,,,,,0
40504952,1.0,21,,,,,0
40504952,1.0,22,,,,,0
40504952,1.0,23,,,,,0
40504952,1.0,24,,,,,0
40504952,1.0,25,,,,,0
40504952,1.0,26,,,,,0
40504952,1.0,27,,,,,0
40504952,1.0,28,,,,,0
40504952,1.0,29,,,,,0
40504952,1.0,30,,,,,0
40504952,1.0,31,,,,,0
40504952,1.0,32,,,,,0
40504952,1.0,33,,,,,0
40504952,1.0,34,,,,,0
40504952,1.0,35,,,,,0
40504952,1.0,36,,,,,0
40504952,1.0,37,,,,,0
40504952,1.0,38,,,,,0
40504952,1.0,39,,,,,0
40504952,1.0,40,,,,,0
40504952,1.0,41,,,,,0
40504952,1.0,42,,,,,0
40504952,1.0,43,,,,,0
40504952,1.0,44,,,,,0
40504952,1.0,45,,,,,0
40504952,1.0,46,,,,,0
40504952,1.0,47,,,,,0
40504952,1.0,48,,,,,0
40504952,1.0,49,,,,,0
40504952,1.0,50,,,,,0
40504952,1.0,51,,,,,0
40504952,1.0,52,,,,,0
40504952,1.0,53,,,,,0
40504952,1.0,54,,,,,0
40504952,1.0,55,,,,,0
40504952,1.0,56,,,,,0
40504952,1.0,57,,,,,0
40504952,1.0,58,,,,,0
40504952,1.0,59,,,,,0
40504952,1.0,60,,,,,0
18336561,1.0,1,,,,,0
18336561,1.0,2,,,,,0
18336561,1.0,3,26027239,online,2.0,0.0,1
18336561,1.0,4,,,,,0
18336561,1.0,5,,,,,0
18336561,1.0,6,,,,,0
18336561,1.0,7,46524537,onsite,0.04999999999999999,0.07500000000000001,1
18336561,1.0,8,46524537,onsite,0.04999999999999999,0.07500000000000001,1
18336561,1.0,9,21868312,onsite,0.075,0.05,1
18336561,1.0,10,46524537,onsite,0.04999999999999999,0.07500000000000001,1
18336561,1.0,11,46524537,onsite,0.04999999999999999,0.07500000000000001,1
18336561,1.0,12,21868312,onsite,0.075,0.05,1
18336561,1.0,13,46524537,onsite,0.04999999999999999,0.07500000000000001,1
18336561,1.0,14,46524537,onsite,0.04999999999999999,0.07500000000000001,1
18336561,1.0,15,46524537,onsite,0.04999999999999999,0.07500000000000001,1
18336561,1.0,16,21868312,onsite,0.075,0.05,1
18336561,1.0,17,46524537,onsite,0.04999999999999999,0.07500000000000001,1
18336561,1.0,18,52777855,onsite,0.125,0.0,1
18336561,1.0,19,52777855,onsite,0.125,0.0,1
18336561,1.0,20,,,,,0
18336561,1.0,21,,,,,0
18336561,1.0,22,,,,,0
18336561,1.0,23,27929077,onsite,0.7999999999999998,1.2000000000000002,1
18336561,1.0,24,19093483,online,2.5,0.0,1
18336561,1.0,25,,,,,0
18336561,1.0,26,,,,,0
18336561,1.0,27,,,,,0
18336561,1.0,28,,,,,0
18336561,1.0,29,,,,,0
18336561,1.0,30,,,,,0
18336561,1.0,31,,,,,0
18336561,1.0,32,,,,,0
18336561,1.0,33,98966942,onsite,1.6,0.3999999999999999,1
18336561,1.0,34,,,,,0
18336561,1.0,35,,,,,0
18336561,1.0,36,,,,,0
18336561,1.0,37,,,,,0
18336561,1.0,38,,,,,0
18336561,1.0,39,,,,,0
18336561,1.0,40,,,,,0
18336561,1.0,41,,,,,0
18336561,1.0,42,,,,,0
18336561,1.0,43,,,,,0
18336561,1.0,44,,,,,0
18336561,1.0,45,,,,,0
18336561,1.0,46,,,,,0
18336561,1.0,47,,,,,0
18336561,1.0,48,,,,,0
18336561,1.0,49,,,,,0
18336561,1.0,50,,,,,0
18336561,1.0,51,,,,,0
18336561,1.0,52,,,,,0
18336561,1.0,53,,,,,0
18336561,1.0,54,,,,,0
18336561,1.0,55,,,,,0
18336561,1.0,56,,,,,0
18336561,1.0,57,,,,,0
18336561,1.0,58,,,,,0
18336561,1.0,59,,,,,0
18336561,1.0,60,,,,,0
83458528,1.0,1,,,,,0
83458528,1.0,2,,,,,0
83458528,1.0,3,,,,,0
83458528,1.0,4,,,,,0
83458528,1.0,5,,,,,0
83458528,1.0,6,,,,,0
83458528,1.0,7,,,,,0
83458528,1.0,8,,,,,0
83458528,1.0,9,,,,,0
83458528,1.0,10,,,,,0
83458528,1.0,11,,,,,0
83458528,1.0,12,,,,,0
83458528,1.0,13,,,,,0
83458528,1.0,14,,,,,0
83458528,1.0,15,,,,,0
83458528,1.0,16,,,,,0
83458528,1.0,17,,,,,0
83458528,1.0,18,,,,,0
83458528,1.0,19,,,,,0
83458528,1.0,20,,,,,0
83458528,1.0,21,,,,,0
83458528,1.0,22,,,,,0
83458528,1.0,23,,,,,0
83458528,1.0,24,,,,,0
83458528,1.0,25,,,,,0
83458528,1.0,26,,,,,0
83458528,1.0,27,,,,,0
83458528,1.0,28,,,,,0
83458528,1.0,29,,,,,0
83458528,1.0,30,,,,,0
83458528,1.0,31,,,,,0
83458528,1.0,32,,,,,0
83458528,1.0,33,,,,,0
83458528,1.0,34,,,,,0
83458528,1.0,35,,,,,0
83458528,1.0,36,,,,,0
83458528,1.0,37,,,,,0
83458528,1.0,38,,,,,0
83458528,1.0,39,,,,,0
83458528,1.0,40,,,,,0
83458528,1.0,41,,,,,0
83458528,1.0,42,,,,,0
83458528,1.0,43,,,,,0
83458528,1.0,44,,,,,0
83458528,1.0,45,,,,,0
83458528,1.0,46,,,,,0
83458528,1.0,47,,,,,0
83458528,1.0,48,,,,,0
83458528,1.0,49,,,,,0
83458528,1.0,50,,,,,0
83458528,1.0,51,,,,,0
83458528,1.0,52,,,,,0
83458528,1.0,53,,,,,0
83458528,1.0,54,,,,,0
83458528,1.0,55,,,,,0
83458528,1.0,56,,,,,0
83458528,1.0,57,,,,,0
83458528,1.0,58,,,,,0
83458528,1.0,59,,,,,0
83458528,1.0,60,,,,,0
40336018,1.0,1,,,,,0
40336018,1.0,2,,,,,0
40336018,1.0,3,,,,,0
40336018,1.0,4,,,,,0
40336018,1.0,5,,,,,0
40336018,1.0,6,,,,,0
40336018,1.0,7,,,,,0
40336018,1.0,8,,,,,0
40336018,1.0,9,,,,,0
40336018,1.0,10,,,,,0
40336018,1.0,11,,,,,0
40336018,1.0,12,,,,,0
40336018,1.0,13,,,,,0
40336018,1.0,14,,,,,0
40336018,1.0,15,,,,,0
40336018,1.0,16,,,,,0
40336018,1.0,17,,,,,0
40336018,1.0,18,,,,,0
40336018,1.0,19,,,,,0
40336018,1.0,20,,,,,0
40336018,1.0,21,,,,,0
40336018,1.0,22,,,,,0
40336018,1.0,23,,,,,0
40336018,1.0,24,,,,,0
40336018,1.0,25,,,,,0
40336018,1.0,26,,,,,0
40336018,1.0,27,,,,,0
40336018,1.0,28,,,,,0
40336018,1.0,29,,,,,0
40336018,1.0,30,,,,,0
40336018,1.0,31,,,,,0
40336018,1.0,32,,,,,0
40336018,1.0,33,,,,,0
40336018,1.0,34,,,,,0
40336018,1.0,35,,,,,0
40336018,1.0,36,,,,,0
40336018,1.0,37,,,,,0
40336018,1.0,38,,,,,0
40336018,1.0,39,,,,,0
40336018,1.0,40,,,,,0
40336018,1.0,41,,,,,0
40336018,1.0,42,,,,,0
40336018,1.0,43,,,,,0
40336018,1.0,44,,,,,0
40336018,1.0,45,,,,,0
40336018,1.0,46,,,,,0
40336018,1.0,47,,,,,0
40336018,1.0,48,,,,,0
40336018,1.0,49,,,,,0
40336018,1.0,50,,,,,0
40336018,1.0,51,,,,,0
40336018,1.0,52,,,,,0
40336018,1.0,53,,,,,0
40336018,1.0,54,,,,,0
40336018,1.0,55,,,,,0
40336018,1.0,56,,,,,0
40336018,1.0,57,,,,,0
40336018,1.0,58,,,,,0
40336018,1.0,59,,,,,0
40336018,1.0,60,,,,,0
89313217,1.0,1,,,,,0
89313217,1.0,2,,,,,0
89313217,1.0,3,,,,,0
89313217,1.0,4,,,,,0
89313217,1.0,5,,,,,0
89313217,1.0,6,,,,,0
89313217,1.0,7,,,,,0
89313217,1.0,8,,,,,0
89313217,1.0,9,,,,,0
89313217,1.0,10,,,,,0
89313217,1.0,11,,,,,0
89313217,1.0,12,,,,,0
89313217,1.0,13,,,,,0
89313217,1.0,14,,,,,0
89313217,1.0,15,,,,,0
89313217,1.0,16,,,,,0
89313217,1.0,17,,,,,0
89313217,1.0,18,,,,,0
89313217,1.0,19,,,,,0
89313217,1.0,20,,,,,0
89313217,1.0,21,,,,,0
89313217,1.0,22,,,,,0
89313217,1.0,23,,,,,0
89313217,1.0,24,,,,,0
89313217,1.0,25,,,,,0
89313217,1.0,26,,,,,0
89313217,1.0,27,,,,,0
89313217,1.0,28,,,,,0
89313217,1.0,29,,,,,0
89313217,1.0,30,,,,,0
89313217,1.0,31,,,,,0
89313217,1.0,32,,,,,0
89313217,1.0,33,,,,,0
89313217,1.0,34,,,,,0
89313217,1.0,35,,,,,0
89313217,1.0,36,,,,,0
89313217,1.0,37,,,,,0
89313217,1.0,38,,,,,0
89313217,1.0,39,,,,,0
89313217,1.0,40,,,,,0
89313217,1.0,41,,,,,0
89313217,1.0,42,,,,,0
89313217,1.0,43,,,,,0
89313217,1.0,44,,,,,0
89313217,1.0,45,,,,,0
89313217,1.0,46,,,,,0
89313217,1.0,47,,,,,0
89313217,1.0,48,,,,,0
89313217,1.0,49,,,,,0
89313217,1.0,50,,,,,0
89313217,1.0,51,,,,,0
89313217,1.0,52,,,,,0
89313217,1.0,53,,,,,0
89313217,1.0,54,,,,,0
89313217,1.0,55,,,,,0
89313217,1.0,56,,,,,0
89313217,1.0,57,,,,,0
89313217,1.0,58,,,,,0
89313217,1.0,59,,,,,0
89313217,1.0,60,,,,,0
49505865,1.0,1,,,,,0
49505865,1.0,2,,,,,0
49505865,1.0,3,,,,,0
49505865,1.0,4,,,,,0
49505865,1.0,5,,,,,0
49505865,1.0,6,,,,,0
49505865,1.0,7,,,,,0
49505865,1.0,8,,,,,0
49505865,1.0,9,,,,,0
49505865,1.0,10,,,,,0
49505865,1.0,11,,,,,0
49505865,1.0,12,,,,,0
49505865,1.0,13,,,,,0
49505865,1.0,14,,,,,0
49505865,1.0,15,,,,,0
49505865,1.0,16,,,,,0
49505865,1.0,17,,,,,0
49505865,1.0,18,,,,,0
49505865,1.0,19,,,,,0
49505865,1.0,20,,,,,0
49505865,1.0,21,,,,,0
49505865,1.0,22,,,,,0
49505865,1.0,23,,,,,0
49505865,1.0,24,,,,,0
49505865,1.0,25,,,,,0
49505865,1.0,26,,,,,0
49505865,1.0,27,,,,,0
49505865,1.0,28,,,,,0
49505865,1.0,29,,,,,0
49505865,1.0,30,,,,,0
49505865,1.0,31,,,,,0
49505865,1.0,32,,,,,0
49505865,1.0,33,,,,,0
49505865,1.0,34,,,,,0
49505865,1.0,35,,,,,0
49505865,1.0,36,,,,,0
49505865,1.0,37,,,,,0
49505865,1.0,38,,,,,0
49505865,1.0,39,,,,,0
49505865,1.0,40,,,,,0
49505865,1.0,41,,,,,0
49505865,1.0,42,,,,,0
49505865,1.0,43,,,,,0
49505865,1.0,44,,,,,0
49505865,1.0,45,,,,,0
49505865,1.0,46,,,,,0
49505865,1.0,47,,,,,0
49505865,1.0,48,,,,,0
49505865,1.0,49,,,,,0
49505865,1.0,50,,,,,0
49505865,1.0,51,,,,,0
49505865,1.0,52,,,,,0
49505865,1.0,53,,,,,0
49505865,1.0,54,,,,,0
49505865,1.0,55,,,,,0
49505865,1.0,56,,,,,0
49505865,1.0,57,,,,,0
49505865,1.0,58,,,,,0
49505865,1.0,59,,,,,0
49505865,1.0,60,,,,,0
17566082,1.0,1,15394782,onsite,0.25,0.0,1
17566082,1.0,2,29135757,onsite,0.25,0.0,1
17566082,1.0,3,63533246,onsite,0.25,0.0,1
17566082,1.0,4,15400518,onsite,0.25,0.0,1
17566082,1.0,5,59111999,onsite,0.25,0.0,1
17566082,1.0,6,38491260,onsite,0.25,0.0,1
17566082,1.0,7,18149250,onsite,0.25,0.0,1
17566082,1.0,8,41830248,onsite,0.25,0.0,1
17566082,1.0,9,18149250,onsite,0.25,0.0,1
17566082,1.0,10,37086983,onsite,0.25,0.0,1
17566082,1.0,11,38491260,onsite,0.25,0.0,1
17566082,1.0,12,95199437,onsite,0.25,0.0,1
17566082,1.0,13,96670406,onsite,0.25,0.0,1
17566082,1.0,14,34336286,onsite,1.0,0.0,1
17566082,1.0,15,80881288,onsite,1.0,0.0,1
17566082,1.0,16,42069937,onsite,0.25,0.0,1
17566082,1.0,17,27739886,onsite,0.25,0.0,1
17566082,1.0,18,74419280,onsite,1.0,0.0,1
17566082,1.0,19,45058397,onsite,2.0,0.0,1
17566082,1.0,20,58421234,onsite,2.0,0.0,1
17566082,1.0,21,53853343,onsite,2.0,0.0,1
17566082,1.0,22,67235920,onsite,2.0,0.0,1
17566082,1.0,23,24005038,onsite,2.0,0.0,1
17566082,1.0,24,58588247,onsite,2.0,0.0,1
17566082,1.0,25,57005518,onsite,2.0,0.0,1
17566082,1.0,26,89453595,onsite,2.0,0.0,1
17566082,1.0,27,,,,,0
17566082,1.0,28,51008414,onsite,2.0,0.0,1
17566082,1.0,29,85158978,onsite,2.5,0.0,1
17566082,1.0,30,,,,,0
17566082,1.0,31,,,,,0
17566082,1.0,32,65282607,onsite,1.0,0.0,1
17566082,1.0,33,,,,,0
17566082,1.0,34,,,,,0
17566082,1.0,35,,,,,0
17566082,1.0,36,,,,,0
17566082,1.0,37,,,,,0
17566082,1.0,38,,,,,0
17566082,1.0,39,,,,,0
17566082,1.0,40,,,,,0
17566082,1.0,41,,,,,0
17566082,1.0,42,,,,,0
17566082,1.0,43,,,,,0
17566082,1.0,44,,,,,0
17566082,1.0,45,,,,,0
17566082,1.0,46,,,,,0
17566082,1.0,47,,,,,0
17566082,1.0,48,,,,,0
17566082,1.0,49,,,,,0
17566082,1.0,50,,,,,0
17566082,1.0,51,,,,,0
17566082,1.0,52,,,,,0
17566082,1.0,53,,,,,0
17566082,1.0,54,,,,,0
17566082,1.0,55,,,,,0
17566082,1.0,56,,,,,0
17566082,1.0,57,,,,,0
17566082,1.0,58,,,,,0
17566082,1.0,59,,,,,0
17566082,1.0,60,,,,,0
59321509,1.0,1,20407921,onsite,0.25,0.0,1
59321509,1.0,2,62669017,onsite,0.25,0.0,1
59321509,1.0,3,96497996,onsite,0.25,0.0,1
59321509,1.0,4,26000831,onsite,0.25,0.0,1
59321509,1.0,5,13637202,onsite,0.25,0.0,1
59321509,1.0,6,67410106,onsite,0.25,0.0,1
59321509,1.0,7,71760872,onsite,0.25,0.0,1
59321509,1.0,8,26961910,onsite,0.25,0.0,1
59321509,1.0,9,49092192,onsite,0.25,0.0,1
59321509,1.0,10,82408034,onsite,0.25,0.0,1
59321509,1.0,11,97932087,onsite,0.25,0.0,1
59321509,1.0,12,33668434,onsite,0.25,0.0,1
59321509,1.0,13,24667385,onsite,2.0,0.0,1
59321509,1.0,14,,,,,0
59321509,1.0,15,13851832,onsite,1.0,0.0,1
59321509,1.0,16,,,,,0
59321509,1.0,17,70479662,onsite,1.0,0.0,1
59321509,1.0,18,,,,,0
59321509,1.0,19,77585273,onsite,0.25,0.0,1
59321509,1.0,20,67251615,onsite,2.0,0.0,1
59321509,1.0,21,93756859,onsite,0.25,0.0,1
59321509,1.0,22,88103198,onsite,2.0,0.0,1
59321509,1.0,23,,,,,0
59321509,1.0,24,23573807,onsite,2.0,0.0,1
59321509,1.0,25,,,,,0
59321509,1.0,26,,,,,0
59321509,1.0,27,,,,,0
59321509,1.0,28,78176410,onsite,2.0,0.0,1
59321509,1.0,29,,,,,0
59321509,1.0,30,,,,,0
59321509,1.0,31,,,,,0
59321509,1.0,32,,,,,0
59321509,1.0,33,,,,,0
59321509,1.0,34,,,,,0
59321509,1.0,35,,,,,0
59321509,1.0,36,,,,,0
59321509,1.0,37,,,,,0
59321509,1.0,38,,,,,0
59321509,1.0,39,,,,,0
59321509,1.0,40,,,,,0
59321509,1.0,41,,,,,0
59321509,1.0,42,,,,,0
59321509,1.0,43,,,,,0
59321509,1.0,44,,,,,0
59321509,1.0,45,,,,,0
59321509,1.0,46,92812584,onsite,2.5,0.0,1
59321509,1.0,47,,,,,0
59321509,1.0,48,,,,,0
59321509,1.0,49,,,,,0
59321509,1.0,50,,,,,0
59321509,1.0,51,,,,,0
59321509,1.0,52,,,,,0
59321509,1.0,53,,,,,0
59321509,1.0,54,,,,,0
59321509,1.0,55,,,,,0
59321509,1.0,56,,,,,0
59321509,1.0,57,,,,,0
59321509,1.0,58,,,,,0
59321509,1.0,59,,,,,0
59321509,1.0,60,,,,,0
38822188,1.0,1,,,,,0
38822188,1.0,2,,,,,0
38822188,1.0,3,,,,,0
38822188,1.0,4,,,,,0
38822188,1.0,5,,,,,0
38822188,1.0,6,,,,,0
38822188,1.0,7,,,,,0
38822188,1.0,8,,,,,0
38822188,1.0,9,,,,,0
38822188,1.0,10,,,,,0
38822188,1.0,11,,,,,0
38822188,1.0,12,,,,,0
38822188,1.0,13,,,,,0
38822188,1.0,14,,,,,0
38822188,1.0,15,,,,,0
38822188,1.0,16,,,,,0
38822188,1.0,17,,,,,0
38822188,1.0,18,,,,,0
38822188,1.0,19,,,,,0
38822188,1.0,20,,,,,0
38822188,1.0,21,,,,,0
38822188,1.0,22,,,,,0
38822188,1.0,23,,,,,0
38822188,1.0,24,,,,,0
38822188,1.0,25,,,,,0
38822188,1.0,26,,,,,0
38822188,1.0,27,,,,,0
38822188,1.0,28,,,,,0
38822188,1.0,29,,,,,0
38822188,1.0,30,,,,,0
38822188,1.0,31,,,,,0
38822188,1.0,32,,,,,0
38822188,1.0,33,,,,,0
38822188,1.0,34,,,,,0
38822188,1.0,35,,,,,0
38822188,1.0,36,,,,,0
38822188,1.0,37,,,,,0
38822188,1.0,38,,,,,0
38822188,1.0,39,,,,,0
38822188,1.0,40,,,,,0
38822188,1.0,41,,,,,0
38822188,1.0,42,,,,,0
38822188,1.0,43,,,,,0
38822188,1.0,44,,,,,0
38822188,1.0,45,,,,,0
38822188,1.0,46,,,,,0
38822188,1.0,47,,,,,0
38822188,1.0,48,,,,,0
38822188,1.0,49,,,,,0
38822188,1.0,50,,,,,0
38822188,1.0,51,,,,,0
38822188,1.0,52,,,,,0
38822188,1.0,53,,,,,0
38822188,1.0,54,,,,,0
38822188,1.0,55,,,,,0
38822188,1.0,56,,,,,0
38822188,1.0,57,,,,,0
38822188,1.0,58,,,,,0
38822188,1.0,59,,,,,0
38822188,1.0,60,,,,,0
17597223,1.0,1,59111999,onsite,0.25,0.0,1
17597223,1.0,2,41716518,onsite,0.25,0.0,1
17597223,1.0,3,12343114,onsite,0.25,0.0,1
17597223,1.0,4,12343114,onsite,0.25,0.0,1
17597223,1.0,5,79215234,onsite,0.25,0.0,1
17597223,1.0,6,63533246,onsite,0.25,0.0,1
17597223,1.0,7,41716518,onsite,0.25,0.0,1
17597223,1.0,8,41830248,onsite,0.25,0.0,1
17597223,1.0,9,18149250,onsite,0.25,0.0,1
17597223,1.0,10,37086983,onsite,0.25,0.0,1
17597223,1.0,11,38491260,onsite,0.25,0.0,1
17597223,1.0,12,96670406,onsite,0.25,0.0,1
17597223,1.0,13,42069937,onsite,0.25,0.0,1
17597223,1.0,14,80794183,onsite,1.0,0.0,1
17597223,1.0,15,93121434,onsite,1.0,0.0,1
17597223,1.0,16,42069937,onsite,0.25,0.0,1
17597223,1.0,17,58146778,onsite,1.0,0.0,1
17597223,1.0,18,10941562,onsite,2.0,0.0,1
17597223,1.0,19,90880063,onsite,2.0,0.0,1
17597223,1.0,20,80386487,onsite,2.0,0.0,1
17597223,1.0,21,95647390,onsite,2.0,0.0,1
17597223,1.0,22,89949894,onsite,2.0,0.0,1
17597223,1.0,23,89284617,onsite,2.0,0.0,1
17597223,1.0,24,61059101,onsite,2.0,0.0,1
17597223,1.0,25,,,,,0
17597223,1.0,26,34532795,onsite,2.0,0.0,1
17597223,1.0,27,18373836,onsite,2.0,0.0,1
17597223,1.0,28,64518651,onsite,2.0,0.0,1
17597223,1.0,29,,,,,0
17597223,1.0,30,53915976,onsite,2.5,0.0,1
17597223,1.0,31,,,,,0
17597223,1.0,32,97569558,onsite,2.0,0.0,1
17597223,1.0,33,,,,,0
17597223,1.0,34,,,,,0
17597223,1.0,35,,,,,0
17597223,1.0,36,,,,,0
17597223,1.0,37,,,,,0
17597223,1.0,38,,,,,0
17597223,1.0,39,,,,,0
17597223,1.0,40,,,,,0
17597223,1.0,41,,,,,0
17597223,1.0,42,,,,,0
17597223,1.0,43,,,,,0
17597223,1.0,44,,,,,0
17597223,1.0,45,,,,,0
17597223,1.0,46,,,,,0
17597223,1.0,47,,,,,0
17597223,1.0,48,,,,,0
17597223,1.0,49,,,,,0
17597223,1.0,50,,,,,0
17597223,1.0,51,,,,,0
17597223,1.0,52,,,,,0
17597223,1.0,53,,,,,0
17597223,1.0,54,,,,,0
17597223,1.0,55,,,,,0
17597223,1.0,56,,,,,0
17597223,1.0,57,,,,,0
17597223,1.0,58,,,,,0
17597223,1.0,59,,,,,0
17597223,1.0,60,,,,,0
95664184,1.0,1,,,,,0
95664184,1.0,2,80382046,onsite,0.6001500375093775,0.15003750937734428,1
95664184,1.0,3,58445260,onsite,0.125,0.0,1
95664184,1.0,4,58445260,onsite,0.125,0.0,1
95664184,1.0,5,64620323,onsite,0.125,0.0,1
95664184,1.0,6,95400612,onsite,0.125,0.0,1
95664184,1.0,7,95400612,onsite,0.125,0.0,1
95664184,1.0,8,64620323,onsite,0.125,0.0,1
95664184,1.0,9,95400612,onsite,0.125,0.0,1
95664184,1.0,10,64620323,onsite,0.125,0.0,1
95664184,1.0,11,54214608,onsite,0.1,0.024999999999999994,1
95664184,1.0,12,58818815,onsite,0.7501875468867217,0.0,1
95664184,1.0,13,54925606,onsite,0.7501875468867217,0.0,1
95664184,1.0,14,37474965,onsite,0.7501875468867217,0.0,1
95664184,1.0,15,54214608,onsite,0.1,0.024999999999999994,1
95664184,1.0,16,54214608,onsite,0.1,0.024999999999999994,1
95664184,1.0,17,87062115,onsite,0.7501875468867217,0.0,1
95664184,1.0,18,96832037,onsite,0.7501875468867217,0.0,1
95664184,1.0,19,,,,,0
95664184,1.0,20,91214143,onsite,2.0,0.0,1
95664184,1.0,21,,,,,0
95664184,1.0,22,91460140,onsite,2.0,0.0,1
95664184,1.0,23,,,,,0
95664184,1.0,24,72040199,onsite,0.7501875468867217,0.0,1
95664184,1.0,25,44218312,onsite,2.0,0.0,1
95664184,1.0,26,,,,,0
95664184,1.0,27,,,,,0
95664184,1.0,28,,,,,0
95664184,1.0,29,61111300,onsite,2.0,0.0,1
95664184,1.0,30,,,,,0
95664184,1.0,31,,,,,0
95664184,1.0,32,,,,,0
95664184,1.0,33,24031181,onsite,0.7501875468867217,0.0,1
95664184,1.0,34,,,,,0
95664184,1.0,35,,,,,0
95664184,1.0,36,,,,,0
95664184,1.0,37,71140260,onsite,0.7999999999999998,1.2000000000000002,1
95664184,1.0,38,,,,,0
95664184,1.0,39,,,,,0
95664184,1.0,40,,,,,0
95664184,1.0,41,,,,,0
95664184,1.0,42,,,,,0
95664184,1.0,43,,,,,0
95664184,1.0,44,,,,,0
95664184,1.0,45,,,,,0
95664184,1.0,46,,,,,0
95664184,1.0,47,,,,,0
95664184,1.0,48,,,,,0
95664184,1.0,49,,,,,0
95664184,1.0,50,,,,,0
95664184,1.0,51,,,,,0
95664184,1.0,52,,,,,0
95664184,1.0,53,,,,,0
95664184,1.0,54,,,,,0
95664184,1.0,55,,,,,0
95664184,1.0,56,,,,,0
95664184,1.0,57,,,,,0
95664184,1.0,58,,,,,0
95664184,1.0,59,,,,,0
95664184,1.0,60,,,,,0
91645588,1.0,1,,,,,0
91645588,1.0,2,,,,,0
91645588,1.0,3,,,,,0
91645588,1.0,4,,,,,0
91645588,1.0,5,,,,,0
91645588,1.0,6,,,,,0
91645588,1.0,7,,,,,0
91645588,1.0,8,,,,,0
91645588,1.0,9,,,,,0
91645588,1.0,10,,,,,0
91645588,1.0,11,,,,,0
91645588,1.0,12,,,,,0
91645588,1.0,13,,,,,0
91645588,1.0,14,,,,,0
91645588,1.0,15,,,,,0
91645588,1.0,16,,,,,0
91645588,1.0,17,,,,,0
91645588,1.0,18,,,,,0
91645588,1.0,19,,,,,0
91645588,1.0,20,,,,,0
91645588,1.0,21,,,,,0
91645588,1.0,22,,,,,0
91645588,1.0,23,,,,,0
91645588,1.0,24,,,,,0
91645588,1.0,25,,,,,0
91645588,1.0,26,,,,,0
91645588,1.0,27,,,,,0
91645588,1.0,28,,,,,0
91645588,1.0,29,,,,,0
91645588,1.0,30,,,,,0
91645588,1.0,31,,,,,0
91645588,1.0,32,,,,,0
91645588,1.0,33,,,,,0
91645588,1.0,34,,,,,0
91645588,1.0,35,,,,,0
91645588,1.0,36,,,,,0
91645588,1.0,37,,,,,0
91645588,1.0,38,,,,,0
91645588,1.0,39,,,,,0
91645588,1.0,40,,,,,0
91645588,1.0,41,,,,,0
91645588,1.0,42,,,,,0
91645588,1.0,43,,,,,0
91645588,1.0,44,,,,,0
91645588,1.0,45,,,,,0
91645588,1.0,46,,,,,0
91645588,1.0,47,,,,,0
91645588,1.0,48,,,,,0
91645588,1.0,49,,,,,0
91645588,1.0,50,,,,,0
91645588,1.0,51,,,,,0
91645588,1.0,52,,,,,0
91645588,1.0,53,,,,,0
91645588,1.0,54,,,,,0
91645588,1.0,55,,,,,0
91645588,1.0,56,,,,,0
91645588,1.0,57,,,,,0
91645588,1.0,58,,,,,0
91645588,1.0,59,,,,,0
91645588,1.0,60,,,,,0
54333554,1.0,1,,,,,0
54333554,1.0,2,,,,,0
54333554,1.0,3,75100937,onsite,0.125,0.0,1
54333554,1.0,4,75100937,onsite,0.125,0.0,1
54333554,1.0,5,70360438,onsite,0.125,0.0,1
54333554,1.0,6,12449108,onsite,0.125,0.0,1
54333554,1.0,7,66217422,onsite,0.125,0.0,1
54333554,1.0,8,70360438,onsite,0.125,0.0,1
54333554,1.0,9,75100937,onsite,0.125,0.0,1
54333554,1.0,10,14256954,onsite,0.7501875468867217,0.0,1
54333554,1.0,11,66217422,onsite,0.125,0.0,1
54333554,1.0,12,66217422,onsite,0.125,0.0,1
54333554,1.0,13,93698223,onsite,0.7501875468867217,0.0,1
54333554,1.0,14,99526979,onsite,0.7501875468867217,0.0,1
54333554,1.0,15,20075564,onsite,0.125,0.0,1
54333554,1.0,16,20075564,onsite,0.125,0.0,1
54333554,1.0,17,93666596,onsite,0.7501875468867217,0.0,1
54333554,1.0,18,59493682,onsite,0.7501875468867217,0.0,1
54333554,1.0,19,57664984,onsite,0.7501875468867217,0.0,1
54333554,1.0,20,,,,,0
54333554,1.0,21,,,,,0
54333554,1.0,22,85293779,onsite,2.0,0.0,1
54333554,1.0,23,,,,,0
54333554,1.0,24,,,,,0
54333554,1.0,25,,,,,0
54333554,1.0,26,,,,,0
54333554,1.0,27,68110823,onsite,2.5,0.0,1
54333554,1.0,28,,,,,0
54333554,1.0,29,,,,,0
54333554,1.0,30,,,,,0
54333554,1.0,31,,,,,0
54333554,1.0,32,,,,,0
54333554,1.0,33,,,,,0
54333554,1.0,34,,,,,0
54333554,1.0,35,,,,,0
54333554,1.0,36,,,,,0
54333554,1.0,37,,,,,0
54333554,1.0,38,,,,,0
54333554,1.0,39,,,,,0
54333554,1.0,40,,,,,0
54333554,1.0,41,,,,,0
54333554,1.0,42,,,,,0
54333554,1.0,43,,,,,0
54333554,1.0,44,,,,,0
54333554,1.0,45,,,,,0
54333554,1.0,46,,,,,0
54333554,1.0,47,,,,,0
54333554,1.0,48,,,,,0
54333554,1.0,49,,,,,0
54333554,1.0,50,,,,,0
54333554,1.0,51,,,,,0
54333554,1.0,52,,,,,0
54333554,1.0,53,,,,,0
54333554,1.0,54,,,,,0
54333554,1.0,55,,,,,0
54333554,1.0,56,,,,,0
54333554,1.0,57,,,,,0
54333554,1.0,58,,,,,0
54333554,1.0,59,,,,,0
54333554,1.0,60,,,,,0
77816743,1.0,1,,,,,0
77816743,1.0,2,,,,,0
77816743,1.0,3,,,,,0
77816743,1.0,4,,,,,0
77816743,1.0,5,,,,,0
77816743,1.0,6,,,,,0
77816743,1.0,7,,,,,0
77816743,1.0,8,,,,,0
77816743,1.0,9,,,,,0
77816743,1.0,10,,,,,0
77816743,1.0,11,,,,,0
77816743,1.0,12,,,,,0
77816743,1.0,13,,,,,0
77816743,1.0,14,,,,,0
77816743,1.0,15,,,,,0
77816743,1.0,16,,,,,0
77816743,1.0,17,,,,,0
77816743,1.0,18,,,,,0
77816743,1.0,19,,,,,0
77816743,1.0,20,,,,,0
77816743,1.0,21,,,,,0
77816743,1.0,22,,,,,0
77816743,1.0,23,,,,,0
77816743,1.0,24,,,,,0
77816743,1.0,25,,,,,0
77816743,1.0,26,,,,,0
77816743,1.0,27,,,,,0
77816743,1.0,28,,,,,0
77816743,1.0,29,,,,,0
77816743,1.0,30,,,,,0
77816743,1.0,31,,,,,0
77816743,1.0,32,,,,,0
77816743,1.0,33,,,,,0
77816743,1.0,34,,,,,0
77816743,1.0,35,,,,,0
77816743,1.0,36,,,,,0
77816743,1.0,37,,,,,0
77816743,1.0,38,,,,,0
77816743,1.0,39,,,,,0
77816743,1.0,40,,,,,0
77816743,1.0,41,,,,,0
77816743,1.0,42,,,,,0
77816743,1.0,43,,,,,0
77816743,1.0,44,,,,,0
77816743,1.0,45,,,,,0
77816743,1.0,46,,,,,0
77816743,1.0,47,,,,,0
77816743,1.0,48,,,,,0
77816743,1.0,49,,,,,0
77816743,1.0,50,,,,,0
77816743,1.0,51,,,,,0
77816743,1.0,52,,,,,0
77816743,1.0,53,,,,,0
77816743,1.0,54,,,,,0
77816743,1.0,55,,,,,0
77816743,1.0,56,,,,,0
77816743,1.0,57,,,,,0
77816743,1.0,58,,,,,0
77816743,1.0,59,,,,,0
77816743,1.0,60,,,,,0
59914765,1.0,1,,,,,0
59914765,1.0,2,,,,,0
59914765,1.0,3,,,,,0
59914765,1.0,4,,,,,0
59914765,1.0,5,,,,,0
59914765,1.0,6,,,,,0
59914765,1.0,7,,,,,0
59914765,1.0,8,,,,,0
59914765,1.0,9,,,,,0
59914765,1.0,10,,,,,0
59914765,1.0,11,,,,,0
59914765,1.0,12,,,,,0
59914765,1.0,13,,,,,0
59914765,1.0,14,,,,,0
59914765,1.0,15,,,,,0
59914765,1.0,16,,,,,0
59914765,1.0,17,,,,,0
59914765,1.0,18,,,,,0
59914765,1.0,19,,,,,0
59914765,1.0,20,,,,,0
59914765,1.0,21,,,,,0
59914765,1.0,22,,,,,0
59914765,1.0,23,,,,,0
59914765,1.0,24,,,,,0
59914765,1.0,25,,,,,0
59914765,1.0,26,,,,,0
59914765,1.0,27,,,,,0
59914765,1.0,28,,,,,0
59914765,1.0,29,,,,,0
59914765,1.0,30,,,,,0
59914765,1.0,31,,,,,0
59914765,1.0,32,,,,,0
59914765,1.0,33,,,,,0
59914765,1.0,34,,,,,0
59914765,1.0,35,,,,,0
59914765,1.0,36,,,,,0
59914765,1.0,37,,,,,0
59914765,1.0,38,,,,,0
59914765,1.0,39,,,,,0
59914765,1.0,40,,,,,0
59914765,1.0,41,,,,,0
59914765,1.0,42,,,,,0
59914765,1.0,43,,,,,0
59914765,1.0,44,,,,,0
59914765,1.0,45,,,,,0
59914765,1.0,46,,,,,0
59914765,1.0,47,,,,,0
59914765,1.0,48,,,,,0
59914765,1.0,49,,,,,0
59914765,1.0,50,,,,,0
59914765,1.0,51,,,,,0
59914765,1.0,52,,,,,0
59914765,1.0,53,,,,,0
59914765,1.0,54,,,,,0
59914765,1.0,55,,,,,0
59914765,1.0,56,,,,,0
59914765,1.0,57,,,,,0
59914765,1.0,58,,,,,0
59914765,1.0,59,,,,,0
59914765,1.0,60,,,,,0
43924528,1.0,1,,,,,0
43924528,1.0,2,,,,,0
43924528,1.0,3,,,,,0
43924528,1.0,4,,,,,0
43924528,1.0,5,,,,,0
43924528,1.0,6,,,,,0
43924528,1.0,7,,,,,0
43924528,1.0,8,,,,,0
43924528,1.0,9,,,,,0
43924528,1.0,10,,,,,0
43924528,1.0,11,,,,,0
43924528,1.0,12,,,,,0
43924528,1.0,13,,,,,0
43924528,1.0,14,,,,,0
43924528,1.0,15,,,,,0
43924528,1.0,16,,,,,0
43924528,1.0,17,,,,,0
43924528,1.0,18,,,,,0
43924528,1.0,19,,,,,0
43924528,1.0,20,,,,,0
43924528,1.0,21,,,,,0
43924528,1.0,22,,,,,0
43924528,1.0,23,,,,,0
43924528,1.0,24,,,,,0
43924528,1.0,25,,,,,0
43924528,1.0,26,,,,,0
43924528,1.0,27,,,,,0
43924528,1.0,28,,,,,0
43924528,1.0,29,,,,,0
43924528,1.0,30,,,,,0
43924528,1.0,31,,,,,0
43924528,1.0,32,,,,,0
43924528,1.0,33,,,,,0
43924528,1.0,34,,,,,0
43924528,1.0,35,,,,,0
43924528,1.0,36,,,,,0
43924528,1.0,37,,,,,0
43924528,1.0,38,,,,,0
43924528,1.0,39,,,,,0
43924528,1.0,40,,,,,0
43924528,1.0,41,,,,,0
43924528,1.0,42,,,,,0
43924528,1.0,43,,,,,0
43924528,1.0,44,,,,,0
43924528,1.0,45,,,,,0
43924528,1.0,46,,,,,0
43924528,1.0,47,,,,,0
43924528,1.0,48,,,,,0
43924528,1.0,49,,,,,0
43924528,1.0,50,,,,,0
43924528,1.0,51,,,,,0
43924528,1.0,52,,,,,0
43924528,1.0,53,,,,,0
43924528,1.0,54,,,,,0
43924528,1.0,55,,,,,0
43924528,1.0,56,,,,,0
43924528,1.0,57,,,,,0
43924528,1.0,58,,,,,0
43924528,1.0,59,,,,,0
43924528,1.0,60,,,,,0
25351257,1.0,1,43631890,onsite,0.125,0.0,1
25351257,1.0,2,50984520,onsite,0.125,0.0,1
25351257,1.0,3,50984520,onsite,0.125,0.0,1
25351257,1.0,4,13637202,onsite,0.125,0.0,1
25351257,1.0,5,47879707,onsite,0.125,0.0,1
25351257,1.0,6,43631890,onsite,0.125,0.0,1
25351257,1.0,7,37785214,onsite,0.125,0.0,1
25351257,1.0,8,40114190,onsite,0.125,0.0,1
25351257,1.0,9,40114190,onsite,0.125,0.0,1
25351257,1.0,10,34101951,onsite,0.125,0.0,1
25351257,1.0,11,94065300,onsite,0.7501875468867217,0.0,1
25351257,1.0,12,,,,,0
25351257,1.0,13,66351845,onsite,0.125,0.0,1
25351257,1.0,14,19806199,onsite,0.7501875468867217,0.0,1
25351257,1.0,15,45934863,onsite,0.7501875468867217,0.0,1
25351257,1.0,16,,,,,0
25351257,1.0,17,,,,,0
25351257,1.0,18,,,,,0
25351257,1.0,19,12656013,onsite,2.0,0.0,1
25351257,1.0,20,60375227,onsite,2.0,0.0,1
25351257,1.0,21,,,,,0
25351257,1.0,22,95801842,onsite,2.0,0.0,1
25351257,1.0,23,,,,,0
25351257,1.0,24,40232358,onsite,0.7501875468867217,0.0,1
25351257,1.0,25,,,,,0
25351257,1.0,26,77585273,onsite,0.125,0.0,1
25351257,1.0,27,,,,,0
25351257,1.0,28,21990170,onsite,0.7501875468867217,0.0,1
25351257,1.0,29,,,,,0
25351257,1.0,30,,,,,0
25351257,1.0,31,,,,,0
25351257,1.0,32,,,,,0
25351257,1.0,33,,,,,0
25351257,1.0,34,,,,,0
25351257,1.0,35,,,,,0
25351257,1.0,36,,,,,0
25351257,1.0,37,,,,,0
25351257,1.0,38,,,,,0
25351257,1.0,39,,,,,0
25351257,1.0,40,,,,,0
25351257,1.0,41,,,,,0
25351257,1.0,42,,,,,0
25351257,1.0,43,,,,,0
25351257,1.0,44,,,,,0
25351257,1.0,45,,,,,0
25351257,1.0,46,,,,,0
25351257,1.0,47,,,,,0
25351257,1.0,48,,,,,0
25351257,1.0,49,,,,,0
25351257,1.0,50,,,,,0
25351257,1.0,51,,,,,0
25351257,1.0,52,,,,,0
25351257,1.0,53,,,,,0
25351257,1.0,54,,,,,0
25351257,1.0,55,,,,,0
25351257,1.0,56,,,,,0
25351257,1.0,57,,,,,0
25351257,1.0,58,,,,,0
25351257,1.0,59,,,,,0
25351257,1.0,60,,,,,0
95043417,1.0,1,,,,,0
95043417,1.0,2,,,,,0
95043417,1.0,3,,,,,0
95043417,1.0,4,,,,,0
95043417,1.0,5,,,,,0
95043417,1.0,6,,,,,0
95043417,1.0,7,,,,,0
95043417,1.0,8,,,,,0
95043417,1.0,9,,,,,0
95043417,1.0,10,,,,,0
95043417,1.0,11,,,,,0
95043417,1.0,12,,,,,0
95043417,1.0,13,,,,,0
95043417,1.0,14,,,,,0
95043417,1.0,15,,,,,0
95043417,1.0,16,,,,,0
95043417,1.0,17,,,,,0
95043417,1.0,18,,,,,0
95043417,1.0,19,,,,,0
95043417,1.0,20,,,,,0
95043417,1.0,21,,,,,0
95043417,1.0,22,,,,,0
95043417,1.0,23,,,,,0
95043417,1.0,24,,,,,0
95043417,1.0,25,,,,,0
95043417,1.0,26,,,,,0
95043417,1.0,27,,,,,0
95043417,1.0,28,,,,,0
95043417,1.0,29,,,,,0
95043417,1.0,30,,,,,0
95043417,1.0,31,,,,,0
95043417,1.0,32,,,,,0
95043417,1.0,33,,,,,0
95043417,1.0,34,,,,,0
95043417,1.0,35,,,,,0
95043417,1.0,36,,,,,0
95043417,1.0,37,,,,,0
95043417,1.0,38,,,,,0
95043417,1.0,39,,,,,0
95043417,1.0,40,,,,,0
95043417,1.0,41,,,,,0
95043417,1.0,42,,,,,0
95043417,1.0,43,,,,,0
95043417,1.0,44,,,,,0
95043417,1.0,45,,,,,0
95043417,1.0,46,,,,,0
95043417,1.0,47,,,,,0
95043417,1.0,48,,,,,0
95043417,1.0,49,,,,,0
95043417,1.0,50,,,,,0
95043417,1.0,51,,,,,0
95043417,1.0,52,,,,,0
95043417,1.0,53,,,,,0
95043417,1.0,54,,,,,0
95043417,1.0,55,,,,,0
95043417,1.0,56,,,,,0
95043417,1.0,57,,,,,0
95043417,1.0,58,,,,,0
95043417,1.0,59,,,,,0
95043417,1.0,60,,,,,0
44213601,1.0,1,,,,,0
44213601,1.0,2,,,,,0
44213601,1.0,3,,,,,0
44213601,1.0,4,,,,,0
44213601,1.0,5,,,,,0
44213601,1.0,6,,,,,0
44213601,1.0,7,,,,,0
44213601,1.0,8,,,,,0
44213601,1.0,9,,,,,0
44213601,1.0,10,,,,,0
44213601,1.0,11,,,,,0
44213601,1.0,12,,,,,0
44213601,1.0,13,,,,,0
44213601,1.0,14,,,,,0
44213601,1.0,15,,,,,0
44213601,1.0,16,,,,,0
44213601,1.0,17,,,,,0
44213601,1.0,18,,,,,0
44213601,1.0,19,,,,,0
44213601,1.0,20,,,,,0
44213601,1.0,21,,,,,0
44213601,1.0,22,,,,,0
44213601,1.0,23,,,,,0
44213601,1.0,24,,,,,0
44213601,1.0,25,,,,,0
44213601,1.0,26,,,,,0
44213601,1.0,27,,,,,0
44213601,1.0,28,,,,,0
44213601,1.0,29,,,,,0
44213601,1.0,30,,,,,0
44213601,1.0,31,,,,,0
44213601,1.0,32,,,,,0
44213601,1.0,33,,,,,0
44213601,1.0,34,,,,,0
44213601,1.0,35,,,,,0
44213601,1.0,36,,,,,0
44213601,1.0,37,,,,,0
44213601,1.0,38,,,,,0
44213601,1.0,39,,,,,0
44213601,1.0,40,,,,,0
44213601,1.0,41,,,,,0
44213601,1.0,42,,,,,0
44213601,1.0,43,,,,,0
44213601,1.0,44,,,,,0
44213601,1.0,45,,,,,0
44213601,1.0,46,,,,,0
44213601,1.0,47,,,,,0
44213601,1.0,48,,,,,0
44213601,1.0,49,,,,,0
44213601,1.0,50,,,,,0
44213601,1.0,51,,,,,0
44213601,1.0,52,,,,,0
44213601,1.0,53,,,,,0
44213601,1.0,54,,,,,0
44213601,1.0,55,,,,,0
44213601,1.0,56,,,,,0
44213601,1.0,57,,,,,0
44213601,1.0,58,,,,,0
44213601,1.0,59,,,,,0
44213601,1.0,60,,,,,0
71624312,1.0,1,,,,,0
71624312,1.0,2,,,,,0
71624312,1.0,3,,,,,0
71624312,1.0,4,,,,,0
71624312,1.0,5,,,,,0
71624312,1.0,6,,,,,0
71624312,1.0,7,,,,,0
71624312,1.0,8,,,,,0
71624312,1.0,9,,,,,0
71624312,1.0,10,,,,,0
71624312,1.0,11,,,,,0
71624312,1.0,12,,,,,0
71624312,1.0,13,,,,,0
71624312,1.0,14,,,,,0
71624312,1.0,15,,,,,0
71624312,1.0,16,,,,,0
71624312,1.0,17,,,,,0
71624312,1.0,18,,,,,0
71624312,1.0,19,,,,,0
71624312,1.0,20,,,,,0
71624312,1.0,21,,,,,0
71624312,1.0,22,,,,,0
71624312,1.0,23,,,,,0
71624312,1.0,24,,,,,0
71624312,1.0,25,,,,,0
71624312,1.0,26,,,,,0
71624312,1.0,27,,,,,0
71624312,1.0,28,,,,,0
71624312,1.0,29,,,,,0
71624312,1.0,30,,,,,0
71624312,1.0,31,,,,,0
71624312,1.0,32,,,,,0
71624312,1.0,33,,,,,0
71624312,1.0,34,,,,,0
71624312,1.0,35,,,,,0
71624312,1.0,36,,,,,0
71624312,1.0,37,,,,,0
71624312,1.0,38,,,,,0
71624312,1.0,39,,,,,0
71624312,1.0,40,,,,,0
71624312,1.0,41,,,,,0
71624312,1.0,42,,,,,0
71624312,1.0,43,,,,,0
71624312,1.0,44,,,,,0
71624312,1.0,45,,,,,0
71624312,1.0,46,,,,,0
71624312,1.0,47,,,,,0
71624312,1.0,48,,,,,0
71624312,1.0,49,,,,,0
71624312,1.0,50,,,,,0
71624312,1.0,51,,,,,0
71624312,1.0,52,,,,,0
71624312,1.0,53,,,,,0
71624312,1.0,54,,,,,0
71624312,1.0,55,,,,,0
71624312,1.0,56,,,,,0
71624312,1.0,57,,,,,0
71624312,1.0,58,,,,,0
71624312,1.0,59,,,,,0
71624312,1.0,60,,,,,0
85665453,1.0,1,,,,,0
85665453,1.0,2,,,,,0
85665453,1.0,3,,,,,0
85665453,1.0,4,,,,,0
85665453,1.0,5,,,,,0
85665453,1.0,6,,,,,0
85665453,1.0,7,,,,,0
85665453,1.0,8,,,,,0
85665453,1.0,9,,,,,0
85665453,1.0,10,,,,,0
85665453,1.0,11,,,,,0
85665453,1.0,12,,,,,0
85665453,1.0,13,,,,,0
85665453,1.0,14,,,,,0
85665453,1.0,15,,,,,0
85665453,1.0,16,,,,,0
85665453,1.0,17,,,,,0
85665453,1.0,18,,,,,0
85665453,1.0,19,,,,,0
85665453,1.0,20,,,,,0
85665453,1.0,21,,,,,0
85665453,1.0,22,,,,,0
85665453,1.0,23,,,,,0
85665453,1.0,24,,,,,0
85665453,1.0,25,,,,,0
85665453,1.0,26,,,,,0
85665453,1.0,27,,,,,0
85665453,1.0,28,,,,,0
85665453,1.0,29,,,,,0
85665453,1.0,30,,,,,0
85665453,1.0,31,,,,,0
85665453,1.0,32,,,,,0
85665453,1.0,33,,,,,0
85665453,1.0,34,,,,,0
85665453,1.0,35,,,,,0
85665453,1.0,36,,,,,0
85665453,1.0,37,,,,,0
85665453,1.0,38,,,,,0
85665453,1.0,39,,,,,0
85665453,1.0,40,,,,,0
85665453,1.0,41,,,,,0
85665453,1.0,42,,,,,0
85665453,1.0,43,,,,,0
85665453,1.0,44,,,,,0
85665453,1.0,45,,,,,0
85665453,1.0,46,,,,,0
85665453,1.0,47,,,,,0
85665453,1.0,48,,,,,0
85665453,1.0,49,,,,,0
85665453,1.0,50,,,,,0
85665453,1.0,51,,,,,0
85665453,1.0,52,,,,,0
85665453,1.0,53,,,,,0
85665453,1.0,54,,,,,0
85665453,1.0,55,,,,,0
85665453,1.0,56,,,,,0
85665453,1.0,57,,,,,0
85665453,1.0,58,,,,,0
85665453,1.0,59,,,,,0
85665453,1.0,60,,,,,0
69361491,1.0,1,,,,,0
69361491,1.0,2,,,,,0
69361491,1.0,3,,,,,0
69361491,1.0,4,,,,,0
69361491,1.0,5,,,,,0
69361491,1.0,6,,,,,0
69361491,1.0,7,,,,,0
69361491,1.0,8,,,,,0
69361491,1.0,9,,,,,0
69361491,1.0,10,,,,,0
69361491,1.0,11,,,,,0
69361491,1.0,12,,,,,0
69361491,1.0,13,,,,,0
69361491,1.0,14,,,,,0
69361491,1.0,15,,,,,0
69361491,1.0,16,,,,,0
69361491,1.0,17,,,,,0
69361491,1.0,18,,,,,0
69361491,1.0,19,,,,,0
69361491,1.0,20,,,,,0
69361491,1.0,21,,,,,0
69361491,1.0,22,,,,,0
69361491,1.0,23,,,,,0
69361491,1.0,24,,,,,0
69361491,1.0,25,,,,,0
69361491,1.0,26,,,,,0
69361491,1.0,27,,,,,0
69361491,1.0,28,,,,,0
69361491,1.0,29,,,,,0
69361491,1.0,30,,,,,0
69361491,1.0,31,,,,,0
69361491,1.0,32,,,,,0
69361491,1.0,33,,,,,0
69361491,1.0,34,,,,,0
69361491,1.0,35,,,,,0
69361491,1.0,36,,,,,0
69361491,1.0,37,,,,,0
69361491,1.0,38,,,,,0
69361491,1.0,39,,,,,0
69361491,1.0,40,,,,,0
69361491,1.0,41,,,,,0
69361491,1.0,42,,,,,0
69361491,1.0,43,,,,,0
69361491,1.0,44,,,,,0
69361491,1.0,45,,,,,0
69361491,1.0,46,,,,,0
69361491,1.0,47,,,,,0
69361491,1.0,48,,,,,0
69361491,1.0,49,,,,,0
69361491,1.0,50,,,,,0
69361491,1.0,51,,,,,0
69361491,1.0,52,,,,,0
69361491,1.0,53,,,,,0
69361491,1.0,54,,,,,0
69361491,1.0,55,,,,,0
69361491,1.0,56,,,,,0
69361491,1.0,57,,,,,0
69361491,1.0,58,,,,,0
69361491,1.0,59,,,,,0
69361491,1.0,60,,,,,0
49934194,1.0,1,,,,,0
49934194,1.0,2,,,,,0
49934194,1.0,3,,,,,0
49934194,1.0,4,,,,,0
49934194,1.0,5,,,,,0
49934194,1.0,6,,,,,0
49934194,1.0,7,,,,,0
49934194,1.0,8,,,,,0
49934194,1.0,9,,,,,0
49934194,1.0,10,,,,,0
49934194,1.0,11,,,,,0
49934194,1.0,12,,,,,0
49934194,1.0,13,,,,,0
49934194,1.0,14,,,,,0
49934194,1.0,15,,,,,0
49934194,1.0,16,,,,,0
49934194,1.0,17,,,,,0
49934194,1.0,18,,,,,0
49934194,1.0,19,,,,,0
49934194,1.0,20,,,,,0
49934194,1.0,21,,,,,0
49934194,1.0,22,,,,,0
49934194,1.0,23,,,,,0
49934194,1.0,24,,,,,0
49934194,1.0,25,,,,,0
49934194,1.0,26,,,,,0
49934194,1.0,27,,,,,0
49934194,1.0,28,,,,,0
49934194,1.0,29,,,,,0
49934194,1.0,30,,,,,0
49934194,1.0,31,,,,,0
49934194,1.0,32,,,,,0
49934194,1.0,33,,,,,0
49934194,1.0,34,,,,,0
49934194,1.0,35,,,,,0
49934194,1.0,36,,,,,0
49934194,1.0,37,,,,,0
49934194,1.0,38,,,,,0
49934194,1.0,39,,,,,0
49934194,1.0,40,,,,,0
49934194,1.0,41,,,,,0
49934194,1.0,42,,,,,0
49934194,1.0,43,,,,,0
49934194,1.0,44,,,,,0
49934194,1.0,45,,,,,0
49934194,1.0,46,,,,,0
49934194,1.0,47,,,,,0
49934194,1.0,48,,,,,0
49934194,1.0,49,,,,,0
49934194,1.0,50,,,,,0
49934194,1.0,51,,,,,0
49934194,1.0,52,,,,,0
49934194,1.0,53,,,,,0
49934194,1.0,54,,,,,0
49934194,1.0,55,,,,,0
49934194,1.0,56,,,,,0
49934194,1.0,57,,,,,0
49934194,1.0,58,,,,,0
49934194,1.0,59,,,,,0
49934194,1.0,60,,,,,0
11788873,1.0,1,24098320,onsite,0.125,0.0,1
11788873,1.0,2,24098320,onsite,0.125,0.0,1
11788873,1.0,3,24098320,onsite,0.125,0.0,1
11788873,1.0,4,41716518,onsite,0.125,0.0,1
11788873,1.0,5,,,,,0
11788873,1.0,6,37086983,onsite,0.125,0.0,1
11788873,1.0,7,41830248,onsite,0.125,0.0,1
11788873,1.0,8,15400518,onsite,0.125,0.0,1
11788873,1.0,9,92775358,onsite,0.125,0.0,1
11788873,1.0,10,79215234,onsite,0.125,0.0,1
11788873,1.0,11,92352574,onsite,0.7501875468867217,0.0,1
11788873,1.0,12,75208548,onsite,0.7501875468867217,0.0,1
11788873,1.0,13,31301509,onsite,0.7501875468867217,0.0,1
11788873,1.0,14,51033345,onsite,0.7501875468867217,0.0,1
11788873,1.0,15,36095364,onsite,0.7501875468867217,0.0,1
11788873,1.0,16,86996734,onsite,0.7501875468867217,0.0,1
11788873,1.0,17,22854179,onsite,1.199400299850075,0.2998500749625186,1
11788873,1.0,18,68066256,onsite,2.0,0.0,1
11788873,1.0,19,11738311,onsite,2.0,0.0,1
11788873,1.0,20,62177143,onsite,2.0,0.0,1
11788873,1.0,21,10391891,onsite,2.0,0.0,1
11788873,1.0,22,81401247,onsite,2.0,0.0,1
11788873,1.0,23,30291491,onsite,2.0,0.0,1
11788873,1.0,24,12509957,onsite,2.0,0.0,1
11788873,1.0,25,70000816,onsite,2.0,0.0,1
11788873,1.0,26,37996477,onsite,2.0,0.0,1
11788873,1.0,27,64732138,onsite,2.0,0.0,1
11788873,1.0,28,61544233,onsite,2.0,0.0,1
11788873,1.0,29,89722181,onsite,2.0,0.0,1
11788873,1.0,30,,,,,0
11788873,1.0,31,69621229,onsite,2.0,0.0,1
11788873,1.0,32,,,,,0
11788873,1.0,33,,,,,0
11788873,1.0,34,,,,,0
11788873,1.0,35,,,,,0
11788873,1.0,36,,,,,0
11788873,1.0,37,,,,,0
11788873,1.0,38,,,,,0
11788873,1.0,39,,,,,0
11788873,1.0,40,,,,,0
11788873,1.0,41,,,,,0
11788873,1.0,42,,,,,0
11788873,1.0,43,,,,,0
11788873,1.0,44,,,,,0
11788873,1.0,45,,,,,0
11788873,1.0,46,,,,,0
11788873,1.0,47,,,,,0
11788873,1.0,48,,,,,0
11788873,1.0,49,,,,,0
11788873,1.0,50,,,,,0
11788873,1.0,51,,,,,0
11788873,1.0,52,,,,,0
11788873,1.0,53,,,,,0
11788873,1.0,54,,,,,0
11788873,1.0,55,,,,,0
11788873,1.0,56,,,,,0
11788873,1.0,57,,,,,0
11788873,1.0,58,,,,,0
11788873,1.0,59,,,,,0
11788873,1.0,60,,,,,0
60276871,1.0,1,,,,,0
60276871,1.0,2,,,,,0
60276871,1.0,3,,,,,0
60276871,1.0,4,,,,,0
60276871,1.0,5,,,,,0
60276871,1.0,6,,,,,0
60276871,1.0,7,,,,,0
60276871,1.0,8,,,,,0
60276871,1.0,9,,,,,0
60276871,1.0,10,,,,,0
60276871,1.0,11,,,,,0
60276871,1.0,12,,,,,0
60276871,1.0,13,,,,,0
60276871,1.0,14,,,,,0
60276871,1.0,15,,,,,0
60276871,1.0,16,,,,,0
60276871,1.0,17,,,,,0
60276871,1.0,18,,,,,0
60276871,1.0,19,,,,,0
60276871,1.0,20,,,,,0
60276871,1.0,21,,,,,0
60276871,1.0,22,,,,,0
60276871,1.0,23,,,,,0
60276871,1.0,24,,,,,0
60276871,1.0,25,,,,,0
60276871,1.0,26,,,,,0
60276871,1.0,27,,,,,0
60276871,1.0,28,,,,,0
60276871,1.0,29,,,,,0
60276871,1.0,30,,,,,0
60276871,1.0,31,,,,,0
60276871,1.0,32,,,,,0
60276871,1.0,33,,,,,0
60276871,1.0,34,,,,,0
60276871,1.0,35,,,,,0
60276871,1.0,36,,,,,0
60276871,1.0,37,,,,,0
60276871,1.0,38,,,,,0
60276871,1.0,39,,,,,0
60276871,1.0,40,,,,,0
60276871,1.0,41,,,,,0
60276871,1.0,42,,,,,0
60276871,1.0,43,,,,,0
60276871,1.0,44,,,,,0
60276871,1.0,45,,,,,0
60276871,1.0,46,,,,,0
60276871,1.0,47,,,,,0
60276871,1.0,48,,,,,0
60276871,1.0,49,,,,,0
60276871,1.0,50,,,,,0
60276871,1.0,51,,,,,0
60276871,1.0,52,,,,,0
60276871,1.0,53,,,,,0
60276871,1.0,54,,,,,0
60276871,1.0,55,,,,,0
60276871,1.0,56,,,,,0
60276871,1.0,57,,,,,0
60276871,1.0,58,,,,,0
60276871,1.0,59,,,,,0
60276871,1.0,60,,,,,0
76887985,1.0,1,,,,,0
76887985,1.0,2,,,,,0
76887985,1.0,3,,,,,0
76887985,1.0,4,,,,,0
76887985,1.0,5,,,,,0
76887985,1.0,6,,,,,0
76887985,1.0,7,,,,,0
76887985,1.0,8,,,,,0
76887985,1.0,9,,,,,0
76887985,1.0,10,,,,,0
76887985,1.0,11,,,,,0
76887985,1.0,12,,,,,0
76887985,1.0,13,,,,,0
76887985,1.0,14,,,,,0
76887985,1.0,15,,,,,0
76887985,1.0,16,,,,,0
76887985,1.0,17,,,,,0
76887985,1.0,18,,,,,0
76887985,1.0,19,,,,,0
76887985,1.0,20,,,,,0
76887985,1.0,21,,,,,0
76887985,1.0,22,,,,,0
76887985,1.0,23,,,,,0
76887985,1.0,24,,,,,0
76887985,1.0,25,,,,,0
76887985,1.0,26,,,,,0
76887985,1.0,27,,,,,0
76887985,1.0,28,,,,,0
76887985,1.0,29,,,,,0
76887985,1.0,30,,,,,0
76887985,1.0,31,,,,,0
76887985,1.0,32,,,,,0
76887985,1.0,33,,,,,0
76887985,1.0,34,,,,,0
76887985,1.0,35,,,,,0
76887985,1.0,36,,,,,0
76887985,1.0,37,,,,,0
76887985,1.0,38,,,,,0
76887985,1.0,39,,,,,0
76887985,1.0,40,,,,,0
76887985,1.0,41,,,,,0
76887985,1.0,42,,,,,0
76887985,1.0,43,,,,,0
76887985,1.0,44,,,,,0
76887985,1.0,45,,,,,0
76887985,1.0,46,,,,,0
76887985,1.0,47,,,,,0
76887985,1.0,48,,,,,0
76887985,1.0,49,,,,,0
76887985,1.0,50,,,,,0
76887985,1.0,51,,,,,0
76887985,1.0,52,,,,,0
76887985,1.0,53,,,,,0
76887985,1.0,54,,,,,0
76887985,1.0,55,,,,,0
76887985,1.0,56,,,,,0
76887985,1.0,57,,,,,0
76887985,1.0,58,,,,,0
76887985,1.0,59,,,,,0
76887985,1.0,60,,,,,0
91841274,1.0,1,,,,,0
91841274,1.0,2,,,,,0
91841274,1.0,3,,,,,0
91841274,1.0,4,,,,,0
91841274,1.0,5,,,,,0
91841274,1.0,6,,,,,0
91841274,1.0,7,,,,,0
91841274,1.0,8,,,,,0
91841274,1.0,9,,,,,0
91841274,1.0,10,,,,,0
91841274,1.0,11,,,,,0
91841274,1.0,12,,,,,0
91841274,1.0,13,,,,,0
91841274,1.0,14,,,,,0
91841274,1.0,15,,,,,0
91841274,1.0,16,,,,,0
91841274,1.0,17,,,,,0
91841274,1.0,18,,,,,0
91841274,1.0,19,,,,,0
91841274,1.0,20,,,,,0
91841274,1.0,21,,,,,0
91841274,1.0,22,,,,,0
91841274,1.0,23,,,,,0
91841274,1.0,24,,,,,0
91841274,1.0,25,,,,,0
91841274,1.0,26,,,,,0
91841274,1.0,27,,,,,0
91841274,1.0,28,,,,,0
91841274,1.0,29,,,,,0
91841274,1.0,30,,,,,0
91841274,1.0,31,,,,,0
91841274,1.0,32,,,,,0
91841274,1.0,33,,,,,0
91841274,1.0,34,,,,,0
91841274,1.0,35,,,,,0
91841274,1.0,36,,,,,0
91841274,1.0,37,,,,,0
91841274,1.0,38,,,,,0
91841274,1.0,39,,,,,0
91841274,1.0,40,,,,,0
91841274,1.0,41,,,,,0
91841274,1.0,42,,,,,0
91841274,1.0,43,,,,,0
91841274,1.0,44,,,,,0
91841274,1.0,45,,,,,0
91841274,1.0,46,,,,,0
91841274,1.0,47,,,,,0
91841274,1.0,48,,,,,0
91841274,1.0,49,,,,,0
91841274,1.0,50,,,,,0
91841274,1.0,51,,,,,0
91841274,1.0,52,,,,,0
91841274,1.0,53,,,,,0
91841274,1.0,54,,,,,0
91841274,1.0,55,,,,,0
91841274,1.0,56,,,,,0
91841274,1.0,57,,,,,0
91841274,1.0,58,,,,,0
91841274,1.0,59,,,,,0
91841274,1.0,60,,,,,0
15483039,1.0,1,,,,,0
15483039,1.0,2,62609802,onsite,0.125,0.0,1
15483039,1.0,3,34353940,onsite,0.125,0.0,1
15483039,1.0,4,45924388,onsite,0.125,0.0,1
15483039,1.0,5,31691472,onsite,0.125,0.0,1
15483039,1.0,6,34353940,onsite,0.125,0.0,1
15483039,1.0,7,27962354,onsite,0.125,0.0,1
15483039,1.0,8,64583244,onsite,0.125,0.0,1
15483039,1.0,9,62609802,onsite,0.125,0.0,1
15483039,1.0,10,34353940,onsite,0.125,0.0,1
15483039,1.0,11,62800650,onsite,0.125,0.0,1
15483039,1.0,12,,,,,0
15483039,1.0,13,94222829,onsite,2.0,0.0,1
15483039,1.0,14,,,,,0
15483039,1.0,15,59002596,onsite,0.7501875468867217,0.0,1
15483039,1.0,16,64581593,onsite,0.7501875468867217,0.0,1
15483039,1.0,17,,,,,0
15483039,1.0,18,,,,,0
15483039,1.0,19,,,,,0
15483039,1.0,20,,,,,0
15483039,1.0,21,,,,,0
15483039,1.0,22,,,,,0
15483039,1.0,23,91982757,onsite,2.0,0.0,1
15483039,1.0,24,32723844,onsite,2.5,0.0,1
15483039,1.0,25,,,,,0
15483039,1.0,26,97077356,online,2.0,0.0,1
15483039,1.0,27,,,,,0
15483039,1.0,28,,,,,0
15483039,1.0,29,,,,,0
15483039,1.0,30,,,,,0
15483039,1.0,31,,,,,0
15483039,1.0,32,51730988,online,3.003003003003003,0.0,1
15483039,1.0,33,,,,,0
15483039,1.0,34,,,,,0
15483039,1.0,35,,,,,0
15483039,1.0,36,,,,,0
15483039,1.0,37,,,,,0
15483039,1.0,38,,,,,0
15483039,1.0,39,,,,,0
15483039,1.0,40,,,,,0
15483039,1.0,41,,,,,0
15483039,1.0,42,,,,,0
15483039,1.0,43,,,,,0
15483039,1.0,44,,,,,0
15483039,1.0,45,,,,,0
15483039,1.0,46,,,,,0
15483039,1.0,47,,,,,0
15483039,1.0,48,,,,,0
15483039,1.0,49,,,,,0
15483039,1.0,50,,,,,0
15483039,1.0,51,,,,,0
15483039,1.0,52,,,,,0
15483039,1.0,53,,,,,0
15483039,1.0,54,,,,,0
15483039,1.0,55,,,,,0
15483039,1.0,56,,,,,0
15483039,1.0,57,,,,,0
15483039,1.0,58,,,,,0
15483039,1.0,59,,,,,0
15483039,1.0,60,,,,,0
87388759,1.0,1,,,,,0
87388759,1.0,2,,,,,0
87388759,1.0,3,,,,,0
87388759,1.0,4,,,,,0
87388759,1.0,5,,,,,0
87388759,1.0,6,,,,,0
87388759,1.0,7,,,,,0
87388759,1.0,8,,,,,0
87388759,1.0,9,,,,,0
87388759,1.0,10,,,,,0
87388759,1.0,11,,,,,0
87388759,1.0,12,,,,,0
87388759,1.0,13,,,,,0
87388759,1.0,14,,,,,0
87388759,1.0,15,,,,,0
87388759,1.0,16,,,,,0
87388759,1.0,17,,,,,0
87388759,1.0,18,,,,,0
87388759,1.0,19,,,,,0
87388759,1.0,20,,,,,0
87388759,1.0,21,,,,,0
87388759,1.0,22,,,,,0
87388759,1.0,23,,,,,0
87388759,1.0,24,,,,,0
87388759,1.0,25,,,,,0
87388759,1.0,26,,,,,0
87388759,1.0,27,,,,,0
87388759,1.0,28,,,,,0
87388759,1.0,29,,,,,0
87388759,1.0,30,,,,,0
87388759,1.0,31,,,,,0
87388759,1.0,32,,,,,0
87388759,1.0,33,,,,,0
87388759,1.0,34,,,,,0
87388759,1.0,35,,,,,0
87388759,1.0,36,,,,,0
87388759,1.0,37,,,,,0
87388759,1.0,38,,,,,0
87388759,1.0,39,,,,,0
87388759,1.0,40,,,,,0
87388759,1.0,41,,,,,0
87388759,1.0,42,,,,,0
87388759,1.0,43,,,,,0
87388759,1.0,44,,,,,0
87388759,1.0,45,,,,,0
87388759,1.0,46,,,,,0
87388759,1.0,47,,,,,0
87388759,1.0,48,,,,,0
87388759,1.0,49,,,,,0
87388759,1.0,50,,,,,0
87388759,1.0,51,,,,,0
87388759,1.0,52,,,,,0
87388759,1.0,53,,,,,0
87388759,1.0,54,,,,,0
87388759,1.0,55,,,,,0
87388759,1.0,56,,,,,0
87388759,1.0,57,,,,,0
87388759,1.0,58,,,,,0
87388759,1.0,59,,,,,0
87388759,1.0,60,,,,,0
66931509,1.0,1,,,,,0
66931509,1.0,2,,,,,0
66931509,1.0,3,,,,,0
66931509,1.0,4,,,,,0
66931509,1.0,5,,,,,0
66931509,1.0,6,,,,,0
66931509,1.0,7,,,,,0
66931509,1.0,8,,,,,0
66931509,1.0,9,,,,,0
66931509,1.0,10,,,,,0
66931509,1.0,11,,,,,0
66931509,1.0,12,,,,,0
66931509,1.0,13,,,,,0
66931509,1.0,14,,,,,0
66931509,1.0,15,,,,,0
66931509,1.0,16,,,,,0
66931509,1.0,17,,,,,0
66931509,1.0,18,,,,,0
66931509,1.0,19,,,,,0
66931509,1.0,20,,,,,0
66931509,1.0,21,,,,,0
66931509,1.0,22,,,,,0
66931509,1.0,23,,,,,0
66931509,1.0,24,,,,,0
66931509,1.0,25,,,,,0
66931509,1.0,26,,,,,0
66931509,1.0,27,,,,,0
66931509,1.0,28,,,,,0
66931509,1.0,29,,,,,0
66931509,1.0,30,,,,,0
66931509,1.0,31,,,,,0
66931509,1.0,32,,,,,0
66931509,1.0,33,,,,,0
66931509,1.0,34,,,,,0
66931509,1.0,35,,,,,0
66931509,1.0,36,,,,,0
66931509,1.0,37,,,,,0
66931509,1.0,38,,,,,0
66931509,1.0,39,,,,,0
66931509,1.0,40,,,,,0
66931509,1.0,41,,,,,0
66931509,1.0,42,,,,,0
66931509,1.0,43,,,,,0
66931509,1.0,44,,,,,0
66931509,1.0,45,,,,,0
66931509,1.0,46,,,,,0
66931509,1.0,47,,,,,0
66931509,1.0,48,,,,,0
66931509,1.0,49,,,,,0
66931509,1.0,50,,,,,0
66931509,1.0,51,,,,,0
66931509,1.0,52,,,,,0
66931509,1.0,53,,,,,0
66931509,1.0,54,,,,,0
66931509,1.0,55,,,,,0
66931509,1.0,56,,,,,0
66931509,1.0,57,,,,,0
66931509,1.0,58,,,,,0
66931509,1.0,59,,,,,0
66931509,1.0,60,,,,,0
95561381,1.0,1,,,,,0
95561381,1.0,2,,,,,0
95561381,1.0,3,74903311,onsite,0.125,0.0,1
95561381,1.0,4,74903311,onsite,0.125,0.0,1
95561381,1.0,5,12868813,onsite,0.1,0.024999999999999994,1
95561381,1.0,6,12868813,onsite,0.1,0.024999999999999994,1
95561381,1.0,7,92071903,onsite,0.125,0.0,1
95561381,1.0,8,92071903,onsite,0.125,0.0,1
95561381,1.0,9,12868813,onsite,0.1,0.024999999999999994,1
95561381,1.0,10,92071903,onsite,0.125,0.0,1
95561381,1.0,11,12868813,onsite,0.1,0.024999999999999994,1
95561381,1.0,12,66367478,onsite,0.125,0.0,1
95561381,1.0,13,,,,,0
95561381,1.0,14,,,,,0
95561381,1.0,15,,,,,0
95561381,1.0,16,,,,,0
95561381,1.0,17,,,,,0
95561381,1.0,18,,,,,0
95561381,1.0,19,,,,,0
95561381,1.0,20,,,,,0
95561381,1.0,21,72197177,online,2.0,0.0,1
95561381,1.0,22,,,,,0
95561381,1.0,23,,,,,0
95561381,1.0,24,,,,,0
95561381,1.0,25,22163654,online,2.0,0.0,1
95561381,1.0,26,70787117,online,2.0,0.0,1
95561381,1.0,27,,,,,0
95561381,1.0,28,,,,,0
95561381,1.0,29,73035281,online,3.003003003003003,0.0,1
95561381,1.0,30,,,,,0
95561381,1.0,31,10341659,online,3.003003003003003,0.0,1
95561381,1.0,32,,,,,0
95561381,1.0,33,79028590,online,3.003003003003003,0.0,1
95561381,1.0,34,,,,,0
95561381,1.0,35,,,,,0
95561381,1.0,36,,,,,0
95561381,1.0,37,,,,,0
95561381,1.0,38,,,,,0
95561381,1.0,39,,,,,0
95561381,1.0,40,,,,,0
95561381,1.0,41,,,,,0
95561381,1.0,42,,,,,0
95561381,1.0,43,,,,,0
95561381,1.0,44,,,,,0
95561381,1.0,45,,,,,0
95561381,1.0,46,,,,,0
95561381,1.0,47,,,,,0
95561381,1.0,48,,,,,0
95561381,1.0,49,,,,,0
95561381,1.0,50,,,,,0
95561381,1.0,51,,,,,0
95561381,1.0,52,,,,,0
95561381,1.0,53,,,,,0
95561381,1.0,54,,,,,0
95561381,1.0,55,,,,,0
95561381,1.0,56,,,,,0
95561381,1.0,57,,,,,0
95561381,1.0,58,,,,,0
95561381,1.0,59,,,,,0
95561381,1.0,60,,,,,0
74608681,1.0,1,,,,,0
74608681,1.0,2,,,,,0
74608681,1.0,3,,,,,0
74608681,1.0,4,,,,,0
74608681,1.0,5,,,,,0
74608681,1.0,6,,,,,0
74608681,1.0,7,,,,,0
74608681,1.0,8,,,,,0
74608681,1.0,9,,,,,0
74608681,1.0,10,,,,,0
74608681,1.0,11,,,,,0
74608681,1.0,12,,,,,0
74608681,1.0,13,,,,,0
74608681,1.0,14,,,,,0
74608681,1.0,15,,,,,0
74608681,1.0,16,,,,,0
74608681,1.0,17,,,,,0
74608681,1.0,18,,,,,0
74608681,1.0,19,,,,,0
74608681,1.0,20,,,,,0
74608681,1.0,21,,,,,0
74608681,1.0,22,,,,,0
74608681,1.0,23,,,,,0
74608681,1.0,24,,,,,0
74608681,1.0,25,,,,,0
74608681,1.0,26,,,,,0
74608681,1.0,27,,,,,0
74608681,1.0,28,,,,,0
74608681,1.0,29,,,,,0
74608681,1.0,30,,,,,0
74608681,1.0,31,,,,,0
74608681,1.0,32,,,,,0
74608681,1.0,33,,,,,0
74608681,1.0,34,,,,,0
74608681,1.0,35,,,,,0
74608681,1.0,36,,,,,0
74608681,1.0,37,,,,,0
74608681,1.0,38,,,,,0
74608681,1.0,39,,,,,0
74608681,1.0,40,,,,,0
74608681,1.0,41,,,,,0
74608681,1.0,42,,,,,0
74608681,1.0,43,,,,,0
74608681,1.0,44,,,,,0
74608681,1.0,45,,,,,0
74608681,1.0,46,,,,,0
74608681,1.0,47,,,,,0
74608681,1.0,48,,,,,0
74608681,1.0,49,,,,,0
74608681,1.0,50,,,,,0
74608681,1.0,51,,,,,0
74608681,1.0,52,,,,,0
74608681,1.0,53,,,,,0
74608681,1.0,54,,,,,0
74608681,1.0,55,,,,,0
74608681,1.0,56,,,,,0
74608681,1.0,57,,,,,0
74608681,1.0,58,,,,,0
74608681,1.0,59,,,,,0
74608681,1.0,60,,,,,0
54503027,1.0,1,,,,,0
54503027,1.0,2,,,,,0
54503027,1.0,3,,,,,0
54503027,1.0,4,,,,,0
54503027,1.0,5,,,,,0
54503027,1.0,6,,,,,0
54503027,1.0,7,,,,,0
54503027,1.0,8,,,,,0
54503027,1.0,9,,,,,0
54503027,1.0,10,,,,,0
54503027,1.0,11,,,,,0
54503027,1.0,12,,,,,0
54503027,1.0,13,,,,,0
54503027,1.0,14,,,,,0
54503027,1.0,15,,,,,0
54503027,1.0,16,,,,,0
54503027,1.0,17,,,,,0
54503027,1.0,18,,,,,0
54503027,1.0,19,,,,,0
54503027,1.0,20,,,,,0
54503027,1.0,21,,,,,0
54503027,1.0,22,,,,,0
54503027,1.0,23,,,,,0
54503027,1.0,24,,,,,0
54503027,1.0,25,,,,,0
54503027,1.0,26,,,,,0
54503027,1.0,27,,,,,0
54503027,1.0,28,,,,,0
54503027,1.0,29,,,,,0
54503027,1.0,30,,,,,0
54503027,1.0,31,,,,,0
54503027,1.0,32,,,,,0
54503027,1.0,33,,,,,0
54503027,1.0,34,,,,,0
54503027,1.0,35,,,,,0
54503027,1.0,36,,,,,0
54503027,1.0,37,,,,,0
54503027,1.0,38,,,,,0
54503027,1.0,39,,,,,0
54503027,1.0,40,,,,,0
54503027,1.0,41,,,,,0
54503027,1.0,42,,,,,0
54503027,1.0,43,,,,,0
54503027,1.0,44,,,,,0
54503027,1.0,45,,,,,0
54503027,1.0,46,,,,,0
54503027,1.0,47,,,,,0
54503027,1.0,48,,,,,0
54503027,1.0,49,,,,,0
54503027,1.0,50,,,,,0
54503027,1.0,51,,,,,0
54503027,1.0,52,,,,,0
54503027,1.0,53,,,,,0
54503027,1.0,54,,,,,0
54503027,1.0,55,,,,,0
54503027,1.0,56,,,,,0
54503027,1.0,57,,,,,0
54503027,1.0,58,,,,,0
54503027,1.0,59,,,,,0
54503027,1.0,60,,,,,0
72859063,1.0,1,,,,,0
72859063,1.0,2,10703530,onsite,0.125,0.0,1
72859063,1.0,3,94662445,onsite,0.125,0.0,1
72859063,1.0,4,97750287,onsite,0.125,0.0,1
72859063,1.0,5,18658831,onsite,0.125,0.0,1
72859063,1.0,6,10703530,onsite,0.125,0.0,1
72859063,1.0,7,10703530,onsite,0.125,0.0,1
72859063,1.0,8,45640997,onsite,0.125,0.0,1
72859063,1.0,9,10703530,onsite,0.125,0.0,1
72859063,1.0,10,88494322,onsite,0.125,0.0,1
72859063,1.0,11,93524977,onsite,0.125,0.0,1
72859063,1.0,12,35091151,onsite,0.125,0.0,1
72859063,1.0,13,89367750,onsite,0.125,0.0,1
72859063,1.0,14,45394363,onsite,0.125,0.0,1
72859063,1.0,15,13198214,onsite,0.7501875468867217,0.0,1
72859063,1.0,16,54712848,onsite,0.7501875468867217,0.0,1
72859063,1.0,17,30575611,onsite,0.7501875468867217,0.0,1
72859063,1.0,18,33875686,onsite,0.7501875468867217,0.0,1
72859063,1.0,19,62377651,onsite,0.7501875468867217,0.0,1
72859063,1.0,20,93087428,onsite,0.7501875468867217,0.0,1
72859063,1.0,21,54327101,onsite,0.7501875468867217,0.0,1
72859063,1.0,22,20243729,onsite,0.125,0.0,1
72859063,1.0,23,79748541,onsite,2.0,0.0,1
72859063,1.0,24,16849071,onsite,2.0,0.0,1
72859063,1.0,25,19109947,onsite,2.0,0.0,1
72859063,1.0,26,51132137,onsite,2.0,0.0,1
72859063,1.0,27,,,,,0
72859063,1.0,28,,,,,0
72859063,1.0,29,83144084,onsite,0.7501875468867217,0.0,1
72859063,1.0,30,,,,,0
72859063,1.0,31,72621526,onsite,2.0,0.0,1
72859063,1.0,32,,,,,0
72859063,1.0,33,,,,,0
72859063,1.0,34,,,,,0
72859063,1.0,35,,,,,0
72859063,1.0,36,,,,,0
72859063,1.0,37,,,,,0
72859063,1.0,38,,,,,0
72859063,1.0,39,,,,,0
72859063,1.0,40,,,,,0
72859063,1.0,41,,,,,0
72859063,1.0,42,,,,,0
72859063,1.0,43,,,,,0
72859063,1.0,44,,,,,0
72859063,1.0,45,,,,,0
72859063,1.0,46,,,,,0
72859063,1.0,47,,,,,0
72859063,1.0,48,,,,,0
72859063,1.0,49,,,,,0
72859063,1.0,50,,,,,0
72859063,1.0,51,,,,,0
72859063,1.0,52,,,,,0
72859063,1.0,53,,,,,0
72859063,1.0,54,,,,,0
72859063,1.0,55,,,,,0
72859063,1.0,56,,,,,0
72859063,1.0,57,,,,,0
72859063,1.0,58,,,,,0
72859063,1.0,59,,,,,0
72859063,1.0,60,,,,,0
30791216,1.0,1,,,,,0
30791216,1.0,2,,,,,0
30791216,1.0,3,,,,,0
30791216,1.0,4,,,,,0
30791216,1.0,5,,,,,0
30791216,1.0,6,,,,,0
30791216,1.0,7,,,,,0
30791216,1.0,8,,,,,0
30791216,1.0,9,,,,,0
30791216,1.0,10,,,,,0
30791216,1.0,11,,,,,0
30791216,1.0,12,,,,,0
30791216,1.0,13,,,,,0
30791216,1.0,14,,,,,0
30791216,1.0,15,,,,,0
30791216,1.0,16,,,,,0
30791216,1.0,17,,,,,0
30791216,1.0,18,,,,,0
30791216,1.0,19,,,,,0
30791216,1.0,20,,,,,0
30791216,1.0,21,,,,,0
30791216,1.0,22,,,,,0
30791216,1.0,23,,,,,0
30791216,1.0,24,,,,,0
30791216,1.0,25,,,,,0
30791216,1.0,26,,,,,0
30791216,1.0,27,,,,,0
30791216,1.0,28,,,,,0
30791216,1.0,29,,,,,0
30791216,1.0,30,,,,,0
30791216,1.0,31,,,,,0
30791216,1.0,32,,,,,0
30791216,1.0,33,,,,,0
30791216,1.0,34,,,,,0
30791216,1.0,35,,,,,0
30791216,1.0,36,,,,,0
30791216,1.0,37,,,,,0
30791216,1.0,38,,,,,0
30791216,1.0,39,,,,,0
30791216,1.0,40,,,,,0
30791216,1.0,41,,,,,0
30791216,1.0,42,,,,,0
30791216,1.0,43,,,,,0
30791216,1.0,44,,,,,0
30791216,1.0,45,,,,,0
30791216,1.0,46,,,,,0
30791216,1.0,47,,,,,0
30791216,1.0,48,,,,,0
30791216,1.0,49,,,,,0
30791216,1.0,50,,,,,0
30791216,1.0,51,,,,,0
30791216,1.0,52,,,,,0
30791216,1.0,53,,,,,0
30791216,1.0,54,,,,,0
30791216,1.0,55,,,,,0
30791216,1.0,56,,,,,0
30791216,1.0,57,,,,,0
30791216,1.0,58,,,,,0
30791216,1.0,59,,,,,0
30791216,1.0,60,,,,,0
84048146,1.0,1,,,,,0
84048146,1.0,2,,,,,0
84048146,1.0,3,,,,,0
84048146,1.0,4,,,,,0
84048146,1.0,5,,,,,0
84048146,1.0,6,,,,,0
84048146,1.0,7,,,,,0
84048146,1.0,8,,,,,0
84048146,1.0,9,,,,,0
84048146,1.0,10,,,,,0
84048146,1.0,11,,,,,0
84048146,1.0,12,,,,,0
84048146,1.0,13,,,,,0
84048146,1.0,14,,,,,0
84048146,1.0,15,,,,,0
84048146,1.0,16,,,,,0
84048146,1.0,17,,,,,0
84048146,1.0,18,,,,,0
84048146,1.0,19,,,,,0
84048146,1.0,20,,,,,0
84048146,1.0,21,,,,,0
84048146,1.0,22,,,,,0
84048146,1.0,23,,,,,0
84048146,1.0,24,,,,,0
84048146,1.0,25,,,,,0
84048146,1.0,26,,,,,0
84048146,1.0,27,,,,,0
84048146,1.0,28,,,,,0
84048146,1.0,29,,,,,0
84048146,1.0,30,,,,,0
84048146,1.0,31,,,,,0
84048146,1.0,32,,,,,0
84048146,1.0,33,,,,,0
84048146,1.0,34,,,,,0
84048146,1.0,35,,,,,0
84048146,1.0,36,,,,,0
84048146,1.0,37,,,,,0
84048146,1.0,38,,,,,0
84048146,1.0,39,,,,,0
84048146,1.0,40,,,,,0
84048146,1.0,41,,,,,0
84048146,1.0,42,,,,,0
84048146,1.0,43,,,,,0
84048146,1.0,44,,,,,0
84048146,1.0,45,,,,,0
84048146,1.0,46,,,,,0
84048146,1.0,47,,,,,0
84048146,1.0,48,,,,,0
84048146,1.0,49,,,,,0
84048146,1.0,50,,,,,0
84048146,1.0,51,,,,,0
84048146,1.0,52,,,,,0
84048146,1.0,53,,,,,0
84048146,1.0,54,,,,,0
84048146,1.0,55,,,,,0
84048146,1.0,56,,,,,0
84048146,1.0,57,,,,,0
84048146,1.0,58,,,,,0
84048146,1.0,59,,,,,0
84048146,1.0,60,,,,,0
63567533,1.0,1,,,,,0
63567533,1.0,2,,,,,0
63567533,1.0,3,,,,,0
63567533,1.0,4,,,,,0
63567533,1.0,5,,,,,0
63567533,1.0,6,,,,,0
63567533,1.0,7,,,,,0
63567533,1.0,8,,,,,0
63567533,1.0,9,,,,,0
63567533,1.0,10,,,,,0
63567533,1.0,11,,,,,0
63567533,1.0,12,,,,,0
63567533,1.0,13,,,,,0
63567533,1.0,14,,,,,0
63567533,1.0,15,,,,,0
63567533,1.0,16,,,,,0
63567533,1.0,17,,,,,0
63567533,1.0,18,,,,,0
63567533,1.0,19,,,,,0
63567533,1.0,20,,,,,0
63567533,1.0,21,,,,,0
63567533,1.0,22,,,,,0
63567533,1.0,23,,,,,0
63567533,1.0,24,,,,,0
63567533,1.0,25,,,,,0
63567533,1.0,26,,,,,0
63567533,1.0,27,,,,,0
63567533,1.0,28,,,,,0
63567533,1.0,29,,,,,0
63567533,1.0,30,,,,,0
63567533,1.0,31,,,,,0
63567533,1.0,32,,,,,0
63567533,1.0,33,,,,,0
63567533,1.0,34,,,,,0
63567533,1.0,35,,,,,0
63567533,1.0,36,,,,,0
63567533,1.0,37,,,,,0
63567533,1.0,38,,,,,0
63567533,1.0,39,,,,,0
63567533,1.0,40,,,,,0
63567533,1.0,41,,,,,0
63567533,1.0,42,,,,,0
63567533,1.0,43,,,,,0
63567533,1.0,44,,,,,0
63567533,1.0,45,,,,,0
63567533,1.0,46,,,,,0
63567533,1.0,47,,,,,0
63567533,1.0,48,,,,,0
63567533,1.0,49,,,,,0
63567533,1.0,50,,,,,0
63567533,1.0,51,,,,,0
63567533,1.0,52,,,,,0
63567533,1.0,53,,,,,0
63567533,1.0,54,,,,,0
63567533,1.0,55,,,,,0
63567533,1.0,56,,,,,0
63567533,1.0,57,,,,,0
63567533,1.0,58,,,,,0
63567533,1.0,59,,,,,0
63567533,1.0,60,,,,,0
56251567,1.0,1,,,,,0
56251567,1.0,2,,,,,0
56251567,1.0,3,,,,,0
56251567,1.0,4,,,,,0
56251567,1.0,5,,,,,0
56251567,1.0,6,,,,,0
56251567,1.0,7,,,,,0
56251567,1.0,8,,,,,0
56251567,1.0,9,,,,,0
56251567,1.0,10,,,,,0
56251567,1.0,11,,,,,0
56251567,1.0,12,,,,,0
56251567,1.0,13,,,,,0
56251567,1.0,14,,,,,0
56251567,1.0,15,,,,,0
56251567,1.0,16,,,,,0
56251567,1.0,17,,,,,0
56251567,1.0,18,,,,,0
56251567,1.0,19,,,,,0
56251567,1.0,20,,,,,0
56251567,1.0,21,,,,,0
56251567,1.0,22,,,,,0
56251567,1.0,23,,,,,0
56251567,1.0,24,,,,,0
56251567,1.0,25,,,,,0
56251567,1.0,26,,,,,0
56251567,1.0,27,,,,,0
56251567,1.0,28,,,,,0
56251567,1.0,29,,,,,0
56251567,1.0,30,,,,,0
56251567,1.0,31,,,,,0
56251567,1.0,32,,,,,0
56251567,1.0,33,,,,,0
56251567,1.0,34,,,,,0
56251567,1.0,35,,,,,0
56251567,1.0,36,,,,,0
56251567,1.0,37,,,,,0
56251567,1.0,38,,,,,0
56251567,1.0,39,,,,,0
56251567,1.0,40,,,,,0
56251567,1.0,41,,,,,0
56251567,1.0,42,,,,,0
56251567,1.0,43,,,,,0
56251567,1.0,44,,,,,0
56251567,1.0,45,,,,,0
56251567,1.0,46,,,,,0
56251567,1.0,47,,,,,0
56251567,1.0,48,,,,,0
56251567,1.0,49,,,,,0
56251567,1.0,50,,,,,0
56251567,1.0,51,,,,,0
56251567,1.0,52,,,,,0
56251567,1.0,53,,,,,0
56251567,1.0,54,,,,,0
56251567,1.0,55,,,,,0
56251567,1.0,56,,,,,0
56251567,1.0,57,,,,,0
56251567,1.0,58,,,,,0
56251567,1.0,59,,,,,0
56251567,1.0,60,,,,,0
26922920,1.0,1,,,,,0
26922920,1.0,2,,,,,0
26922920,1.0,3,,,,,0
26922920,1.0,4,,,,,0
26922920,1.0,5,,,,,0
26922920,1.0,6,,,,,0
26922920,1.0,7,,,,,0
26922920,1.0,8,,,,,0
26922920,1.0,9,,,,,0
26922920,1.0,10,,,,,0
26922920,1.0,11,,,,,0
26922920,1.0,12,,,,,0
26922920,1.0,13,,,,,0
26922920,1.0,14,,,,,0
26922920,1.0,15,,,,,0
26922920,1.0,16,,,,,0
26922920,1.0,17,,,,,0
26922920,1.0,18,,,,,0
26922920,1.0,19,,,,,0
26922920,1.0,20,,,,,0
26922920,1.0,21,,,,,0
26922920,1.0,22,,,,,0
26922920,1.0,23,,,,,0
26922920,1.0,24,,,,,0
26922920,1.0,25,,,,,0
26922920,1.0,26,,,,,0
26922920,1.0,27,,,,,0
26922920,1.0,28,,,,,0
26922920,1.0,29,,,,,0
26922920,1.0,30,,,,,0
26922920,1.0,31,,,,,0
26922920,1.0,32,,,,,0
26922920,1.0,33,,,,,0
26922920,1.0,34,,,,,0
26922920,1.0,35,,,,,0
26922920,1.0,36,,,,,0
26922920,1.0,37,,,,,0
26922920,1.0,38,,,,,0
26922920,1.0,39,,,,,0
26922920,1.0,40,,,,,0
26922920,1.0,41,,,,,0
26922920,1.0,42,,,,,0
26922920,1.0,43,,,,,0
26922920,1.0,44,,,,,0
26922920,1.0,45,,,,,0
26922920,1.0,46,,,,,0
26922920,1.0,47,,,,,0
26922920,1.0,48,,,,,0
26922920,1.0,49,,,,,0
26922920,1.0,50,,,,,0
26922920,1.0,51,,,,,0
26922920,1.0,52,,,,,0
26922920,1.0,53,,,,,0
26922920,1.0,54,,,,,0
26922920,1.0,55,,,,,0
26922920,1.0,56,,,,,0
26922920,1.0,57,,,,,0
26922920,1.0,58,,,,,0
26922920,1.0,59,,,,,0
26922920,1.0,60,,,,,0
12360025,1.0,1,,,,,0
12360025,1.0,2,,,,,0
12360025,1.0,3,,,,,0
12360025,1.0,4,,,,,0
12360025,1.0,5,,,,,0
12360025,1.0,6,,,,,0
12360025,1.0,7,,,,,0
12360025,1.0,8,,,,,0
12360025,1.0,9,,,,,0
12360025,1.0,10,,,,,0
12360025,1.0,11,,,,,0
12360025,1.0,12,,,,,0
12360025,1.0,13,,,,,0
12360025,1.0,14,,,,,0
12360025,1.0,15,,,,,0
12360025,1.0,16,,,,,0
12360025,1.0,17,,,,,0
12360025,1.0,18,,,,,0
12360025,1.0,19,,,,,0
12360025,1.0,20,,,,,0
12360025,1.0,21,,,,,0
12360025,1.0,22,,,,,0
12360025,1.0,23,,,,,0
12360025,1.0,24,,,,,0
12360025,1.0,25,,,,,0
12360025,1.0,26,,,,,0
12360025,1.0,27,,,,,0
12360025,1.0,28,,,,,0
12360025,1.0,29,,,,,0
12360025,1.0,30,,,,,0
12360025,1.0,31,,,,,0
12360025,1.0,32,,,,,0
12360025,1.0,33,,,,,0
12360025,1.0,34,,,,,0
12360025,1.0,35,,,,,0
12360025,1.0,36,,,,,0
12360025,1.0,37,,,,,0
12360025,1.0,38,,,,,0
12360025,1.0,39,,,,,0
12360025,1.0,40,,,,,0
12360025,1.0,41,,,,,0
12360025,1.0,42,,,,,0
12360025,1.0,43,,,,,0
12360025,1.0,44,,,,,0
12360025,1.0,45,,,,,0
12360025,1.0,46,,,,,0
12360025,1.0,47,,,,,0
12360025,1.0,48,,,,,0
12360025,1.0,49,,,,,0
12360025,1.0,50,,,,,0
12360025,1.0,51,,,,,0
12360025,1.0,52,,,,,0
12360025,1.0,53,,,,,0
12360025,1.0,54,,,,,0
12360025,1.0,55,,,,,0
12360025,1.0,56,,,,,0
12360025,1.0,57,,,,,0
12360025,1.0,58,,,,,0
12360025,1.0,59,,,,,0
12360025,1.0,60,,,,,0
25753043,1.0,1,,,,,0
25753043,1.0,2,,,,,0
25753043,1.0,3,,,,,0
25753043,1.0,4,,,,,0
25753043,1.0,5,,,,,0
25753043,1.0,6,,,,,0
25753043,1.0,7,,,,,0
25753043,1.0,8,,,,,0
25753043,1.0,9,,,,,0
25753043,1.0,10,,,,,0
25753043,1.0,11,,,,,0
25753043,1.0,12,,,,,0
25753043,1.0,13,,,,,0
25753043,1.0,14,,,,,0
25753043,1.0,15,,,,,0
25753043,1.0,16,,,,,0
25753043,1.0,17,,,,,0
25753043,1.0,18,,,,,0
25753043,1.0,19,,,,,0
25753043,1.0,20,,,,,0
25753043,1.0,21,,,,,0
25753043,1.0,22,,,,,0
25753043,1.0,23,,,,,0
25753043,1.0,24,,,,,0
25753043,1.0,25,,,,,0
25753043,1.0,26,,,,,0
25753043,1.0,27,,,,,0
25753043,1.0,28,,,,,0
25753043,1.0,29,,,,,0
25753043,1.0,30,,,,,0
25753043,1.0,31,,,,,0
25753043,1.0,32,,,,,0
25753043,1.0,33,,,,,0
25753043,1.0,34,,,,,0
25753043,1.0,35,,,,,0
25753043,1.0,36,,,,,0
25753043,1.0,37,,,,,0
25753043,1.0,38,,,,,0
25753043,1.0,39,,,,,0
25753043,1.0,40,,,,,0
25753043,1.0,41,,,,,0
25753043,1.0,42,,,,,0
25753043,1.0,43,,,,,0
25753043,1.0,44,,,,,0
25753043,1.0,45,,,,,0
25753043,1.0,46,,,,,0
25753043,1.0,47,,,,,0
25753043,1.0,48,,,,,0
25753043,1.0,49,,,,,0
25753043,1.0,50,,,,,0
25753043,1.0,51,,,,,0
25753043,1.0,52,,,,,0
25753043,1.0,53,,,,,0
25753043,1.0,54,,,,,0
25753043,1.0,55,,,,,0
25753043,1.0,56,,,,,0
25753043,1.0,57,,,,,0
25753043,1.0,58,,,,,0
25753043,1.0,59,,,,,0
25753043,1.0,60,,,,,0
49136503,1.0,1,,,,,0
49136503,1.0,2,,,,,0
49136503,1.0,3,,,,,0
49136503,1.0,4,,,,,0
49136503,1.0,5,,,,,0
49136503,1.0,6,,,,,0
49136503,1.0,7,,,,,0
49136503,1.0,8,,,,,0
49136503,1.0,9,,,,,0
49136503,1.0,10,,,,,0
49136503,1.0,11,,,,,0
49136503,1.0,12,,,,,0
49136503,1.0,13,,,,,0
49136503,1.0,14,,,,,0
49136503,1.0,15,,,,,0
49136503,1.0,16,,,,,0
49136503,1.0,17,,,,,0
49136503,1.0,18,,,,,0
49136503,1.0,19,,,,,0
49136503,1.0,20,,,,,0
49136503,1.0,21,,,,,0
49136503,1.0,22,,,,,0
49136503,1.0,23,,,,,0
49136503,1.0,24,,,,,0
49136503,1.0,25,,,,,0
49136503,1.0,26,,,,,0
49136503,1.0,27,,,,,0
49136503,1.0,28,,,,,0
49136503,1.0,29,,,,,0
49136503,1.0,30,,,,,0
49136503,1.0,31,,,,,0
49136503,1.0,32,,,,,0
49136503,1.0,33,,,,,0
49136503,1.0,34,,,,,0
49136503,1.0,35,,,,,0
49136503,1.0,36,,,,,0
49136503,1.0,37,,,,,0
49136503,1.0,38,,,,,0
49136503,1.0,39,,,,,0
49136503,1.0,40,,,,,0
49136503,1.0,41,,,,,0
49136503,1.0,42,,,,,0
49136503,1.0,43,,,,,0
49136503,1.0,44,,,,,0
49136503,1.0,45,,,,,0
49136503,1.0,46,,,,,0
49136503,1.0,47,,,,,0
49136503,1.0,48,,,,,0
49136503,1.0,49,,,,,0
49136503,1.0,50,,,,,0
49136503,1.0,51,,,,,0
49136503,1.0,52,,,,,0
49136503,1.0,53,,,,,0
49136503,1.0,54,,,,,0
49136503,1.0,55,,,,,0
49136503,1.0,56,,,,,0
49136503,1.0,57,,,,,0
49136503,1.0,58,,,,,0
49136503,1.0,59,,,,,0
49136503,1.0,60,,,,,0
63932904,1.0,1,,,,,0
63932904,1.0,2,,,,,0
63932904,1.0,3,79092121,onsite,0.125,0.0,1
63932904,1.0,4,79092121,onsite,0.125,0.0,1
63932904,1.0,5,79092121,onsite,0.125,0.0,1
63932904,1.0,6,70843522,onsite,0.125,0.0,1
63932904,1.0,7,58644811,onsite,0.125,0.0,1
63932904,1.0,8,42511533,onsite,0.125,0.0,1
63932904,1.0,9,42511533,onsite,0.125,0.0,1
63932904,1.0,10,86519548,onsite,0.125,0.0,1
63932904,1.0,11,66367478,onsite,0.125,0.0,1
63932904,1.0,12,70843522,onsite,0.125,0.0,1
63932904,1.0,13,97834380,onsite,0.125,0.0,1
63932904,1.0,14,97834380,onsite,0.125,0.0,1
63932904,1.0,15,41299502,onsite,0.7501875468867217,0.0,1
63932904,1.0,16,65686159,onsite,0.7501875468867217,0.0,1
63932904,1.0,17,,,,,0
63932904,1.0,18,,,,,0
63932904,1.0,19,,,,,0
63932904,1.0,20,31160423,onsite,0.125,0.0,1
63932904,1.0,21,,,,,0
63932904,1.0,22,,,,,0
63932904,1.0,23,31160423,onsite,0.125,0.0,1
63932904,1.0,24,38659539,onsite,2.0,0.0,1
63932904,1.0,25,,,,,0
63932904,1.0,26,,,,,0
63932904,1.0,27,,,,,0
63932904,1.0,28,,,,,0
63932904,1.0,29,,,,,0
63932904,1.0,30,,,,,0
63932904,1.0,31,,,,,0
63932904,1.0,32,,,,,0
63932904,1.0,33,,,,,0
63932904,1.0,34,88548885,onsite,2.0,0.0,1
63932904,1.0,35,,,,,0
63932904,1.0,36,,,,,0
63932904,1.0,37,,,,,0
63932904,1.0,38,,,,,0
63932904,1.0,39,,,,,0
63932904,1.0,40,,,,,0
63932904,1.0,41,,,,,0
63932904,1.0,42,,,,,0
63932904,1.0,43,,,,,0
63932904,1.0,44,,,,,0
63932904,1.0,45,,,,,0
63932904,1.0,46,,,,,0
63932904,1.0,47,,,,,0
63932904,1.0,48,,,,,0
63932904,1.0,49,,,,,0
63932904,1.0,50,,,,,0
63932904,1.0,51,,,,,0
63932904,1.0,52,,,,,0
63932904,1.0,53,,,,,0
63932904,1.0,54,,,,,0
63932904,1.0,55,,,,,0
63932904,1.0,56,,,,,0
63932904,1.0,57,,,,,0
63932904,1.0,58,,,,,0
63932904,1.0,59,,,,,0
63932904,1.0,60,,,,,0
93735900,1.0,1,,,,,0
93735900,1.0,2,,,,,0
93735900,1.0,3,,,,,0
93735900,1.0,4,,,,,0
93735900,1.0,5,,,,,0
93735900,1.0,6,,,,,0
93735900,1.0,7,,,,,0
93735900,1.0,8,,,,,0
93735900,1.0,9,,,,,0
93735900,1.0,10,,,,,0
93735900,1.0,11,,,,,0
93735900,1.0,12,,,,,0
93735900,1.0,13,,,,,0
93735900,1.0,14,,,,,0
93735900,1.0,15,,,,,0
93735900,1.0,16,,,,,0
93735900,1.0,17,,,,,0
93735900,1.0,18,,,,,0
93735900,1.0,19,,,,,0
93735900,1.0,20,,,,,0
93735900,1.0,21,,,,,0
93735900,1.0,22,,,,,0
93735900,1.0,23,,,,,0
93735900,1.0,24,,,,,0
93735900,1.0,25,,,,,0
93735900,1.0,26,,,,,0
93735900,1.0,27,,,,,0
93735900,1.0,28,,,,,0
93735900,1.0,29,,,,,0
93735900,1.0,30,,,,,0
93735900,1.0,31,,,,,0
93735900,1.0,32,,,,,0
93735900,1.0,33,,,,,0
93735900,1.0,34,,,,,0
93735900,1.0,35,,,,,0
93735900,1.0,36,,,,,0
93735900,1.0,37,,,,,0
93735900,1.0,38,,,,,0
93735900,1.0,39,,,,,0
93735900,1.0,40,,,,,0
93735900,1.0,41,,,,,0
93735900,1.0,42,,,,,0
93735900,1.0,43,,,,,0
93735900,1.0,44,,,,,0
93735900,1.0,45,,,,,0
93735900,1.0,46,,,,,0
93735900,1.0,47,,,,,0
93735900,1.0,48,,,,,0
93735900,1.0,49,,,,,0
93735900,1.0,50,,,,,0
93735900,1.0,51,,,,,0
93735900,1.0,52,,,,,0
93735900,1.0,53,,,,,0
93735900,1.0,54,,,,,0
93735900,1.0,55,,,,,0
93735900,1.0,56,,,,,0
93735900,1.0,57,,,,,0
93735900,1.0,58,,,,,0
93735900,1.0,59,,,,,0
93735900,1.0,60,,,,,0
14800518,1.0,1,,,,,0
14800518,1.0,2,,,,,0
14800518,1.0,3,,,,,0
14800518,1.0,4,,,,,0
14800518,1.0,5,,,,,0
14800518,1.0,6,,,,,0
14800518,1.0,7,,,,,0
14800518,1.0,8,,,,,0
14800518,1.0,9,,,,,0
14800518,1.0,10,,,,,0
14800518,1.0,11,,,,,0
14800518,1.0,12,,,,,0
14800518,1.0,13,,,,,0
14800518,1.0,14,,,,,0
14800518,1.0,15,,,,,0
14800518,1.0,16,,,,,0
14800518,1.0,17,,,,,0
14800518,1.0,18,,,,,0
14800518,1.0,19,,,,,0
14800518,1.0,20,,,,,0
14800518,1.0,21,,,,,0
14800518,1.0,22,,,,,0
14800518,1.0,23,,,,,0
14800518,1.0,24,,,,,0
14800518,1.0,25,,,,,0
14800518,1.0,26,,,,,0
14800518,1.0,27,,,,,0
14800518,1.0,28,,,,,0
14800518,1.0,29,,,,,0
14800518,1.0,30,,,,,0
14800518,1.0,31,,,,,0
14800518,1.0,32,,,,,0
14800518,1.0,33,,,,,0
14800518,1.0,34,,,,,0
14800518,1.0,35,,,,,0
14800518,1.0,36,,,,,0
14800518,1.0,37,,,,,0
14800518,1.0,38,,,,,0
14800518,1.0,39,,,,,0
14800518,1.0,40,,,,,0
14800518,1.0,41,,,,,0
14800518,1.0,42,,,,,0
14800518,1.0,43,,,,,0
14800518,1.0,44,,,,,0
14800518,1.0,45,,,,,0
14800518,1.0,46,,,,,0
14800518,1.0,47,,,,,0
14800518,1.0,48,,,,,0
14800518,1.0,49,,,,,0
14800518,1.0,50,,,,,0
14800518,1.0,51,,,,,0
14800518,1.0,52,,,,,0
14800518,1.0,53,,,,,0
14800518,1.0,54,,,,,0
14800518,1.0,55,,,,,0
14800518,1.0,56,,,,,0
14800518,1.0,57,,,,,0
14800518,1.0,58,,,,,0
14800518,1.0,59,,,,,0
14800518,1.0,60,,,,,0
16694527,1.0,1,,,,,0
16694527,1.0,2,,,,,0
16694527,1.0,3,,,,,0
16694527,1.0,4,,,,,0
16694527,1.0,5,,,,,0
16694527,1.0,6,,,,,0
16694527,1.0,7,,,,,0
16694527,1.0,8,,,,,0
16694527,1.0,9,,,,,0
16694527,1.0,10,,,,,0
16694527,1.0,11,,,,,0
16694527,1.0,12,,,,,0
16694527,1.0,13,,,,,0
16694527,1.0,14,,,,,0
16694527,1.0,15,,,,,0
16694527,1.0,16,,,,,0
16694527,1.0,17,,,,,0
16694527,1.0,18,,,,,0
16694527,1.0,19,,,,,0
16694527,1.0,20,,,,,0
16694527,1.0,21,,,,,0
16694527,1.0,22,,,,,0
16694527,1.0,23,,,,,0
16694527,1.0,24,,,,,0
16694527,1.0,25,,,,,0
16694527,1.0,26,,,,,0
16694527,1.0,27,,,,,0
16694527,1.0,28,,,,,0
16694527,1.0,29,,,,,0
16694527,1.0,30,,,,,0
16694527,1.0,31,,,,,0
16694527,1.0,32,,,,,0
16694527,1.0,33,,,,,0
16694527,1.0,34,,,,,0
16694527,1.0,35,,,,,0
16694527,1.0,36,,,,,0
16694527,1.0,37,,,,,0
16694527,1.0,38,,,,,0
16694527,1.0,39,,,,,0
16694527,1.0,40,,,,,0
16694527,1.0,41,,,,,0
16694527,1.0,42,,,,,0
16694527,1.0,43,,,,,0
16694527,1.0,44,,,,,0
16694527,1.0,45,,,,,0
16694527,1.0,46,,,,,0
16694527,1.0,47,,,,,0
16694527,1.0,48,,,,,0
16694527,1.0,49,,,,,0
16694527,1.0,50,,,,,0
16694527,1.0,51,,,,,0
16694527,1.0,52,,,,,0
16694527,1.0,53,,,,,0
16694527,1.0,54,,,,,0
16694527,1.0,55,,,,,0
16694527,1.0,56,,,,,0
16694527,1.0,57,,,,,0
16694527,1.0,58,,,,,0
16694527,1.0,59,,,,,0
16694527,1.0,60,,,,,0
92680761,1.0,1,,,,,0
92680761,1.0,2,17574155,onsite,0.125,0.0,1
92680761,1.0,3,16490446,onsite,0.125,0.0,1
92680761,1.0,4,40984670,onsite,0.125,0.0,1
92680761,1.0,5,11851998,onsite,0.125,0.0,1
92680761,1.0,6,11851998,onsite,0.125,0.0,1
92680761,1.0,7,39099817,onsite,0.125,0.0,1
92680761,1.0,8,55388403,onsite,0.125,0.0,1
92680761,1.0,9,28507914,onsite,0.125,0.0,1
92680761,1.0,10,28507914,onsite,0.125,0.0,1
92680761,1.0,11,,,,,0
92680761,1.0,12,,,,,0
92680761,1.0,13,,,,,0
92680761,1.0,14,10147967,onsite,0.7501875468867217,0.0,1
92680761,1.0,15,,,,,0
92680761,1.0,16,,,,,0
92680761,1.0,17,90198592,onsite,2.0,0.0,1
92680761,1.0,18,,,,,0
92680761,1.0,19,,,,,0
92680761,1.0,20,,,,,0
92680761,1.0,21,18220423,onsite,2.0,0.0,1
92680761,1.0,22,65254349,onsite,2.0,0.0,1
92680761,1.0,23,54816181,online,2.0,0.0,1
92680761,1.0,24,,,,,0
92680761,1.0,25,,,,,0
92680761,1.0,26,35327743,onsite,2.0,0.0,1
92680761,1.0,27,,,,,0
92680761,1.0,28,,,,,0
92680761,1.0,29,,,,,0
92680761,1.0,30,,,,,0
92680761,1.0,31,,,,,0
92680761,1.0,32,45882137,online,3.003003003003003,0.0,1
92680761,1.0,33,,,,,0
92680761,1.0,34,,,,,0
92680761,1.0,35,,,,,0
92680761,1.0,36,,,,,0
92680761,1.0,37,,,,,0
92680761,1.0,38,,,,,0
92680761,1.0,39,,,,,0
92680761,1.0,40,,,,,0
92680761,1.0,41,,,,,0
92680761,1.0,42,,,,,0
92680761,1.0,43,,,,,0
92680761,1.0,44,,,,,0
92680761,1.0,45,,,,,0
92680761,1.0,46,,,,,0
92680761,1.0,47,,,,,0
92680761,1.0,48,,,,,0
92680761,1.0,49,,,,,0
92680761,1.0,50,,,,,0
92680761,1.0,51,,,,,0
92680761,1.0,52,,,,,0
92680761,1.0,53,,,,,0
92680761,1.0,54,,,,,0
92680761,1.0,55,,,,,0
92680761,1.0,56,,,,,0
92680761,1.0,57,,,,,0
92680761,1.0,58,,,,,0
92680761,1.0,59,,,,,0
92680761,1.0,60,,,,,0
48859556,1.0,1,,,,,0
48859556,1.0,2,,,,,0
48859556,1.0,3,,,,,0
48859556,1.0,4,,,,,0
48859556,1.0,5,,,,,0
48859556,1.0,6,,,,,0
48859556,1.0,7,,,,,0
48859556,1.0,8,,,,,0
48859556,1.0,9,,,,,0
48859556,1.0,10,,,,,0
48859556,1.0,11,,,,,0
48859556,1.0,12,,,,,0
48859556,1.0,13,,,,,0
48859556,1.0,14,,,,,0
48859556,1.0,15,,,,,0
48859556,1.0,16,,,,,0
48859556,1.0,17,,,,,0
48859556,1.0,18,,,,,0
48859556,1.0,19,,,,,0
48859556,1.0,20,,,,,0
48859556,1.0,21,,,,,0
48859556,1.0,22,,,,,0
48859556,1.0,23,,,,,0
48859556,1.0,24,,,,,0
48859556,1.0,25,,,,,0
48859556,1.0,26,,,,,0
48859556,1.0,27,,,,,0
48859556,1.0,28,,,,,0
48859556,1.0,29,,,,,0
48859556,1.0,30,,,,,0
48859556,1.0,31,,,,,0
48859556,1.0,32,,,,,0
48859556,1.0,33,,,,,0
48859556,1.0,34,,,,,0
48859556,1.0,35,,,,,0
48859556,1.0,36,,,,,0
48859556,1.0,37,,,,,0
48859556,1.0,38,,,,,0
48859556,1.0,39,,,,,0
48859556,1.0,40,,,,,0
48859556,1.0,41,,,,,0
48859556,1.0,42,,,,,0
48859556,1.0,43,,,,,0
48859556,1.0,44,,,,,0
48859556,1.0,45,,,,,0
48859556,1.0,46,,,,,0
48859556,1.0,47,,,,,0
48859556,1.0,48,,,,,0
48859556,1.0,49,,,,,0
48859556,1.0,50,,,,,0
48859556,1.0,51,,,,,0
48859556,1.0,52,,,,,0
48859556,1.0,53,,,,,0
48859556,1.0,54,,,,,0
48859556,1.0,55,,,,,0
48859556,1.0,56,,,,,0
48859556,1.0,57,,,,,0
48859556,1.0,58,,,,,0
48859556,1.0,59,,,,,0
48859556,1.0,60,,,,,0
70557286,1.0,1,,,,,0
70557286,1.0,2,,,,,0
70557286,1.0,3,,,,,0
70557286,1.0,4,,,,,0
70557286,1.0,5,,,,,0
70557286,1.0,6,,,,,0
70557286,1.0,7,,,,,0
70557286,1.0,8,,,,,0
70557286,1.0,9,,,,,0
70557286,1.0,10,,,,,0
70557286,1.0,11,,,,,0
70557286,1.0,12,,,,,0
70557286,1.0,13,,,,,0
70557286,1.0,14,,,,,0
70557286,1.0,15,,,,,0
70557286,1.0,16,,,,,0
70557286,1.0,17,,,,,0
70557286,1.0,18,,,,,0
70557286,1.0,19,,,,,0
70557286,1.0,20,,,,,0
70557286,1.0,21,,,,,0
70557286,1.0,22,,,,,0
70557286,1.0,23,,,,,0
70557286,1.0,24,,,,,0
70557286,1.0,25,,,,,0
70557286,1.0,26,,,,,0
70557286,1.0,27,,,,,0
70557286,1.0,28,,,,,0
70557286,1.0,29,,,,,0
70557286,1.0,30,,,,,0
70557286,1.0,31,,,,,0
70557286,1.0,32,,,,,0
70557286,1.0,33,,,,,0
70557286,1.0,34,,,,,0
70557286,1.0,35,,,,,0
70557286,1.0,36,,,,,0
70557286,1.0,37,,,,,0
70557286,1.0,38,,,,,0
70557286,1.0,39,,,,,0
70557286,1.0,40,,,,,0
70557286,1.0,41,,,,,0
70557286,1.0,42,,,,,0
70557286,1.0,43,,,,,0
70557286,1.0,44,,,,,0
70557286,1.0,45,,,,,0
70557286,1.0,46,,,,,0
70557286,1.0,47,,,,,0
70557286,1.0,48,,,,,0
70557286,1.0,49,,,,,0
70557286,1.0,50,,,,,0
70557286,1.0,51,,,,,0
70557286,1.0,52,,,,,0
70557286,1.0,53,,,,,0
70557286,1.0,54,,,,,0
70557286,1.0,55,,,,,0
70557286,1.0,56,,,,,0
70557286,1.0,57,,,,,0
70557286,1.0,58,,,,,0
70557286,1.0,59,,,,,0
70557286,1.0,60,,,,,0
53795430,1.0,1,,,,,0
53795430,1.0,2,,,,,0
53795430,1.0,3,,,,,0
53795430,1.0,4,,,,,0
53795430,1.0,5,,,,,0
53795430,1.0,6,,,,,0
53795430,1.0,7,,,,,0
53795430,1.0,8,,,,,0
53795430,1.0,9,,,,,0
53795430,1.0,10,,,,,0
53795430,1.0,11,,,,,0
53795430,1.0,12,,,,,0
53795430,1.0,13,,,,,0
53795430,1.0,14,,,,,0
53795430,1.0,15,,,,,0
53795430,1.0,16,,,,,0
53795430,1.0,17,,,,,0
53795430,1.0,18,,,,,0
53795430,1.0,19,,,,,0
53795430,1.0,20,,,,,0
53795430,1.0,21,,,,,0
53795430,1.0,22,,,,,0
53795430,1.0,23,,,,,0
53795430,1.0,24,,,,,0
53795430,1.0,25,,,,,0
53795430,1.0,26,,,,,0
53795430,1.0,27,,,,,0
53795430,1.0,28,,,,,0
53795430,1.0,29,,,,,0
53795430,1.0,30,,,,,0
53795430,1.0,31,,,,,0
53795430,1.0,32,,,,,0
53795430,1.0,33,,,,,0
53795430,1.0,34,,,,,0
53795430,1.0,35,,,,,0
53795430,1.0,36,,,,,0
53795430,1.0,37,,,,,0
53795430,1.0,38,,,,,0
53795430,1.0,39,,,,,0
53795430,1.0,40,,,,,0
53795430,1.0,41,,,,,0
53795430,1.0,42,,,,,0
53795430,1.0,43,,,,,0
53795430,1.0,44,,,,,0
53795430,1.0,45,,,,,0
53795430,1.0,46,,,,,0
53795430,1.0,47,,,,,0
53795430,1.0,48,,,,,0
53795430,1.0,49,,,,,0
53795430,1.0,50,,,,,0
53795430,1.0,51,,,,,0
53795430,1.0,52,,,,,0
53795430,1.0,53,,,,,0
53795430,1.0,54,,,,,0
53795430,1.0,55,,,,,0
53795430,1.0,56,,,,,0
53795430,1.0,57,,,,,0
53795430,1.0,58,,,,,0
53795430,1.0,59,,,,,0
53795430,1.0,60,,,,,0
18578356,1.0,1,,,,,0
18578356,1.0,2,,,,,0
18578356,1.0,3,,,,,0
18578356,1.0,4,,,,,0
18578356,1.0,5,,,,,0
18578356,1.0,6,,,,,0
18578356,1.0,7,,,,,0
18578356,1.0,8,,,,,0
18578356,1.0,9,,,,,0
18578356,1.0,10,,,,,0
18578356,1.0,11,,,,,0
18578356,1.0,12,,,,,0
18578356,1.0,13,,,,,0
18578356,1.0,14,,,,,0
18578356,1.0,15,,,,,0
18578356,1.0,16,,,,,0
18578356,1.0,17,,,,,0
18578356,1.0,18,,,,,0
18578356,1.0,19,,,,,0
18578356,1.0,20,,,,,0
18578356,1.0,21,,,,,0
18578356,1.0,22,,,,,0
18578356,1.0,23,,,,,0
18578356,1.0,24,,,,,0
18578356,1.0,25,,,,,0
18578356,1.0,26,,,,,0
18578356,1.0,27,,,,,0
18578356,1.0,28,,,,,0
18578356,1.0,29,,,,,0
18578356,1.0,30,,,,,0
18578356,1.0,31,,,,,0
18578356,1.0,32,,,,,0
18578356,1.0,33,,,,,0
18578356,1.0,34,,,,,0
18578356,1.0,35,,,,,0
18578356,1.0,36,,,,,0
18578356,1.0,37,,,,,0
18578356,1.0,38,,,,,0
18578356,1.0,39,,,,,0
18578356,1.0,40,,,,,0
18578356,1.0,41,,,,,0
18578356,1.0,42,,,,,0
18578356,1.0,43,,,,,0
18578356,1.0,44,,,,,0
18578356,1.0,45,,,,,0
18578356,1.0,46,,,,,0
18578356,1.0,47,,,,,0
18578356,1.0,48,,,,,0
18578356,1.0,49,,,,,0
18578356,1.0,50,,,,,0
18578356,1.0,51,,,,,0
18578356,1.0,52,,,,,0
18578356,1.0,53,,,,,0
18578356,1.0,54,,,,,0
18578356,1.0,55,,,,,0
18578356,1.0,56,,,,,0
18578356,1.0,57,,,,,0
18578356,1.0,58,,,,,0
18578356,1.0,59,,,,,0
18578356,1.0,60,,,,,0
18176457,1.0,1,,,,,0
18176457,1.0,2,,,,,0
18176457,1.0,3,,,,,0
18176457,1.0,4,,,,,0
18176457,1.0,5,,,,,0
18176457,1.0,6,,,,,0
18176457,1.0,7,,,,,0
18176457,1.0,8,,,,,0
18176457,1.0,9,,,,,0
18176457,1.0,10,,,,,0
18176457,1.0,11,,,,,0
18176457,1.0,12,,,,,0
18176457,1.0,13,,,,,0
18176457,1.0,14,,,,,0
18176457,1.0,15,,,,,0
18176457,1.0,16,,,,,0
18176457,1.0,17,,,,,0
18176457,1.0,18,,,,,0
18176457,1.0,19,,,,,0
18176457,1.0,20,,,,,0
18176457,1.0,21,,,,,0
18176457,1.0,22,,,,,0
18176457,1.0,23,,,,,0
18176457,1.0,24,,,,,0
18176457,1.0,25,,,,,0
18176457,1.0,26,,,,,0
18176457,1.0,27,,,,,0
18176457,1.0,28,,,,,0
18176457,1.0,29,,,,,0
18176457,1.0,30,,,,,0
18176457,1.0,31,,,,,0
18176457,1.0,32,,,,,0
18176457,1.0,33,,,,,0
18176457,1.0,34,,,,,0
18176457,1.0,35,,,,,0
18176457,1.0,36,,,,,0
18176457,1.0,37,,,,,0
18176457,1.0,38,,,,,0
18176457,1.0,39,,,,,0
18176457,1.0,40,,,,,0
18176457,1.0,41,,,,,0
18176457,1.0,42,,,,,0
18176457,1.0,43,,,,,0
18176457,1.0,44,,,,,0
18176457,1.0,45,,,,,0
18176457,1.0,46,,,,,0
18176457,1.0,47,,,,,0
18176457,1.0,48,,,,,0
18176457,1.0,49,,,,,0
18176457,1.0,50,,,,,0
18176457,1.0,51,,,,,0
18176457,1.0,52,,,,,0
18176457,1.0,53,,,,,0
18176457,1.0,54,,,,,0
18176457,1.0,55,,,,,0
18176457,1.0,56,,,,,0
18176457,1.0,57,,,,,0
18176457,1.0,58,,,,,0
18176457,1.0,59,,,,,0
18176457,1.0,60,,,,,0
16363367,1.0,1,,,,,0
16363367,1.0,2,,,,,0
16363367,1.0,3,,,,,0
16363367,1.0,4,,,,,0
16363367,1.0,5,,,,,0
16363367,1.0,6,,,,,0
16363367,1.0,7,,,,,0
16363367,1.0,8,,,,,0
16363367,1.0,9,,,,,0
16363367,1.0,10,,,,,0
16363367,1.0,11,,,,,0
16363367,1.0,12,,,,,0
16363367,1.0,13,,,,,0
16363367,1.0,14,,,,,0
16363367,1.0,15,,,,,0
16363367,1.0,16,,,,,0
16363367,1.0,17,,,,,0
16363367,1.0,18,,,,,0
16363367,1.0,19,,,,,0
16363367,1.0,20,,,,,0
16363367,1.0,21,,,,,0
16363367,1.0,22,,,,,0
16363367,1.0,23,,,,,0
16363367,1.0,24,,,,,0
16363367,1.0,25,,,,,0
16363367,1.0,26,,,,,0
16363367,1.0,27,,,,,0
16363367,1.0,28,,,,,0
16363367,1.0,29,,,,,0
16363367,1.0,30,,,,,0
16363367,1.0,31,,,,,0
16363367,1.0,32,,,,,0
16363367,1.0,33,,,,,0
16363367,1.0,34,,,,,0
16363367,1.0,35,,,,,0
16363367,1.0,36,,,,,0
16363367,1.0,37,,,,,0
16363367,1.0,38,,,,,0
16363367,1.0,39,,,,,0
16363367,1.0,40,,,,,0
16363367,1.0,41,,,,,0
16363367,1.0,42,,,,,0
16363367,1.0,43,,,,,0
16363367,1.0,44,,,,,0
16363367,1.0,45,,,,,0
16363367,1.0,46,,,,,0
16363367,1.0,47,,,,,0
16363367,1.0,48,,,,,0
16363367,1.0,49,,,,,0
16363367,1.0,50,,,,,0
16363367,1.0,51,,,,,0
16363367,1.0,52,,,,,0
16363367,1.0,53,,,,,0
16363367,1.0,54,,,,,0
16363367,1.0,55,,,,,0
16363367,1.0,56,,,,,0
16363367,1.0,57,,,,,0
16363367,1.0,58,,,,,0
16363367,1.0,59,,,,,0
16363367,1.0,60,,,,,0
78922421,1.0,1,,,,,0
78922421,1.0,2,,,,,0
78922421,1.0,3,,,,,0
78922421,1.0,4,,,,,0
78922421,1.0,5,,,,,0
78922421,1.0,6,,,,,0
78922421,1.0,7,,,,,0
78922421,1.0,8,,,,,0
78922421,1.0,9,,,,,0
78922421,1.0,10,,,,,0
78922421,1.0,11,,,,,0
78922421,1.0,12,,,,,0
78922421,1.0,13,,,,,0
78922421,1.0,14,,,,,0
78922421,1.0,15,,,,,0
78922421,1.0,16,,,,,0
78922421,1.0,17,,,,,0
78922421,1.0,18,,,,,0
78922421,1.0,19,,,,,0
78922421,1.0,20,,,,,0
78922421,1.0,21,,,,,0
78922421,1.0,22,,,,,0
78922421,1.0,23,,,,,0
78922421,1.0,24,,,,,0
78922421,1.0,25,,,,,0
78922421,1.0,26,,,,,0
78922421,1.0,27,,,,,0
78922421,1.0,28,,,,,0
78922421,1.0,29,,,,,0
78922421,1.0,30,,,,,0
78922421,1.0,31,,,,,0
78922421,1.0,32,,,,,0
78922421,1.0,33,,,,,0
78922421,1.0,34,,,,,0
78922421,1.0,35,,,,,0
78922421,1.0,36,,,,,0
78922421,1.0,37,,,,,0
78922421,1.0,38,,,,,0
78922421,1.0,39,,,,,0
78922421,1.0,40,,,,,0
78922421,1.0,41,,,,,0
78922421,1.0,42,,,,,0
78922421,1.0,43,,,,,0
78922421,1.0,44,,,,,0
78922421,1.0,45,,,,,0
78922421,1.0,46,,,,,0
78922421,1.0,47,,,,,0
78922421,1.0,48,,,,,0
78922421,1.0,49,,,,,0
78922421,1.0,50,,,,,0
78922421,1.0,51,,,,,0
78922421,1.0,52,,,,,0
78922421,1.0,53,,,,,0
78922421,1.0,54,,,,,0
78922421,1.0,55,,,,,0
78922421,1.0,56,,,,,0
78922421,1.0,57,,,,,0
78922421,1.0,58,,,,,0
78922421,1.0,59,,,,,0
78922421,1.0,60,,,,,0
81396769,1.0,1,,,,,0
81396769,1.0,2,,,,,0
81396769,1.0,3,79092121,onsite,0.125,0.0,1
81396769,1.0,4,51375328,onsite,0.125,0.0,1
81396769,1.0,5,79092121,onsite,0.125,0.0,1
81396769,1.0,6,70843522,onsite,0.125,0.0,1
81396769,1.0,7,58644811,onsite,0.125,0.0,1
81396769,1.0,8,42511533,onsite,0.125,0.0,1
81396769,1.0,9,42511533,onsite,0.125,0.0,1
81396769,1.0,10,86519548,onsite,0.125,0.0,1
81396769,1.0,11,66367478,onsite,0.125,0.0,1
81396769,1.0,12,58644811,onsite,0.125,0.0,1
81396769,1.0,13,57922365,onsite,0.7501875468867217,0.0,1
81396769,1.0,14,63577916,onsite,2.0,0.0,1
81396769,1.0,15,,,,,0
81396769,1.0,16,51693506,onsite,0.7501875468867217,0.0,1
81396769,1.0,17,,,,,0
81396769,1.0,18,,,,,0
81396769,1.0,19,72904514,onsite,0.7501875468867217,0.0,1
81396769,1.0,20,,,,,0
81396769,1.0,21,,,,,0
81396769,1.0,22,,,,,0
81396769,1.0,23,29852852,onsite,0.7501875468867217,0.0,1
81396769,1.0,24,20767237,onsite,2.0,0.0,1
81396769,1.0,25,,,,,0
81396769,1.0,26,52917637,online,2.5,0.0,1
81396769,1.0,27,,,,,0
81396769,1.0,28,,,,,0
81396769,1.0,29,,,,,0
81396769,1.0,30,,,,,0
81396769,1.0,31,,,,,0
81396769,1.0,32,,,,,0
81396769,1.0,33,,,,,0
81396769,1.0,34,,,,,0
81396769,1.0,35,,,,,0
81396769,1.0,36,,,,,0
81396769,1.0,37,11098869,online,3.003003003003003,0.0,1
81396769,1.0,38,,,,,0
81396769,1.0,39,,,,,0
81396769,1.0,40,,,,,0
81396769,1.0,41,,,,,0
81396769,1.0,42,,,,,0
81396769,1.0,43,,,,,0
81396769,1.0,44,,,,,0
81396769,1.0,45,,,,,0
81396769,1.0,46,,,,,0
81396769,1.0,47,,,,,0
81396769,1.0,48,,,,,0
81396769,1.0,49,,,,,0
81396769,1.0,50,,,,,0
81396769,1.0,51,,,,,0
81396769,1.0,52,,,,,0
81396769,1.0,53,,,,,0
81396769,1.0,54,,,,,0
81396769,1.0,55,,,,,0
81396769,1.0,56,,,,,0
81396769,1.0,57,,,,,0
81396769,1.0,58,,,,,0
81396769,1.0,59,,,,,0
81396769,1.0,60,,,,,0
75109311,1.0,1,,,,,0
75109311,1.0,2,,,,,0
75109311,1.0,3,,,,,0
75109311,1.0,4,,,,,0
75109311,1.0,5,,,,,0
75109311,1.0,6,,,,,0
75109311,1.0,7,,,,,0
75109311,1.0,8,,,,,0
75109311,1.0,9,,,,,0
75109311,1.0,10,,,,,0
75109311,1.0,11,,,,,0
75109311,1.0,12,,,,,0
75109311,1.0,13,,,,,0
75109311,1.0,14,,,,,0
75109311,1.0,15,,,,,0
75109311,1.0,16,,,,,0
75109311,1.0,17,,,,,0
75109311,1.0,18,,,,,0
75109311,1.0,19,,,,,0
75109311,1.0,20,,,,,0
75109311,1.0,21,,,,,0
75109311,1.0,22,,,,,0
75109311,1.0,23,,,,,0
75109311,1.0,24,,,,,0
75109311,1.0,25,,,,,0
75109311,1.0,26,,,,,0
75109311,1.0,27,,,,,0
75109311,1.0,28,,,,,0
75109311,1.0,29,,,,,0
75109311,1.0,30,,,,,0
75109311,1.0,31,,,,,0
75109311,1.0,32,,,,,0
75109311,1.0,33,,,,,0
75109311,1.0,34,,,,,0
75109311,1.0,35,,,,,0
75109311,1.0,36,,,,,0
75109311,1.0,37,,,,,0
75109311,1.0,38,,,,,0
75109311,1.0,39,,,,,0
75109311,1.0,40,,,,,0
75109311,1.0,41,,,,,0
75109311,1.0,42,,,,,0
75109311,1.0,43,,,,,0
75109311,1.0,44,,,,,0
75109311,1.0,45,,,,,0
75109311,1.0,46,,,,,0
75109311,1.0,47,,,,,0
75109311,1.0,48,,,,,0
75109311,1.0,49,,,,,0
75109311,1.0,50,,,,,0
75109311,1.0,51,,,,,0
75109311,1.0,52,,,,,0
75109311,1.0,53,,,,,0
75109311,1.0,54,,,,,0
75109311,1.0,55,,,,,0
75109311,1.0,56,,,,,0
75109311,1.0,57,,,,,0
75109311,1.0,58,,,,,0
75109311,1.0,59,,,,,0
75109311,1.0,60,,,,,0
65638982,1.0,1,,,,,0
65638982,1.0,2,,,,,0
65638982,1.0,3,,,,,0
65638982,1.0,4,,,,,0
65638982,1.0,5,,,,,0
65638982,1.0,6,,,,,0
65638982,1.0,7,,,,,0
65638982,1.0,8,,,,,0
65638982,1.0,9,,,,,0
65638982,1.0,10,,,,,0
65638982,1.0,11,,,,,0
65638982,1.0,12,,,,,0
65638982,1.0,13,,,,,0
65638982,1.0,14,,,,,0
65638982,1.0,15,,,,,0
65638982,1.0,16,,,,,0
65638982,1.0,17,,,,,0
65638982,1.0,18,,,,,0
65638982,1.0,19,,,,,0
65638982,1.0,20,,,,,0
65638982,1.0,21,,,,,0
65638982,1.0,22,,,,,0
65638982,1.0,23,,,,,0
65638982,1.0,24,,,,,0
65638982,1.0,25,,,,,0
65638982,1.0,26,,,,,0
65638982,1.0,27,,,,,0
65638982,1.0,28,,,,,0
65638982,1.0,29,,,,,0
65638982,1.0,30,,,,,0
65638982,1.0,31,,,,,0
65638982,1.0,32,,,,,0
65638982,1.0,33,,,,,0
65638982,1.0,34,,,,,0
65638982,1.0,35,,,,,0
65638982,1.0,36,,,,,0
65638982,1.0,37,,,,,0
65638982,1.0,38,,,,,0
65638982,1.0,39,,,,,0
65638982,1.0,40,,,,,0
65638982,1.0,41,,,,,0
65638982,1.0,42,,,,,0
65638982,1.0,43,,,,,0
65638982,1.0,44,,,,,0
65638982,1.0,45,,,,,0
65638982,1.0,46,,,,,0
65638982,1.0,47,,,,,0
65638982,1.0,48,,,,,0
65638982,1.0,49,,,,,0
65638982,1.0,50,,,,,0
65638982,1.0,51,,,,,0
65638982,1.0,52,,,,,0
65638982,1.0,53,,,,,0
65638982,1.0,54,,,,,0
65638982,1.0,55,,,,,0
65638982,1.0,56,,,,,0
65638982,1.0,57,,,,,0
65638982,1.0,58,,,,,0
65638982,1.0,59,,,,,0
65638982,1.0,60,,,,,0
42798474,1.0,1,,,,,0
42798474,1.0,2,,,,,0
42798474,1.0,3,,,,,0
42798474,1.0,4,,,,,0
42798474,1.0,5,,,,,0
42798474,1.0,6,,,,,0
42798474,1.0,7,,,,,0
42798474,1.0,8,,,,,0
42798474,1.0,9,,,,,0
42798474,1.0,10,,,,,0
42798474,1.0,11,,,,,0
42798474,1.0,12,,,,,0
42798474,1.0,13,,,,,0
42798474,1.0,14,,,,,0
42798474,1.0,15,,,,,0
42798474,1.0,16,,,,,0
42798474,1.0,17,,,,,0
42798474,1.0,18,,,,,0
42798474,1.0,19,,,,,0
42798474,1.0,20,,,,,0
42798474,1.0,21,,,,,0
42798474,1.0,22,,,,,0
42798474,1.0,23,,,,,0
42798474,1.0,24,,,,,0
42798474,1.0,25,,,,,0
42798474,1.0,26,,,,,0
42798474,1.0,27,,,,,0
42798474,1.0,28,,,,,0
42798474,1.0,29,,,,,0
42798474,1.0,30,,,,,0
42798474,1.0,31,,,,,0
42798474,1.0,32,,,,,0
42798474,1.0,33,,,,,0
42798474,1.0,34,,,,,0
42798474,1.0,35,,,,,0
42798474,1.0,36,,,,,0
42798474,1.0,37,,,,,0
42798474,1.0,38,,,,,0
42798474,1.0,39,,,,,0
42798474,1.0,40,,,,,0
42798474,1.0,41,,,,,0
42798474,1.0,42,,,,,0
42798474,1.0,43,,,,,0
42798474,1.0,44,,,,,0
42798474,1.0,45,,,,,0
42798474,1.0,46,,,,,0
42798474,1.0,47,,,,,0
42798474,1.0,48,,,,,0
42798474,1.0,49,,,,,0
42798474,1.0,50,,,,,0
42798474,1.0,51,,,,,0
42798474,1.0,52,,,,,0
42798474,1.0,53,,,,,0
42798474,1.0,54,,,,,0
42798474,1.0,55,,,,,0
42798474,1.0,56,,,,,0
42798474,1.0,57,,,,,0
42798474,1.0,58,,,,,0
42798474,1.0,59,,,,,0
42798474,1.0,60,,,,,0
70275620,1.0,1,,,,,0
70275620,1.0,2,,,,,0
70275620,1.0,3,79092121,onsite,0.125,0.0,1
70275620,1.0,4,79092121,onsite,0.125,0.0,1
70275620,1.0,5,79092121,onsite,0.125,0.0,1
70275620,1.0,6,70843522,onsite,0.125,0.0,1
70275620,1.0,7,58644811,onsite,0.125,0.0,1
70275620,1.0,8,42511533,onsite,0.125,0.0,1
70275620,1.0,9,42511533,onsite,0.125,0.0,1
70275620,1.0,10,86519548,onsite,0.125,0.0,1
70275620,1.0,11,66367478,onsite,0.125,0.0,1
70275620,1.0,12,70843522,onsite,0.125,0.0,1
70275620,1.0,13,97834380,onsite,0.125,0.0,1
70275620,1.0,14,97834380,onsite,0.125,0.0,1
70275620,1.0,15,,,,,0
70275620,1.0,16,51693506,onsite,0.7501875468867217,0.0,1
70275620,1.0,17,,,,,0
70275620,1.0,18,,,,,0
70275620,1.0,19,72904514,onsite,0.7501875468867217,0.0,1
70275620,1.0,20,31160423,onsite,0.125,0.0,1
70275620,1.0,21,,,,,0
70275620,1.0,22,,,,,0
70275620,1.0,23,,,,,0
70275620,1.0,24,16791897,onsite,2.0,0.0,1
70275620,1.0,25,21545804,onsite,2.0,0.0,1
70275620,1.0,26,,,,,0
70275620,1.0,27,,,,,0
70275620,1.0,28,,,,,0
70275620,1.0,29,,,,,0
70275620,1.0,30,,,,,0
70275620,1.0,31,,,,,0
70275620,1.0,32,,,,,0
70275620,1.0,33,,,,,0
70275620,1.0,34,,,,,0
70275620,1.0,35,90268490,onsite,2.0,0.0,1
70275620,1.0,36,,,,,0
70275620,1.0,37,,,,,0
70275620,1.0,38,,,,,0
70275620,1.0,39,,,,,0
70275620,1.0,40,,,,,0
70275620,1.0,41,,,,,0
70275620,1.0,42,,,,,0
70275620,1.0,43,,,,,0
70275620,1.0,44,,,,,0
70275620,1.0,45,,,,,0
70275620,1.0,46,,,,,0
70275620,1.0,47,,,,,0
70275620,1.0,48,,,,,0
70275620,1.0,49,,,,,0
70275620,1.0,50,,,,,0
70275620,1.0,51,,,,,0
70275620,1.0,52,,,,,0
70275620,1.0,53,,,,,0
70275620,1.0,54,,,,,0
70275620,1.0,55,,,,,0
70275620,1.0,56,,,,,0
70275620,1.0,57,,,,,0
70275620,1.0,58,,,,,0
70275620,1.0,59,,,,,0
70275620,1.0,60,,,,,0
49750236,1.0,1,,,,,0
49750236,1.0,2,,,,,0
49750236,1.0,3,,,,,0
49750236,1.0,4,,,,,0
49750236,1.0,5,,,,,0
49750236,1.0,6,,,,,0
49750236,1.0,7,,,,,0
49750236,1.0,8,,,,,0
49750236,1.0,9,,,,,0
49750236,1.0,10,,,,,0
49750236,1.0,11,,,,,0
49750236,1.0,12,,,,,0
49750236,1.0,13,,,,,0
49750236,1.0,14,,,,,0
49750236,1.0,15,,,,,0
49750236,1.0,16,,,,,0
49750236,1.0,17,,,,,0
49750236,1.0,18,,,,,0
49750236,1.0,19,,,,,0
49750236,1.0,20,,,,,0
49750236,1.0,21,,,,,0
49750236,1.0,22,,,,,0
49750236,1.0,23,,,,,0
49750236,1.0,24,,,,,0
49750236,1.0,25,,,,,0
49750236,1.0,26,,,,,0
49750236,1.0,27,,,,,0
49750236,1.0,28,,,,,0
49750236,1.0,29,,,,,0
49750236,1.0,30,,,,,0
49750236,1.0,31,,,,,0
49750236,1.0,32,,,,,0
49750236,1.0,33,,,,,0
49750236,1.0,34,,,,,0
49750236,1.0,35,,,,,0
49750236,1.0,36,,,,,0
49750236,1.0,37,,,,,0
49750236,1.0,38,,,,,0
49750236,1.0,39,,,,,0
49750236,1.0,40,,,,,0
49750236,1.0,41,,,,,0
49750236,1.0,42,,,,,0
49750236,1.0,43,,,,,0
49750236,1.0,44,,,,,0
49750236,1.0,45,,,,,0
49750236,1.0,46,,,,,0
49750236,1.0,47,,,,,0
49750236,1.0,48,,,,,0
49750236,1.0,49,,,,,0
49750236,1.0,50,,,,,0
49750236,1.0,51,,,,,0
49750236,1.0,52,,,,,0
49750236,1.0,53,,,,,0
49750236,1.0,54,,,,,0
49750236,1.0,55,,,,,0
49750236,1.0,56,,,,,0
49750236,1.0,57,,,,,0
49750236,1.0,58,,,,,0
49750236,1.0,59,,,,,0
49750236,1.0,60,,,,,0
63091074,1.0,1,,,,,0
63091074,1.0,2,,,,,0
63091074,1.0,3,,,,,0
63091074,1.0,4,,,,,0
63091074,1.0,5,,,,,0
63091074,1.0,6,,,,,0
63091074,1.0,7,,,,,0
63091074,1.0,8,,,,,0
63091074,1.0,9,,,,,0
63091074,1.0,10,,,,,0
63091074,1.0,11,,,,,0
63091074,1.0,12,,,,,0
63091074,1.0,13,,,,,0
63091074,1.0,14,,,,,0
63091074,1.0,15,,,,,0
63091074,1.0,16,,,,,0
63091074,1.0,17,,,,,0
63091074,1.0,18,,,,,0
63091074,1.0,19,,,,,0
63091074,1.0,20,,,,,0
63091074,1.0,21,,,,,0
63091074,1.0,22,,,,,0
63091074,1.0,23,,,,,0
63091074,1.0,24,,,,,0
63091074,1.0,25,,,,,0
63091074,1.0,26,,,,,0
63091074,1.0,27,,,,,0
63091074,1.0,28,,,,,0
63091074,1.0,29,,,,,0
63091074,1.0,30,,,,,0
63091074,1.0,31,,,,,0
63091074,1.0,32,,,,,0
63091074,1.0,33,,,,,0
63091074,1.0,34,,,,,0
63091074,1.0,35,,,,,0
63091074,1.0,36,,,,,0
63091074,1.0,37,,,,,0
63091074,1.0,38,,,,,0
63091074,1.0,39,,,,,0
63091074,1.0,40,,,,,0
63091074,1.0,41,,,,,0
63091074,1.0,42,,,,,0
63091074,1.0,43,,,,,0
63091074,1.0,44,,,,,0
63091074,1.0,45,,,,,0
63091074,1.0,46,,,,,0
63091074,1.0,47,,,,,0
63091074,1.0,48,,,,,0
63091074,1.0,49,,,,,0
63091074,1.0,50,,,,,0
63091074,1.0,51,,,,,0
63091074,1.0,52,,,,,0
63091074,1.0,53,,,,,0
63091074,1.0,54,,,,,0
63091074,1.0,55,,,,,0
63091074,1.0,56,,,,,0
63091074,1.0,57,,,,,0
63091074,1.0,58,,,,,0
63091074,1.0,59,,,,,0
63091074,1.0,60,,,,,0
45149910,1.0,1,,,,,0
45149910,1.0,2,45640997,onsite,0.25,0.0,1
45149910,1.0,3,97750287,onsite,0.25,0.0,1
45149910,1.0,4,10771991,onsite,0.25,0.0,1
45149910,1.0,5,97750287,onsite,0.25,0.0,1
45149910,1.0,6,65947359,onsite,0.25,0.0,1
45149910,1.0,7,65498132,onsite,0.25,0.0,1
45149910,1.0,8,94662445,onsite,0.25,0.0,1
45149910,1.0,9,45640997,onsite,0.25,0.0,1
45149910,1.0,10,39086722,onsite,0.25,0.0,1
45149910,1.0,11,34202490,onsite,0.25,0.0,1
45149910,1.0,12,78796822,onsite,0.2,0.04999999999999999,1
45149910,1.0,13,35091151,onsite,0.25,0.0,1
45149910,1.0,14,63413541,onsite,1.0,0.0,1
45149910,1.0,15,85018146,onsite,1.0,0.0,1
45149910,1.0,16,45394363,onsite,0.25,0.0,1
45149910,1.0,17,45394363,onsite,0.25,0.0,1
45149910,1.0,18,90403848,onsite,0.25,0.0,1
45149910,1.0,19,68531044,onsite,1.0,0.0,1
45149910,1.0,20,50324291,onsite,0.25,0.0,1
45149910,1.0,21,18979824,onsite,0.25,0.0,1
45149910,1.0,22,18979824,onsite,0.25,0.0,1
45149910,1.0,23,19300824,onsite,1.0,0.0,1
45149910,1.0,24,38244721,onsite,0.25,0.0,1
45149910,1.0,25,28143961,onsite,1.0,0.0,1
45149910,1.0,26,,,,,0
45149910,1.0,27,15011884,onsite,0.25,0.0,1
45149910,1.0,28,,,,,0
45149910,1.0,29,,,,,0
45149910,1.0,30,,,,,0
45149910,1.0,31,,,,,0
45149910,1.0,32,,,,,0
45149910,1.0,33,,,,,0
45149910,1.0,34,,,,,0
45149910,1.0,35,,,,,0
45149910,1.0,36,,,,,0
45149910,1.0,37,,,,,0
45149910,1.0,38,,,,,0
45149910,1.0,39,,,,,0
45149910,1.0,40,,,,,0
45149910,1.0,41,,,,,0
45149910,1.0,42,,,,,0
45149910,1.0,43,,,,,0
45149910,1.0,44,,,,,0
45149910,1.0,45,,,,,0
45149910,1.0,46,,,,,0
45149910,1.0,47,,,,,0
45149910,1.0,48,,,,,0
45149910,1.0,49,,,,,0
45149910,1.0,50,,,,,0
45149910,1.0,51,,,,,0
45149910,1.0,52,,,,,0
45149910,1.0,53,,,,,0
45149910,1.0,54,,,,,0
45149910,1.0,55,,,,,0
45149910,1.0,56,,,,,0
45149910,1.0,57,,,,,0
45149910,1.0,58,,,,,0
45149910,1.0,59,,,,,0
45149910,1.0,60,,,,,0
99207545,1.0,1,,,,,0
99207545,1.0,2,,,,,0
99207545,1.0,3,,,,,0
99207545,1.0,4,,,,,0
99207545,1.0,5,,,,,0
99207545,1.0,6,,,,,0
99207545,1.0,7,,,,,0
99207545,1.0,8,,,,,0
99207545,1.0,9,,,,,0
99207545,1.0,10,,,,,0
99207545,1.0,11,,,,,0
99207545,1.0,12,,,,,0
99207545,1.0,13,,,,,0
99207545,1.0,14,,,,,0
99207545,1.0,15,,,,,0
99207545,1.0,16,,,,,0
99207545,1.0,17,,,,,0
99207545,1.0,18,,,,,0
99207545,1.0,19,,,,,0
99207545,1.0,20,,,,,0
99207545,1.0,21,,,,,0
99207545,1.0,22,,,,,0
99207545,1.0,23,,,,,0
99207545,1.0,24,,,,,0
99207545,1.0,25,,,,,0
99207545,1.0,26,,,,,0
99207545,1.0,27,,,,,0
99207545,1.0,28,,,,,0
99207545,1.0,29,,,,,0
99207545,1.0,30,,,,,0
99207545,1.0,31,,,,,0
99207545,1.0,32,,,,,0
99207545,1.0,33,,,,,0
99207545,1.0,34,,,,,0
99207545,1.0,35,,,,,0
99207545,1.0,36,,,,,0
99207545,1.0,37,,,,,0
99207545,1.0,38,,,,,0
99207545,1.0,39,,,,,0
99207545,1.0,40,,,,,0
99207545,1.0,41,,,,,0
99207545,1.0,42,,,,,0
99207545,1.0,43,,,,,0
99207545,1.0,44,,,,,0
99207545,1.0,45,,,,,0
99207545,1.0,46,,,,,0
99207545,1.0,47,,,,,0
99207545,1.0,48,,,,,0
99207545,1.0,49,,,,,0
99207545,1.0,50,,,,,0
99207545,1.0,51,,,,,0
99207545,1.0,52,,,,,0
99207545,1.0,53,,,,,0
99207545,1.0,54,,,,,0
99207545,1.0,55,,,,,0
99207545,1.0,56,,,,,0
99207545,1.0,57,,,,,0
99207545,1.0,58,,,,,0
99207545,1.0,59,,,,,0
99207545,1.0,60,,,,,0
68291074,1.0,1,67410106,onsite,0.25,0.0,1
68291074,1.0,2,94426110,onsite,0.25,0.0,1
68291074,1.0,3,98908009,onsite,0.25,0.0,1
68291074,1.0,4,34101951,onsite,0.25,0.0,1
68291074,1.0,5,82408034,onsite,0.25,0.0,1
68291074,1.0,6,98908009,onsite,0.25,0.0,1
68291074,1.0,7,94426110,onsite,0.25,0.0,1
68291074,1.0,8,34364820,onsite,0.25,0.0,1
68291074,1.0,9,50984520,onsite,0.25,0.0,1
68291074,1.0,10,81276423,onsite,0.25,0.0,1
68291074,1.0,11,33668434,onsite,0.25,0.0,1
68291074,1.0,12,,,,,0
68291074,1.0,13,66351845,onsite,0.25,0.0,1
68291074,1.0,14,59458268,onsite,2.0,0.0,1
68291074,1.0,15,,,,,0
68291074,1.0,16,,,,,0
68291074,1.0,17,42054372,onsite,1.0,0.0,1
68291074,1.0,18,87178272,onsite,2.0,0.0,1
68291074,1.0,19,,,,,0
68291074,1.0,20,65463716,onsite,2.0,0.0,1
68291074,1.0,21,93756859,onsite,0.25,0.0,1
68291074,1.0,22,79890536,onsite,2.0,0.0,1
68291074,1.0,23,95886590,onsite,2.0,0.0,1
68291074,1.0,24,,,,,0
68291074,1.0,25,,,,,0
68291074,1.0,26,45594890,onsite,2.5,0.0,1
68291074,1.0,27,,,,,0
68291074,1.0,28,,,,,0
68291074,1.0,29,,,,,0
68291074,1.0,30,,,,,0
68291074,1.0,31,,,,,0
68291074,1.0,32,75395824,onsite,2.5,0.0,1
68291074,1.0,33,,,,,0
68291074,1.0,34,,,,,0
68291074,1.0,35,,,,,0
68291074,1.0,36,,,,,0
68291074,1.0,37,,,,,0
68291074,1.0,38,,,,,0
68291074,1.0,39,,,,,0
68291074,1.0,40,,,,,0
68291074,1.0,41,,,,,0
68291074,1.0,42,,,,,0
68291074,1.0,43,,,,,0
68291074,1.0,44,,,,,0
68291074,1.0,45,,,,,0
68291074,1.0,46,,,,,0
68291074,1.0,47,,,,,0
68291074,1.0,48,,,,,0
68291074,1.0,49,,,,,0
68291074,1.0,50,,,,,0
68291074,1.0,51,,,,,0
68291074,1.0,52,,,,,0
68291074,1.0,53,,,,,0
68291074,1.0,54,,,,,0
68291074,1.0,55,,,,,0
68291074,1.0,56,,,,,0
68291074,1.0,57,,,,,0
68291074,1.0,58,,,,,0
68291074,1.0,59,,,,,0
68291074,1.0,60,,,,,0
32340888,1.0,1,,,,,0
32340888,1.0,2,,,,,0
32340888,1.0,3,,,,,0
32340888,1.0,4,,,,,0
32340888,1.0,5,,,,,0
32340888,1.0,6,,,,,0
32340888,1.0,7,,,,,0
32340888,1.0,8,,,,,0
32340888,1.0,9,,,,,0
32340888,1.0,10,,,,,0
32340888,1.0,11,,,,,0
32340888,1.0,12,,,,,0
32340888,1.0,13,,,,,0
32340888,1.0,14,,,,,0
32340888,1.0,15,,,,,0
32340888,1.0,16,,,,,0
32340888,1.0,17,,,,,0
32340888,1.0,18,,,,,0
32340888,1.0,19,,,,,0
32340888,1.0,20,,,,,0
32340888,1.0,21,,,,,0
32340888,1.0,22,,,,,0
32340888,1.0,23,,,,,0
32340888,1.0,24,,,,,0
32340888,1.0,25,,,,,0
32340888,1.0,26,,,,,0
32340888,1.0,27,,,,,0
32340888,1.0,28,,,,,0
32340888,1.0,29,,,,,0
32340888,1.0,30,,,,,0
32340888,1.0,31,,,,,0
32340888,1.0,32,,,,,0
32340888,1.0,33,,,,,0
32340888,1.0,34,,,,,0
32340888,1.0,35,,,,,0
32340888,1.0,36,,,,,0
32340888,1.0,37,,,,,0
32340888,1.0,38,,,,,0
32340888,1.0,39,,,,,0
32340888,1.0,40,,,,,0
32340888,1.0,41,,,,,0
32340888,1.0,42,,,,,0
32340888,1.0,43,,,,,0
32340888,1.0,44,,,,,0
32340888,1.0,45,,,,,0
32340888,1.0,46,,,,,0
32340888,1.0,47,,,,,0
32340888,1.0,48,,,,,0
32340888,1.0,49,,,,,0
32340888,1.0,50,,,,,0
32340888,1.0,51,,,,,0
32340888,1.0,52,,,,,0
32340888,1.0,53,,,,,0
32340888,1.0,54,,,,,0
32340888,1.0,55,,,,,0
32340888,1.0,56,,,,,0
32340888,1.0,57,,,,,0
32340888,1.0,58,,,,,0
32340888,1.0,59,,,,,0
32340888,1.0,60,,,,,0
26835975,1.0,1,,,,,0
26835975,1.0,2,,,,,0
26835975,1.0,3,,,,,0
26835975,1.0,4,,,,,0
26835975,1.0,5,,,,,0
26835975,1.0,6,,,,,0
26835975,1.0,7,,,,,0
26835975,1.0,8,,,,,0
26835975,1.0,9,,,,,0
26835975,1.0,10,,,,,0
26835975,1.0,11,,,,,0
26835975,1.0,12,,,,,0
26835975,1.0,13,,,,,0
26835975,1.0,14,,,,,0
26835975,1.0,15,,,,,0
26835975,1.0,16,,,,,0
26835975,1.0,17,,,,,0
26835975,1.0,18,,,,,0
26835975,1.0,19,,,,,0
26835975,1.0,20,,,,,0
26835975,1.0,21,,,,,0
26835975,1.0,22,,,,,0
26835975,1.0,23,,,,,0
26835975,1.0,24,,,,,0
26835975,1.0,25,,,,,0
26835975,1.0,26,,,,,0
26835975,1.0,27,,,,,0
26835975,1.0,28,,,,,0
26835975,1.0,29,,,,,0
26835975,1.0,30,,,,,0
26835975,1.0,31,,,,,0
26835975,1.0,32,,,,,0
26835975,1.0,33,,,,,0
26835975,1.0,34,,,,,0
26835975,1.0,35,,,,,0
26835975,1.0,36,,,,,0
26835975,1.0,37,,,,,0
26835975,1.0,38,,,,,0
26835975,1.0,39,,,,,0
26835975,1.0,40,,,,,0
26835975,1.0,41,,,,,0
26835975,1.0,42,,,,,0
26835975,1.0,43,,,,,0
26835975,1.0,44,,,,,0
26835975,1.0,45,,,,,0
26835975,1.0,46,,,,,0
26835975,1.0,47,,,,,0
26835975,1.0,48,,,,,0
26835975,1.0,49,,,,,0
26835975,1.0,50,,,,,0
26835975,1.0,51,,,,,0
26835975,1.0,52,,,,,0
26835975,1.0,53,,,,,0
26835975,1.0,54,,,,,0
26835975,1.0,55,,,,,0
26835975,1.0,56,,,,,0
26835975,1.0,57,,,,,0
26835975,1.0,58,,,,,0
26835975,1.0,59,,,,,0
26835975,1.0,60,,,,,0
33656481,1.0,1,,,,,0
33656481,1.0,2,,,,,0
33656481,1.0,3,,,,,0
33656481,1.0,4,,,,,0
33656481,1.0,5,,,,,0
33656481,1.0,6,,,,,0
33656481,1.0,7,,,,,0
33656481,1.0,8,,,,,0
33656481,1.0,9,,,,,0
33656481,1.0,10,,,,,0
33656481,1.0,11,,,,,0
33656481,1.0,12,,,,,0
33656481,1.0,13,,,,,0
33656481,1.0,14,,,,,0
33656481,1.0,15,,,,,0
33656481,1.0,16,,,,,0
33656481,1.0,17,,,,,0
33656481,1.0,18,,,,,0
33656481,1.0,19,,,,,0
33656481,1.0,20,,,,,0
33656481,1.0,21,,,,,0
33656481,1.0,22,,,,,0
33656481,1.0,23,,,,,0
33656481,1.0,24,,,,,0
33656481,1.0,25,,,,,0
33656481,1.0,26,,,,,0
33656481,1.0,27,,,,,0
33656481,1.0,28,,,,,0
33656481,1.0,29,,,,,0
33656481,1.0,30,,,,,0
33656481,1.0,31,,,,,0
33656481,1.0,32,,,,,0
33656481,1.0,33,,,,,0
33656481,1.0,34,,,,,0
33656481,1.0,35,,,,,0
33656481,1.0,36,,,,,0
33656481,1.0,37,,,,,0
33656481,1.0,38,,,,,0
33656481,1.0,39,,,,,0
33656481,1.0,40,,,,,0
33656481,1.0,41,,,,,0
33656481,1.0,42,,,,,0
33656481,1.0,43,,,,,0
33656481,1.0,44,,,,,0
33656481,1.0,45,,,,,0
33656481,1.0,46,,,,,0
33656481,1.0,47,,,,,0
33656481,1.0,48,,,,,0
33656481,1.0,49,,,,,0
33656481,1.0,50,,,,,0
33656481,1.0,51,,,,,0
33656481,1.0,52,,,,,0
33656481,1.0,53,,,,,0
33656481,1.0,54,,,,,0
33656481,1.0,55,,,,,0
33656481,1.0,56,,,,,0
33656481,1.0,57,,,,,0
33656481,1.0,58,,,,,0
33656481,1.0,59,,,,,0
33656481,1.0,60,,,,,0
55121511,1.0,1,,,,,0
55121511,1.0,2,,,,,0
55121511,1.0,3,,,,,0
55121511,1.0,4,,,,,0
55121511,1.0,5,,,,,0
55121511,1.0,6,,,,,0
55121511,1.0,7,,,,,0
55121511,1.0,8,,,,,0
55121511,1.0,9,,,,,0
55121511,1.0,10,,,,,0
55121511,1.0,11,,,,,0
55121511,1.0,12,,,,,0
55121511,1.0,13,,,,,0
55121511,1.0,14,,,,,0
55121511,1.0,15,,,,,0
55121511,1.0,16,,,,,0
55121511,1.0,17,,,,,0
55121511,1.0,18,,,,,0
55121511,1.0,19,,,,,0
55121511,1.0,20,,,,,0
55121511,1.0,21,,,,,0
55121511,1.0,22,,,,,0
55121511,1.0,23,,,,,0
55121511,1.0,24,,,,,0
55121511,1.0,25,,,,,0
55121511,1.0,26,,,,,0
55121511,1.0,27,,,,,0
55121511,1.0,28,,,,,0
55121511,1.0,29,,,,,0
55121511,1.0,30,,,,,0
55121511,1.0,31,,,,,0
55121511,1.0,32,,,,,0
55121511,1.0,33,,,,,0
55121511,1.0,34,,,,,0
55121511,1.0,35,,,,,0
55121511,1.0,36,,,,,0
55121511,1.0,37,,,,,0
55121511,1.0,38,,,,,0
55121511,1.0,39,,,,,0
55121511,1.0,40,,,,,0
55121511,1.0,41,,,,,0
55121511,1.0,42,,,,,0
55121511,1.0,43,,,,,0
55121511,1.0,44,,,,,0
55121511,1.0,45,,,,,0
55121511,1.0,46,,,,,0
55121511,1.0,47,,,,,0
55121511,1.0,48,,,,,0
55121511,1.0,49,,,,,0
55121511,1.0,50,,,,,0
55121511,1.0,51,,,,,0
55121511,1.0,52,,,,,0
55121511,1.0,53,,,,,0
55121511,1.0,54,,,,,0
55121511,1.0,55,,,,,0
55121511,1.0,56,,,,,0
55121511,1.0,57,,,,,0
55121511,1.0,58,,,,,0
55121511,1.0,59,,,,,0
55121511,1.0,60,,,,,0
77262928,1.0,1,,,,,0
77262928,1.0,2,,,,,0
77262928,1.0,3,,,,,0
77262928,1.0,4,,,,,0
77262928,1.0,5,,,,,0
77262928,1.0,6,,,,,0
77262928,1.0,7,,,,,0
77262928,1.0,8,,,,,0
77262928,1.0,9,,,,,0
77262928,1.0,10,,,,,0
77262928,1.0,11,,,,,0
77262928,1.0,12,,,,,0
77262928,1.0,13,,,,,0
77262928,1.0,14,,,,,0
77262928,1.0,15,,,,,0
77262928,1.0,16,,,,,0
77262928,1.0,17,,,,,0
77262928,1.0,18,,,,,0
77262928,1.0,19,,,,,0
77262928,1.0,20,,,,,0
77262928,1.0,21,,,,,0
77262928,1.0,22,,,,,0
77262928,1.0,23,,,,,0
77262928,1.0,24,,,,,0
77262928,1.0,25,,,,,0
77262928,1.0,26,,,,,0
77262928,1.0,27,,,,,0
77262928,1.0,28,,,,,0
77262928,1.0,29,,,,,0
77262928,1.0,30,,,,,0
77262928,1.0,31,,,,,0
77262928,1.0,32,,,,,0
77262928,1.0,33,,,,,0
77262928,1.0,34,,,,,0
77262928,1.0,35,,,,,0
77262928,1.0,36,,,,,0
77262928,1.0,37,,,,,0
77262928,1.0,38,,,,,0
77262928,1.0,39,,,,,0
77262928,1.0,40,,,,,0
77262928,1.0,41,,,,,0
77262928,1.0,42,,,,,0
77262928,1.0,43,,,,,0
77262928,1.0,44,,,,,0
77262928,1.0,45,,,,,0
77262928,1.0,46,,,,,0
77262928,1.0,47,,,,,0
77262928,1.0,48,,,,,0
77262928,1.0,49,,,,,0
77262928,1.0,50,,,,,0
77262928,1.0,51,,,,,0
77262928,1.0,52,,,,,0
77262928,1.0,53,,,,,0
77262928,1.0,54,,,,,0
77262928,1.0,55,,,,,0
77262928,1.0,56,,,,,0
77262928,1.0,57,,,,,0
77262928,1.0,58,,,,,0
77262928,1.0,59,,,,,0
77262928,1.0,60,,,,,0
85498591,1.0,1,,,,,0
85498591,1.0,2,,,,,0
85498591,1.0,3,,,,,0
85498591,1.0,4,,,,,0
85498591,1.0,5,,,,,0
85498591,1.0,6,,,,,0
85498591,1.0,7,,,,,0
85498591,1.0,8,,,,,0
85498591,1.0,9,,,,,0
85498591,1.0,10,,,,,0
85498591,1.0,11,,,,,0
85498591,1.0,12,,,,,0
85498591,1.0,13,,,,,0
85498591,1.0,14,,,,,0
85498591,1.0,15,,,,,0
85498591,1.0,16,,,,,0
85498591,1.0,17,,,,,0
85498591,1.0,18,,,,,0
85498591,1.0,19,,,,,0
85498591,1.0,20,,,,,0
85498591,1.0,21,,,,,0
85498591,1.0,22,,,,,0
85498591,1.0,23,,,,,0
85498591,1.0,24,,,,,0
85498591,1.0,25,,,,,0
85498591,1.0,26,,,,,0
85498591,1.0,27,,,,,0
85498591,1.0,28,,,,,0
85498591,1.0,29,,,,,0
85498591,1.0,30,,,,,0
85498591,1.0,31,,,,,0
85498591,1.0,32,,,,,0
85498591,1.0,33,,,,,0
85498591,1.0,34,,,,,0
85498591,1.0,35,,,,,0
85498591,1.0,36,,,,,0
85498591,1.0,37,,,,,0
85498591,1.0,38,,,,,0
85498591,1.0,39,,,,,0
85498591,1.0,40,,,,,0
85498591,1.0,41,,,,,0
85498591,1.0,42,,,,,0
85498591,1.0,43,,,,,0
85498591,1.0,44,,,,,0
85498591,1.0,45,,,,,0
85498591,1.0,46,,,,,0
85498591,1.0,47,,,,,0
85498591,1.0,48,,,,,0
85498591,1.0,49,,,,,0
85498591,1.0,50,,,,,0
85498591,1.0,51,,,,,0
85498591,1.0,52,,,,,0
85498591,1.0,53,,,,,0
85498591,1.0,54,,,,,0
85498591,1.0,55,,,,,0
85498591,1.0,56,,,,,0
85498591,1.0,57,,,,,0
85498591,1.0,58,,,,,0
85498591,1.0,59,,,,,0
85498591,1.0,60,,,,,0
44934968,1.0,1,,,,,0
44934968,1.0,2,,,,,0
44934968,1.0,3,,,,,0
44934968,1.0,4,,,,,0
44934968,1.0,5,,,,,0
44934968,1.0,6,,,,,0
44934968,1.0,7,,,,,0
44934968,1.0,8,,,,,0
44934968,1.0,9,,,,,0
44934968,1.0,10,,,,,0
44934968,1.0,11,,,,,0
44934968,1.0,12,,,,,0
44934968,1.0,13,,,,,0
44934968,1.0,14,,,,,0
44934968,1.0,15,,,,,0
44934968,1.0,16,,,,,0
44934968,1.0,17,,,,,0
44934968,1.0,18,,,,,0
44934968,1.0,19,,,,,0
44934968,1.0,20,,,,,0
44934968,1.0,21,,,,,0
44934968,1.0,22,,,,,0
44934968,1.0,23,,,,,0
44934968,1.0,24,,,,,0
44934968,1.0,25,,,,,0
44934968,1.0,26,,,,,0
44934968,1.0,27,,,,,0
44934968,1.0,28,,,,,0
44934968,1.0,29,,,,,0
44934968,1.0,30,,,,,0
44934968,1.0,31,,,,,0
44934968,1.0,32,,,,,0
44934968,1.0,33,,,,,0
44934968,1.0,34,,,,,0
44934968,1.0,35,,,,,0
44934968,1.0,36,,,,,0
44934968,1.0,37,,,,,0
44934968,1.0,38,,,,,0
44934968,1.0,39,,,,,0
44934968,1.0,40,,,,,0
44934968,1.0,41,,,,,0
44934968,1.0,42,,,,,0
44934968,1.0,43,,,,,0
44934968,1.0,44,,,,,0
44934968,1.0,45,,,,,0
44934968,1.0,46,,,,,0
44934968,1.0,47,,,,,0
44934968,1.0,48,,,,,0
44934968,1.0,49,,,,,0
44934968,1.0,50,,,,,0
44934968,1.0,51,,,,,0
44934968,1.0,52,,,,,0
44934968,1.0,53,,,,,0
44934968,1.0,54,,,,,0
44934968,1.0,55,,,,,0
44934968,1.0,56,,,,,0
44934968,1.0,57,,,,,0
44934968,1.0,58,,,,,0
44934968,1.0,59,,,,,0
44934968,1.0,60,,,,,0
56083320,1.0,1,,,,,0
56083320,1.0,2,,,,,0
56083320,1.0,3,74903311,onsite,0.125,0.0,1
56083320,1.0,4,74903311,onsite,0.125,0.0,1
56083320,1.0,5,12868813,onsite,0.1,0.024999999999999994,1
56083320,1.0,6,12868813,onsite,0.1,0.024999999999999994,1
56083320,1.0,7,92071903,onsite,0.125,0.0,1
56083320,1.0,8,92071903,onsite,0.125,0.0,1
56083320,1.0,9,12868813,onsite,0.1,0.024999999999999994,1
56083320,1.0,10,92071903,onsite,0.125,0.0,1
56083320,1.0,11,12868813,onsite,0.1,0.024999999999999994,1
56083320,1.0,12,66367478,onsite,0.125,0.0,1
56083320,1.0,13,,,,,0
56083320,1.0,14,,,,,0
56083320,1.0,15,,,,,0
56083320,1.0,16,,,,,0
56083320,1.0,17,,,,,0
56083320,1.0,18,,,,,0
56083320,1.0,19,,,,,0
56083320,1.0,20,41647560,onsite,2.0,0.0,1
56083320,1.0,21,,,,,0
56083320,1.0,22,,,,,0
56083320,1.0,23,,,,,0
56083320,1.0,24,86006374,online,2.0,0.0,1
56083320,1.0,25,,,,,0
56083320,1.0,26,26561557,online,2.0,0.0,1
56083320,1.0,27,14421545,online,2.0,0.0,1
56083320,1.0,28,,,,,0
56083320,1.0,29,76845443,online,3.003003003003003,0.0,1
56083320,1.0,30,,,,,0
56083320,1.0,31,,,,,0
56083320,1.0,32,,,,,0
56083320,1.0,33,75219971,online,3.003003003003003,0.0,1
56083320,1.0,34,,,,,0
56083320,1.0,35,,,,,0
56083320,1.0,36,,,,,0
56083320,1.0,37,,,,,0
56083320,1.0,38,,,,,0
56083320,1.0,39,,,,,0
56083320,1.0,40,,,,,0
56083320,1.0,41,,,,,0
56083320,1.0,42,,,,,0
56083320,1.0,43,,,,,0
56083320,1.0,44,,,,,0
56083320,1.0,45,,,,,0
56083320,1.0,46,,,,,0
56083320,1.0,47,,,,,0
56083320,1.0,48,,,,,0
56083320,1.0,49,,,,,0
56083320,1.0,50,,,,,0
56083320,1.0,51,,,,,0
56083320,1.0,52,,,,,0
56083320,1.0,53,,,,,0
56083320,1.0,54,,,,,0
56083320,1.0,55,,,,,0
56083320,1.0,56,,,,,0
56083320,1.0,57,,,,,0
56083320,1.0,58,,,,,0
56083320,1.0,59,,,,,0
56083320,1.0,60,,,,,0
55323900,1.0,1,,,,,0
55323900,1.0,2,45148681,onsite,0.25,0.0,1
55323900,1.0,3,99523059,onsite,0.25,0.0,1
55323900,1.0,4,45148681,onsite,0.25,0.0,1
55323900,1.0,5,98404929,onsite,0.25,0.0,1
55323900,1.0,6,67832939,onsite,0.25,0.0,1
55323900,1.0,7,28832313,onsite,0.25,0.0,1
55323900,1.0,8,13109340,onsite,0.25,0.0,1
55323900,1.0,9,99523059,onsite,0.25,0.0,1
55323900,1.0,10,54254268,onsite,0.25,0.0,1
55323900,1.0,11,12102960,onsite,0.25,0.0,1
55323900,1.0,12,,,,,0
55323900,1.0,13,75936333,onsite,0.25,0.0,1
55323900,1.0,14,88071747,onsite,0.25,0.0,1
55323900,1.0,15,,,,,0
55323900,1.0,16,44203274,onsite,1.0,0.0,1
55323900,1.0,17,,,,,0
55323900,1.0,18,36865649,online,3.003003003003003,0.0,1
55323900,1.0,19,,,,,0
55323900,1.0,20,,,,,0
55323900,1.0,21,,,,,0
55323900,1.0,22,,,,,0
55323900,1.0,23,,,,,0
55323900,1.0,24,,,,,0
55323900,1.0,25,,,,,0
55323900,1.0,26,97803185,online,2.5,0.0,1
55323900,1.0,27,,,,,0
55323900,1.0,28,,,,,0
55323900,1.0,29,,,,,0
55323900,1.0,30,,,,,0
55323900,1.0,31,23601340,online,2.5,0.0,1
55323900,1.0,32,33007303,online,3.003003003003003,0.0,1
55323900,1.0,33,,,,,0
55323900,1.0,34,,,,,0
55323900,1.0,35,,,,,0
55323900,1.0,36,27266096,online,3.003003003003003,0.0,1
55323900,1.0,37,,,,,0
55323900,1.0,38,,,,,0
55323900,1.0,39,,,,,0
55323900,1.0,40,,,,,0
55323900,1.0,41,,,,,0
55323900,1.0,42,,,,,0
55323900,1.0,43,,,,,0
55323900,1.0,44,,,,,0
55323900,1.0,45,,,,,0
55323900,1.0,46,,,,,0
55323900,1.0,47,,,,,0
55323900,1.0,48,,,,,0
55323900,1.0,49,,,,,0
55323900,1.0,50,,,,,0
55323900,1.0,51,,,,,0
55323900,1.0,52,,,,,0
55323900,1.0,53,,,,,0
55323900,1.0,54,,,,,0
55323900,1.0,55,,,,,0
55323900,1.0,56,,,,,0
55323900,1.0,57,,,,,0
55323900,1.0,58,,,,,0
55323900,1.0,59,,,,,0
55323900,1.0,60,,,,,0
15688459,1.0,1,,,,,0
15688459,1.0,2,62609802,onsite,0.125,0.0,1
15688459,1.0,3,34353940,onsite,0.125,0.0,1
15688459,1.0,4,45924388,onsite,0.125,0.0,1
15688459,1.0,5,31691472,onsite,0.125,0.0,1
15688459,1.0,6,34353940,onsite,0.125,0.0,1
15688459,1.0,7,27962354,onsite,0.125,0.0,1
15688459,1.0,8,64583244,onsite,0.125,0.0,1
15688459,1.0,9,62609802,onsite,0.125,0.0,1
15688459,1.0,10,34353940,onsite,0.125,0.0,1
15688459,1.0,11,62800650,onsite,0.125,0.0,1
15688459,1.0,12,,,,,0
15688459,1.0,13,,,,,0
15688459,1.0,14,99261454,onsite,0.125,0.0,1
15688459,1.0,15,59002596,onsite,0.7501875468867217,0.0,1
15688459,1.0,16,,,,,0
15688459,1.0,17,42658946,onsite,0.7501875468867217,0.0,1
15688459,1.0,18,,,,,0
15688459,1.0,19,,,,,0
15688459,1.0,20,,,,,0
15688459,1.0,21,,,,,0
15688459,1.0,22,,,,,0
15688459,1.0,23,53702340,online,2.0,0.0,1
15688459,1.0,24,,,,,0
15688459,1.0,25,61866275,online,2.5,0.0,1
15688459,1.0,26,74544121,online,2.5,0.0,1
15688459,1.0,27,,,,,0
15688459,1.0,28,,,,,0
15688459,1.0,29,,,,,0
15688459,1.0,30,,,,,0
15688459,1.0,31,,,,,0
15688459,1.0,32,58949952,online,3.003003003003003,0.0,1
15688459,1.0,33,,,,,0
15688459,1.0,34,,,,,0
15688459,1.0,35,,,,,0
15688459,1.0,36,,,,,0
15688459,1.0,37,,,,,0
15688459,1.0,38,,,,,0
15688459,1.0,39,,,,,0
15688459,1.0,40,,,,,0
15688459,1.0,41,,,,,0
15688459,1.0,42,,,,,0
15688459,1.0,43,,,,,0
15688459,1.0,44,,,,,0
15688459,1.0,45,,,,,0
15688459,1.0,46,,,,,0
15688459,1.0,47,,,,,0
15688459,1.0,48,,,,,0
15688459,1.0,49,,,,,0
15688459,1.0,50,,,,,0
15688459,1.0,51,,,,,0
15688459,1.0,52,,,,,0
15688459,1.0,53,,,,,0
15688459,1.0,54,,,,,0
15688459,1.0,55,,,,,0
15688459,1.0,56,,,,,0
15688459,1.0,57,,,,,0
15688459,1.0,58,,,,,0
15688459,1.0,59,,,,,0
15688459,1.0,60,,,,,0
84568374,1.0,1,,,,,0
84568374,1.0,2,,,,,0
84568374,1.0,3,56835375,onsite,0.125,0.0,1
84568374,1.0,4,44564234,onsite,0.125,0.0,1
84568374,1.0,5,82473832,onsite,0.125,0.0,1
84568374,1.0,6,78257789,onsite,0.125,0.0,1
84568374,1.0,7,84730110,onsite,0.125,0.0,1
84568374,1.0,8,60167696,onsite,0.125,0.0,1
84568374,1.0,9,44564234,onsite,0.125,0.0,1
84568374,1.0,10,82473832,onsite,0.125,0.0,1
84568374,1.0,11,60167696,onsite,0.125,0.0,1
84568374,1.0,12,92471125,onsite,0.125,0.0,1
84568374,1.0,13,52235288,onsite,0.7501875468867217,0.0,1
84568374,1.0,14,36599335,onsite,0.7501875468867217,0.0,1
84568374,1.0,15,61894420,onsite,0.7501875468867217,0.0,1
84568374,1.0,16,90137660,onsite,0.125,0.0,1
84568374,1.0,17,50871797,onsite,0.7501875468867217,0.0,1
84568374,1.0,18,54359883,onsite,0.7501875468867217,0.0,1
84568374,1.0,19,16728333,onsite,0.7501875468867217,0.0,1
84568374,1.0,20,,,,,0
84568374,1.0,21,88730886,onsite,0.7501875468867217,0.0,1
84568374,1.0,22,,,,,0
84568374,1.0,23,52947904,onsite,2.0,0.0,1
84568374,1.0,24,23539645,onsite,2.0,0.0,1
84568374,1.0,25,,,,,0
84568374,1.0,26,68161694,onsite,2.0,0.0,1
84568374,1.0,27,,,,,0
84568374,1.0,28,,,,,0
84568374,1.0,29,,,,,0
84568374,1.0,30,,,,,0
84568374,1.0,31,,,,,0
84568374,1.0,32,,,,,0
84568374,1.0,33,,,,,0
84568374,1.0,34,,,,,0
84568374,1.0,35,,,,,0
84568374,1.0,36,,,,,0
84568374,1.0,37,,,,,0
84568374,1.0,38,,,,,0
84568374,1.0,39,,,,,0
84568374,1.0,40,,,,,0
84568374,1.0,41,,,,,0
84568374,1.0,42,,,,,0
84568374,1.0,43,,,,,0
84568374,1.0,44,,,,,0
84568374,1.0,45,,,,,0
84568374,1.0,46,,,,,0
84568374,1.0,47,,,,,0
84568374,1.0,48,,,,,0
84568374,1.0,49,,,,,0
84568374,1.0,50,,,,,0
84568374,1.0,51,,,,,0
84568374,1.0,52,,,,,0
84568374,1.0,53,,,,,0
84568374,1.0,54,,,,,0
84568374,1.0,55,,,,,0
84568374,1.0,56,,,,,0
84568374,1.0,57,,,,,0
84568374,1.0,58,,,,,0
84568374,1.0,59,,,,,0
84568374,1.0,60,,,,,0
78441043,1.0,1,,,,,0
78441043,1.0,2,,,,,0
78441043,1.0,3,,,,,0
78441043,1.0,4,,,,,0
78441043,1.0,5,,,,,0
78441043,1.0,6,,,,,0
78441043,1.0,7,,,,,0
78441043,1.0,8,,,,,0
78441043,1.0,9,,,,,0
78441043,1.0,10,,,,,0
78441043,1.0,11,,,,,0
78441043,1.0,12,,,,,0
78441043,1.0,13,,,,,0
78441043,1.0,14,,,,,0
78441043,1.0,15,,,,,0
78441043,1.0,16,,,,,0
78441043,1.0,17,,,,,0
78441043,1.0,18,,,,,0
78441043,1.0,19,,,,,0
78441043,1.0,20,,,,,0
78441043,1.0,21,,,,,0
78441043,1.0,22,,,,,0
78441043,1.0,23,,,,,0
78441043,1.0,24,,,,,0
78441043,1.0,25,,,,,0
78441043,1.0,26,,,,,0
78441043,1.0,27,,,,,0
78441043,1.0,28,,,,,0
78441043,1.0,29,,,,,0
78441043,1.0,30,,,,,0
78441043,1.0,31,,,,,0
78441043,1.0,32,,,,,0
78441043,1.0,33,,,,,0
78441043,1.0,34,,,,,0
78441043,1.0,35,,,,,0
78441043,1.0,36,,,,,0
78441043,1.0,37,,,,,0
78441043,1.0,38,,,,,0
78441043,1.0,39,,,,,0
78441043,1.0,40,,,,,0
78441043,1.0,41,,,,,0
78441043,1.0,42,,,,,0
78441043,1.0,43,,,,,0
78441043,1.0,44,,,,,0
78441043,1.0,45,,,,,0
78441043,1.0,46,,,,,0
78441043,1.0,47,,,,,0
78441043,1.0,48,,,,,0
78441043,1.0,49,,,,,0
78441043,1.0,50,,,,,0
78441043,1.0,51,,,,,0
78441043,1.0,52,,,,,0
78441043,1.0,53,,,,,0
78441043,1.0,54,,,,,0
78441043,1.0,55,,,,,0
78441043,1.0,56,,,,,0
78441043,1.0,57,,,,,0
78441043,1.0,58,,,,,0
78441043,1.0,59,,,,,0
78441043,1.0,60,,,,,0
27989597,1.0,1,,,,,0
27989597,1.0,2,,,,,0
27989597,1.0,3,,,,,0
27989597,1.0,4,,,,,0
27989597,1.0,5,,,,,0
27989597,1.0,6,,,,,0
27989597,1.0,7,,,,,0
27989597,1.0,8,,,,,0
27989597,1.0,9,,,,,0
27989597,1.0,10,,,,,0
27989597,1.0,11,,,,,0
27989597,1.0,12,,,,,0
27989597,1.0,13,,,,,0
27989597,1.0,14,,,,,0
27989597,1.0,15,,,,,0
27989597,1.0,16,,,,,0
27989597,1.0,17,,,,,0
27989597,1.0,18,,,,,0
27989597,1.0,19,,,,,0
27989597,1.0,20,,,,,0
27989597,1.0,21,,,,,0
27989597,1.0,22,,,,,0
27989597,1.0,23,,,,,0
27989597,1.0,24,,,,,0
27989597,1.0,25,,,,,0
27989597,1.0,26,,,,,0
27989597,1.0,27,,,,,0
27989597,1.0,28,,,,,0
27989597,1.0,29,,,,,0
27989597,1.0,30,,,,,0
27989597,1.0,31,,,,,0
27989597,1.0,32,,,,,0
27989597,1.0,33,,,,,0
27989597,1.0,34,,,,,0
27989597,1.0,35,,,,,0
27989597,1.0,36,,,,,0
27989597,1.0,37,,,,,0
27989597,1.0,38,,,,,0
27989597,1.0,39,,,,,0
27989597,1.0,40,,,,,0
27989597,1.0,41,,,,,0
27989597,1.0,42,,,,,0
27989597,1.0,43,,,,,0
27989597,1.0,44,,,,,0
27989597,1.0,45,,,,,0
27989597,1.0,46,,,,,0
27989597,1.0,47,,,,,0
27989597,1.0,48,,,,,0
27989597,1.0,49,,,,,0
27989597,1.0,50,,,,,0
27989597,1.0,51,,,,,0
27989597,1.0,52,,,,,0
27989597,1.0,53,,,,,0
27989597,1.0,54,,,,,0
27989597,1.0,55,,,,,0
27989597,1.0,56,,,,,0
27989597,1.0,57,,,,,0
27989597,1.0,58,,,,,0
27989597,1.0,59,,,,,0
27989597,1.0,60,,,,,0
30860652,1.0,1,,,,,0
30860652,1.0,2,,,,,0
30860652,1.0,3,,,,,0
30860652,1.0,4,,,,,0
30860652,1.0,5,,,,,0
30860652,1.0,6,,,,,0
30860652,1.0,7,,,,,0
30860652,1.0,8,,,,,0
30860652,1.0,9,,,,,0
30860652,1.0,10,,,,,0
30860652,1.0,11,,,,,0
30860652,1.0,12,,,,,0
30860652,1.0,13,,,,,0
30860652,1.0,14,,,,,0
30860652,1.0,15,,,,,0
30860652,1.0,16,,,,,0
30860652,1.0,17,,,,,0
30860652,1.0,18,,,,,0
30860652,1.0,19,,,,,0
30860652,1.0,20,,,,,0
30860652,1.0,21,,,,,0
30860652,1.0,22,,,,,0
30860652,1.0,23,,,,,0
30860652,1.0,24,,,,,0
30860652,1.0,25,,,,,0
30860652,1.0,26,,,,,0
30860652,1.0,27,,,,,0
30860652,1.0,28,,,,,0
30860652,1.0,29,,,,,0
30860652,1.0,30,,,,,0
30860652,1.0,31,,,,,0
30860652,1.0,32,,,,,0
30860652,1.0,33,,,,,0
30860652,1.0,34,,,,,0
30860652,1.0,35,,,,,0
30860652,1.0,36,,,,,0
30860652,1.0,37,,,,,0
30860652,1.0,38,,,,,0
30860652,1.0,39,,,,,0
30860652,1.0,40,,,,,0
30860652,1.0,41,,,,,0
30860652,1.0,42,,,,,0
30860652,1.0,43,,,,,0
30860652,1.0,44,,,,,0
30860652,1.0,45,,,,,0
30860652,1.0,46,,,,,0
30860652,1.0,47,,,,,0
30860652,1.0,48,,,,,0
30860652,1.0,49,,,,,0
30860652,1.0,50,,,,,0
30860652,1.0,51,,,,,0
30860652,1.0,52,,,,,0
30860652,1.0,53,,,,,0
30860652,1.0,54,,,,,0
30860652,1.0,55,,,,,0
30860652,1.0,56,,,,,0
30860652,1.0,57,,,,,0
30860652,1.0,58,,,,,0
30860652,1.0,59,,,,,0
30860652,1.0,60,,,,,0
53534448,1.0,1,,,,,0
53534448,1.0,2,,,,,0
53534448,1.0,3,,,,,0
53534448,1.0,4,,,,,0
53534448,1.0,5,,,,,0
53534448,1.0,6,,,,,0
53534448,1.0,7,,,,,0
53534448,1.0,8,,,,,0
53534448,1.0,9,,,,,0
53534448,1.0,10,,,,,0
53534448,1.0,11,,,,,0
53534448,1.0,12,,,,,0
53534448,1.0,13,,,,,0
53534448,1.0,14,,,,,0
53534448,1.0,15,,,,,0
53534448,1.0,16,,,,,0
53534448,1.0,17,,,,,0
53534448,1.0,18,,,,,0
53534448,1.0,19,,,,,0
53534448,1.0,20,,,,,0
53534448,1.0,21,,,,,0
53534448,1.0,22,,,,,0
53534448,1.0,23,,,,,0
53534448,1.0,24,,,,,0
53534448,1.0,25,,,,,0
53534448,1.0,26,,,,,0
53534448,1.0,27,,,,,0
53534448,1.0,28,,,,,0
53534448,1.0,29,,,,,0
53534448,1.0,30,,,,,0
53534448,1.0,31,,,,,0
53534448,1.0,32,,,,,0
53534448,1.0,33,,,,,0
53534448,1.0,34,,,,,0
53534448,1.0,35,,,,,0
53534448,1.0,36,,,,,0
53534448,1.0,37,,,,,0
53534448,1.0,38,,,,,0
53534448,1.0,39,,,,,0
53534448,1.0,40,,,,,0
53534448,1.0,41,,,,,0
53534448,1.0,42,,,,,0
53534448,1.0,43,,,,,0
53534448,1.0,44,,,,,0
53534448,1.0,45,,,,,0
53534448,1.0,46,,,,,0
53534448,1.0,47,,,,,0
53534448,1.0,48,,,,,0
53534448,1.0,49,,,,,0
53534448,1.0,50,,,,,0
53534448,1.0,51,,,,,0
53534448,1.0,52,,,,,0
53534448,1.0,53,,,,,0
53534448,1.0,54,,,,,0
53534448,1.0,55,,,,,0
53534448,1.0,56,,,,,0
53534448,1.0,57,,,,,0
53534448,1.0,58,,,,,0
53534448,1.0,59,,,,,0
53534448,1.0,60,,,,,0
12978925,1.0,1,,,,,0
12978925,1.0,2,,,,,0
12978925,1.0,3,,,,,0
12978925,1.0,4,,,,,0
12978925,1.0,5,,,,,0
12978925,1.0,6,,,,,0
12978925,1.0,7,,,,,0
12978925,1.0,8,,,,,0
12978925,1.0,9,,,,,0
12978925,1.0,10,,,,,0
12978925,1.0,11,,,,,0
12978925,1.0,12,,,,,0
12978925,1.0,13,,,,,0
12978925,1.0,14,,,,,0
12978925,1.0,15,,,,,0
12978925,1.0,16,,,,,0
12978925,1.0,17,,,,,0
12978925,1.0,18,,,,,0
12978925,1.0,19,,,,,0
12978925,1.0,20,,,,,0
12978925,1.0,21,,,,,0
12978925,1.0,22,,,,,0
12978925,1.0,23,,,,,0
12978925,1.0,24,,,,,0
12978925,1.0,25,,,,,0
12978925,1.0,26,,,,,0
12978925,1.0,27,,,,,0
12978925,1.0,28,,,,,0
12978925,1.0,29,,,,,0
12978925,1.0,30,,,,,0
12978925,1.0,31,,,,,0
12978925,1.0,32,,,,,0
12978925,1.0,33,,,,,0
12978925,1.0,34,,,,,0
12978925,1.0,35,,,,,0
12978925,1.0,36,,,,,0
12978925,1.0,37,,,,,0
12978925,1.0,38,,,,,0
12978925,1.0,39,,,,,0
12978925,1.0,40,,,,,0
12978925,1.0,41,,,,,0
12978925,1.0,42,,,,,0
12978925,1.0,43,,,,,0
12978925,1.0,44,,,,,0
12978925,1.0,45,,,,,0
12978925,1.0,46,,,,,0
12978925,1.0,47,,,,,0
12978925,1.0,48,,,,,0
12978925,1.0,49,,,,,0
12978925,1.0,50,,,,,0
12978925,1.0,51,,,,,0
12978925,1.0,52,,,,,0
12978925,1.0,53,,,,,0
12978925,1.0,54,,,,,0
12978925,1.0,55,,,,,0
12978925,1.0,56,,,,,0
12978925,1.0,57,,,,,0
12978925,1.0,58,,,,,0
12978925,1.0,59,,,,,0
12978925,1.0,60,,,,,0
33935992,1.0,1,,,,,0
33935992,1.0,2,,,,,0
33935992,1.0,3,,,,,0
33935992,1.0,4,,,,,0
33935992,1.0,5,,,,,0
33935992,1.0,6,,,,,0
33935992,1.0,7,,,,,0
33935992,1.0,8,,,,,0
33935992,1.0,9,,,,,0
33935992,1.0,10,,,,,0
33935992,1.0,11,,,,,0
33935992,1.0,12,,,,,0
33935992,1.0,13,,,,,0
33935992,1.0,14,,,,,0
33935992,1.0,15,,,,,0
33935992,1.0,16,,,,,0
33935992,1.0,17,,,,,0
33935992,1.0,18,,,,,0
33935992,1.0,19,,,,,0
33935992,1.0,20,,,,,0
33935992,1.0,21,,,,,0
33935992,1.0,22,,,,,0
33935992,1.0,23,,,,,0
33935992,1.0,24,,,,,0
33935992,1.0,25,,,,,0
33935992,1.0,26,,,,,0
33935992,1.0,27,,,,,0
33935992,1.0,28,,,,,0
33935992,1.0,29,,,,,0
33935992,1.0,30,,,,,0
33935992,1.0,31,,,,,0
33935992,1.0,32,,,,,0
33935992,1.0,33,,,,,0
33935992,1.0,34,,,,,0
33935992,1.0,35,,,,,0
33935992,1.0,36,,,,,0
33935992,1.0,37,,,,,0
33935992,1.0,38,,,,,0
33935992,1.0,39,,,,,0
33935992,1.0,40,,,,,0
33935992,1.0,41,,,,,0
33935992,1.0,42,,,,,0
33935992,1.0,43,,,,,0
33935992,1.0,44,,,,,0
33935992,1.0,45,,,,,0
33935992,1.0,46,,,,,0
33935992,1.0,47,,,,,0
33935992,1.0,48,,,,,0
33935992,1.0,49,,,,,0
33935992,1.0,50,,,,,0
33935992,1.0,51,,,,,0
33935992,1.0,52,,,,,0
33935992,1.0,53,,,,,0
33935992,1.0,54,,,,,0
33935992,1.0,55,,,,,0
33935992,1.0,56,,,,,0
33935992,1.0,57,,,,,0
33935992,1.0,58,,,,,0
33935992,1.0,59,,,,,0
33935992,1.0,60,,,,,0
38211857,1.0,1,,,,,0
38211857,1.0,2,,,,,0
38211857,1.0,3,,,,,0
38211857,1.0,4,55122358,onsite,0.7501875468867217,0.0,1
38211857,1.0,5,32550898,onsite,0.125,0.0,1
38211857,1.0,6,32550898,onsite,0.125,0.0,1
38211857,1.0,7,13124031,onsite,0.125,0.0,1
38211857,1.0,8,13124031,onsite,0.125,0.0,1
38211857,1.0,9,32550898,onsite,0.125,0.0,1
38211857,1.0,10,13124031,onsite,0.125,0.0,1
38211857,1.0,11,13124031,onsite,0.125,0.0,1
38211857,1.0,12,32550898,onsite,0.125,0.0,1
38211857,1.0,13,,,,,0
38211857,1.0,14,,,,,0
38211857,1.0,15,,,,,0
38211857,1.0,16,70065156,onsite,0.7501875468867217,0.0,1
38211857,1.0,17,13766694,onsite,0.7501875468867217,0.0,1
38211857,1.0,18,25393624,onsite,0.7501875468867217,0.0,1
38211857,1.0,19,,,,,0
38211857,1.0,20,,,,,0
38211857,1.0,21,,,,,0
38211857,1.0,22,,,,,0
38211857,1.0,23,51594690,online,2.0,0.0,1
38211857,1.0,24,90352127,online,2.5,0.0,1
38211857,1.0,25,,,,,0
38211857,1.0,26,93347427,online,2.0,0.0,1
38211857,1.0,27,,,,,0
38211857,1.0,28,,,,,0
38211857,1.0,29,,,,,0
38211857,1.0,30,20670989,online,3.003003003003003,0.0,1
38211857,1.0,31,,,,,0
38211857,1.0,32,98475746,online,3.003003003003003,0.0,1
38211857,1.0,33,,,,,0
38211857,1.0,34,,,,,0
38211857,1.0,35,,,,,0
38211857,1.0,36,,,,,0
38211857,1.0,37,,,,,0
38211857,1.0,38,,,,,0
38211857,1.0,39,,,,,0
38211857,1.0,40,,,,,0
38211857,1.0,41,,,,,0
38211857,1.0,42,,,,,0
38211857,1.0,43,,,,,0
38211857,1.0,44,,,,,0
38211857,1.0,45,,,,,0
38211857,1.0,46,,,,,0
38211857,1.0,47,,,,,0
38211857,1.0,48,,,,,0
38211857,1.0,49,,,,,0
38211857,1.0,50,,,,,0
38211857,1.0,51,,,,,0
38211857,1.0,52,,,,,0
38211857,1.0,53,,,,,0
38211857,1.0,54,,,,,0
38211857,1.0,55,,,,,0
38211857,1.0,56,,,,,0
38211857,1.0,57,,,,,0
38211857,1.0,58,,,,,0
38211857,1.0,59,,,,,0
38211857,1.0,60,,,,,0
84502481,1.0,1,,,,,0
84502481,1.0,2,,,,,0
84502481,1.0,3,,,,,0
84502481,1.0,4,,,,,0
84502481,1.0,5,,,,,0
84502481,1.0,6,,,,,0
84502481,1.0,7,,,,,0
84502481,1.0,8,,,,,0
84502481,1.0,9,,,,,0
84502481,1.0,10,,,,,0
84502481,1.0,11,,,,,0
84502481,1.0,12,,,,,0
84502481,1.0,13,,,,,0
84502481,1.0,14,,,,,0
84502481,1.0,15,,,,,0
84502481,1.0,16,,,,,0
84502481,1.0,17,,,,,0
84502481,1.0,18,,,,,0
84502481,1.0,19,,,,,0
84502481,1.0,20,,,,,0
84502481,1.0,21,,,,,0
84502481,1.0,22,,,,,0
84502481,1.0,23,,,,,0
84502481,1.0,24,,,,,0
84502481,1.0,25,,,,,0
84502481,1.0,26,,,,,0
84502481,1.0,27,,,,,0
84502481,1.0,28,,,,,0
84502481,1.0,29,,,,,0
84502481,1.0,30,,,,,0
84502481,1.0,31,,,,,0
84502481,1.0,32,,,,,0
84502481,1.0,33,,,,,0
84502481,1.0,34,,,,,0
84502481,1.0,35,,,,,0
84502481,1.0,36,,,,,0
84502481,1.0,37,,,,,0
84502481,1.0,38,,,,,0
84502481,1.0,39,,,,,0
84502481,1.0,40,,,,,0
84502481,1.0,41,,,,,0
84502481,1.0,42,,,,,0
84502481,1.0,43,,,,,0
84502481,1.0,44,,,,,0
84502481,1.0,45,,,,,0
84502481,1.0,46,,,,,0
84502481,1.0,47,,,,,0
84502481,1.0,48,,,,,0
84502481,1.0,49,,,,,0
84502481,1.0,50,,,,,0
84502481,1.0,51,,,,,0
84502481,1.0,52,,,,,0
84502481,1.0,53,,,,,0
84502481,1.0,54,,,,,0
84502481,1.0,55,,,,,0
84502481,1.0,56,,,,,0
84502481,1.0,57,,,,,0
84502481,1.0,58,,,,,0
84502481,1.0,59,,,,,0
84502481,1.0,60,,,,,0
90495048,1.0,1,,,,,0
90495048,1.0,2,,,,,0
90495048,1.0,3,,,,,0
90495048,1.0,4,,,,,0
90495048,1.0,5,,,,,0
90495048,1.0,6,,,,,0
90495048,1.0,7,,,,,0
90495048,1.0,8,,,,,0
90495048,1.0,9,,,,,0
90495048,1.0,10,,,,,0
90495048,1.0,11,,,,,0
90495048,1.0,12,,,,,0
90495048,1.0,13,,,,,0
90495048,1.0,14,,,,,0
90495048,1.0,15,,,,,0
90495048,1.0,16,,,,,0
90495048,1.0,17,,,,,0
90495048,1.0,18,,,,,0
90495048,1.0,19,,,,,0
90495048,1.0,20,,,,,0
90495048,1.0,21,,,,,0
90495048,1.0,22,,,,,0
90495048,1.0,23,,,,,0
90495048,1.0,24,,,,,0
90495048,1.0,25,,,,,0
90495048,1.0,26,,,,,0
90495048,1.0,27,,,,,0
90495048,1.0,28,,,,,0
90495048,1.0,29,,,,,0
90495048,1.0,30,,,,,0
90495048,1.0,31,,,,,0
90495048,1.0,32,,,,,0
90495048,1.0,33,,,,,0
90495048,1.0,34,,,,,0
90495048,1.0,35,,,,,0
90495048,1.0,36,,,,,0
90495048,1.0,37,,,,,0
90495048,1.0,38,,,,,0
90495048,1.0,39,,,,,0
90495048,1.0,40,,,,,0
90495048,1.0,41,,,,,0
90495048,1.0,42,,,,,0
90495048,1.0,43,,,,,0
90495048,1.0,44,,,,,0
90495048,1.0,45,,,,,0
90495048,1.0,46,,,,,0
90495048,1.0,47,,,,,0
90495048,1.0,48,,,,,0
90495048,1.0,49,,,,,0
90495048,1.0,50,,,,,0
90495048,1.0,51,,,,,0
90495048,1.0,52,,,,,0
90495048,1.0,53,,,,,0
90495048,1.0,54,,,,,0
90495048,1.0,55,,,,,0
90495048,1.0,56,,,,,0
90495048,1.0,57,,,,,0
90495048,1.0,58,,,,,0
90495048,1.0,59,,,,,0
90495048,1.0,60,,,,,0
82125193,1.0,1,,,,,0
82125193,1.0,2,,,,,0
82125193,1.0,3,,,,,0
82125193,1.0,4,,,,,0
82125193,1.0,5,,,,,0
82125193,1.0,6,,,,,0
82125193,1.0,7,,,,,0
82125193,1.0,8,,,,,0
82125193,1.0,9,,,,,0
82125193,1.0,10,,,,,0
82125193,1.0,11,,,,,0
82125193,1.0,12,,,,,0
82125193,1.0,13,,,,,0
82125193,1.0,14,,,,,0
82125193,1.0,15,,,,,0
82125193,1.0,16,,,,,0
82125193,1.0,17,,,,,0
82125193,1.0,18,,,,,0
82125193,1.0,19,,,,,0
82125193,1.0,20,,,,,0
82125193,1.0,21,,,,,0
82125193,1.0,22,,,,,0
82125193,1.0,23,,,,,0
82125193,1.0,24,,,,,0
82125193,1.0,25,,,,,0
82125193,1.0,26,,,,,0
82125193,1.0,27,,,,,0
82125193,1.0,28,,,,,0
82125193,1.0,29,,,,,0
82125193,1.0,30,,,,,0
82125193,1.0,31,,,,,0
82125193,1.0,32,,,,,0
82125193,1.0,33,,,,,0
82125193,1.0,34,,,,,0
82125193,1.0,35,,,,,0
82125193,1.0,36,,,,,0
82125193,1.0,37,,,,,0
82125193,1.0,38,,,,,0
82125193,1.0,39,,,,,0
82125193,1.0,40,,,,,0
82125193,1.0,41,,,,,0
82125193,1.0,42,,,,,0
82125193,1.0,43,,,,,0
82125193,1.0,44,,,,,0
82125193,1.0,45,,,,,0
82125193,1.0,46,,,,,0
82125193,1.0,47,,,,,0
82125193,1.0,48,,,,,0
82125193,1.0,49,,,,,0
82125193,1.0,50,,,,,0
82125193,1.0,51,,,,,0
82125193,1.0,52,,,,,0
82125193,1.0,53,,,,,0
82125193,1.0,54,,,,,0
82125193,1.0,55,,,,,0
82125193,1.0,56,,,,,0
82125193,1.0,57,,,,,0
82125193,1.0,58,,,,,0
82125193,1.0,59,,,,,0
82125193,1.0,60,,,,,0
38397433,1.0,1,,,,,0
38397433,1.0,2,23389870,onsite,0.125,0.0,1
38397433,1.0,3,67599722,onsite,0.125,0.0,1
38397433,1.0,4,80534914,onsite,0.125,0.0,1
38397433,1.0,5,86777142,onsite,0.125,0.0,1
38397433,1.0,6,67599722,onsite,0.125,0.0,1
38397433,1.0,7,23389870,onsite,0.125,0.0,1
38397433,1.0,8,42102320,onsite,0.125,0.0,1
38397433,1.0,9,42102320,onsite,0.125,0.0,1
38397433,1.0,10,86777142,onsite,0.125,0.0,1
38397433,1.0,11,29249291,onsite,0.7501875468867217,0.0,1
38397433,1.0,12,76537848,onsite,0.125,0.0,1
38397433,1.0,13,39320303,onsite,0.7501875468867217,0.0,1
38397433,1.0,14,42250196,onsite,0.125,0.0,1
38397433,1.0,15,70942690,onsite,0.7501875468867217,0.0,1
38397433,1.0,16,96467041,onsite,0.7501875468867217,0.0,1
38397433,1.0,17,84455331,onsite,0.6001500375093775,0.15003750937734428,1
38397433,1.0,18,73344763,onsite,0.7501875468867217,0.0,1
38397433,1.0,19,,,,,0
38397433,1.0,20,94895483,onsite,0.7501875468867217,0.0,1
38397433,1.0,21,,,,,0
38397433,1.0,22,34382975,onsite,0.125,0.0,1
38397433,1.0,23,,,,,0
38397433,1.0,24,53548677,onsite,2.0,0.0,1
38397433,1.0,25,34382975,onsite,0.125,0.0,1
38397433,1.0,26,,,,,0
38397433,1.0,27,34382975,onsite,0.125,0.0,1
38397433,1.0,28,39314202,onsite,0.7501875468867217,0.0,1
38397433,1.0,29,,,,,0
38397433,1.0,30,,,,,0
38397433,1.0,31,,,,,0
38397433,1.0,32,,,,,0
38397433,1.0,33,,,,,0
38397433,1.0,34,,,,,0
38397433,1.0,35,,,,,0
38397433,1.0,36,,,,,0
38397433,1.0,37,,,,,0
38397433,1.0,38,,,,,0
38397433,1.0,39,,,,,0
38397433,1.0,40,,,,,0
38397433,1.0,41,,,,,0
38397433,1.0,42,,,,,0
38397433,1.0,43,,,,,0
38397433,1.0,44,,,,,0
38397433,1.0,45,,,,,0
38397433,1.0,46,,,,,0
38397433,1.0,47,,,,,0
38397433,1.0,48,,,,,0
38397433,1.0,49,,,,,0
38397433,1.0,50,,,,,0
38397433,1.0,51,,,,,0
38397433,1.0,52,,,,,0
38397433,1.0,53,,,,,0
38397433,1.0,54,,,,,0
38397433,1.0,55,,,,,0
38397433,1.0,56,,,,,0
38397433,1.0,57,,,,,0
38397433,1.0,58,,,,,0
38397433,1.0,59,,,,,0
38397433,1.0,60,,,,,0
80411419,1.0,1,,,,,0
80411419,1.0,2,,,,,0
80411419,1.0,3,,,,,0
80411419,1.0,4,,,,,0
80411419,1.0,5,,,,,0
80411419,1.0,6,,,,,0
80411419,1.0,7,,,,,0
80411419,1.0,8,,,,,0
80411419,1.0,9,,,,,0
80411419,1.0,10,,,,,0
80411419,1.0,11,,,,,0
80411419,1.0,12,,,,,0
80411419,1.0,13,,,,,0
80411419,1.0,14,,,,,0
80411419,1.0,15,,,,,0
80411419,1.0,16,,,,,0
80411419,1.0,17,,,,,0
80411419,1.0,18,,,,,0
80411419,1.0,19,,,,,0
80411419,1.0,20,,,,,0
80411419,1.0,21,,,,,0
80411419,1.0,22,,,,,0
80411419,1.0,23,,,,,0
80411419,1.0,24,,,,,0
80411419,1.0,25,,,,,0
80411419,1.0,26,,,,,0
80411419,1.0,27,,,,,0
80411419,1.0,28,,,,,0
80411419,1.0,29,,,,,0
80411419,1.0,30,,,,,0
80411419,1.0,31,,,,,0
80411419,1.0,32,,,,,0
80411419,1.0,33,,,,,0
80411419,1.0,34,,,,,0
80411419,1.0,35,,,,,0
80411419,1.0,36,,,,,0
80411419,1.0,37,,,,,0
80411419,1.0,38,,,,,0
80411419,1.0,39,,,,,0
80411419,1.0,40,,,,,0
80411419,1.0,41,,,,,0
80411419,1.0,42,,,,,0
80411419,1.0,43,,,,,0
80411419,1.0,44,,,,,0
80411419,1.0,45,,,,,0
80411419,1.0,46,,,,,0
80411419,1.0,47,,,,,0
80411419,1.0,48,,,,,0
80411419,1.0,49,,,,,0
80411419,1.0,50,,,,,0
80411419,1.0,51,,,,,0
80411419,1.0,52,,,,,0
80411419,1.0,53,,,,,0
80411419,1.0,54,,,,,0
80411419,1.0,55,,,,,0
80411419,1.0,56,,,,,0
80411419,1.0,57,,,,,0
80411419,1.0,58,,,,,0
80411419,1.0,59,,,,,0
80411419,1.0,60,,,,,0
16504610,1.0,1,,,,,0
16504610,1.0,2,,,,,0
16504610,1.0,3,,,,,0
16504610,1.0,4,,,,,0
16504610,1.0,5,,,,,0
16504610,1.0,6,,,,,0
16504610,1.0,7,,,,,0
16504610,1.0,8,,,,,0
16504610,1.0,9,,,,,0
16504610,1.0,10,,,,,0
16504610,1.0,11,,,,,0
16504610,1.0,12,,,,,0
16504610,1.0,13,,,,,0
16504610,1.0,14,,,,,0
16504610,1.0,15,,,,,0
16504610,1.0,16,,,,,0
16504610,1.0,17,,,,,0
16504610,1.0,18,,,,,0
16504610,1.0,19,,,,,0
16504610,1.0,20,,,,,0
16504610,1.0,21,,,,,0
16504610,1.0,22,,,,,0
16504610,1.0,23,,,,,0
16504610,1.0,24,,,,,0
16504610,1.0,25,,,,,0
16504610,1.0,26,,,,,0
16504610,1.0,27,,,,,0
16504610,1.0,28,,,,,0
16504610,1.0,29,,,,,0
16504610,1.0,30,,,,,0
16504610,1.0,31,,,,,0
16504610,1.0,32,,,,,0
16504610,1.0,33,,,,,0
16504610,1.0,34,,,,,0
16504610,1.0,35,,,,,0
16504610,1.0,36,,,,,0
16504610,1.0,37,,,,,0
16504610,1.0,38,,,,,0
16504610,1.0,39,,,,,0
16504610,1.0,40,,,,,0
16504610,1.0,41,,,,,0
16504610,1.0,42,,,,,0
16504610,1.0,43,,,,,0
16504610,1.0,44,,,,,0
16504610,1.0,45,,,,,0
16504610,1.0,46,,,,,0
16504610,1.0,47,,,,,0
16504610,1.0,48,,,,,0
16504610,1.0,49,,,,,0
16504610,1.0,50,,,,,0
16504610,1.0,51,,,,,0
16504610,1.0,52,,,,,0
16504610,1.0,53,,,,,0
16504610,1.0,54,,,,,0
16504610,1.0,55,,,,,0
16504610,1.0,56,,,,,0
16504610,1.0,57,,,,,0
16504610,1.0,58,,,,,0
16504610,1.0,59,,,,,0
16504610,1.0,60,,,,,0
85590574,1.0,1,,,,,0
85590574,1.0,2,,,,,0
85590574,1.0,3,,,,,0
85590574,1.0,4,,,,,0
85590574,1.0,5,,,,,0
85590574,1.0,6,,,,,0
85590574,1.0,7,,,,,0
85590574,1.0,8,,,,,0
85590574,1.0,9,,,,,0
85590574,1.0,10,,,,,0
85590574,1.0,11,,,,,0
85590574,1.0,12,,,,,0
85590574,1.0,13,,,,,0
85590574,1.0,14,,,,,0
85590574,1.0,15,,,,,0
85590574,1.0,16,,,,,0
85590574,1.0,17,,,,,0
85590574,1.0,18,,,,,0
85590574,1.0,19,,,,,0
85590574,1.0,20,,,,,0
85590574,1.0,21,,,,,0
85590574,1.0,22,,,,,0
85590574,1.0,23,,,,,0
85590574,1.0,24,,,,,0
85590574,1.0,25,,,,,0
85590574,1.0,26,,,,,0
85590574,1.0,27,,,,,0
85590574,1.0,28,,,,,0
85590574,1.0,29,,,,,0
85590574,1.0,30,,,,,0
85590574,1.0,31,,,,,0
85590574,1.0,32,,,,,0
85590574,1.0,33,,,,,0
85590574,1.0,34,,,,,0
85590574,1.0,35,,,,,0
85590574,1.0,36,,,,,0
85590574,1.0,37,,,,,0
85590574,1.0,38,,,,,0
85590574,1.0,39,,,,,0
85590574,1.0,40,,,,,0
85590574,1.0,41,,,,,0
85590574,1.0,42,,,,,0
85590574,1.0,43,,,,,0
85590574,1.0,44,,,,,0
85590574,1.0,45,,,,,0
85590574,1.0,46,,,,,0
85590574,1.0,47,,,,,0
85590574,1.0,48,,,,,0
85590574,1.0,49,,,,,0
85590574,1.0,50,,,,,0
85590574,1.0,51,,,,,0
85590574,1.0,52,,,,,0
85590574,1.0,53,,,,,0
85590574,1.0,54,,,,,0
85590574,1.0,55,,,,,0
85590574,1.0,56,,,,,0
85590574,1.0,57,,,,,0
85590574,1.0,58,,,,,0
85590574,1.0,59,,,,,0
85590574,1.0,60,,,,,0
98597002,1.0,1,,,,,0
98597002,1.0,2,,,,,0
98597002,1.0,3,,,,,0
98597002,1.0,4,,,,,0
98597002,1.0,5,,,,,0
98597002,1.0,6,,,,,0
98597002,1.0,7,,,,,0
98597002,1.0,8,,,,,0
98597002,1.0,9,,,,,0
98597002,1.0,10,,,,,0
98597002,1.0,11,,,,,0
98597002,1.0,12,,,,,0
98597002,1.0,13,,,,,0
98597002,1.0,14,,,,,0
98597002,1.0,15,,,,,0
98597002,1.0,16,,,,,0
98597002,1.0,17,,,,,0
98597002,1.0,18,,,,,0
98597002,1.0,19,,,,,0
98597002,1.0,20,,,,,0
98597002,1.0,21,,,,,0
98597002,1.0,22,,,,,0
98597002,1.0,23,,,,,0
98597002,1.0,24,,,,,0
98597002,1.0,25,,,,,0
98597002,1.0,26,,,,,0
98597002,1.0,27,,,,,0
98597002,1.0,28,,,,,0
98597002,1.0,29,,,,,0
98597002,1.0,30,,,,,0
98597002,1.0,31,,,,,0
98597002,1.0,32,,,,,0
98597002,1.0,33,,,,,0
98597002,1.0,34,,,,,0
98597002,1.0,35,,,,,0
98597002,1.0,36,,,,,0
98597002,1.0,37,,,,,0
98597002,1.0,38,,,,,0
98597002,1.0,39,,,,,0
98597002,1.0,40,,,,,0
98597002,1.0,41,,,,,0
98597002,1.0,42,,,,,0
98597002,1.0,43,,,,,0
98597002,1.0,44,,,,,0
98597002,1.0,45,,,,,0
98597002,1.0,46,,,,,0
98597002,1.0,47,,,,,0
98597002,1.0,48,,,,,0
98597002,1.0,49,,,,,0
98597002,1.0,50,,,,,0
98597002,1.0,51,,,,,0
98597002,1.0,52,,,,,0
98597002,1.0,53,,,,,0
98597002,1.0,54,,,,,0
98597002,1.0,55,,,,,0
98597002,1.0,56,,,,,0
98597002,1.0,57,,,,,0
98597002,1.0,58,,,,,0
98597002,1.0,59,,,,,0
98597002,1.0,60,,,,,0
59864757,1.0,1,,,,,0
59864757,1.0,2,,,,,0
59864757,1.0,3,,,,,0
59864757,1.0,4,,,,,0
59864757,1.0,5,,,,,0
59864757,1.0,6,,,,,0
59864757,1.0,7,,,,,0
59864757,1.0,8,,,,,0
59864757,1.0,9,,,,,0
59864757,1.0,10,,,,,0
59864757,1.0,11,,,,,0
59864757,1.0,12,,,,,0
59864757,1.0,13,,,,,0
59864757,1.0,14,,,,,0
59864757,1.0,15,,,,,0
59864757,1.0,16,,,,,0
59864757,1.0,17,,,,,0
59864757,1.0,18,,,,,0
59864757,1.0,19,,,,,0
59864757,1.0,20,,,,,0
59864757,1.0,21,,,,,0
59864757,1.0,22,,,,,0
59864757,1.0,23,,,,,0
59864757,1.0,24,,,,,0
59864757,1.0,25,,,,,0
59864757,1.0,26,,,,,0
59864757,1.0,27,,,,,0
59864757,1.0,28,,,,,0
59864757,1.0,29,,,,,0
59864757,1.0,30,,,,,0
59864757,1.0,31,,,,,0
59864757,1.0,32,,,,,0
59864757,1.0,33,,,,,0
59864757,1.0,34,,,,,0
59864757,1.0,35,,,,,0
59864757,1.0,36,,,,,0
59864757,1.0,37,,,,,0
59864757,1.0,38,,,,,0
59864757,1.0,39,,,,,0
59864757,1.0,40,,,,,0
59864757,1.0,41,,,,,0
59864757,1.0,42,,,,,0
59864757,1.0,43,,,,,0
59864757,1.0,44,,,,,0
59864757,1.0,45,,,,,0
59864757,1.0,46,,,,,0
59864757,1.0,47,,,,,0
59864757,1.0,48,,,,,0
59864757,1.0,49,,,,,0
59864757,1.0,50,,,,,0
59864757,1.0,51,,,,,0
59864757,1.0,52,,,,,0
59864757,1.0,53,,,,,0
59864757,1.0,54,,,,,0
59864757,1.0,55,,,,,0
59864757,1.0,56,,,,,0
59864757,1.0,57,,,,,0
59864757,1.0,58,,,,,0
59864757,1.0,59,,,,,0
59864757,1.0,60,,,,,0
49546630,1.0,1,,,,,0
49546630,1.0,2,,,,,0
49546630,1.0,3,75100937,onsite,0.125,0.0,1
49546630,1.0,4,75100937,onsite,0.125,0.0,1
49546630,1.0,5,70360438,onsite,0.125,0.0,1
49546630,1.0,6,12449108,onsite,0.125,0.0,1
49546630,1.0,7,66217422,onsite,0.125,0.0,1
49546630,1.0,8,70360438,onsite,0.125,0.0,1
49546630,1.0,9,75100937,onsite,0.125,0.0,1
49546630,1.0,10,14256954,onsite,0.7501875468867217,0.0,1
49546630,1.0,11,66217422,onsite,0.125,0.0,1
49546630,1.0,12,66217422,onsite,0.125,0.0,1
49546630,1.0,13,93698223,onsite,0.7501875468867217,0.0,1
49546630,1.0,14,99526979,onsite,0.7501875468867217,0.0,1
49546630,1.0,15,20075564,onsite,0.125,0.0,1
49546630,1.0,16,20075564,onsite,0.125,0.0,1
49546630,1.0,17,91833791,onsite,0.7501875468867217,0.0,1
49546630,1.0,18,59493682,onsite,0.7501875468867217,0.0,1
49546630,1.0,19,57664984,onsite,0.7501875468867217,0.0,1
49546630,1.0,20,,,,,0
49546630,1.0,21,,,,,0
49546630,1.0,22,16536910,onsite,2.0,0.0,1
49546630,1.0,23,,,,,0
49546630,1.0,24,,,,,0
49546630,1.0,25,62221895,onsite,2.5,0.0,1
49546630,1.0,26,,,,,0
49546630,1.0,27,,,,,0
49546630,1.0,28,,,,,0
49546630,1.0,29,,,,,0
49546630,1.0,30,,,,,0
49546630,1.0,31,,,,,0
49546630,1.0,32,,,,,0
49546630,1.0,33,,,,,0
49546630,1.0,34,,,,,0
49546630,1.0,35,,,,,0
49546630,1.0,36,,,,,0
49546630,1.0,37,,,,,0
49546630,1.0,38,,,,,0
49546630,1.0,39,,,,,0
49546630,1.0,40,68714832,onsite,2.0,0.0,1
49546630,1.0,41,,,,,0
49546630,1.0,42,,,,,0
49546630,1.0,43,,,,,0
49546630,1.0,44,,,,,0
49546630,1.0,45,,,,,0
49546630,1.0,46,,,,,0
49546630,1.0,47,,,,,0
49546630,1.0,48,,,,,0
49546630,1.0,49,,,,,0
49546630,1.0,50,,,,,0
49546630,1.0,51,,,,,0
49546630,1.0,52,,,,,0
49546630,1.0,53,,,,,0
49546630,1.0,54,,,,,0
49546630,1.0,55,,,,,0
49546630,1.0,56,,,,,0
49546630,1.0,57,,,,,0
49546630,1.0,58,,,,,0
49546630,1.0,59,,,,,0
49546630,1.0,60,,,,,0
61295958,1.0,1,,,,,0
61295958,1.0,2,,,,,0
61295958,1.0,3,,,,,0
61295958,1.0,4,,,,,0
61295958,1.0,5,,,,,0
61295958,1.0,6,,,,,0
61295958,1.0,7,,,,,0
61295958,1.0,8,,,,,0
61295958,1.0,9,,,,,0
61295958,1.0,10,,,,,0
61295958,1.0,11,,,,,0
61295958,1.0,12,,,,,0
61295958,1.0,13,,,,,0
61295958,1.0,14,,,,,0
61295958,1.0,15,,,,,0
61295958,1.0,16,,,,,0
61295958,1.0,17,,,,,0
61295958,1.0,18,,,,,0
61295958,1.0,19,,,,,0
61295958,1.0,20,,,,,0
61295958,1.0,21,,,,,0
61295958,1.0,22,,,,,0
61295958,1.0,23,,,,,0
61295958,1.0,24,,,,,0
61295958,1.0,25,,,,,0
61295958,1.0,26,,,,,0
61295958,1.0,27,,,,,0
61295958,1.0,28,,,,,0
61295958,1.0,29,,,,,0
61295958,1.0,30,,,,,0
61295958,1.0,31,,,,,0
61295958,1.0,32,,,,,0
61295958,1.0,33,,,,,0
61295958,1.0,34,,,,,0
61295958,1.0,35,,,,,0
61295958,1.0,36,,,,,0
61295958,1.0,37,,,,,0
61295958,1.0,38,,,,,0
61295958,1.0,39,,,,,0
61295958,1.0,40,,,,,0
61295958,1.0,41,,,,,0
61295958,1.0,42,,,,,0
61295958,1.0,43,,,,,0
61295958,1.0,44,,,,,0
61295958,1.0,45,,,,,0
61295958,1.0,46,,,,,0
61295958,1.0,47,,,,,0
61295958,1.0,48,,,,,0
61295958,1.0,49,,,,,0
61295958,1.0,50,,,,,0
61295958,1.0,51,,,,,0
61295958,1.0,52,,,,,0
61295958,1.0,53,,,,,0
61295958,1.0,54,,,,,0
61295958,1.0,55,,,,,0
61295958,1.0,56,,,,,0
61295958,1.0,57,,,,,0
61295958,1.0,58,,,,,0
61295958,1.0,59,,,,,0
61295958,1.0,60,,,,,0
66066413,1.0,1,,,,,0
66066413,1.0,2,,,,,0
66066413,1.0,3,,,,,0
66066413,1.0,4,,,,,0
66066413,1.0,5,,,,,0
66066413,1.0,6,,,,,0
66066413,1.0,7,,,,,0
66066413,1.0,8,,,,,0
66066413,1.0,9,,,,,0
66066413,1.0,10,,,,,0
66066413,1.0,11,,,,,0
66066413,1.0,12,,,,,0
66066413,1.0,13,,,,,0
66066413,1.0,14,,,,,0
66066413,1.0,15,,,,,0
66066413,1.0,16,,,,,0
66066413,1.0,17,,,,,0
66066413,1.0,18,,,,,0
66066413,1.0,19,,,,,0
66066413,1.0,20,,,,,0
66066413,1.0,21,,,,,0
66066413,1.0,22,,,,,0
66066413,1.0,23,,,,,0
66066413,1.0,24,,,,,0
66066413,1.0,25,,,,,0
66066413,1.0,26,,,,,0
66066413,1.0,27,,,,,0
66066413,1.0,28,,,,,0
66066413,1.0,29,,,,,0
66066413,1.0,30,,,,,0
66066413,1.0,31,,,,,0
66066413,1.0,32,,,,,0
66066413,1.0,33,,,,,0
66066413,1.0,34,,,,,0
66066413,1.0,35,,,,,0
66066413,1.0,36,,,,,0
66066413,1.0,37,,,,,0
66066413,1.0,38,,,,,0
66066413,1.0,39,,,,,0
66066413,1.0,40,,,,,0
66066413,1.0,41,,,,,0
66066413,1.0,42,,,,,0
66066413,1.0,43,,,,,0
66066413,1.0,44,,,,,0
66066413,1.0,45,,,,,0
66066413,1.0,46,,,,,0
66066413,1.0,47,,,,,0
66066413,1.0,48,,,,,0
66066413,1.0,49,,,,,0
66066413,1.0,50,,,,,0
66066413,1.0,51,,,,,0
66066413,1.0,52,,,,,0
66066413,1.0,53,,,,,0
66066413,1.0,54,,,,,0
66066413,1.0,55,,,,,0
66066413,1.0,56,,,,,0
66066413,1.0,57,,,,,0
66066413,1.0,58,,,,,0
66066413,1.0,59,,,,,0
66066413,1.0,60,,,,,0
98557446,1.0,1,,,,,0
98557446,1.0,2,,,,,0
98557446,1.0,3,,,,,0
98557446,1.0,4,,,,,0
98557446,1.0,5,,,,,0
98557446,1.0,6,,,,,0
98557446,1.0,7,,,,,0
98557446,1.0,8,,,,,0
98557446,1.0,9,,,,,0
98557446,1.0,10,,,,,0
98557446,1.0,11,,,,,0
98557446,1.0,12,,,,,0
98557446,1.0,13,,,,,0
98557446,1.0,14,,,,,0
98557446,1.0,15,,,,,0
98557446,1.0,16,,,,,0
98557446,1.0,17,,,,,0
98557446,1.0,18,,,,,0
98557446,1.0,19,,,,,0
98557446,1.0,20,,,,,0
98557446,1.0,21,,,,,0
98557446,1.0,22,,,,,0
98557446,1.0,23,,,,,0
98557446,1.0,24,,,,,0
98557446,1.0,25,,,,,0
98557446,1.0,26,,,,,0
98557446,1.0,27,,,,,0
98557446,1.0,28,,,,,0
98557446,1.0,29,,,,,0
98557446,1.0,30,,,,,0
98557446,1.0,31,,,,,0
98557446,1.0,32,,,,,0
98557446,1.0,33,,,,,0
98557446,1.0,34,,,,,0
98557446,1.0,35,,,,,0
98557446,1.0,36,,,,,0
98557446,1.0,37,,,,,0
98557446,1.0,38,,,,,0
98557446,1.0,39,,,,,0
98557446,1.0,40,,,,,0
98557446,1.0,41,,,,,0
98557446,1.0,42,,,,,0
98557446,1.0,43,,,,,0
98557446,1.0,44,,,,,0
98557446,1.0,45,,,,,0
98557446,1.0,46,,,,,0
98557446,1.0,47,,,,,0
98557446,1.0,48,,,,,0
98557446,1.0,49,,,,,0
98557446,1.0,50,,,,,0
98557446,1.0,51,,,,,0
98557446,1.0,52,,,,,0
98557446,1.0,53,,,,,0
98557446,1.0,54,,,,,0
98557446,1.0,55,,,,,0
98557446,1.0,56,,,,,0
98557446,1.0,57,,,,,0
98557446,1.0,58,,,,,0
98557446,1.0,59,,,,,0
98557446,1.0,60,,,,,0
63083532,1.0,1,,,,,0
63083532,1.0,2,,,,,0
63083532,1.0,3,,,,,0
63083532,1.0,4,,,,,0
63083532,1.0,5,,,,,0
63083532,1.0,6,,,,,0
63083532,1.0,7,,,,,0
63083532,1.0,8,,,,,0
63083532,1.0,9,,,,,0
63083532,1.0,10,,,,,0
63083532,1.0,11,,,,,0
63083532,1.0,12,,,,,0
63083532,1.0,13,,,,,0
63083532,1.0,14,,,,,0
63083532,1.0,15,,,,,0
63083532,1.0,16,,,,,0
63083532,1.0,17,,,,,0
63083532,1.0,18,,,,,0
63083532,1.0,19,,,,,0
63083532,1.0,20,,,,,0
63083532,1.0,21,,,,,0
63083532,1.0,22,,,,,0
63083532,1.0,23,,,,,0
63083532,1.0,24,,,,,0
63083532,1.0,25,,,,,0
63083532,1.0,26,,,,,0
63083532,1.0,27,,,,,0
63083532,1.0,28,,,,,0
63083532,1.0,29,,,,,0
63083532,1.0,30,,,,,0
63083532,1.0,31,,,,,0
63083532,1.0,32,,,,,0
63083532,1.0,33,,,,,0
63083532,1.0,34,,,,,0
63083532,1.0,35,,,,,0
63083532,1.0,36,,,,,0
63083532,1.0,37,,,,,0
63083532,1.0,38,,,,,0
63083532,1.0,39,,,,,0
63083532,1.0,40,,,,,0
63083532,1.0,41,,,,,0
63083532,1.0,42,,,,,0
63083532,1.0,43,,,,,0
63083532,1.0,44,,,,,0
63083532,1.0,45,,,,,0
63083532,1.0,46,,,,,0
63083532,1.0,47,,,,,0
63083532,1.0,48,,,,,0
63083532,1.0,49,,,,,0
63083532,1.0,50,,,,,0
63083532,1.0,51,,,,,0
63083532,1.0,52,,,,,0
63083532,1.0,53,,,,,0
63083532,1.0,54,,,,,0
63083532,1.0,55,,,,,0
63083532,1.0,56,,,,,0
63083532,1.0,57,,,,,0
63083532,1.0,58,,,,,0
63083532,1.0,59,,,,,0
63083532,1.0,60,,,,,0
95040052,1.0,1,,,,,0
95040052,1.0,2,,,,,0
95040052,1.0,3,,,,,0
95040052,1.0,4,,,,,0
95040052,1.0,5,,,,,0
95040052,1.0,6,,,,,0
95040052,1.0,7,,,,,0
95040052,1.0,8,,,,,0
95040052,1.0,9,,,,,0
95040052,1.0,10,,,,,0
95040052,1.0,11,,,,,0
95040052,1.0,12,,,,,0
95040052,1.0,13,,,,,0
95040052,1.0,14,,,,,0
95040052,1.0,15,,,,,0
95040052,1.0,16,,,,,0
95040052,1.0,17,,,,,0
95040052,1.0,18,,,,,0
95040052,1.0,19,,,,,0
95040052,1.0,20,,,,,0
95040052,1.0,21,,,,,0
95040052,1.0,22,,,,,0
95040052,1.0,23,,,,,0
95040052,1.0,24,,,,,0
95040052,1.0,25,,,,,0
95040052,1.0,26,,,,,0
95040052,1.0,27,,,,,0
95040052,1.0,28,,,,,0
95040052,1.0,29,,,,,0
95040052,1.0,30,,,,,0
95040052,1.0,31,,,,,0
95040052,1.0,32,,,,,0
95040052,1.0,33,,,,,0
95040052,1.0,34,,,,,0
95040052,1.0,35,,,,,0
95040052,1.0,36,,,,,0
95040052,1.0,37,,,,,0
95040052,1.0,38,,,,,0
95040052,1.0,39,,,,,0
95040052,1.0,40,,,,,0
95040052,1.0,41,,,,,0
95040052,1.0,42,,,,,0
95040052,1.0,43,,,,,0
95040052,1.0,44,,,,,0
95040052,1.0,45,,,,,0
95040052,1.0,46,,,,,0
95040052,1.0,47,,,,,0
95040052,1.0,48,,,,,0
95040052,1.0,49,,,,,0
95040052,1.0,50,,,,,0
95040052,1.0,51,,,,,0
95040052,1.0,52,,,,,0
95040052,1.0,53,,,,,0
95040052,1.0,54,,,,,0
95040052,1.0,55,,,,,0
95040052,1.0,56,,,,,0
95040052,1.0,57,,,,,0
95040052,1.0,58,,,,,0
95040052,1.0,59,,,,,0
95040052,1.0,60,,,,,0
21091741,1.0,1,,,,,0
21091741,1.0,2,,,,,0
21091741,1.0,3,,,,,0
21091741,1.0,4,,,,,0
21091741,1.0,5,,,,,0
21091741,1.0,6,,,,,0
21091741,1.0,7,,,,,0
21091741,1.0,8,,,,,0
21091741,1.0,9,,,,,0
21091741,1.0,10,,,,,0
21091741,1.0,11,,,,,0
21091741,1.0,12,,,,,0
21091741,1.0,13,,,,,0
21091741,1.0,14,,,,,0
21091741,1.0,15,,,,,0
21091741,1.0,16,,,,,0
21091741,1.0,17,,,,,0
21091741,1.0,18,,,,,0
21091741,1.0,19,,,,,0
21091741,1.0,20,,,,,0
21091741,1.0,21,,,,,0
21091741,1.0,22,,,,,0
21091741,1.0,23,,,,,0
21091741,1.0,24,,,,,0
21091741,1.0,25,,,,,0
21091741,1.0,26,,,,,0
21091741,1.0,27,,,,,0
21091741,1.0,28,,,,,0
21091741,1.0,29,,,,,0
21091741,1.0,30,,,,,0
21091741,1.0,31,,,,,0
21091741,1.0,32,,,,,0
21091741,1.0,33,,,,,0
21091741,1.0,34,,,,,0
21091741,1.0,35,,,,,0
21091741,1.0,36,,,,,0
21091741,1.0,37,,,,,0
21091741,1.0,38,,,,,0
21091741,1.0,39,,,,,0
21091741,1.0,40,,,,,0
21091741,1.0,41,,,,,0
21091741,1.0,42,,,,,0
21091741,1.0,43,,,,,0
21091741,1.0,44,,,,,0
21091741,1.0,45,,,,,0
21091741,1.0,46,,,,,0
21091741,1.0,47,,,,,0
21091741,1.0,48,,,,,0
21091741,1.0,49,,,,,0
21091741,1.0,50,,,,,0
21091741,1.0,51,,,,,0
21091741,1.0,52,,,,,0
21091741,1.0,53,,,,,0
21091741,1.0,54,,,,,0
21091741,1.0,55,,,,,0
21091741,1.0,56,,,,,0
21091741,1.0,57,,,,,0
21091741,1.0,58,,,,,0
21091741,1.0,59,,,,,0
21091741,1.0,60,,,,,0
61927589,1.0,1,,,,,0
61927589,1.0,2,,,,,0
61927589,1.0,3,56835375,onsite,0.125,0.0,1
61927589,1.0,4,85876972,onsite,0.125,0.0,1
61927589,1.0,5,82473832,onsite,0.125,0.0,1
61927589,1.0,6,84730110,onsite,0.125,0.0,1
61927589,1.0,7,44564234,onsite,0.125,0.0,1
61927589,1.0,8,54794966,onsite,0.125,0.0,1
61927589,1.0,9,85876972,onsite,0.125,0.0,1
61927589,1.0,10,78257789,onsite,0.125,0.0,1
61927589,1.0,11,92471125,onsite,0.125,0.0,1
61927589,1.0,12,78257789,onsite,0.125,0.0,1
61927589,1.0,13,90137660,onsite,0.125,0.0,1
61927589,1.0,14,78405399,onsite,0.7501875468867217,0.0,1
61927589,1.0,15,84177662,onsite,0.125,0.0,1
61927589,1.0,16,94178133,onsite,0.7501875468867217,0.0,1
61927589,1.0,17,34500973,onsite,0.7501875468867217,0.0,1
61927589,1.0,18,75931096,onsite,0.7501875468867217,0.0,1
61927589,1.0,19,,,,,0
61927589,1.0,20,29524718,onsite,0.7501875468867217,0.0,1
61927589,1.0,21,80636212,onsite,0.7501875468867217,0.0,1
61927589,1.0,22,,,,,0
61927589,1.0,23,,,,,0
61927589,1.0,24,,,,,0
61927589,1.0,25,,,,,0
61927589,1.0,26,,,,,0
61927589,1.0,27,,,,,0
61927589,1.0,28,,,,,0
61927589,1.0,29,,,,,0
61927589,1.0,30,,,,,0
61927589,1.0,31,,,,,0
61927589,1.0,32,,,,,0
61927589,1.0,33,,,,,0
61927589,1.0,34,,,,,0
61927589,1.0,35,,,,,0
61927589,1.0,36,,,,,0
61927589,1.0,37,,,,,0
61927589,1.0,38,,,,,0
61927589,1.0,39,,,,,0
61927589,1.0,40,,,,,0
61927589,1.0,41,,,,,0
61927589,1.0,42,,,,,0
61927589,1.0,43,,,,,0
61927589,1.0,44,,,,,0
61927589,1.0,45,,,,,0
61927589,1.0,46,,,,,0
61927589,1.0,47,,,,,0
61927589,1.0,48,,,,,0
61927589,1.0,49,,,,,0
61927589,1.0,50,,,,,0
61927589,1.0,51,,,,,0
61927589,1.0,52,,,,,0
61927589,1.0,53,,,,,0
61927589,1.0,54,,,,,0
61927589,1.0,55,,,,,0
61927589,1.0,56,,,,,0
61927589,1.0,57,,,,,0
61927589,1.0,58,,,,,0
61927589,1.0,59,,,,,0
61927589,1.0,60,,,,,0
63997755,1.0,1,,,,,0
63997755,1.0,2,,,,,0
63997755,1.0,3,,,,,0
63997755,1.0,4,,,,,0
63997755,1.0,5,,,,,0
63997755,1.0,6,,,,,0
63997755,1.0,7,,,,,0
63997755,1.0,8,,,,,0
63997755,1.0,9,,,,,0
63997755,1.0,10,,,,,0
63997755,1.0,11,,,,,0
63997755,1.0,12,,,,,0
63997755,1.0,13,,,,,0
63997755,1.0,14,,,,,0
63997755,1.0,15,,,,,0
63997755,1.0,16,,,,,0
63997755,1.0,17,,,,,0
63997755,1.0,18,,,,,0
63997755,1.0,19,,,,,0
63997755,1.0,20,,,,,0
63997755,1.0,21,,,,,0
63997755,1.0,22,,,,,0
63997755,1.0,23,,,,,0
63997755,1.0,24,,,,,0
63997755,1.0,25,,,,,0
63997755,1.0,26,,,,,0
63997755,1.0,27,,,,,0
63997755,1.0,28,,,,,0
63997755,1.0,29,,,,,0
63997755,1.0,30,,,,,0
63997755,1.0,31,,,,,0
63997755,1.0,32,,,,,0
63997755,1.0,33,,,,,0
63997755,1.0,34,,,,,0
63997755,1.0,35,,,,,0
63997755,1.0,36,,,,,0
63997755,1.0,37,,,,,0
63997755,1.0,38,,,,,0
63997755,1.0,39,,,,,0
63997755,1.0,40,,,,,0
63997755,1.0,41,,,,,0
63997755,1.0,42,,,,,0
63997755,1.0,43,,,,,0
63997755,1.0,44,,,,,0
63997755,1.0,45,,,,,0
63997755,1.0,46,,,,,0
63997755,1.0,47,,,,,0
63997755,1.0,48,,,,,0
63997755,1.0,49,,,,,0
63997755,1.0,50,,,,,0
63997755,1.0,51,,,,,0
63997755,1.0,52,,,,,0
63997755,1.0,53,,,,,0
63997755,1.0,54,,,,,0
63997755,1.0,55,,,,,0
63997755,1.0,56,,,,,0
63997755,1.0,57,,,,,0
63997755,1.0,58,,,,,0
63997755,1.0,59,,,,,0
63997755,1.0,60,,,,,0
10925596,1.0,1,,,,,0
10925596,1.0,2,76058214,onsite,0.125,0.0,1
10925596,1.0,3,27360664,onsite,0.125,0.0,1
10925596,1.0,4,45819546,onsite,0.125,0.0,1
10925596,1.0,5,76058214,onsite,0.125,0.0,1
10925596,1.0,6,,,,,0
10925596,1.0,7,45819546,onsite,0.125,0.0,1
10925596,1.0,8,76058214,onsite,0.125,0.0,1
10925596,1.0,9,76058214,onsite,0.125,0.0,1
10925596,1.0,10,45819546,onsite,0.125,0.0,1
10925596,1.0,11,37428079,onsite,0.125,0.0,1
10925596,1.0,12,37428079,onsite,0.125,0.0,1
10925596,1.0,13,27360664,onsite,0.125,0.0,1
10925596,1.0,14,27360664,onsite,0.125,0.0,1
10925596,1.0,15,37428079,onsite,0.125,0.0,1
10925596,1.0,16,37428079,onsite,0.125,0.0,1
10925596,1.0,17,27360664,onsite,0.125,0.0,1
10925596,1.0,18,45819546,onsite,0.125,0.0,1
10925596,1.0,19,,,,,0
10925596,1.0,20,,,,,0
10925596,1.0,21,85163935,onsite,2.5,0.0,1
10925596,1.0,22,,,,,0
10925596,1.0,23,,,,,0
10925596,1.0,24,,,,,0
10925596,1.0,25,,,,,0
10925596,1.0,26,,,,,0
10925596,1.0,27,,,,,0
10925596,1.0,28,73439021,onsite,2.0,0.5,1
10925596,1.0,29,,,,,0
10925596,1.0,30,,,,,0
10925596,1.0,31,,,,,0
10925596,1.0,32,,,,,0
10925596,1.0,33,,,,,0
10925596,1.0,34,,,,,0
10925596,1.0,35,,,,,0
10925596,1.0,36,,,,,0
10925596,1.0,37,,,,,0
10925596,1.0,38,,,,,0
10925596,1.0,39,,,,,0
10925596,1.0,40,,,,,0
10925596,1.0,41,,,,,0
10925596,1.0,42,,,,,0
10925596,1.0,43,,,,,0
10925596,1.0,44,,,,,0
10925596,1.0,45,,,,,0
10925596,1.0,46,,,,,0
10925596,1.0,47,,,,,0
10925596,1.0,48,,,,,0
10925596,1.0,49,,,,,0
10925596,1.0,50,,,,,0
10925596,1.0,51,,,,,0
10925596,1.0,52,,,,,0
10925596,1.0,53,,,,,0
10925596,1.0,54,,,,,0
10925596,1.0,55,,,,,0
10925596,1.0,56,,,,,0
10925596,1.0,57,,,,,0
10925596,1.0,58,,,,,0
10925596,1.0,59,,,,,0
10925596,1.0,60,,,,,0
82540073,1.0,1,,,,,0
82540073,1.0,2,,,,,0
82540073,1.0,3,,,,,0
82540073,1.0,4,,,,,0
82540073,1.0,5,,,,,0
82540073,1.0,6,,,,,0
82540073,1.0,7,,,,,0
82540073,1.0,8,,,,,0
82540073,1.0,9,,,,,0
82540073,1.0,10,,,,,0
82540073,1.0,11,,,,,0
82540073,1.0,12,,,,,0
82540073,1.0,13,,,,,0
82540073,1.0,14,,,,,0
82540073,1.0,15,,,,,0
82540073,1.0,16,,,,,0
82540073,1.0,17,,,,,0
82540073,1.0,18,,,,,0
82540073,1.0,19,,,,,0
82540073,1.0,20,,,,,0
82540073,1.0,21,,,,,0
82540073,1.0,22,,,,,0
82540073,1.0,23,,,,,0
82540073,1.0,24,,,,,0
82540073,1.0,25,,,,,0
82540073,1.0,26,,,,,0
82540073,1.0,27,,,,,0
82540073,1.0,28,,,,,0
82540073,1.0,29,,,,,0
82540073,1.0,30,,,,,0
82540073,1.0,31,,,,,0
82540073,1.0,32,,,,,0
82540073,1.0,33,,,,,0
82540073,1.0,34,,,,,0
82540073,1.0,35,,,,,0
82540073,1.0,36,,,,,0
82540073,1.0,37,,,,,0
82540073,1.0,38,,,,,0
82540073,1.0,39,,,,,0
82540073,1.0,40,,,,,0
82540073,1.0,41,,,,,0
82540073,1.0,42,,,,,0
82540073,1.0,43,,,,,0
82540073,1.0,44,,,,,0
82540073,1.0,45,,,,,0
82540073,1.0,46,,,,,0
82540073,1.0,47,,,,,0
82540073,1.0,48,,,,,0
82540073,1.0,49,,,,,0
82540073,1.0,50,,,,,0
82540073,1.0,51,,,,,0
82540073,1.0,52,,,,,0
82540073,1.0,53,,,,,0
82540073,1.0,54,,,,,0
82540073,1.0,55,,,,,0
82540073,1.0,56,,,,,0
82540073,1.0,57,,,,,0
82540073,1.0,58,,,,,0
82540073,1.0,59,,,,,0
82540073,1.0,60,,,,,0
57019083,1.0,1,,,,,0
57019083,1.0,2,,,,,0
57019083,1.0,3,,,,,0
57019083,1.0,4,,,,,0
57019083,1.0,5,,,,,0
57019083,1.0,6,,,,,0
57019083,1.0,7,,,,,0
57019083,1.0,8,,,,,0
57019083,1.0,9,,,,,0
57019083,1.0,10,,,,,0
57019083,1.0,11,,,,,0
57019083,1.0,12,,,,,0
57019083,1.0,13,,,,,0
57019083,1.0,14,,,,,0
57019083,1.0,15,,,,,0
57019083,1.0,16,,,,,0
57019083,1.0,17,,,,,0
57019083,1.0,18,,,,,0
57019083,1.0,19,,,,,0
57019083,1.0,20,,,,,0
57019083,1.0,21,,,,,0
57019083,1.0,22,,,,,0
57019083,1.0,23,,,,,0
57019083,1.0,24,,,,,0
57019083,1.0,25,,,,,0
57019083,1.0,26,,,,,0
57019083,1.0,27,,,,,0
57019083,1.0,28,,,,,0
57019083,1.0,29,,,,,0
57019083,1.0,30,,,,,0
57019083,1.0,31,,,,,0
57019083,1.0,32,,,,,0
57019083,1.0,33,,,,,0
57019083,1.0,34,,,,,0
57019083,1.0,35,,,,,0
57019083,1.0,36,,,,,0
57019083,1.0,37,,,,,0
57019083,1.0,38,,,,,0
57019083,1.0,39,,,,,0
57019083,1.0,40,,,,,0
57019083,1.0,41,,,,,0
57019083,1.0,42,,,,,0
57019083,1.0,43,,,,,0
57019083,1.0,44,,,,,0
57019083,1.0,45,,,,,0
57019083,1.0,46,,,,,0
57019083,1.0,47,,,,,0
57019083,1.0,48,,,,,0
57019083,1.0,49,,,,,0
57019083,1.0,50,,,,,0
57019083,1.0,51,,,,,0
57019083,1.0,52,,,,,0
57019083,1.0,53,,,,,0
57019083,1.0,54,,,,,0
57019083,1.0,55,,,,,0
57019083,1.0,56,,,,,0
57019083,1.0,57,,,,,0
57019083,1.0,58,,,,,0
57019083,1.0,59,,,,,0
57019083,1.0,60,,,,,0
35331946,1.0,1,,,,,0
35331946,1.0,2,,,,,0
35331946,1.0,3,,,,,0
35331946,1.0,4,,,,,0
35331946,1.0,5,,,,,0
35331946,1.0,6,,,,,0
35331946,1.0,7,,,,,0
35331946,1.0,8,,,,,0
35331946,1.0,9,,,,,0
35331946,1.0,10,,,,,0
35331946,1.0,11,,,,,0
35331946,1.0,12,,,,,0
35331946,1.0,13,,,,,0
35331946,1.0,14,,,,,0
35331946,1.0,15,,,,,0
35331946,1.0,16,,,,,0
35331946,1.0,17,,,,,0
35331946,1.0,18,,,,,0
35331946,1.0,19,,,,,0
35331946,1.0,20,,,,,0
35331946,1.0,21,,,,,0
35331946,1.0,22,,,,,0
35331946,1.0,23,,,,,0
35331946,1.0,24,,,,,0
35331946,1.0,25,,,,,0
35331946,1.0,26,,,,,0
35331946,1.0,27,,,,,0
35331946,1.0,28,,,,,0
35331946,1.0,29,,,,,0
35331946,1.0,30,,,,,0
35331946,1.0,31,,,,,0
35331946,1.0,32,,,,,0
35331946,1.0,33,,,,,0
35331946,1.0,34,,,,,0
35331946,1.0,35,,,,,0
35331946,1.0,36,,,,,0
35331946,1.0,37,,,,,0
35331946,1.0,38,,,,,0
35331946,1.0,39,,,,,0
35331946,1.0,40,,,,,0
35331946,1.0,41,,,,,0
35331946,1.0,42,,,,,0
35331946,1.0,43,,,,,0
35331946,1.0,44,,,,,0
35331946,1.0,45,,,,,0
35331946,1.0,46,,,,,0
35331946,1.0,47,,,,,0
35331946,1.0,48,,,,,0
35331946,1.0,49,,,,,0
35331946,1.0,50,,,,,0
35331946,1.0,51,,,,,0
35331946,1.0,52,,,,,0
35331946,1.0,53,,,,,0
35331946,1.0,54,,,,,0
35331946,1.0,55,,,,,0
35331946,1.0,56,,,,,0
35331946,1.0,57,,,,,0
35331946,1.0,58,,,,,0
35331946,1.0,59,,,,,0
35331946,1.0,60,,,,,0
86945771,1.0,1,,,,,0
86945771,1.0,2,,,,,0
86945771,1.0,3,,,,,0
86945771,1.0,4,,,,,0
86945771,1.0,5,,,,,0
86945771,1.0,6,,,,,0
86945771,1.0,7,,,,,0
86945771,1.0,8,,,,,0
86945771,1.0,9,,,,,0
86945771,1.0,10,,,,,0
86945771,1.0,11,,,,,0
86945771,1.0,12,,,,,0
86945771,1.0,13,,,,,0
86945771,1.0,14,,,,,0
86945771,1.0,15,,,,,0
86945771,1.0,16,,,,,0
86945771,1.0,17,,,,,0
86945771,1.0,18,,,,,0
86945771,1.0,19,,,,,0
86945771,1.0,20,,,,,0
86945771,1.0,21,,,,,0
86945771,1.0,22,,,,,0
86945771,1.0,23,,,,,0
86945771,1.0,24,,,,,0
86945771,1.0,25,,,,,0
86945771,1.0,26,,,,,0
86945771,1.0,27,,,,,0
86945771,1.0,28,,,,,0
86945771,1.0,29,,,,,0
86945771,1.0,30,,,,,0
86945771,1.0,31,,,,,0
86945771,1.0,32,,,,,0
86945771,1.0,33,,,,,0
86945771,1.0,34,,,,,0
86945771,1.0,35,,,,,0
86945771,1.0,36,,,,,0
86945771,1.0,37,,,,,0
86945771,1.0,38,,,,,0
86945771,1.0,39,,,,,0
86945771,1.0,40,,,,,0
86945771,1.0,41,,,,,0
86945771,1.0,42,,,,,0
86945771,1.0,43,,,,,0
86945771,1.0,44,,,,,0
86945771,1.0,45,,,,,0
86945771,1.0,46,,,,,0
86945771,1.0,47,,,,,0
86945771,1.0,48,,,,,0
86945771,1.0,49,,,,,0
86945771,1.0,50,,,,,0
86945771,1.0,51,,,,,0
86945771,1.0,52,,,,,0
86945771,1.0,53,,,,,0
86945771,1.0,54,,,,,0
86945771,1.0,55,,,,,0
86945771,1.0,56,,,,,0
86945771,1.0,57,,,,,0
86945771,1.0,58,,,,,0
86945771,1.0,59,,,,,0
86945771,1.0,60,,,,,0
21373312,1.0,1,,,,,0
21373312,1.0,2,,,,,0
21373312,1.0,3,,,,,0
21373312,1.0,4,,,,,0
21373312,1.0,5,,,,,0
21373312,1.0,6,,,,,0
21373312,1.0,7,,,,,0
21373312,1.0,8,,,,,0
21373312,1.0,9,,,,,0
21373312,1.0,10,,,,,0
21373312,1.0,11,,,,,0
21373312,1.0,12,,,,,0
21373312,1.0,13,,,,,0
21373312,1.0,14,,,,,0
21373312,1.0,15,,,,,0
21373312,1.0,16,,,,,0
21373312,1.0,17,,,,,0
21373312,1.0,18,,,,,0
21373312,1.0,19,,,,,0
21373312,1.0,20,,,,,0
21373312,1.0,21,,,,,0
21373312,1.0,22,,,,,0
21373312,1.0,23,,,,,0
21373312,1.0,24,,,,,0
21373312,1.0,25,,,,,0
21373312,1.0,26,,,,,0
21373312,1.0,27,,,,,0
21373312,1.0,28,,,,,0
21373312,1.0,29,,,,,0
21373312,1.0,30,,,,,0
21373312,1.0,31,,,,,0
21373312,1.0,32,,,,,0
21373312,1.0,33,,,,,0
21373312,1.0,34,,,,,0
21373312,1.0,35,,,,,0
21373312,1.0,36,,,,,0
21373312,1.0,37,,,,,0
21373312,1.0,38,,,,,0
21373312,1.0,39,,,,,0
21373312,1.0,40,,,,,0
21373312,1.0,41,,,,,0
21373312,1.0,42,,,,,0
21373312,1.0,43,,,,,0
21373312,1.0,44,,,,,0
21373312,1.0,45,,,,,0
21373312,1.0,46,,,,,0
21373312,1.0,47,,,,,0
21373312,1.0,48,,,,,0
21373312,1.0,49,,,,,0
21373312,1.0,50,,,,,0
21373312,1.0,51,,,,,0
21373312,1.0,52,,,,,0
21373312,1.0,53,,,,,0
21373312,1.0,54,,,,,0
21373312,1.0,55,,,,,0
21373312,1.0,56,,,,,0
21373312,1.0,57,,,,,0
21373312,1.0,58,,,,,0
21373312,1.0,59,,,,,0
21373312,1.0,60,,,,,0
78072257,1.0,1,,,,,0
78072257,1.0,2,,,,,0
78072257,1.0,3,,,,,0
78072257,1.0,4,,,,,0
78072257,1.0,5,,,,,0
78072257,1.0,6,,,,,0
78072257,1.0,7,,,,,0
78072257,1.0,8,,,,,0
78072257,1.0,9,,,,,0
78072257,1.0,10,,,,,0
78072257,1.0,11,,,,,0
78072257,1.0,12,,,,,0
78072257,1.0,13,,,,,0
78072257,1.0,14,,,,,0
78072257,1.0,15,,,,,0
78072257,1.0,16,,,,,0
78072257,1.0,17,,,,,0
78072257,1.0,18,,,,,0
78072257,1.0,19,,,,,0
78072257,1.0,20,,,,,0
78072257,1.0,21,,,,,0
78072257,1.0,22,,,,,0
78072257,1.0,23,,,,,0
78072257,1.0,24,,,,,0
78072257,1.0,25,,,,,0
78072257,1.0,26,,,,,0
78072257,1.0,27,,,,,0
78072257,1.0,28,,,,,0
78072257,1.0,29,,,,,0
78072257,1.0,30,,,,,0
78072257,1.0,31,,,,,0
78072257,1.0,32,,,,,0
78072257,1.0,33,,,,,0
78072257,1.0,34,,,,,0
78072257,1.0,35,,,,,0
78072257,1.0,36,,,,,0
78072257,1.0,37,,,,,0
78072257,1.0,38,,,,,0
78072257,1.0,39,,,,,0
78072257,1.0,40,,,,,0
78072257,1.0,41,,,,,0
78072257,1.0,42,,,,,0
78072257,1.0,43,,,,,0
78072257,1.0,44,,,,,0
78072257,1.0,45,,,,,0
78072257,1.0,46,,,,,0
78072257,1.0,47,,,,,0
78072257,1.0,48,,,,,0
78072257,1.0,49,,,,,0
78072257,1.0,50,,,,,0
78072257,1.0,51,,,,,0
78072257,1.0,52,,,,,0
78072257,1.0,53,,,,,0
78072257,1.0,54,,,,,0
78072257,1.0,55,,,,,0
78072257,1.0,56,,,,,0
78072257,1.0,57,,,,,0
78072257,1.0,58,,,,,0
78072257,1.0,59,,,,,0
78072257,1.0,60,,,,,0
83844877,1.0,1,,,,,0
83844877,1.0,2,,,,,0
83844877,1.0,3,,,,,0
83844877,1.0,4,,,,,0
83844877,1.0,5,,,,,0
83844877,1.0,6,,,,,0
83844877,1.0,7,,,,,0
83844877,1.0,8,,,,,0
83844877,1.0,9,,,,,0
83844877,1.0,10,,,,,0
83844877,1.0,11,,,,,0
83844877,1.0,12,,,,,0
83844877,1.0,13,,,,,0
83844877,1.0,14,,,,,0
83844877,1.0,15,,,,,0
83844877,1.0,16,,,,,0
83844877,1.0,17,,,,,0
83844877,1.0,18,,,,,0
83844877,1.0,19,,,,,0
83844877,1.0,20,,,,,0
83844877,1.0,21,,,,,0
83844877,1.0,22,,,,,0
83844877,1.0,23,,,,,0
83844877,1.0,24,,,,,0
83844877,1.0,25,,,,,0
83844877,1.0,26,,,,,0
83844877,1.0,27,,,,,0
83844877,1.0,28,,,,,0
83844877,1.0,29,,,,,0
83844877,1.0,30,,,,,0
83844877,1.0,31,,,,,0
83844877,1.0,32,,,,,0
83844877,1.0,33,,,,,0
83844877,1.0,34,,,,,0
83844877,1.0,35,,,,,0
83844877,1.0,36,,,,,0
83844877,1.0,37,,,,,0
83844877,1.0,38,,,,,0
83844877,1.0,39,,,,,0
83844877,1.0,40,,,,,0
83844877,1.0,41,,,,,0
83844877,1.0,42,,,,,0
83844877,1.0,43,,,,,0
83844877,1.0,44,,,,,0
83844877,1.0,45,,,,,0
83844877,1.0,46,,,,,0
83844877,1.0,47,,,,,0
83844877,1.0,48,,,,,0
83844877,1.0,49,,,,,0
83844877,1.0,50,,,,,0
83844877,1.0,51,,,,,0
83844877,1.0,52,,,,,0
83844877,1.0,53,,,,,0
83844877,1.0,54,,,,,0
83844877,1.0,55,,,,,0
83844877,1.0,56,,,,,0
83844877,1.0,57,,,,,0
83844877,1.0,58,,,,,0
83844877,1.0,59,,,,,0
83844877,1.0,60,,,,,0
56815705,1.0,1,,,,,0
56815705,1.0,2,,,,,0
56815705,1.0,3,,,,,0
56815705,1.0,4,,,,,0
56815705,1.0,5,,,,,0
56815705,1.0,6,,,,,0
56815705,1.0,7,,,,,0
56815705,1.0,8,,,,,0
56815705,1.0,9,,,,,0
56815705,1.0,10,,,,,0
56815705,1.0,11,,,,,0
56815705,1.0,12,,,,,0
56815705,1.0,13,,,,,0
56815705,1.0,14,,,,,0
56815705,1.0,15,,,,,0
56815705,1.0,16,,,,,0
56815705,1.0,17,,,,,0
56815705,1.0,18,,,,,0
56815705,1.0,19,,,,,0
56815705,1.0,20,,,,,0
56815705,1.0,21,,,,,0
56815705,1.0,22,,,,,0
56815705,1.0,23,,,,,0
56815705,1.0,24,,,,,0
56815705,1.0,25,,,,,0
56815705,1.0,26,,,,,0
56815705,1.0,27,,,,,0
56815705,1.0,28,,,,,0
56815705,1.0,29,,,,,0
56815705,1.0,30,,,,,0
56815705,1.0,31,,,,,0
56815705,1.0,32,,,,,0
56815705,1.0,33,,,,,0
56815705,1.0,34,,,,,0
56815705,1.0,35,,,,,0
56815705,1.0,36,,,,,0
56815705,1.0,37,,,,,0
56815705,1.0,38,,,,,0
56815705,1.0,39,,,,,0
56815705,1.0,40,,,,,0
56815705,1.0,41,,,,,0
56815705,1.0,42,,,,,0
56815705,1.0,43,,,,,0
56815705,1.0,44,,,,,0
56815705,1.0,45,,,,,0
56815705,1.0,46,,,,,0
56815705,1.0,47,,,,,0
56815705,1.0,48,,,,,0
56815705,1.0,49,,,,,0
56815705,1.0,50,,,,,0
56815705,1.0,51,,,,,0
56815705,1.0,52,,,,,0
56815705,1.0,53,,,,,0
56815705,1.0,54,,,,,0
56815705,1.0,55,,,,,0
56815705,1.0,56,,,,,0
56815705,1.0,57,,,,,0
56815705,1.0,58,,,,,0
56815705,1.0,59,,,,,0
56815705,1.0,60,,,,,0
77703494,1.0,1,,,,,0
77703494,1.0,2,,,,,0
77703494,1.0,3,,,,,0
77703494,1.0,4,,,,,0
77703494,1.0,5,,,,,0
77703494,1.0,6,,,,,0
77703494,1.0,7,,,,,0
77703494,1.0,8,,,,,0
77703494,1.0,9,,,,,0
77703494,1.0,10,,,,,0
77703494,1.0,11,,,,,0
77703494,1.0,12,,,,,0
77703494,1.0,13,,,,,0
77703494,1.0,14,,,,,0
77703494,1.0,15,,,,,0
77703494,1.0,16,,,,,0
77703494,1.0,17,,,,,0
77703494,1.0,18,,,,,0
77703494,1.0,19,,,,,0
77703494,1.0,20,,,,,0
77703494,1.0,21,,,,,0
77703494,1.0,22,,,,,0
77703494,1.0,23,,,,,0
77703494,1.0,24,,,,,0
77703494,1.0,25,,,,,0
77703494,1.0,26,,,,,0
77703494,1.0,27,,,,,0
77703494,1.0,28,,,,,0
77703494,1.0,29,,,,,0
77703494,1.0,30,,,,,0
77703494,1.0,31,,,,,0
77703494,1.0,32,,,,,0
77703494,1.0,33,,,,,0
77703494,1.0,34,,,,,0
77703494,1.0,35,,,,,0
77703494,1.0,36,,,,,0
77703494,1.0,37,,,,,0
77703494,1.0,38,,,,,0
77703494,1.0,39,,,,,0
77703494,1.0,40,,,,,0
77703494,1.0,41,,,,,0
77703494,1.0,42,,,,,0
77703494,1.0,43,,,,,0
77703494,1.0,44,,,,,0
77703494,1.0,45,,,,,0
77703494,1.0,46,,,,,0
77703494,1.0,47,,,,,0
77703494,1.0,48,,,,,0
77703494,1.0,49,,,,,0
77703494,1.0,50,,,,,0
77703494,1.0,51,,,,,0
77703494,1.0,52,,,,,0
77703494,1.0,53,,,,,0
77703494,1.0,54,,,,,0
77703494,1.0,55,,,,,0
77703494,1.0,56,,,,,0
77703494,1.0,57,,,,,0
77703494,1.0,58,,,,,0
77703494,1.0,59,,,,,0
77703494,1.0,60,,,,,0
15922412,1.0,1,,,,,0
15922412,1.0,2,,,,,0
15922412,1.0,3,64404919,onsite,0.125,0.0,1
15922412,1.0,4,64404919,onsite,0.125,0.0,1
15922412,1.0,5,,,,,0
15922412,1.0,6,,,,,0
15922412,1.0,7,,,,,0
15922412,1.0,8,64404919,onsite,0.125,0.0,1
15922412,1.0,9,64404919,onsite,0.125,0.0,1
15922412,1.0,10,64404919,onsite,0.125,0.0,1
15922412,1.0,11,,,,,0
15922412,1.0,12,,,,,0
15922412,1.0,13,64404919,onsite,0.125,0.0,1
15922412,1.0,14,,,,,0
15922412,1.0,15,,,,,0
15922412,1.0,16,64404919,onsite,0.125,0.0,1
15922412,1.0,17,64404919,onsite,0.125,0.0,1
15922412,1.0,18,,,,,0
15922412,1.0,19,49689566,onsite,0.3999999999999999,1.6,1
15922412,1.0,20,92065055,onsite,0.125,0.0,1
15922412,1.0,21,92065055,onsite,0.125,0.0,1
15922412,1.0,22,49689566,onsite,0.3999999999999999,1.6,1
15922412,1.0,23,26054055,online,2.0,0.0,1
15922412,1.0,24,49689566,onsite,0.3999999999999999,1.6,1
15922412,1.0,25,92065055,onsite,0.125,0.0,1
15922412,1.0,26,,,,,0
15922412,1.0,27,92065055,onsite,0.125,0.0,1
15922412,1.0,28,54515224,online,2.0,0.0,1
15922412,1.0,29,92065055,onsite,0.125,0.0,1
15922412,1.0,30,92065055,onsite,0.125,0.0,1
15922412,1.0,31,92065055,onsite,0.125,0.0,1
15922412,1.0,32,,,,,0
15922412,1.0,33,92065055,onsite,0.125,0.0,1
15922412,1.0,34,,,,,0
15922412,1.0,35,,,,,0
15922412,1.0,36,,,,,0
15922412,1.0,37,,,,,0
15922412,1.0,38,,,,,0
15922412,1.0,39,,,,,0
15922412,1.0,40,,,,,0
15922412,1.0,41,,,,,0
15922412,1.0,42,,,,,0
15922412,1.0,43,,,,,0
15922412,1.0,44,,,,,0
15922412,1.0,45,,,,,0
15922412,1.0,46,,,,,0
15922412,1.0,47,,,,,0
15922412,1.0,48,,,,,0
15922412,1.0,49,,,,,0
15922412,1.0,50,,,,,0
15922412,1.0,51,,,,,0
15922412,1.0,52,,,,,0
15922412,1.0,53,,,,,0
15922412,1.0,54,,,,,0
15922412,1.0,55,,,,,0
15922412,1.0,56,,,,,0
15922412,1.0,57,,,,,0
15922412,1.0,58,,,,,0
15922412,1.0,59,,,,,0
15922412,1.0,60,,,,,0
26125212,1.0,1,,,,,0
26125212,1.0,2,,,,,0
26125212,1.0,3,,,,,0
26125212,1.0,4,,,,,0
26125212,1.0,5,,,,,0
26125212,1.0,6,,,,,0
26125212,1.0,7,,,,,0
26125212,1.0,8,,,,,0
26125212,1.0,9,,,,,0
26125212,1.0,10,,,,,0
26125212,1.0,11,,,,,0
26125212,1.0,12,,,,,0
26125212,1.0,13,,,,,0
26125212,1.0,14,,,,,0
26125212,1.0,15,,,,,0
26125212,1.0,16,,,,,0
26125212,1.0,17,,,,,0
26125212,1.0,18,,,,,0
26125212,1.0,19,,,,,0
26125212,1.0,20,,,,,0
26125212,1.0,21,,,,,0
26125212,1.0,22,,,,,0
26125212,1.0,23,,,,,0
26125212,1.0,24,,,,,0
26125212,1.0,25,,,,,0
26125212,1.0,26,,,,,0
26125212,1.0,27,,,,,0
26125212,1.0,28,,,,,0
26125212,1.0,29,,,,,0
26125212,1.0,30,,,,,0
26125212,1.0,31,,,,,0
26125212,1.0,32,,,,,0
26125212,1.0,33,,,,,0
26125212,1.0,34,,,,,0
26125212,1.0,35,,,,,0
26125212,1.0,36,,,,,0
26125212,1.0,37,,,,,0
26125212,1.0,38,,,,,0
26125212,1.0,39,,,,,0
26125212,1.0,40,,,,,0
26125212,1.0,41,,,,,0
26125212,1.0,42,,,,,0
26125212,1.0,43,,,,,0
26125212,1.0,44,,,,,0
26125212,1.0,45,,,,,0
26125212,1.0,46,,,,,0
26125212,1.0,47,,,,,0
26125212,1.0,48,,,,,0
26125212,1.0,49,,,,,0
26125212,1.0,50,,,,,0
26125212,1.0,51,,,,,0
26125212,1.0,52,,,,,0
26125212,1.0,53,,,,,0
26125212,1.0,54,,,,,0
26125212,1.0,55,,,,,0
26125212,1.0,56,,,,,0
26125212,1.0,57,,,,,0
26125212,1.0,58,,,,,0
26125212,1.0,59,,,,,0
26125212,1.0,60,,,,,0
65278243,1.0,1,,,,,0
65278243,1.0,2,,,,,0
65278243,1.0,3,,,,,0
65278243,1.0,4,,,,,0
65278243,1.0,5,,,,,0
65278243,1.0,6,,,,,0
65278243,1.0,7,,,,,0
65278243,1.0,8,,,,,0
65278243,1.0,9,,,,,0
65278243,1.0,10,,,,,0
65278243,1.0,11,,,,,0
65278243,1.0,12,,,,,0
65278243,1.0,13,,,,,0
65278243,1.0,14,,,,,0
65278243,1.0,15,,,,,0
65278243,1.0,16,,,,,0
65278243,1.0,17,,,,,0
65278243,1.0,18,,,,,0
65278243,1.0,19,,,,,0
65278243,1.0,20,,,,,0
65278243,1.0,21,,,,,0
65278243,1.0,22,,,,,0
65278243,1.0,23,,,,,0
65278243,1.0,24,,,,,0
65278243,1.0,25,,,,,0
65278243,1.0,26,,,,,0
65278243,1.0,27,,,,,0
65278243,1.0,28,,,,,0
65278243,1.0,29,,,,,0
65278243,1.0,30,,,,,0
65278243,1.0,31,,,,,0
65278243,1.0,32,,,,,0
65278243,1.0,33,,,,,0
65278243,1.0,34,,,,,0
65278243,1.0,35,,,,,0
65278243,1.0,36,,,,,0
65278243,1.0,37,,,,,0
65278243,1.0,38,,,,,0
65278243,1.0,39,,,,,0
65278243,1.0,40,,,,,0
65278243,1.0,41,,,,,0
65278243,1.0,42,,,,,0
65278243,1.0,43,,,,,0
65278243,1.0,44,,,,,0
65278243,1.0,45,,,,,0
65278243,1.0,46,,,,,0
65278243,1.0,47,,,,,0
65278243,1.0,48,,,,,0
65278243,1.0,49,,,,,0
65278243,1.0,50,,,,,0
65278243,1.0,51,,,,,0
65278243,1.0,52,,,,,0
65278243,1.0,53,,,,,0
65278243,1.0,54,,,,,0
65278243,1.0,55,,,,,0
65278243,1.0,56,,,,,0
65278243,1.0,57,,,,,0
65278243,1.0,58,,,,,0
65278243,1.0,59,,,,,0
65278243,1.0,60,,,,,0
60018311,1.0,1,,,,,0
60018311,1.0,2,,,,,0
60018311,1.0,3,,,,,0
60018311,1.0,4,,,,,0
60018311,1.0,5,,,,,0
60018311,1.0,6,,,,,0
60018311,1.0,7,,,,,0
60018311,1.0,8,,,,,0
60018311,1.0,9,,,,,0
60018311,1.0,10,,,,,0
60018311,1.0,11,,,,,0
60018311,1.0,12,,,,,0
60018311,1.0,13,,,,,0
60018311,1.0,14,,,,,0
60018311,1.0,15,,,,,0
60018311,1.0,16,,,,,0
60018311,1.0,17,,,,,0
60018311,1.0,18,,,,,0
60018311,1.0,19,,,,,0
60018311,1.0,20,,,,,0
60018311,1.0,21,,,,,0
60018311,1.0,22,,,,,0
60018311,1.0,23,,,,,0
60018311,1.0,24,,,,,0
60018311,1.0,25,,,,,0
60018311,1.0,26,,,,,0
60018311,1.0,27,,,,,0
60018311,1.0,28,,,,,0
60018311,1.0,29,,,,,0
60018311,1.0,30,,,,,0
60018311,1.0,31,,,,,0
60018311,1.0,32,,,,,0
60018311,1.0,33,,,,,0
60018311,1.0,34,,,,,0
60018311,1.0,35,,,,,0
60018311,1.0,36,,,,,0
60018311,1.0,37,,,,,0
60018311,1.0,38,,,,,0
60018311,1.0,39,,,,,0
60018311,1.0,40,,,,,0
60018311,1.0,41,,,,,0
60018311,1.0,42,,,,,0
60018311,1.0,43,,,,,0
60018311,1.0,44,,,,,0
60018311,1.0,45,,,,,0
60018311,1.0,46,,,,,0
60018311,1.0,47,,,,,0
60018311,1.0,48,,,,,0
60018311,1.0,49,,,,,0
60018311,1.0,50,,,,,0
60018311,1.0,51,,,,,0
60018311,1.0,52,,,,,0
60018311,1.0,53,,,,,0
60018311,1.0,54,,,,,0
60018311,1.0,55,,,,,0
60018311,1.0,56,,,,,0
60018311,1.0,57,,,,,0
60018311,1.0,58,,,,,0
60018311,1.0,59,,,,,0
60018311,1.0,60,,,,,0
48243991,1.0,1,,,,,0
48243991,1.0,2,,,,,0
48243991,1.0,3,,,,,0
48243991,1.0,4,,,,,0
48243991,1.0,5,,,,,0
48243991,1.0,6,,,,,0
48243991,1.0,7,,,,,0
48243991,1.0,8,,,,,0
48243991,1.0,9,,,,,0
48243991,1.0,10,,,,,0
48243991,1.0,11,,,,,0
48243991,1.0,12,,,,,0
48243991,1.0,13,,,,,0
48243991,1.0,14,,,,,0
48243991,1.0,15,,,,,0
48243991,1.0,16,,,,,0
48243991,1.0,17,,,,,0
48243991,1.0,18,,,,,0
48243991,1.0,19,,,,,0
48243991,1.0,20,,,,,0
48243991,1.0,21,,,,,0
48243991,1.0,22,,,,,0
48243991,1.0,23,,,,,0
48243991,1.0,24,,,,,0
48243991,1.0,25,,,,,0
48243991,1.0,26,,,,,0
48243991,1.0,27,,,,,0
48243991,1.0,28,,,,,0
48243991,1.0,29,,,,,0
48243991,1.0,30,,,,,0
48243991,1.0,31,,,,,0
48243991,1.0,32,,,,,0
48243991,1.0,33,,,,,0
48243991,1.0,34,,,,,0
48243991,1.0,35,,,,,0
48243991,1.0,36,,,,,0
48243991,1.0,37,,,,,0
48243991,1.0,38,,,,,0
48243991,1.0,39,,,,,0
48243991,1.0,40,,,,,0
48243991,1.0,41,,,,,0
48243991,1.0,42,,,,,0
48243991,1.0,43,,,,,0
48243991,1.0,44,,,,,0
48243991,1.0,45,,,,,0
48243991,1.0,46,,,,,0
48243991,1.0,47,,,,,0
48243991,1.0,48,,,,,0
48243991,1.0,49,,,,,0
48243991,1.0,50,,,,,0
48243991,1.0,51,,,,,0
48243991,1.0,52,,,,,0
48243991,1.0,53,,,,,0
48243991,1.0,54,,,,,0
48243991,1.0,55,,,,,0
48243991,1.0,56,,,,,0
48243991,1.0,57,,,,,0
48243991,1.0,58,,,,,0
48243991,1.0,59,,,,,0
48243991,1.0,60,,,,,0
58660391,1.0,1,,,,,0
58660391,1.0,2,,,,,0
58660391,1.0,3,,,,,0
58660391,1.0,4,,,,,0
58660391,1.0,5,,,,,0
58660391,1.0,6,,,,,0
58660391,1.0,7,,,,,0
58660391,1.0,8,,,,,0
58660391,1.0,9,,,,,0
58660391,1.0,10,,,,,0
58660391,1.0,11,,,,,0
58660391,1.0,12,,,,,0
58660391,1.0,13,,,,,0
58660391,1.0,14,,,,,0
58660391,1.0,15,,,,,0
58660391,1.0,16,,,,,0
58660391,1.0,17,,,,,0
58660391,1.0,18,,,,,0
58660391,1.0,19,,,,,0
58660391,1.0,20,,,,,0
58660391,1.0,21,,,,,0
58660391,1.0,22,,,,,0
58660391,1.0,23,,,,,0
58660391,1.0,24,,,,,0
58660391,1.0,25,,,,,0
58660391,1.0,26,,,,,0
58660391,1.0,27,,,,,0
58660391,1.0,28,,,,,0
58660391,1.0,29,,,,,0
58660391,1.0,30,,,,,0
58660391,1.0,31,,,,,0
58660391,1.0,32,,,,,0
58660391,1.0,33,,,,,0
58660391,1.0,34,,,,,0
58660391,1.0,35,,,,,0
58660391,1.0,36,,,,,0
58660391,1.0,37,,,,,0
58660391,1.0,38,,,,,0
58660391,1.0,39,,,,,0
58660391,1.0,40,,,,,0
58660391,1.0,41,,,,,0
58660391,1.0,42,,,,,0
58660391,1.0,43,,,,,0
58660391,1.0,44,,,,,0
58660391,1.0,45,,,,,0
58660391,1.0,46,,,,,0
58660391,1.0,47,,,,,0
58660391,1.0,48,,,,,0
58660391,1.0,49,,,,,0
58660391,1.0,50,,,,,0
58660391,1.0,51,,,,,0
58660391,1.0,52,,,,,0
58660391,1.0,53,,,,,0
58660391,1.0,54,,,,,0
58660391,1.0,55,,,,,0
58660391,1.0,56,,,,,0
58660391,1.0,57,,,,,0
58660391,1.0,58,,,,,0
58660391,1.0,59,,,,,0
58660391,1.0,60,,,,,0
24543762,1.0,1,,,,,0
24543762,1.0,2,,,,,0
24543762,1.0,3,,,,,0
24543762,1.0,4,,,,,0
24543762,1.0,5,,,,,0
24543762,1.0,6,,,,,0
24543762,1.0,7,,,,,0
24543762,1.0,8,,,,,0
24543762,1.0,9,,,,,0
24543762,1.0,10,,,,,0
24543762,1.0,11,,,,,0
24543762,1.0,12,,,,,0
24543762,1.0,13,,,,,0
24543762,1.0,14,,,,,0
24543762,1.0,15,,,,,0
24543762,1.0,16,,,,,0
24543762,1.0,17,,,,,0
24543762,1.0,18,,,,,0
24543762,1.0,19,,,,,0
24543762,1.0,20,,,,,0
24543762,1.0,21,,,,,0
24543762,1.0,22,,,,,0
24543762,1.0,23,,,,,0
24543762,1.0,24,,,,,0
24543762,1.0,25,,,,,0
24543762,1.0,26,,,,,0
24543762,1.0,27,,,,,0
24543762,1.0,28,,,,,0
24543762,1.0,29,,,,,0
24543762,1.0,30,,,,,0
24543762,1.0,31,,,,,0
24543762,1.0,32,,,,,0
24543762,1.0,33,,,,,0
24543762,1.0,34,,,,,0
24543762,1.0,35,,,,,0
24543762,1.0,36,,,,,0
24543762,1.0,37,,,,,0
24543762,1.0,38,,,,,0
24543762,1.0,39,,,,,0
24543762,1.0,40,,,,,0
24543762,1.0,41,,,,,0
24543762,1.0,42,,,,,0
24543762,1.0,43,,,,,0
24543762,1.0,44,,,,,0
24543762,1.0,45,,,,,0
24543762,1.0,46,,,,,0
24543762,1.0,47,,,,,0
24543762,1.0,48,,,,,0
24543762,1.0,49,,,,,0
24543762,1.0,50,,,,,0
24543762,1.0,51,,,,,0
24543762,1.0,52,,,,,0
24543762,1.0,53,,,,,0
24543762,1.0,54,,,,,0
24543762,1.0,55,,,,,0
24543762,1.0,56,,,,,0
24543762,1.0,57,,,,,0
24543762,1.0,58,,,,,0
24543762,1.0,59,,,,,0
24543762,1.0,60,,,,,0
17815051,1.0,1,,,,,0
17815051,1.0,2,,,,,0
17815051,1.0,3,,,,,0
17815051,1.0,4,,,,,0
17815051,1.0,5,,,,,0
17815051,1.0,6,,,,,0
17815051,1.0,7,,,,,0
17815051,1.0,8,,,,,0
17815051,1.0,9,,,,,0
17815051,1.0,10,,,,,0
17815051,1.0,11,,,,,0
17815051,1.0,12,,,,,0
17815051,1.0,13,,,,,0
17815051,1.0,14,,,,,0
17815051,1.0,15,,,,,0
17815051,1.0,16,,,,,0
17815051,1.0,17,,,,,0
17815051,1.0,18,,,,,0
17815051,1.0,19,,,,,0
17815051,1.0,20,,,,,0
17815051,1.0,21,,,,,0
17815051,1.0,22,,,,,0
17815051,1.0,23,,,,,0
17815051,1.0,24,,,,,0
17815051,1.0,25,,,,,0
17815051,1.0,26,,,,,0
17815051,1.0,27,,,,,0
17815051,1.0,28,,,,,0
17815051,1.0,29,,,,,0
17815051,1.0,30,,,,,0
17815051,1.0,31,,,,,0
17815051,1.0,32,,,,,0
17815051,1.0,33,,,,,0
17815051,1.0,34,,,,,0
17815051,1.0,35,,,,,0
17815051,1.0,36,,,,,0
17815051,1.0,37,,,,,0
17815051,1.0,38,,,,,0
17815051,1.0,39,,,,,0
17815051,1.0,40,,,,,0
17815051,1.0,41,,,,,0
17815051,1.0,42,,,,,0
17815051,1.0,43,,,,,0
17815051,1.0,44,,,,,0
17815051,1.0,45,,,,,0
17815051,1.0,46,,,,,0
17815051,1.0,47,,,,,0
17815051,1.0,48,,,,,0
17815051,1.0,49,,,,,0
17815051,1.0,50,,,,,0
17815051,1.0,51,,,,,0
17815051,1.0,52,,,,,0
17815051,1.0,53,,,,,0
17815051,1.0,54,,,,,0
17815051,1.0,55,,,,,0
17815051,1.0,56,,,,,0
17815051,1.0,57,,,,,0
17815051,1.0,58,,,,,0
17815051,1.0,59,,,,,0
17815051,1.0,60,,,,,0
37231811,1.0,1,,,,,0
37231811,1.0,2,,,,,0
37231811,1.0,3,,,,,0
37231811,1.0,4,,,,,0
37231811,1.0,5,,,,,0
37231811,1.0,6,,,,,0
37231811,1.0,7,,,,,0
37231811,1.0,8,,,,,0
37231811,1.0,9,,,,,0
37231811,1.0,10,,,,,0
37231811,1.0,11,,,,,0
37231811,1.0,12,,,,,0
37231811,1.0,13,,,,,0
37231811,1.0,14,,,,,0
37231811,1.0,15,,,,,0
37231811,1.0,16,,,,,0
37231811,1.0,17,,,,,0
37231811,1.0,18,,,,,0
37231811,1.0,19,,,,,0
37231811,1.0,20,,,,,0
37231811,1.0,21,,,,,0
37231811,1.0,22,,,,,0
37231811,1.0,23,,,,,0
37231811,1.0,24,,,,,0
37231811,1.0,25,,,,,0
37231811,1.0,26,,,,,0
37231811,1.0,27,,,,,0
37231811,1.0,28,,,,,0
37231811,1.0,29,,,,,0
37231811,1.0,30,,,,,0
37231811,1.0,31,,,,,0
37231811,1.0,32,,,,,0
37231811,1.0,33,,,,,0
37231811,1.0,34,,,,,0
37231811,1.0,35,,,,,0
37231811,1.0,36,,,,,0
37231811,1.0,37,,,,,0
37231811,1.0,38,,,,,0
37231811,1.0,39,,,,,0
37231811,1.0,40,,,,,0
37231811,1.0,41,,,,,0
37231811,1.0,42,,,,,0
37231811,1.0,43,,,,,0
37231811,1.0,44,,,,,0
37231811,1.0,45,,,,,0
37231811,1.0,46,,,,,0
37231811,1.0,47,,,,,0
37231811,1.0,48,,,,,0
37231811,1.0,49,,,,,0
37231811,1.0,50,,,,,0
37231811,1.0,51,,,,,0
37231811,1.0,52,,,,,0
37231811,1.0,53,,,,,0
37231811,1.0,54,,,,,0
37231811,1.0,55,,,,,0
37231811,1.0,56,,,,,0
37231811,1.0,57,,,,,0
37231811,1.0,58,,,,,0
37231811,1.0,59,,,,,0
37231811,1.0,60,,,,,0
49014630,1.0,1,,,,,0
49014630,1.0,2,,,,,0
49014630,1.0,3,,,,,0
49014630,1.0,4,,,,,0
49014630,1.0,5,,,,,0
49014630,1.0,6,,,,,0
49014630,1.0,7,,,,,0
49014630,1.0,8,,,,,0
49014630,1.0,9,,,,,0
49014630,1.0,10,,,,,0
49014630,1.0,11,,,,,0
49014630,1.0,12,,,,,0
49014630,1.0,13,,,,,0
49014630,1.0,14,,,,,0
49014630,1.0,15,,,,,0
49014630,1.0,16,,,,,0
49014630,1.0,17,,,,,0
49014630,1.0,18,,,,,0
49014630,1.0,19,,,,,0
49014630,1.0,20,,,,,0
49014630,1.0,21,,,,,0
49014630,1.0,22,,,,,0
49014630,1.0,23,,,,,0
49014630,1.0,24,,,,,0
49014630,1.0,25,,,,,0
49014630,1.0,26,,,,,0
49014630,1.0,27,,,,,0
49014630,1.0,28,,,,,0
49014630,1.0,29,,,,,0
49014630,1.0,30,,,,,0
49014630,1.0,31,,,,,0
49014630,1.0,32,,,,,0
49014630,1.0,33,,,,,0
49014630,1.0,34,,,,,0
49014630,1.0,35,,,,,0
49014630,1.0,36,,,,,0
49014630,1.0,37,,,,,0
49014630,1.0,38,,,,,0
49014630,1.0,39,,,,,0
49014630,1.0,40,,,,,0
49014630,1.0,41,,,,,0
49014630,1.0,42,,,,,0
49014630,1.0,43,,,,,0
49014630,1.0,44,,,,,0
49014630,1.0,45,,,,,0
49014630,1.0,46,,,,,0
49014630,1.0,47,,,,,0
49014630,1.0,48,,,,,0
49014630,1.0,49,,,,,0
49014630,1.0,50,,,,,0
49014630,1.0,51,,,,,0
49014630,1.0,52,,,,,0
49014630,1.0,53,,,,,0
49014630,1.0,54,,,,,0
49014630,1.0,55,,,,,0
49014630,1.0,56,,,,,0
49014630,1.0,57,,,,,0
49014630,1.0,58,,,,,0
49014630,1.0,59,,,,,0
49014630,1.0,60,,,,,0
98667729,1.0,1,,,,,0
98667729,1.0,2,,,,,0
98667729,1.0,3,,,,,0
98667729,1.0,4,,,,,0
98667729,1.0,5,,,,,0
98667729,1.0,6,,,,,0
98667729,1.0,7,,,,,0
98667729,1.0,8,,,,,0
98667729,1.0,9,,,,,0
98667729,1.0,10,,,,,0
98667729,1.0,11,,,,,0
98667729,1.0,12,,,,,0
98667729,1.0,13,,,,,0
98667729,1.0,14,,,,,0
98667729,1.0,15,,,,,0
98667729,1.0,16,,,,,0
98667729,1.0,17,,,,,0
98667729,1.0,18,,,,,0
98667729,1.0,19,,,,,0
98667729,1.0,20,,,,,0
98667729,1.0,21,,,,,0
98667729,1.0,22,,,,,0
98667729,1.0,23,,,,,0
98667729,1.0,24,,,,,0
98667729,1.0,25,,,,,0
98667729,1.0,26,,,,,0
98667729,1.0,27,,,,,0
98667729,1.0,28,,,,,0
98667729,1.0,29,,,,,0
98667729,1.0,30,,,,,0
98667729,1.0,31,,,,,0
98667729,1.0,32,,,,,0
98667729,1.0,33,,,,,0
98667729,1.0,34,,,,,0
98667729,1.0,35,,,,,0
98667729,1.0,36,,,,,0
98667729,1.0,37,,,,,0
98667729,1.0,38,,,,,0
98667729,1.0,39,,,,,0
98667729,1.0,40,,,,,0
98667729,1.0,41,,,,,0
98667729,1.0,42,,,,,0
98667729,1.0,43,,,,,0
98667729,1.0,44,,,,,0
98667729,1.0,45,,,,,0
98667729,1.0,46,,,,,0
98667729,1.0,47,,,,,0
98667729,1.0,48,,,,,0
98667729,1.0,49,,,,,0
98667729,1.0,50,,,,,0
98667729,1.0,51,,,,,0
98667729,1.0,52,,,,,0
98667729,1.0,53,,,,,0
98667729,1.0,54,,,,,0
98667729,1.0,55,,,,,0
98667729,1.0,56,,,,,0
98667729,1.0,57,,,,,0
98667729,1.0,58,,,,,0
98667729,1.0,59,,,,,0
98667729,1.0,60,,,,,0
60012392,1.0,1,,,,,0
60012392,1.0,2,,,,,0
60012392,1.0,3,,,,,0
60012392,1.0,4,,,,,0
60012392,1.0,5,,,,,0
60012392,1.0,6,,,,,0
60012392,1.0,7,,,,,0
60012392,1.0,8,,,,,0
60012392,1.0,9,,,,,0
60012392,1.0,10,,,,,0
60012392,1.0,11,,,,,0
60012392,1.0,12,,,,,0
60012392,1.0,13,,,,,0
60012392,1.0,14,,,,,0
60012392,1.0,15,,,,,0
60012392,1.0,16,,,,,0
60012392,1.0,17,,,,,0
60012392,1.0,18,,,,,0
60012392,1.0,19,,,,,0
60012392,1.0,20,,,,,0
60012392,1.0,21,,,,,0
60012392,1.0,22,,,,,0
60012392,1.0,23,,,,,0
60012392,1.0,24,,,,,0
60012392,1.0,25,,,,,0
60012392,1.0,26,,,,,0
60012392,1.0,27,,,,,0
60012392,1.0,28,,,,,0
60012392,1.0,29,,,,,0
60012392,1.0,30,,,,,0
60012392,1.0,31,,,,,0
60012392,1.0,32,,,,,0
60012392,1.0,33,,,,,0
60012392,1.0,34,,,,,0
60012392,1.0,35,,,,,0
60012392,1.0,36,,,,,0
60012392,1.0,37,,,,,0
60012392,1.0,38,,,,,0
60012392,1.0,39,,,,,0
60012392,1.0,40,,,,,0
60012392,1.0,41,,,,,0
60012392,1.0,42,,,,,0
60012392,1.0,43,,,,,0
60012392,1.0,44,,,,,0
60012392,1.0,45,,,,,0
60012392,1.0,46,,,,,0
60012392,1.0,47,,,,,0
60012392,1.0,48,,,,,0
60012392,1.0,49,,,,,0
60012392,1.0,50,,,,,0
60012392,1.0,51,,,,,0
60012392,1.0,52,,,,,0
60012392,1.0,53,,,,,0
60012392,1.0,54,,,,,0
60012392,1.0,55,,,,,0
60012392,1.0,56,,,,,0
60012392,1.0,57,,,,,0
60012392,1.0,58,,,,,0
60012392,1.0,59,,,,,0
60012392,1.0,60,,,,,0
54675071,1.0,1,,,,,0
54675071,1.0,2,,,,,0
54675071,1.0,3,,,,,0
54675071,1.0,4,,,,,0
54675071,1.0,5,,,,,0
54675071,1.0,6,,,,,0
54675071,1.0,7,,,,,0
54675071,1.0,8,,,,,0
54675071,1.0,9,,,,,0
54675071,1.0,10,,,,,0
54675071,1.0,11,,,,,0
54675071,1.0,12,,,,,0
54675071,1.0,13,,,,,0
54675071,1.0,14,,,,,0
54675071,1.0,15,,,,,0
54675071,1.0,16,,,,,0
54675071,1.0,17,,,,,0
54675071,1.0,18,,,,,0
54675071,1.0,19,,,,,0
54675071,1.0,20,,,,,0
54675071,1.0,21,,,,,0
54675071,1.0,22,,,,,0
54675071,1.0,23,,,,,0
54675071,1.0,24,,,,,0
54675071,1.0,25,,,,,0
54675071,1.0,26,,,,,0
54675071,1.0,27,,,,,0
54675071,1.0,28,,,,,0
54675071,1.0,29,,,,,0
54675071,1.0,30,,,,,0
54675071,1.0,31,,,,,0
54675071,1.0,32,,,,,0
54675071,1.0,33,,,,,0
54675071,1.0,34,,,,,0
54675071,1.0,35,,,,,0
54675071,1.0,36,,,,,0
54675071,1.0,37,,,,,0
54675071,1.0,38,,,,,0
54675071,1.0,39,,,,,0
54675071,1.0,40,,,,,0
54675071,1.0,41,,,,,0
54675071,1.0,42,,,,,0
54675071,1.0,43,,,,,0
54675071,1.0,44,,,,,0
54675071,1.0,45,,,,,0
54675071,1.0,46,,,,,0
54675071,1.0,47,,,,,0
54675071,1.0,48,,,,,0
54675071,1.0,49,,,,,0
54675071,1.0,50,,,,,0
54675071,1.0,51,,,,,0
54675071,1.0,52,,,,,0
54675071,1.0,53,,,,,0
54675071,1.0,54,,,,,0
54675071,1.0,55,,,,,0
54675071,1.0,56,,,,,0
54675071,1.0,57,,,,,0
54675071,1.0,58,,,,,0
54675071,1.0,59,,,,,0
54675071,1.0,60,,,,,0
49668813,1.0,1,,,,,0
49668813,1.0,2,,,,,0
49668813,1.0,3,,,,,0
49668813,1.0,4,,,,,0
49668813,1.0,5,,,,,0
49668813,1.0,6,,,,,0
49668813,1.0,7,,,,,0
49668813,1.0,8,,,,,0
49668813,1.0,9,,,,,0
49668813,1.0,10,,,,,0
49668813,1.0,11,,,,,0
49668813,1.0,12,,,,,0
49668813,1.0,13,,,,,0
49668813,1.0,14,,,,,0
49668813,1.0,15,,,,,0
49668813,1.0,16,,,,,0
49668813,1.0,17,,,,,0
49668813,1.0,18,,,,,0
49668813,1.0,19,,,,,0
49668813,1.0,20,,,,,0
49668813,1.0,21,,,,,0
49668813,1.0,22,,,,,0
49668813,1.0,23,,,,,0
49668813,1.0,24,,,,,0
49668813,1.0,25,,,,,0
49668813,1.0,26,,,,,0
49668813,1.0,27,,,,,0
49668813,1.0,28,,,,,0
49668813,1.0,29,,,,,0
49668813,1.0,30,,,,,0
49668813,1.0,31,,,,,0
49668813,1.0,32,,,,,0
49668813,1.0,33,,,,,0
49668813,1.0,34,,,,,0
49668813,1.0,35,,,,,0
49668813,1.0,36,,,,,0
49668813,1.0,37,,,,,0
49668813,1.0,38,,,,,0
49668813,1.0,39,,,,,0
49668813,1.0,40,,,,,0
49668813,1.0,41,,,,,0
49668813,1.0,42,,,,,0
49668813,1.0,43,,,,,0
49668813,1.0,44,,,,,0
49668813,1.0,45,,,,,0
49668813,1.0,46,,,,,0
49668813,1.0,47,,,,,0
49668813,1.0,48,,,,,0
49668813,1.0,49,,,,,0
49668813,1.0,50,,,,,0
49668813,1.0,51,,,,,0
49668813,1.0,52,,,,,0
49668813,1.0,53,,,,,0
49668813,1.0,54,,,,,0
49668813,1.0,55,,,,,0
49668813,1.0,56,,,,,0
49668813,1.0,57,,,,,0
49668813,1.0,58,,,,,0
49668813,1.0,59,,,,,0
49668813,1.0,60,,,,,0
32275441,1.0,1,,,,,0
32275441,1.0,2,,,,,0
32275441,1.0,3,,,,,0
32275441,1.0,4,,,,,0
32275441,1.0,5,,,,,0
32275441,1.0,6,,,,,0
32275441,1.0,7,,,,,0
32275441,1.0,8,,,,,0
32275441,1.0,9,,,,,0
32275441,1.0,10,,,,,0
32275441,1.0,11,,,,,0
32275441,1.0,12,,,,,0
32275441,1.0,13,,,,,0
32275441,1.0,14,,,,,0
32275441,1.0,15,,,,,0
32275441,1.0,16,,,,,0
32275441,1.0,17,,,,,0
32275441,1.0,18,,,,,0
32275441,1.0,19,,,,,0
32275441,1.0,20,,,,,0
32275441,1.0,21,,,,,0
32275441,1.0,22,,,,,0
32275441,1.0,23,,,,,0
32275441,1.0,24,,,,,0
32275441,1.0,25,,,,,0
32275441,1.0,26,,,,,0
32275441,1.0,27,,,,,0
32275441,1.0,28,,,,,0
32275441,1.0,29,,,,,0
32275441,1.0,30,,,,,0
32275441,1.0,31,,,,,0
32275441,1.0,32,,,,,0
32275441,1.0,33,,,,,0
32275441,1.0,34,,,,,0
32275441,1.0,35,,,,,0
32275441,1.0,36,,,,,0
32275441,1.0,37,,,,,0
32275441,1.0,38,,,,,0
32275441,1.0,39,,,,,0
32275441,1.0,40,,,,,0
32275441,1.0,41,,,,,0
32275441,1.0,42,,,,,0
32275441,1.0,43,,,,,0
32275441,1.0,44,,,,,0
32275441,1.0,45,,,,,0
32275441,1.0,46,,,,,0
32275441,1.0,47,,,,,0
32275441,1.0,48,,,,,0
32275441,1.0,49,,,,,0
32275441,1.0,50,,,,,0
32275441,1.0,51,,,,,0
32275441,1.0,52,,,,,0
32275441,1.0,53,,,,,0
32275441,1.0,54,,,,,0
32275441,1.0,55,,,,,0
32275441,1.0,56,,,,,0
32275441,1.0,57,,,,,0
32275441,1.0,58,,,,,0
32275441,1.0,59,,,,,0
32275441,1.0,60,,,,,0
96121827,1.0,1,,,,,0
96121827,1.0,2,,,,,0
96121827,1.0,3,,,,,0
96121827,1.0,4,,,,,0
96121827,1.0,5,,,,,0
96121827,1.0,6,,,,,0
96121827,1.0,7,,,,,0
96121827,1.0,8,,,,,0
96121827,1.0,9,,,,,0
96121827,1.0,10,,,,,0
96121827,1.0,11,,,,,0
96121827,1.0,12,,,,,0
96121827,1.0,13,,,,,0
96121827,1.0,14,,,,,0
96121827,1.0,15,,,,,0
96121827,1.0,16,,,,,0
96121827,1.0,17,,,,,0
96121827,1.0,18,,,,,0
96121827,1.0,19,,,,,0
96121827,1.0,20,,,,,0
96121827,1.0,21,,,,,0
96121827,1.0,22,,,,,0
96121827,1.0,23,,,,,0
96121827,1.0,24,,,,,0
96121827,1.0,25,,,,,0
96121827,1.0,26,,,,,0
96121827,1.0,27,,,,,0
96121827,1.0,28,,,,,0
96121827,1.0,29,,,,,0
96121827,1.0,30,,,,,0
96121827,1.0,31,,,,,0
96121827,1.0,32,,,,,0
96121827,1.0,33,,,,,0
96121827,1.0,34,,,,,0
96121827,1.0,35,,,,,0
96121827,1.0,36,,,,,0
96121827,1.0,37,,,,,0
96121827,1.0,38,,,,,0
96121827,1.0,39,,,,,0
96121827,1.0,40,,,,,0
96121827,1.0,41,,,,,0
96121827,1.0,42,,,,,0
96121827,1.0,43,,,,,0
96121827,1.0,44,,,,,0
96121827,1.0,45,,,,,0
96121827,1.0,46,,,,,0
96121827,1.0,47,,,,,0
96121827,1.0,48,,,,,0
96121827,1.0,49,,,,,0
96121827,1.0,50,,,,,0
96121827,1.0,51,,,,,0
96121827,1.0,52,,,,,0
96121827,1.0,53,,,,,0
96121827,1.0,54,,,,,0
96121827,1.0,55,,,,,0
96121827,1.0,56,,,,,0
96121827,1.0,57,,,,,0
96121827,1.0,58,,,,,0
96121827,1.0,59,,,,,0
96121827,1.0,60,,,,,0
25375840,1.0,1,,,,,0
25375840,1.0,2,,,,,0
25375840,1.0,3,,,,,0
25375840,1.0,4,,,,,0
25375840,1.0,5,,,,,0
25375840,1.0,6,,,,,0
25375840,1.0,7,,,,,0
25375840,1.0,8,,,,,0
25375840,1.0,9,,,,,0
25375840,1.0,10,,,,,0
25375840,1.0,11,,,,,0
25375840,1.0,12,,,,,0
25375840,1.0,13,,,,,0
25375840,1.0,14,,,,,0
25375840,1.0,15,,,,,0
25375840,1.0,16,,,,,0
25375840,1.0,17,,,,,0
25375840,1.0,18,,,,,0
25375840,1.0,19,,,,,0
25375840,1.0,20,,,,,0
25375840,1.0,21,,,,,0
25375840,1.0,22,,,,,0
25375840,1.0,23,,,,,0
25375840,1.0,24,,,,,0
25375840,1.0,25,,,,,0
25375840,1.0,26,,,,,0
25375840,1.0,27,,,,,0
25375840,1.0,28,,,,,0
25375840,1.0,29,,,,,0
25375840,1.0,30,,,,,0
25375840,1.0,31,,,,,0
25375840,1.0,32,,,,,0
25375840,1.0,33,,,,,0
25375840,1.0,34,,,,,0
25375840,1.0,35,,,,,0
25375840,1.0,36,,,,,0
25375840,1.0,37,,,,,0
25375840,1.0,38,,,,,0
25375840,1.0,39,,,,,0
25375840,1.0,40,,,,,0
25375840,1.0,41,,,,,0
25375840,1.0,42,,,,,0
25375840,1.0,43,,,,,0
25375840,1.0,44,,,,,0
25375840,1.0,45,,,,,0
25375840,1.0,46,,,,,0
25375840,1.0,47,,,,,0
25375840,1.0,48,,,,,0
25375840,1.0,49,,,,,0
25375840,1.0,50,,,,,0
25375840,1.0,51,,,,,0
25375840,1.0,52,,,,,0
25375840,1.0,53,,,,,0
25375840,1.0,54,,,,,0
25375840,1.0,55,,,,,0
25375840,1.0,56,,,,,0
25375840,1.0,57,,,,,0
25375840,1.0,58,,,,,0
25375840,1.0,59,,,,,0
25375840,1.0,60,,,,,0
16567704,1.0,1,,,,,0
16567704,1.0,2,,,,,0
16567704,1.0,3,,,,,0
16567704,1.0,4,,,,,0
16567704,1.0,5,,,,,0
16567704,1.0,6,,,,,0
16567704,1.0,7,,,,,0
16567704,1.0,8,,,,,0
16567704,1.0,9,,,,,0
16567704,1.0,10,,,,,0
16567704,1.0,11,,,,,0
16567704,1.0,12,,,,,0
16567704,1.0,13,,,,,0
16567704,1.0,14,,,,,0
16567704,1.0,15,,,,,0
16567704,1.0,16,,,,,0
16567704,1.0,17,,,,,0
16567704,1.0,18,,,,,0
16567704,1.0,19,,,,,0
16567704,1.0,20,,,,,0
16567704,1.0,21,,,,,0
16567704,1.0,22,,,,,0
16567704,1.0,23,,,,,0
16567704,1.0,24,,,,,0
16567704,1.0,25,,,,,0
16567704,1.0,26,,,,,0
16567704,1.0,27,,,,,0
16567704,1.0,28,,,,,0
16567704,1.0,29,,,,,0
16567704,1.0,30,,,,,0
16567704,1.0,31,,,,,0
16567704,1.0,32,,,,,0
16567704,1.0,33,,,,,0
16567704,1.0,34,,,,,0
16567704,1.0,35,,,,,0
16567704,1.0,36,,,,,0
16567704,1.0,37,,,,,0
16567704,1.0,38,,,,,0
16567704,1.0,39,,,,,0
16567704,1.0,40,,,,,0
16567704,1.0,41,,,,,0
16567704,1.0,42,,,,,0
16567704,1.0,43,,,,,0
16567704,1.0,44,,,,,0
16567704,1.0,45,,,,,0
16567704,1.0,46,,,,,0
16567704,1.0,47,,,,,0
16567704,1.0,48,,,,,0
16567704,1.0,49,,,,,0
16567704,1.0,50,,,,,0
16567704,1.0,51,,,,,0
16567704,1.0,52,,,,,0
16567704,1.0,53,,,,,0
16567704,1.0,54,,,,,0
16567704,1.0,55,,,,,0
16567704,1.0,56,,,,,0
16567704,1.0,57,,,,,0
16567704,1.0,58,,,,,0
16567704,1.0,59,,,,,0
16567704,1.0,60,,,,,0
48717186,1.0,1,,,,,0
48717186,1.0,2,,,,,0
48717186,1.0,3,,,,,0
48717186,1.0,4,,,,,0
48717186,1.0,5,,,,,0
48717186,1.0,6,,,,,0
48717186,1.0,7,,,,,0
48717186,1.0,8,,,,,0
48717186,1.0,9,,,,,0
48717186,1.0,10,,,,,0
48717186,1.0,11,,,,,0
48717186,1.0,12,,,,,0
48717186,1.0,13,,,,,0
48717186,1.0,14,,,,,0
48717186,1.0,15,,,,,0
48717186,1.0,16,,,,,0
48717186,1.0,17,,,,,0
48717186,1.0,18,,,,,0
48717186,1.0,19,,,,,0
48717186,1.0,20,,,,,0
48717186,1.0,21,,,,,0
48717186,1.0,22,,,,,0
48717186,1.0,23,,,,,0
48717186,1.0,24,,,,,0
48717186,1.0,25,,,,,0
48717186,1.0,26,,,,,0
48717186,1.0,27,,,,,0
48717186,1.0,28,,,,,0
48717186,1.0,29,,,,,0
48717186,1.0,30,,,,,0
48717186,1.0,31,,,,,0
48717186,1.0,32,,,,,0
48717186,1.0,33,,,,,0
48717186,1.0,34,,,,,0
48717186,1.0,35,,,,,0
48717186,1.0,36,,,,,0
48717186,1.0,37,,,,,0
48717186,1.0,38,,,,,0
48717186,1.0,39,,,,,0
48717186,1.0,40,,,,,0
48717186,1.0,41,,,,,0
48717186,1.0,42,,,,,0
48717186,1.0,43,,,,,0
48717186,1.0,44,,,,,0
48717186,1.0,45,,,,,0
48717186,1.0,46,,,,,0
48717186,1.0,47,,,,,0
48717186,1.0,48,,,,,0
48717186,1.0,49,,,,,0
48717186,1.0,50,,,,,0
48717186,1.0,51,,,,,0
48717186,1.0,52,,,,,0
48717186,1.0,53,,,,,0
48717186,1.0,54,,,,,0
48717186,1.0,55,,,,,0
48717186,1.0,56,,,,,0
48717186,1.0,57,,,,,0
48717186,1.0,58,,,,,0
48717186,1.0,59,,,,,0
48717186,1.0,60,,,,,0
39312725,1.0,1,,,,,0
39312725,1.0,2,,,,,0
39312725,1.0,3,,,,,0
39312725,1.0,4,,,,,0
39312725,1.0,5,,,,,0
39312725,1.0,6,,,,,0
39312725,1.0,7,,,,,0
39312725,1.0,8,,,,,0
39312725,1.0,9,,,,,0
39312725,1.0,10,,,,,0
39312725,1.0,11,,,,,0
39312725,1.0,12,,,,,0
39312725,1.0,13,,,,,0
39312725,1.0,14,,,,,0
39312725,1.0,15,,,,,0
39312725,1.0,16,,,,,0
39312725,1.0,17,,,,,0
39312725,1.0,18,,,,,0
39312725,1.0,19,,,,,0
39312725,1.0,20,,,,,0
39312725,1.0,21,,,,,0
39312725,1.0,22,,,,,0
39312725,1.0,23,,,,,0
39312725,1.0,24,,,,,0
39312725,1.0,25,,,,,0
39312725,1.0,26,,,,,0
39312725,1.0,27,,,,,0
39312725,1.0,28,,,,,0
39312725,1.0,29,,,,,0
39312725,1.0,30,,,,,0
39312725,1.0,31,,,,,0
39312725,1.0,32,,,,,0
39312725,1.0,33,,,,,0
39312725,1.0,34,,,,,0
39312725,1.0,35,,,,,0
39312725,1.0,36,,,,,0
39312725,1.0,37,,,,,0
39312725,1.0,38,,,,,0
39312725,1.0,39,,,,,0
39312725,1.0,40,,,,,0
39312725,1.0,41,,,,,0
39312725,1.0,42,,,,,0
39312725,1.0,43,,,,,0
39312725,1.0,44,,,,,0
39312725,1.0,45,,,,,0
39312725,1.0,46,,,,,0
39312725,1.0,47,,,,,0
39312725,1.0,48,,,,,0
39312725,1.0,49,,,,,0
39312725,1.0,50,,,,,0
39312725,1.0,51,,,,,0
39312725,1.0,52,,,,,0
39312725,1.0,53,,,,,0
39312725,1.0,54,,,,,0
39312725,1.0,55,,,,,0
39312725,1.0,56,,,,,0
39312725,1.0,57,,,,,0
39312725,1.0,58,,,,,0
39312725,1.0,59,,,,,0
39312725,1.0,60,,,,,0
17932464,1.0,1,,,,,0
17932464,1.0,2,23030615,onsite,0.25,0.0,1
17932464,1.0,3,45067916,onsite,0.25,0.0,1
17932464,1.0,4,45067916,onsite,0.25,0.0,1
17932464,1.0,5,72070529,onsite,0.25,0.0,1
17932464,1.0,6,45067916,onsite,0.25,0.0,1
17932464,1.0,7,12024718,onsite,0.25,0.0,1
17932464,1.0,8,58097723,onsite,0.25,0.0,1
17932464,1.0,9,47468387,onsite,0.25,0.0,1
17932464,1.0,10,50933551,onsite,0.25,0.0,1
17932464,1.0,11,47468387,onsite,0.25,0.0,1
17932464,1.0,12,49025991,onsite,0.25,0.0,1
17932464,1.0,13,50924711,onsite,0.25,0.0,1
17932464,1.0,14,50473912,onsite,0.25,0.0,1
17932464,1.0,15,49025991,onsite,0.25,0.0,1
17932464,1.0,16,50473912,onsite,0.25,0.0,1
17932464,1.0,17,85351662,onsite,1.0,0.0,1
17932464,1.0,18,59183717,onsite,0.25,0.0,1
17932464,1.0,19,59183717,onsite,0.25,0.0,1
17932464,1.0,20,62556373,onsite,0.25,0.0,1
17932464,1.0,21,,,,,0
17932464,1.0,22,65347973,online,2.0,0.0,1
17932464,1.0,23,,,,,0
17932464,1.0,24,,,,,0
17932464,1.0,25,,,,,0
17932464,1.0,26,62831133,online,2.5,0.0,1
17932464,1.0,27,,,,,0
17932464,1.0,28,,,,,0
17932464,1.0,29,93417103,onsite,2.5,0.0,1
17932464,1.0,30,,,,,0
17932464,1.0,31,,,,,0
17932464,1.0,32,,,,,0
17932464,1.0,33,,,,,0
17932464,1.0,34,,,,,0
17932464,1.0,35,,,,,0
17932464,1.0,36,,,,,0
17932464,1.0,37,,,,,0
17932464,1.0,38,,,,,0
17932464,1.0,39,,,,,0
17932464,1.0,40,,,,,0
17932464,1.0,41,,,,,0
17932464,1.0,42,52201538,onsite,2.0,0.0,1
17932464,1.0,43,,,,,0
17932464,1.0,44,,,,,0
17932464,1.0,45,,,,,0
17932464,1.0,46,,,,,0
17932464,1.0,47,,,,,0
17932464,1.0,48,,,,,0
17932464,1.0,49,,,,,0
17932464,1.0,50,,,,,0
17932464,1.0,51,,,,,0
17932464,1.0,52,,,,,0
17932464,1.0,53,,,,,0
17932464,1.0,54,,,,,0
17932464,1.0,55,,,,,0
17932464,1.0,56,,,,,0
17932464,1.0,57,,,,,0
17932464,1.0,58,,,,,0
17932464,1.0,59,,,,,0
17932464,1.0,60,,,,,0
90557374,1.0,1,,,,,0
90557374,1.0,2,,,,,0
90557374,1.0,3,,,,,0
90557374,1.0,4,,,,,0
90557374,1.0,5,,,,,0
90557374,1.0,6,,,,,0
90557374,1.0,7,,,,,0
90557374,1.0,8,,,,,0
90557374,1.0,9,,,,,0
90557374,1.0,10,,,,,0
90557374,1.0,11,,,,,0
90557374,1.0,12,,,,,0
90557374,1.0,13,,,,,0
90557374,1.0,14,,,,,0
90557374,1.0,15,,,,,0
90557374,1.0,16,,,,,0
90557374,1.0,17,,,,,0
90557374,1.0,18,,,,,0
90557374,1.0,19,,,,,0
90557374,1.0,20,,,,,0
90557374,1.0,21,,,,,0
90557374,1.0,22,,,,,0
90557374,1.0,23,,,,,0
90557374,1.0,24,,,,,0
90557374,1.0,25,,,,,0
90557374,1.0,26,,,,,0
90557374,1.0,27,,,,,0
90557374,1.0,28,,,,,0
90557374,1.0,29,,,,,0
90557374,1.0,30,,,,,0
90557374,1.0,31,,,,,0
90557374,1.0,32,,,,,0
90557374,1.0,33,,,,,0
90557374,1.0,34,,,,,0
90557374,1.0,35,,,,,0
90557374,1.0,36,,,,,0
90557374,1.0,37,,,,,0
90557374,1.0,38,,,,,0
90557374,1.0,39,,,,,0
90557374,1.0,40,,,,,0
90557374,1.0,41,,,,,0
90557374,1.0,42,,,,,0
90557374,1.0,43,,,,,0
90557374,1.0,44,,,,,0
90557374,1.0,45,,,,,0
90557374,1.0,46,,,,,0
90557374,1.0,47,,,,,0
90557374,1.0,48,,,,,0
90557374,1.0,49,,,,,0
90557374,1.0,50,,,,,0
90557374,1.0,51,,,,,0
90557374,1.0,52,,,,,0
90557374,1.0,53,,,,,0
90557374,1.0,54,,,,,0
90557374,1.0,55,,,,,0
90557374,1.0,56,,,,,0
90557374,1.0,57,,,,,0
90557374,1.0,58,,,,,0
90557374,1.0,59,,,,,0
90557374,1.0,60,,,,,0
26289291,1.0,1,,,,,0
26289291,1.0,2,,,,,0
26289291,1.0,3,,,,,0
26289291,1.0,4,,,,,0
26289291,1.0,5,,,,,0
26289291,1.0,6,,,,,0
26289291,1.0,7,,,,,0
26289291,1.0,8,,,,,0
26289291,1.0,9,,,,,0
26289291,1.0,10,,,,,0
26289291,1.0,11,,,,,0
26289291,1.0,12,,,,,0
26289291,1.0,13,,,,,0
26289291,1.0,14,,,,,0
26289291,1.0,15,,,,,0
26289291,1.0,16,,,,,0
26289291,1.0,17,,,,,0
26289291,1.0,18,,,,,0
26289291,1.0,19,,,,,0
26289291,1.0,20,,,,,0
26289291,1.0,21,,,,,0
26289291,1.0,22,,,,,0
26289291,1.0,23,,,,,0
26289291,1.0,24,,,,,0
26289291,1.0,25,,,,,0
26289291,1.0,26,,,,,0
26289291,1.0,27,,,,,0
26289291,1.0,28,,,,,0
26289291,1.0,29,,,,,0
26289291,1.0,30,,,,,0
26289291,1.0,31,,,,,0
26289291,1.0,32,,,,,0
26289291,1.0,33,,,,,0
26289291,1.0,34,,,,,0
26289291,1.0,35,,,,,0
26289291,1.0,36,,,,,0
26289291,1.0,37,,,,,0
26289291,1.0,38,,,,,0
26289291,1.0,39,,,,,0
26289291,1.0,40,,,,,0
26289291,1.0,41,,,,,0
26289291,1.0,42,,,,,0
26289291,1.0,43,,,,,0
26289291,1.0,44,,,,,0
26289291,1.0,45,,,,,0
26289291,1.0,46,,,,,0
26289291,1.0,47,,,,,0
26289291,1.0,48,,,,,0
26289291,1.0,49,,,,,0
26289291,1.0,50,,,,,0
26289291,1.0,51,,,,,0
26289291,1.0,52,,,,,0
26289291,1.0,53,,,,,0
26289291,1.0,54,,,,,0
26289291,1.0,55,,,,,0
26289291,1.0,56,,,,,0
26289291,1.0,57,,,,,0
26289291,1.0,58,,,,,0
26289291,1.0,59,,,,,0
26289291,1.0,60,,,,,0
38497269,1.0,1,,,,,0
38497269,1.0,2,23030615,onsite,0.125,0.0,1
38497269,1.0,3,99067980,onsite,0.125,0.0,1
38497269,1.0,4,58097723,onsite,0.125,0.0,1
38497269,1.0,5,87179753,onsite,0.125,0.0,1
38497269,1.0,6,87179753,onsite,0.125,0.0,1
38497269,1.0,7,77004428,onsite,0.125,0.0,1
38497269,1.0,8,72070529,onsite,0.125,0.0,1
38497269,1.0,9,12024718,onsite,0.125,0.0,1
38497269,1.0,10,69805960,onsite,0.125,0.0,1
38497269,1.0,11,77004428,onsite,0.125,0.0,1
38497269,1.0,12,50473912,onsite,0.125,0.0,1
38497269,1.0,13,58094481,onsite,0.7501875468867217,0.0,1
38497269,1.0,14,49025991,onsite,0.125,0.0,1
38497269,1.0,15,84187455,onsite,0.7501875468867217,0.0,1
38497269,1.0,16,,,,,0
38497269,1.0,17,18073606,onsite,0.7501875468867217,0.0,1
38497269,1.0,18,37884703,onsite,0.7501875468867217,0.0,1
38497269,1.0,19,,,,,0
38497269,1.0,20,68550850,onsite,2.0,0.0,1
38497269,1.0,21,,,,,0
38497269,1.0,22,38345481,onsite,2.0,0.0,1
38497269,1.0,23,,,,,0
38497269,1.0,24,,,,,0
38497269,1.0,25,77941716,onsite,0.7501875468867217,0.0,1
38497269,1.0,26,,,,,0
38497269,1.0,27,,,,,0
38497269,1.0,28,,,,,0
38497269,1.0,29,,,,,0
38497269,1.0,30,,,,,0
38497269,1.0,31,,,,,0
38497269,1.0,32,,,,,0
38497269,1.0,33,,,,,0
38497269,1.0,34,,,,,0
38497269,1.0,35,,,,,0
38497269,1.0,36,,,,,0
38497269,1.0,37,,,,,0
38497269,1.0,38,,,,,0
38497269,1.0,39,,,,,0
38497269,1.0,40,,,,,0
38497269,1.0,41,,,,,0
38497269,1.0,42,,,,,0
38497269,1.0,43,,,,,0
38497269,1.0,44,,,,,0
38497269,1.0,45,,,,,0
38497269,1.0,46,,,,,0
38497269,1.0,47,,,,,0
38497269,1.0,48,,,,,0
38497269,1.0,49,,,,,0
38497269,1.0,50,,,,,0
38497269,1.0,51,,,,,0
38497269,1.0,52,,,,,0
38497269,1.0,53,,,,,0
38497269,1.0,54,,,,,0
38497269,1.0,55,,,,,0
38497269,1.0,56,,,,,0
38497269,1.0,57,,,,,0
38497269,1.0,58,,,,,0
38497269,1.0,59,,,,,0
38497269,1.0,60,,,,,0
16485520,1.0,1,,,,,0
16485520,1.0,2,11637019,onsite,0.125,0.0,1
16485520,1.0,3,42102320,onsite,0.125,0.0,1
16485520,1.0,4,42102320,onsite,0.125,0.0,1
16485520,1.0,5,11637019,onsite,0.125,0.0,1
16485520,1.0,6,86777142,onsite,0.125,0.0,1
16485520,1.0,7,67599722,onsite,0.125,0.0,1
16485520,1.0,8,11637019,onsite,0.125,0.0,1
16485520,1.0,9,42102320,onsite,0.125,0.0,1
16485520,1.0,10,42102320,onsite,0.125,0.0,1
16485520,1.0,11,96467041,onsite,0.7501875468867217,0.0,1
16485520,1.0,12,22816481,onsite,0.7501875468867217,0.0,1
16485520,1.0,13,76537848,onsite,0.125,0.0,1
16485520,1.0,14,76537848,onsite,0.125,0.0,1
16485520,1.0,15,22453141,onsite,0.7501875468867217,0.0,1
16485520,1.0,16,29249291,onsite,0.7501875468867217,0.0,1
16485520,1.0,17,81634710,onsite,0.7501875468867217,0.0,1
16485520,1.0,18,77129325,onsite,0.7501875468867217,0.0,1
16485520,1.0,19,76146197,onsite,0.7501875468867217,0.0,1
16485520,1.0,20,66909259,onsite,0.7501875468867217,0.0,1
16485520,1.0,21,57191549,onsite,2.0,0.0,1
16485520,1.0,22,,,,,0
16485520,1.0,23,,,,,0
16485520,1.0,24,,,,,0
16485520,1.0,25,,,,,0
16485520,1.0,26,,,,,0
16485520,1.0,27,,,,,0
16485520,1.0,28,,,,,0
16485520,1.0,29,,,,,0
16485520,1.0,30,,,,,0
16485520,1.0,31,,,,,0
16485520,1.0,32,,,,,0
16485520,1.0,33,,,,,0
16485520,1.0,34,,,,,0
16485520,1.0,35,,,,,0
16485520,1.0,36,,,,,0
16485520,1.0,37,,,,,0
16485520,1.0,38,,,,,0
16485520,1.0,39,,,,,0
16485520,1.0,40,,,,,0
16485520,1.0,41,,,,,0
16485520,1.0,42,,,,,0
16485520,1.0,43,,,,,0
16485520,1.0,44,,,,,0
16485520,1.0,45,,,,,0
16485520,1.0,46,,,,,0
16485520,1.0,47,,,,,0
16485520,1.0,48,,,,,0
16485520,1.0,49,,,,,0
16485520,1.0,50,,,,,0
16485520,1.0,51,,,,,0
16485520,1.0,52,,,,,0
16485520,1.0,53,,,,,0
16485520,1.0,54,,,,,0
16485520,1.0,55,,,,,0
16485520,1.0,56,,,,,0
16485520,1.0,57,,,,,0
16485520,1.0,58,,,,,0
16485520,1.0,59,,,,,0
16485520,1.0,60,,,,,0
43504316,1.0,1,,,,,0
43504316,1.0,2,,,,,0
43504316,1.0,3,,,,,0
43504316,1.0,4,,,,,0
43504316,1.0,5,,,,,0
43504316,1.0,6,,,,,0
43504316,1.0,7,,,,,0
43504316,1.0,8,,,,,0
43504316,1.0,9,,,,,0
43504316,1.0,10,,,,,0
43504316,1.0,11,,,,,0
43504316,1.0,12,,,,,0
43504316,1.0,13,,,,,0
43504316,1.0,14,,,,,0
43504316,1.0,15,,,,,0
43504316,1.0,16,,,,,0
43504316,1.0,17,,,,,0
43504316,1.0,18,,,,,0
43504316,1.0,19,,,,,0
43504316,1.0,20,,,,,0
43504316,1.0,21,,,,,0
43504316,1.0,22,,,,,0
43504316,1.0,23,,,,,0
43504316,1.0,24,,,,,0
43504316,1.0,25,,,,,0
43504316,1.0,26,,,,,0
43504316,1.0,27,,,,,0
43504316,1.0,28,,,,,0
43504316,1.0,29,,,,,0
43504316,1.0,30,,,,,0
43504316,1.0,31,,,,,0
43504316,1.0,32,,,,,0
43504316,1.0,33,,,,,0
43504316,1.0,34,,,,,0
43504316,1.0,35,,,,,0
43504316,1.0,36,,,,,0
43504316,1.0,37,,,,,0
43504316,1.0,38,,,,,0
43504316,1.0,39,,,,,0
43504316,1.0,40,,,,,0
43504316,1.0,41,,,,,0
43504316,1.0,42,,,,,0
43504316,1.0,43,,,,,0
43504316,1.0,44,,,,,0
43504316,1.0,45,,,,,0
43504316,1.0,46,,,,,0
43504316,1.0,47,,,,,0
43504316,1.0,48,,,,,0
43504316,1.0,49,,,,,0
43504316,1.0,50,,,,,0
43504316,1.0,51,,,,,0
43504316,1.0,52,,,,,0
43504316,1.0,53,,,,,0
43504316,1.0,54,,,,,0
43504316,1.0,55,,,,,0
43504316,1.0,56,,,,,0
43504316,1.0,57,,,,,0
43504316,1.0,58,,,,,0
43504316,1.0,59,,,,,0
43504316,1.0,60,,,,,0
71417567,1.0,1,,,,,0
71417567,1.0,2,,,,,0
71417567,1.0,3,,,,,0
71417567,1.0,4,,,,,0
71417567,1.0,5,,,,,0
71417567,1.0,6,,,,,0
71417567,1.0,7,,,,,0
71417567,1.0,8,,,,,0
71417567,1.0,9,,,,,0
71417567,1.0,10,,,,,0
71417567,1.0,11,,,,,0
71417567,1.0,12,,,,,0
71417567,1.0,13,,,,,0
71417567,1.0,14,,,,,0
71417567,1.0,15,,,,,0
71417567,1.0,16,,,,,0
71417567,1.0,17,,,,,0
71417567,1.0,18,,,,,0
71417567,1.0,19,,,,,0
71417567,1.0,20,,,,,0
71417567,1.0,21,,,,,0
71417567,1.0,22,,,,,0
71417567,1.0,23,,,,,0
71417567,1.0,24,,,,,0
71417567,1.0,25,,,,,0
71417567,1.0,26,,,,,0
71417567,1.0,27,,,,,0
71417567,1.0,28,,,,,0
71417567,1.0,29,,,,,0
71417567,1.0,30,,,,,0
71417567,1.0,31,,,,,0
71417567,1.0,32,,,,,0
71417567,1.0,33,,,,,0
71417567,1.0,34,,,,,0
71417567,1.0,35,,,,,0
71417567,1.0,36,,,,,0
71417567,1.0,37,,,,,0
71417567,1.0,38,,,,,0
71417567,1.0,39,,,,,0
71417567,1.0,40,,,,,0
71417567,1.0,41,,,,,0
71417567,1.0,42,,,,,0
71417567,1.0,43,,,,,0
71417567,1.0,44,,,,,0
71417567,1.0,45,,,,,0
71417567,1.0,46,,,,,0
71417567,1.0,47,,,,,0
71417567,1.0,48,,,,,0
71417567,1.0,49,,,,,0
71417567,1.0,50,,,,,0
71417567,1.0,51,,,,,0
71417567,1.0,52,,,,,0
71417567,1.0,53,,,,,0
71417567,1.0,54,,,,,0
71417567,1.0,55,,,,,0
71417567,1.0,56,,,,,0
71417567,1.0,57,,,,,0
71417567,1.0,58,,,,,0
71417567,1.0,59,,,,,0
71417567,1.0,60,,,,,0
66139637,1.0,1,,,,,0
66139637,1.0,2,,,,,0
66139637,1.0,3,,,,,0
66139637,1.0,4,,,,,0
66139637,1.0,5,,,,,0
66139637,1.0,6,,,,,0
66139637,1.0,7,,,,,0
66139637,1.0,8,,,,,0
66139637,1.0,9,,,,,0
66139637,1.0,10,,,,,0
66139637,1.0,11,,,,,0
66139637,1.0,12,,,,,0
66139637,1.0,13,,,,,0
66139637,1.0,14,,,,,0
66139637,1.0,15,,,,,0
66139637,1.0,16,,,,,0
66139637,1.0,17,,,,,0
66139637,1.0,18,,,,,0
66139637,1.0,19,,,,,0
66139637,1.0,20,,,,,0
66139637,1.0,21,,,,,0
66139637,1.0,22,,,,,0
66139637,1.0,23,,,,,0
66139637,1.0,24,,,,,0
66139637,1.0,25,,,,,0
66139637,1.0,26,,,,,0
66139637,1.0,27,,,,,0
66139637,1.0,28,,,,,0
66139637,1.0,29,,,,,0
66139637,1.0,30,,,,,0
66139637,1.0,31,,,,,0
66139637,1.0,32,,,,,0
66139637,1.0,33,,,,,0
66139637,1.0,34,,,,,0
66139637,1.0,35,,,,,0
66139637,1.0,36,,,,,0
66139637,1.0,37,,,,,0
66139637,1.0,38,,,,,0
66139637,1.0,39,,,,,0
66139637,1.0,40,,,,,0
66139637,1.0,41,,,,,0
66139637,1.0,42,,,,,0
66139637,1.0,43,,,,,0
66139637,1.0,44,,,,,0
66139637,1.0,45,,,,,0
66139637,1.0,46,,,,,0
66139637,1.0,47,,,,,0
66139637,1.0,48,,,,,0
66139637,1.0,49,,,,,0
66139637,1.0,50,,,,,0
66139637,1.0,51,,,,,0
66139637,1.0,52,,,,,0
66139637,1.0,53,,,,,0
66139637,1.0,54,,,,,0
66139637,1.0,55,,,,,0
66139637,1.0,56,,,,,0
66139637,1.0,57,,,,,0
66139637,1.0,58,,,,,0
66139637,1.0,59,,,,,0
66139637,1.0,60,,,,,0
72252317,1.0,1,,,,,0
72252317,1.0,2,,,,,0
72252317,1.0,3,,,,,0
72252317,1.0,4,,,,,0
72252317,1.0,5,,,,,0
72252317,1.0,6,,,,,0
72252317,1.0,7,,,,,0
72252317,1.0,8,,,,,0
72252317,1.0,9,,,,,0
72252317,1.0,10,,,,,0
72252317,1.0,11,,,,,0
72252317,1.0,12,,,,,0
72252317,1.0,13,,,,,0
72252317,1.0,14,,,,,0
72252317,1.0,15,,,,,0
72252317,1.0,16,,,,,0
72252317,1.0,17,,,,,0
72252317,1.0,18,,,,,0
72252317,1.0,19,,,,,0
72252317,1.0,20,,,,,0
72252317,1.0,21,,,,,0
72252317,1.0,22,,,,,0
72252317,1.0,23,,,,,0
72252317,1.0,24,,,,,0
72252317,1.0,25,,,,,0
72252317,1.0,26,,,,,0
72252317,1.0,27,,,,,0
72252317,1.0,28,,,,,0
72252317,1.0,29,,,,,0
72252317,1.0,30,,,,,0
72252317,1.0,31,,,,,0
72252317,1.0,32,,,,,0
72252317,1.0,33,,,,,0
72252317,1.0,34,,,,,0
72252317,1.0,35,,,,,0
72252317,1.0,36,,,,,0
72252317,1.0,37,,,,,0
72252317,1.0,38,,,,,0
72252317,1.0,39,,,,,0
72252317,1.0,40,,,,,0
72252317,1.0,41,,,,,0
72252317,1.0,42,,,,,0
72252317,1.0,43,,,,,0
72252317,1.0,44,,,,,0
72252317,1.0,45,,,,,0
72252317,1.0,46,,,,,0
72252317,1.0,47,,,,,0
72252317,1.0,48,,,,,0
72252317,1.0,49,,,,,0
72252317,1.0,50,,,,,0
72252317,1.0,51,,,,,0
72252317,1.0,52,,,,,0
72252317,1.0,53,,,,,0
72252317,1.0,54,,,,,0
72252317,1.0,55,,,,,0
72252317,1.0,56,,,,,0
72252317,1.0,57,,,,,0
72252317,1.0,58,,,,,0
72252317,1.0,59,,,,,0
72252317,1.0,60,,,,,0
25458542,1.0,1,,,,,0
25458542,1.0,2,,,,,0
25458542,1.0,3,78405399,onsite,0.125,0.0,1
25458542,1.0,4,50871797,onsite,0.125,0.0,1
25458542,1.0,5,47254755,onsite,0.125,0.0,1
25458542,1.0,6,61894420,onsite,0.125,0.0,1
25458542,1.0,7,36513892,onsite,0.125,0.0,1
25458542,1.0,8,52235288,onsite,0.125,0.0,1
25458542,1.0,9,52235288,onsite,0.125,0.0,1
25458542,1.0,10,87305335,onsite,0.125,0.0,1
25458542,1.0,11,78405399,onsite,0.125,0.0,1
25458542,1.0,12,14117027,onsite,0.125,0.0,1
25458542,1.0,13,50871797,onsite,0.125,0.0,1
25458542,1.0,14,14117027,onsite,0.125,0.0,1
25458542,1.0,15,87305335,onsite,0.125,0.0,1
25458542,1.0,16,36513892,onsite,0.125,0.0,1
25458542,1.0,17,61894420,onsite,0.125,0.0,1
25458542,1.0,18,47254755,onsite,0.125,0.0,1
25458542,1.0,19,,,,,0
25458542,1.0,20,,,,,0
25458542,1.0,21,89700308,onsite,2.0,0.0,1
25458542,1.0,22,,,,,0
25458542,1.0,23,,,,,0
25458542,1.0,24,,,,,0
25458542,1.0,25,,,,,0
25458542,1.0,26,,,,,0
25458542,1.0,27,,,,,0
25458542,1.0,28,,,,,0
25458542,1.0,29,,,,,0
25458542,1.0,30,,,,,0
25458542,1.0,31,,,,,0
25458542,1.0,32,,,,,0
25458542,1.0,33,,,,,0
25458542,1.0,34,,,,,0
25458542,1.0,35,,,,,0
25458542,1.0,36,,,,,0
25458542,1.0,37,,,,,0
25458542,1.0,38,,,,,0
25458542,1.0,39,,,,,0
25458542,1.0,40,,,,,0
25458542,1.0,41,,,,,0
25458542,1.0,42,,,,,0
25458542,1.0,43,,,,,0
25458542,1.0,44,,,,,0
25458542,1.0,45,,,,,0
25458542,1.0,46,,,,,0
25458542,1.0,47,,,,,0
25458542,1.0,48,,,,,0
25458542,1.0,49,,,,,0
25458542,1.0,50,,,,,0
25458542,1.0,51,,,,,0
25458542,1.0,52,,,,,0
25458542,1.0,53,,,,,0
25458542,1.0,54,,,,,0
25458542,1.0,55,,,,,0
25458542,1.0,56,,,,,0
25458542,1.0,57,,,,,0
25458542,1.0,58,,,,,0
25458542,1.0,59,,,,,0
25458542,1.0,60,,,,,0
10312516,1.0,1,,,,,0
10312516,1.0,2,,,,,0
10312516,1.0,3,,,,,0
10312516,1.0,4,,,,,0
10312516,1.0,5,,,,,0
10312516,1.0,6,,,,,0
10312516,1.0,7,,,,,0
10312516,1.0,8,,,,,0
10312516,1.0,9,,,,,0
10312516,1.0,10,,,,,0
10312516,1.0,11,,,,,0
10312516,1.0,12,,,,,0
10312516,1.0,13,,,,,0
10312516,1.0,14,,,,,0
10312516,1.0,15,53275484,online,1.4992503748125936,0.0,1
10312516,1.0,16,,,,,0
10312516,1.0,17,,,,,0
10312516,1.0,18,,,,,0
10312516,1.0,19,,,,,0
10312516,1.0,20,,,,,0
10312516,1.0,21,,,,,0
10312516,1.0,22,,,,,0
10312516,1.0,23,74987065,onsite,0.8995502248875561,0.5997001499250375,1
10312516,1.0,24,74987065,onsite,0.8995502248875561,0.5997001499250375,1
10312516,1.0,25,,,,,0
10312516,1.0,26,,,,,0
10312516,1.0,27,,,,,0
10312516,1.0,28,,,,,0
10312516,1.0,29,,,,,0
10312516,1.0,30,,,,,0
10312516,1.0,31,,,,,0
10312516,1.0,32,,,,,0
10312516,1.0,33,,,,,0
10312516,1.0,34,,,,,0
10312516,1.0,35,,,,,0
10312516,1.0,36,,,,,0
10312516,1.0,37,,,,,0
10312516,1.0,38,,,,,0
10312516,1.0,39,,,,,0
10312516,1.0,40,,,,,0
10312516,1.0,41,,,,,0
10312516,1.0,42,,,,,0
10312516,1.0,43,,,,,0
10312516,1.0,44,,,,,0
10312516,1.0,45,,,,,0
10312516,1.0,46,,,,,0
10312516,1.0,47,,,,,0
10312516,1.0,48,,,,,0
10312516,1.0,49,,,,,0
10312516,1.0,50,,,,,0
10312516,1.0,51,,,,,0
10312516,1.0,52,,,,,0
10312516,1.0,53,,,,,0
10312516,1.0,54,,,,,0
10312516,1.0,55,,,,,0
10312516,1.0,56,,,,,0
10312516,1.0,57,,,,,0
10312516,1.0,58,,,,,0
10312516,1.0,59,,,,,0
10312516,1.0,60,,,,,0
34336521,1.0,1,,,,,0
34336521,1.0,2,44236869,onsite,0.25,0.0,1
34336521,1.0,3,29586110,onsite,0.25,0.0,1
34336521,1.0,4,89165170,onsite,0.25,0.0,1
34336521,1.0,5,60307932,onsite,0.25,0.0,1
34336521,1.0,6,27962354,onsite,0.25,0.0,1
34336521,1.0,7,87278356,onsite,0.25,0.0,1
34336521,1.0,8,20381941,onsite,0.25,0.0,1
34336521,1.0,9,31691472,onsite,0.25,0.0,1
34336521,1.0,10,11689329,onsite,0.25,0.0,1
34336521,1.0,11,82539754,onsite,0.25,0.0,1
34336521,1.0,12,69429129,onsite,1.0,0.0,1
34336521,1.0,13,,,,,0
34336521,1.0,14,75087575,onsite,0.15,0.1,1
34336521,1.0,15,45989712,onsite,0.8,0.19999999999999996,1
34336521,1.0,16,47098597,onsite,1.0,0.0,1
34336521,1.0,17,39391115,onsite,0.8,0.19999999999999996,1
34336521,1.0,18,,,,,0
34336521,1.0,19,,,,,0
34336521,1.0,20,75087575,onsite,0.15,0.1,1
34336521,1.0,21,58352549,onsite,0.25,0.0,1
34336521,1.0,22,,,,,0
34336521,1.0,23,,,,,0
34336521,1.0,24,,,,,0
34336521,1.0,25,36741976,onsite,2.0,0.0,1
34336521,1.0,26,,,,,0
34336521,1.0,27,,,,,0
34336521,1.0,28,,,,,0
34336521,1.0,29,,,,,0
34336521,1.0,30,,,,,0
34336521,1.0,31,70724497,online,3.003003003003003,0.0,1
34336521,1.0,32,,,,,0
34336521,1.0,33,,,,,0
34336521,1.0,34,,,,,0
34336521,1.0,35,,,,,0
34336521,1.0,36,,,,,0
34336521,1.0,37,,,,,0
34336521,1.0,38,,,,,0
34336521,1.0,39,,,,,0
34336521,1.0,40,,,,,0
34336521,1.0,41,,,,,0
34336521,1.0,42,,,,,0
34336521,1.0,43,,,,,0
34336521,1.0,44,,,,,0
34336521,1.0,45,,,,,0
34336521,1.0,46,,,,,0
34336521,1.0,47,,,,,0
34336521,1.0,48,,,,,0
34336521,1.0,49,,,,,0
34336521,1.0,50,,,,,0
34336521,1.0,51,,,,,0
34336521,1.0,52,,,,,0
34336521,1.0,53,,,,,0
34336521,1.0,54,,,,,0
34336521,1.0,55,,,,,0
34336521,1.0,56,,,,,0
34336521,1.0,57,,,,,0
34336521,1.0,58,,,,,0
34336521,1.0,59,,,,,0
34336521,1.0,60,,,,,0
82671003,1.0,1,,,,,0
82671003,1.0,2,,,,,0
82671003,1.0,3,,,,,0
82671003,1.0,4,,,,,0
82671003,1.0,5,,,,,0
82671003,1.0,6,,,,,0
82671003,1.0,7,,,,,0
82671003,1.0,8,,,,,0
82671003,1.0,9,,,,,0
82671003,1.0,10,,,,,0
82671003,1.0,11,,,,,0
82671003,1.0,12,,,,,0
82671003,1.0,13,,,,,0
82671003,1.0,14,,,,,0
82671003,1.0,15,,,,,0
82671003,1.0,16,,,,,0
82671003,1.0,17,,,,,0
82671003,1.0,18,,,,,0
82671003,1.0,19,,,,,0
82671003,1.0,20,,,,,0
82671003,1.0,21,,,,,0
82671003,1.0,22,,,,,0
82671003,1.0,23,,,,,0
82671003,1.0,24,,,,,0
82671003,1.0,25,,,,,0
82671003,1.0,26,,,,,0
82671003,1.0,27,,,,,0
82671003,1.0,28,,,,,0
82671003,1.0,29,,,,,0
82671003,1.0,30,,,,,0
82671003,1.0,31,,,,,0
82671003,1.0,32,,,,,0
82671003,1.0,33,,,,,0
82671003,1.0,34,,,,,0
82671003,1.0,35,,,,,0
82671003,1.0,36,,,,,0
82671003,1.0,37,,,,,0
82671003,1.0,38,,,,,0
82671003,1.0,39,,,,,0
82671003,1.0,40,,,,,0
82671003,1.0,41,,,,,0
82671003,1.0,42,,,,,0
82671003,1.0,43,,,,,0
82671003,1.0,44,,,,,0
82671003,1.0,45,,,,,0
82671003,1.0,46,,,,,0
82671003,1.0,47,,,,,0
82671003,1.0,48,,,,,0
82671003,1.0,49,,,,,0
82671003,1.0,50,,,,,0
82671003,1.0,51,,,,,0
82671003,1.0,52,,,,,0
82671003,1.0,53,,,,,0
82671003,1.0,54,,,,,0
82671003,1.0,55,,,,,0
82671003,1.0,56,,,,,0
82671003,1.0,57,,,,,0
82671003,1.0,58,,,,,0
82671003,1.0,59,,,,,0
82671003,1.0,60,,,,,0
95795536,1.0,1,,,,,0
95795536,1.0,2,,,,,0
95795536,1.0,3,,,,,0
95795536,1.0,4,,,,,0
95795536,1.0,5,,,,,0
95795536,1.0,6,,,,,0
95795536,1.0,7,,,,,0
95795536,1.0,8,,,,,0
95795536,1.0,9,,,,,0
95795536,1.0,10,,,,,0
95795536,1.0,11,,,,,0
95795536,1.0,12,,,,,0
95795536,1.0,13,,,,,0
95795536,1.0,14,,,,,0
95795536,1.0,15,,,,,0
95795536,1.0,16,,,,,0
95795536,1.0,17,,,,,0
95795536,1.0,18,,,,,0
95795536,1.0,19,,,,,0
95795536,1.0,20,,,,,0
95795536,1.0,21,,,,,0
95795536,1.0,22,,,,,0
95795536,1.0,23,,,,,0
95795536,1.0,24,,,,,0
95795536,1.0,25,,,,,0
95795536,1.0,26,,,,,0
95795536,1.0,27,,,,,0
95795536,1.0,28,,,,,0
95795536,1.0,29,,,,,0
95795536,1.0,30,,,,,0
95795536,1.0,31,,,,,0
95795536,1.0,32,,,,,0
95795536,1.0,33,,,,,0
95795536,1.0,34,,,,,0
95795536,1.0,35,,,,,0
95795536,1.0,36,,,,,0
95795536,1.0,37,,,,,0
95795536,1.0,38,,,,,0
95795536,1.0,39,,,,,0
95795536,1.0,40,,,,,0
95795536,1.0,41,,,,,0
95795536,1.0,42,,,,,0
95795536,1.0,43,,,,,0
95795536,1.0,44,,,,,0
95795536,1.0,45,,,,,0
95795536,1.0,46,,,,,0
95795536,1.0,47,,,,,0
95795536,1.0,48,,,,,0
95795536,1.0,49,,,,,0
95795536,1.0,50,,,,,0
95795536,1.0,51,,,,,0
95795536,1.0,52,,,,,0
95795536,1.0,53,,,,,0
95795536,1.0,54,,,,,0
95795536,1.0,55,,,,,0
95795536,1.0,56,,,,,0
95795536,1.0,57,,,,,0
95795536,1.0,58,,,,,0
95795536,1.0,59,,,,,0
95795536,1.0,60,,,,,0
28980270,1.0,1,,,,,0
28980270,1.0,2,,,,,0
28980270,1.0,3,,,,,0
28980270,1.0,4,,,,,0
28980270,1.0,5,,,,,0
28980270,1.0,6,,,,,0
28980270,1.0,7,,,,,0
28980270,1.0,8,,,,,0
28980270,1.0,9,,,,,0
28980270,1.0,10,,,,,0
28980270,1.0,11,,,,,0
28980270,1.0,12,,,,,0
28980270,1.0,13,,,,,0
28980270,1.0,14,,,,,0
28980270,1.0,15,,,,,0
28980270,1.0,16,,,,,0
28980270,1.0,17,,,,,0
28980270,1.0,18,,,,,0
28980270,1.0,19,,,,,0
28980270,1.0,20,,,,,0
28980270,1.0,21,,,,,0
28980270,1.0,22,,,,,0
28980270,1.0,23,,,,,0
28980270,1.0,24,,,,,0
28980270,1.0,25,,,,,0
28980270,1.0,26,,,,,0
28980270,1.0,27,,,,,0
28980270,1.0,28,,,,,0
28980270,1.0,29,,,,,0
28980270,1.0,30,,,,,0
28980270,1.0,31,,,,,0
28980270,1.0,32,,,,,0
28980270,1.0,33,,,,,0
28980270,1.0,34,,,,,0
28980270,1.0,35,,,,,0
28980270,1.0,36,,,,,0
28980270,1.0,37,,,,,0
28980270,1.0,38,,,,,0
28980270,1.0,39,,,,,0
28980270,1.0,40,,,,,0
28980270,1.0,41,,,,,0
28980270,1.0,42,,,,,0
28980270,1.0,43,,,,,0
28980270,1.0,44,,,,,0
28980270,1.0,45,,,,,0
28980270,1.0,46,,,,,0
28980270,1.0,47,,,,,0
28980270,1.0,48,,,,,0
28980270,1.0,49,,,,,0
28980270,1.0,50,,,,,0
28980270,1.0,51,,,,,0
28980270,1.0,52,,,,,0
28980270,1.0,53,,,,,0
28980270,1.0,54,,,,,0
28980270,1.0,55,,,,,0
28980270,1.0,56,,,,,0
28980270,1.0,57,,,,,0
28980270,1.0,58,,,,,0
28980270,1.0,59,,,,,0
28980270,1.0,60,,,,,0
20025235,1.0,1,,,,,0
20025235,1.0,2,,,,,0
20025235,1.0,3,,,,,0
20025235,1.0,4,,,,,0
20025235,1.0,5,,,,,0
20025235,1.0,6,,,,,0
20025235,1.0,7,,,,,0
20025235,1.0,8,,,,,0
20025235,1.0,9,,,,,0
20025235,1.0,10,,,,,0
20025235,1.0,11,,,,,0
20025235,1.0,12,,,,,0
20025235,1.0,13,,,,,0
20025235,1.0,14,,,,,0
20025235,1.0,15,,,,,0
20025235,1.0,16,,,,,0
20025235,1.0,17,,,,,0
20025235,1.0,18,,,,,0
20025235,1.0,19,,,,,0
20025235,1.0,20,,,,,0
20025235,1.0,21,,,,,0
20025235,1.0,22,,,,,0
20025235,1.0,23,,,,,0
20025235,1.0,24,,,,,0
20025235,1.0,25,,,,,0
20025235,1.0,26,,,,,0
20025235,1.0,27,,,,,0
20025235,1.0,28,,,,,0
20025235,1.0,29,,,,,0
20025235,1.0,30,,,,,0
20025235,1.0,31,,,,,0
20025235,1.0,32,,,,,0
20025235,1.0,33,,,,,0
20025235,1.0,34,,,,,0
20025235,1.0,35,,,,,0
20025235,1.0,36,,,,,0
20025235,1.0,37,,,,,0
20025235,1.0,38,,,,,0
20025235,1.0,39,,,,,0
20025235,1.0,40,,,,,0
20025235,1.0,41,,,,,0
20025235,1.0,42,,,,,0
20025235,1.0,43,,,,,0
20025235,1.0,44,,,,,0
20025235,1.0,45,,,,,0
20025235,1.0,46,,,,,0
20025235,1.0,47,,,,,0
20025235,1.0,48,,,,,0
20025235,1.0,49,,,,,0
20025235,1.0,50,,,,,0
20025235,1.0,51,,,,,0
20025235,1.0,52,,,,,0
20025235,1.0,53,,,,,0
20025235,1.0,54,,,,,0
20025235,1.0,55,,,,,0
20025235,1.0,56,,,,,0
20025235,1.0,57,,,,,0
20025235,1.0,58,,,,,0
20025235,1.0,59,,,,,0
20025235,1.0,60,,,,,0
65876244,1.0,1,,,,,0
65876244,1.0,2,,,,,0
65876244,1.0,3,,,,,0
65876244,1.0,4,,,,,0
65876244,1.0,5,,,,,0
65876244,1.0,6,,,,,0
65876244,1.0,7,,,,,0
65876244,1.0,8,,,,,0
65876244,1.0,9,,,,,0
65876244,1.0,10,,,,,0
65876244,1.0,11,,,,,0
65876244,1.0,12,,,,,0
65876244,1.0,13,,,,,0
65876244,1.0,14,,,,,0
65876244,1.0,15,,,,,0
65876244,1.0,16,,,,,0
65876244,1.0,17,,,,,0
65876244,1.0,18,,,,,0
65876244,1.0,19,,,,,0
65876244,1.0,20,,,,,0
65876244,1.0,21,,,,,0
65876244,1.0,22,,,,,0
65876244,1.0,23,,,,,0
65876244,1.0,24,,,,,0
65876244,1.0,25,,,,,0
65876244,1.0,26,,,,,0
65876244,1.0,27,,,,,0
65876244,1.0,28,,,,,0
65876244,1.0,29,,,,,0
65876244,1.0,30,,,,,0
65876244,1.0,31,,,,,0
65876244,1.0,32,,,,,0
65876244,1.0,33,,,,,0
65876244,1.0,34,,,,,0
65876244,1.0,35,,,,,0
65876244,1.0,36,,,,,0
65876244,1.0,37,,,,,0
65876244,1.0,38,,,,,0
65876244,1.0,39,,,,,0
65876244,1.0,40,,,,,0
65876244,1.0,41,,,,,0
65876244,1.0,42,,,,,0
65876244,1.0,43,,,,,0
65876244,1.0,44,,,,,0
65876244,1.0,45,,,,,0
65876244,1.0,46,,,,,0
65876244,1.0,47,,,,,0
65876244,1.0,48,,,,,0
65876244,1.0,49,,,,,0
65876244,1.0,50,,,,,0
65876244,1.0,51,,,,,0
65876244,1.0,52,,,,,0
65876244,1.0,53,,,,,0
65876244,1.0,54,,,,,0
65876244,1.0,55,,,,,0
65876244,1.0,56,,,,,0
65876244,1.0,57,,,,,0
65876244,1.0,58,,,,,0
65876244,1.0,59,,,,,0
65876244,1.0,60,,,,,0
15427115,1.0,1,,,,,0
15427115,1.0,2,,,,,0
15427115,1.0,3,,,,,0
15427115,1.0,4,,,,,0
15427115,1.0,5,,,,,0
15427115,1.0,6,,,,,0
15427115,1.0,7,,,,,0
15427115,1.0,8,,,,,0
15427115,1.0,9,,,,,0
15427115,1.0,10,,,,,0
15427115,1.0,11,,,,,0
15427115,1.0,12,,,,,0
15427115,1.0,13,,,,,0
15427115,1.0,14,,,,,0
15427115,1.0,15,,,,,0
15427115,1.0,16,,,,,0
15427115,1.0,17,,,,,0
15427115,1.0,18,,,,,0
15427115,1.0,19,,,,,0
15427115,1.0,20,,,,,0
15427115,1.0,21,,,,,0
15427115,1.0,22,,,,,0
15427115,1.0,23,,,,,0
15427115,1.0,24,,,,,0
15427115,1.0,25,,,,,0
15427115,1.0,26,,,,,0
15427115,1.0,27,,,,,0
15427115,1.0,28,,,,,0
15427115,1.0,29,,,,,0
15427115,1.0,30,,,,,0
15427115,1.0,31,,,,,0
15427115,1.0,32,,,,,0
15427115,1.0,33,,,,,0
15427115,1.0,34,,,,,0
15427115,1.0,35,,,,,0
15427115,1.0,36,,,,,0
15427115,1.0,37,,,,,0
15427115,1.0,38,,,,,0
15427115,1.0,39,,,,,0
15427115,1.0,40,,,,,0
15427115,1.0,41,,,,,0
15427115,1.0,42,,,,,0
15427115,1.0,43,,,,,0
15427115,1.0,44,,,,,0
15427115,1.0,45,,,,,0
15427115,1.0,46,,,,,0
15427115,1.0,47,,,,,0
15427115,1.0,48,,,,,0
15427115,1.0,49,,,,,0
15427115,1.0,50,,,,,0
15427115,1.0,51,,,,,0
15427115,1.0,52,,,,,0
15427115,1.0,53,,,,,0
15427115,1.0,54,,,,,0
15427115,1.0,55,,,,,0
15427115,1.0,56,,,,,0
15427115,1.0,57,,,,,0
15427115,1.0,58,,,,,0
15427115,1.0,59,,,,,0
15427115,1.0,60,,,,,0
44845166,1.0,1,,,,,0
44845166,1.0,2,,,,,0
44845166,1.0,3,,,,,0
44845166,1.0,4,,,,,0
44845166,1.0,5,,,,,0
44845166,1.0,6,,,,,0
44845166,1.0,7,,,,,0
44845166,1.0,8,,,,,0
44845166,1.0,9,,,,,0
44845166,1.0,10,,,,,0
44845166,1.0,11,,,,,0
44845166,1.0,12,,,,,0
44845166,1.0,13,,,,,0
44845166,1.0,14,,,,,0
44845166,1.0,15,,,,,0
44845166,1.0,16,,,,,0
44845166,1.0,17,,,,,0
44845166,1.0,18,,,,,0
44845166,1.0,19,,,,,0
44845166,1.0,20,,,,,0
44845166,1.0,21,,,,,0
44845166,1.0,22,,,,,0
44845166,1.0,23,,,,,0
44845166,1.0,24,,,,,0
44845166,1.0,25,,,,,0
44845166,1.0,26,,,,,0
44845166,1.0,27,,,,,0
44845166,1.0,28,,,,,0
44845166,1.0,29,,,,,0
44845166,1.0,30,,,,,0
44845166,1.0,31,,,,,0
44845166,1.0,32,,,,,0
44845166,1.0,33,,,,,0
44845166,1.0,34,,,,,0
44845166,1.0,35,,,,,0
44845166,1.0,36,,,,,0
44845166,1.0,37,,,,,0
44845166,1.0,38,,,,,0
44845166,1.0,39,,,,,0
44845166,1.0,40,,,,,0
44845166,1.0,41,,,,,0
44845166,1.0,42,,,,,0
44845166,1.0,43,,,,,0
44845166,1.0,44,,,,,0
44845166,1.0,45,,,,,0
44845166,1.0,46,,,,,0
44845166,1.0,47,,,,,0
44845166,1.0,48,,,,,0
44845166,1.0,49,,,,,0
44845166,1.0,50,,,,,0
44845166,1.0,51,,,,,0
44845166,1.0,52,,,,,0
44845166,1.0,53,,,,,0
44845166,1.0,54,,,,,0
44845166,1.0,55,,,,,0
44845166,1.0,56,,,,,0
44845166,1.0,57,,,,,0
44845166,1.0,58,,,,,0
44845166,1.0,59,,,,,0
44845166,1.0,60,,,,,0
18249547,1.0,1,,,,,0
18249547,1.0,2,,,,,0
18249547,1.0,3,,,,,0
18249547,1.0,4,,,,,0
18249547,1.0,5,,,,,0
18249547,1.0,6,,,,,0
18249547,1.0,7,,,,,0
18249547,1.0,8,,,,,0
18249547,1.0,9,,,,,0
18249547,1.0,10,,,,,0
18249547,1.0,11,,,,,0
18249547,1.0,12,,,,,0
18249547,1.0,13,,,,,0
18249547,1.0,14,,,,,0
18249547,1.0,15,,,,,0
18249547,1.0,16,,,,,0
18249547,1.0,17,,,,,0
18249547,1.0,18,,,,,0
18249547,1.0,19,,,,,0
18249547,1.0,20,,,,,0
18249547,1.0,21,,,,,0
18249547,1.0,22,,,,,0
18249547,1.0,23,,,,,0
18249547,1.0,24,,,,,0
18249547,1.0,25,,,,,0
18249547,1.0,26,,,,,0
18249547,1.0,27,,,,,0
18249547,1.0,28,,,,,0
18249547,1.0,29,,,,,0
18249547,1.0,30,,,,,0
18249547,1.0,31,,,,,0
18249547,1.0,32,,,,,0
18249547,1.0,33,,,,,0
18249547,1.0,34,,,,,0
18249547,1.0,35,,,,,0
18249547,1.0,36,,,,,0
18249547,1.0,37,,,,,0
18249547,1.0,38,,,,,0
18249547,1.0,39,,,,,0
18249547,1.0,40,,,,,0
18249547,1.0,41,,,,,0
18249547,1.0,42,,,,,0
18249547,1.0,43,,,,,0
18249547,1.0,44,,,,,0
18249547,1.0,45,,,,,0
18249547,1.0,46,,,,,0
18249547,1.0,47,,,,,0
18249547,1.0,48,,,,,0
18249547,1.0,49,,,,,0
18249547,1.0,50,,,,,0
18249547,1.0,51,,,,,0
18249547,1.0,52,,,,,0
18249547,1.0,53,,,,,0
18249547,1.0,54,,,,,0
18249547,1.0,55,,,,,0
18249547,1.0,56,,,,,0
18249547,1.0,57,,,,,0
18249547,1.0,58,,,,,0
18249547,1.0,59,,,,,0
18249547,1.0,60,,,,,0
27096178,1.0,1,43631890,onsite,0.125,0.0,1
27096178,1.0,2,50984520,onsite,0.125,0.0,1
27096178,1.0,3,50984520,onsite,0.125,0.0,1
27096178,1.0,4,13637202,onsite,0.125,0.0,1
27096178,1.0,5,47879707,onsite,0.125,0.0,1
27096178,1.0,6,43631890,onsite,0.125,0.0,1
27096178,1.0,7,37785214,onsite,0.125,0.0,1
27096178,1.0,8,40114190,onsite,0.125,0.0,1
27096178,1.0,9,40114190,onsite,0.125,0.0,1
27096178,1.0,10,34101951,onsite,0.125,0.0,1
27096178,1.0,11,94065300,onsite,0.7501875468867217,0.0,1
27096178,1.0,12,,,,,0
27096178,1.0,13,37788556,onsite,0.7501875468867217,0.0,1
27096178,1.0,14,99379271,onsite,0.7501875468867217,0.0,1
27096178,1.0,15,62482328,onsite,2.0,0.0,1
27096178,1.0,16,,,,,0
27096178,1.0,17,,,,,0
27096178,1.0,18,,,,,0
27096178,1.0,19,16403894,onsite,2.0,0.0,1
27096178,1.0,20,,,,,0
27096178,1.0,21,,,,,0
27096178,1.0,22,44997027,onsite,2.0,0.0,1
27096178,1.0,23,13828931,onsite,2.0,0.0,1
27096178,1.0,24,40232358,onsite,0.7501875468867217,0.0,1
27096178,1.0,25,,,,,0
27096178,1.0,26,77585273,onsite,0.125,0.0,1
27096178,1.0,27,,,,,0
27096178,1.0,28,,,,,0
27096178,1.0,29,,,,,0
27096178,1.0,30,85559919,onsite,2.5,0.0,1
27096178,1.0,31,,,,,0
27096178,1.0,32,,,,,0
27096178,1.0,33,,,,,0
27096178,1.0,34,,,,,0
27096178,1.0,35,,,,,0
27096178,1.0,36,,,,,0
27096178,1.0,37,,,,,0
27096178,1.0,38,,,,,0
27096178,1.0,39,,,,,0
27096178,1.0,40,,,,,0
27096178,1.0,41,,,,,0
27096178,1.0,42,,,,,0
27096178,1.0,43,,,,,0
27096178,1.0,44,,,,,0
27096178,1.0,45,,,,,0
27096178,1.0,46,,,,,0
27096178,1.0,47,,,,,0
27096178,1.0,48,,,,,0
27096178,1.0,49,,,,,0
27096178,1.0,50,,,,,0
27096178,1.0,51,,,,,0
27096178,1.0,52,,,,,0
27096178,1.0,53,,,,,0
27096178,1.0,54,,,,,0
27096178,1.0,55,,,,,0
27096178,1.0,56,,,,,0
27096178,1.0,57,,,,,0
27096178,1.0,58,,,,,0
27096178,1.0,59,,,,,0
27096178,1.0,60,,,,,0
42879523,1.0,1,37785214,onsite,0.125,0.0,1
42879523,1.0,2,37785214,onsite,0.125,0.0,1
42879523,1.0,3,81276423,onsite,0.125,0.0,1
42879523,1.0,4,40114190,onsite,0.125,0.0,1
42879523,1.0,5,94426110,onsite,0.125,0.0,1
42879523,1.0,6,71760872,onsite,0.125,0.0,1
42879523,1.0,7,20407921,onsite,0.125,0.0,1
42879523,1.0,8,43631890,onsite,0.125,0.0,1
42879523,1.0,9,98908009,onsite,0.125,0.0,1
42879523,1.0,10,81276423,onsite,0.125,0.0,1
42879523,1.0,11,,,,,0
42879523,1.0,12,,,,,0
42879523,1.0,13,,,,,0
42879523,1.0,14,44438241,online,2.0,0.0,1
42879523,1.0,15,,,,,0
42879523,1.0,16,,,,,0
42879523,1.0,17,,,,,0
42879523,1.0,18,,,,,0
42879523,1.0,19,,,,,0
42879523,1.0,20,,,,,0
42879523,1.0,21,,,,,0
42879523,1.0,22,29744388,online,2.0,0.0,1
42879523,1.0,23,34721191,onsite,2.0,0.0,1
42879523,1.0,24,,,,,0
42879523,1.0,25,,,,,0
42879523,1.0,26,15591198,online,2.0,0.0,1
42879523,1.0,27,57838340,online,2.5,0.0,1
42879523,1.0,28,,,,,0
42879523,1.0,29,19453686,online,3.003003003003003,0.0,1
42879523,1.0,30,,,,,0
42879523,1.0,31,84810658,online,3.003003003003003,0.0,1
42879523,1.0,32,88414660,online,3.003003003003003,0.0,1
42879523,1.0,33,,,,,0
42879523,1.0,34,,,,,0
42879523,1.0,35,,,,,0
42879523,1.0,36,,,,,0
42879523,1.0,37,,,,,0
42879523,1.0,38,,,,,0
42879523,1.0,39,,,,,0
42879523,1.0,40,,,,,0
42879523,1.0,41,,,,,0
42879523,1.0,42,,,,,0
42879523,1.0,43,,,,,0
42879523,1.0,44,,,,,0
42879523,1.0,45,,,,,0
42879523,1.0,46,,,,,0
42879523,1.0,47,,,,,0
42879523,1.0,48,,,,,0
42879523,1.0,49,,,,,0
42879523,1.0,50,,,,,0
42879523,1.0,51,,,,,0
42879523,1.0,52,,,,,0
42879523,1.0,53,,,,,0
42879523,1.0,54,,,,,0
42879523,1.0,55,,,,,0
42879523,1.0,56,,,,,0
42879523,1.0,57,,,,,0
42879523,1.0,58,,,,,0
42879523,1.0,59,,,,,0
42879523,1.0,60,,,,,0
76629351,1.0,1,,,,,0
76629351,1.0,2,,,,,0
76629351,1.0,3,,,,,0
76629351,1.0,4,,,,,0
76629351,1.0,5,,,,,0
76629351,1.0,6,,,,,0
76629351,1.0,7,,,,,0
76629351,1.0,8,,,,,0
76629351,1.0,9,,,,,0
76629351,1.0,10,,,,,0
76629351,1.0,11,,,,,0
76629351,1.0,12,,,,,0
76629351,1.0,13,,,,,0
76629351,1.0,14,,,,,0
76629351,1.0,15,,,,,0
76629351,1.0,16,,,,,0
76629351,1.0,17,,,,,0
76629351,1.0,18,,,,,0
76629351,1.0,19,,,,,0
76629351,1.0,20,,,,,0
76629351,1.0,21,,,,,0
76629351,1.0,22,,,,,0
76629351,1.0,23,,,,,0
76629351,1.0,24,,,,,0
76629351,1.0,25,,,,,0
76629351,1.0,26,,,,,0
76629351,1.0,27,,,,,0
76629351,1.0,28,,,,,0
76629351,1.0,29,,,,,0
76629351,1.0,30,,,,,0
76629351,1.0,31,,,,,0
76629351,1.0,32,,,,,0
76629351,1.0,33,,,,,0
76629351,1.0,34,,,,,0
76629351,1.0,35,,,,,0
76629351,1.0,36,,,,,0
76629351,1.0,37,,,,,0
76629351,1.0,38,,,,,0
76629351,1.0,39,,,,,0
76629351,1.0,40,,,,,0
76629351,1.0,41,,,,,0
76629351,1.0,42,,,,,0
76629351,1.0,43,,,,,0
76629351,1.0,44,,,,,0
76629351,1.0,45,,,,,0
76629351,1.0,46,,,,,0
76629351,1.0,47,,,,,0
76629351,1.0,48,,,,,0
76629351,1.0,49,,,,,0
76629351,1.0,50,,,,,0
76629351,1.0,51,,,,,0
76629351,1.0,52,,,,,0
76629351,1.0,53,,,,,0
76629351,1.0,54,,,,,0
76629351,1.0,55,,,,,0
76629351,1.0,56,,,,,0
76629351,1.0,57,,,,,0
76629351,1.0,58,,,,,0
76629351,1.0,59,,,,,0
76629351,1.0,60,,,,,0
11350447,1.0,1,79916476,online,2.5,0.0,1
11350447,1.0,2,39320303,onsite,0.125,0.0,1
11350447,1.0,3,30145138,onsite,0.125,0.0,1
11350447,1.0,4,,,,,0
11350447,1.0,5,,,,,0
11350447,1.0,6,70942690,onsite,0.125,0.0,1
11350447,1.0,7,70923390,onsite,0.125,0.0,1
11350447,1.0,8,,,,,0
11350447,1.0,9,22816481,onsite,0.125,0.0,1
11350447,1.0,10,,,,,0
11350447,1.0,11,,,,,0
11350447,1.0,12,33540615,onsite,0.125,0.0,1
11350447,1.0,13,77129325,onsite,0.125,0.0,1
11350447,1.0,14,81634710,onsite,0.125,0.0,1
11350447,1.0,15,73344763,onsite,0.125,0.0,1
11350447,1.0,16,22453141,onsite,0.125,0.0,1
11350447,1.0,17,,,,,0
11350447,1.0,18,52711433,onsite,0.125,0.0,1
11350447,1.0,19,,,,,0
11350447,1.0,20,18091603,onsite,1.2,0.8,1
11350447,1.0,21,,,,,0
11350447,1.0,22,,,,,0
11350447,1.0,23,,,,,0
11350447,1.0,24,,,,,0
11350447,1.0,25,,,,,0
11350447,1.0,26,,,,,0
11350447,1.0,27,,,,,0
11350447,1.0,28,,,,,0
11350447,1.0,29,35654326,onsite,2.5,0.0,1
11350447,1.0,30,,,,,0
11350447,1.0,31,,,,,0
11350447,1.0,32,,,,,0
11350447,1.0,33,,,,,0
11350447,1.0,34,,,,,0
11350447,1.0,35,,,,,0
11350447,1.0,36,,,,,0
11350447,1.0,37,,,,,0
11350447,1.0,38,,,,,0
11350447,1.0,39,,,,,0
11350447,1.0,40,,,,,0
11350447,1.0,41,,,,,0
11350447,1.0,42,,,,,0
11350447,1.0,43,,,,,0
11350447,1.0,44,,,,,0
11350447,1.0,45,,,,,0
11350447,1.0,46,,,,,0
11350447,1.0,47,,,,,0
11350447,1.0,48,,,,,0
11350447,1.0,49,,,,,0
11350447,1.0,50,,,,,0
11350447,1.0,51,,,,,0
11350447,1.0,52,,,,,0
11350447,1.0,53,,,,,0
11350447,1.0,54,,,,,0
11350447,1.0,55,,,,,0
11350447,1.0,56,,,,,0
11350447,1.0,57,,,,,0
11350447,1.0,58,,,,,0
11350447,1.0,59,,,,,0
11350447,1.0,60,,,,,0
27243979,1.0,1,,,,,0
27243979,1.0,2,,,,,0
27243979,1.0,3,,,,,0
27243979,1.0,4,,,,,0
27243979,1.0,5,,,,,0
27243979,1.0,6,,,,,0
27243979,1.0,7,,,,,0
27243979,1.0,8,,,,,0
27243979,1.0,9,,,,,0
27243979,1.0,10,,,,,0
27243979,1.0,11,,,,,0
27243979,1.0,12,,,,,0
27243979,1.0,13,,,,,0
27243979,1.0,14,,,,,0
27243979,1.0,15,,,,,0
27243979,1.0,16,,,,,0
27243979,1.0,17,,,,,0
27243979,1.0,18,,,,,0
27243979,1.0,19,,,,,0
27243979,1.0,20,,,,,0
27243979,1.0,21,,,,,0
27243979,1.0,22,,,,,0
27243979,1.0,23,,,,,0
27243979,1.0,24,,,,,0
27243979,1.0,25,,,,,0
27243979,1.0,26,,,,,0
27243979,1.0,27,,,,,0
27243979,1.0,28,,,,,0
27243979,1.0,29,,,,,0
27243979,1.0,30,,,,,0
27243979,1.0,31,,,,,0
27243979,1.0,32,,,,,0
27243979,1.0,33,,,,,0
27243979,1.0,34,,,,,0
27243979,1.0,35,,,,,0
27243979,1.0,36,,,,,0
27243979,1.0,37,,,,,0
27243979,1.0,38,,,,,0
27243979,1.0,39,,,,,0
27243979,1.0,40,,,,,0
27243979,1.0,41,,,,,0
27243979,1.0,42,,,,,0
27243979,1.0,43,,,,,0
27243979,1.0,44,,,,,0
27243979,1.0,45,,,,,0
27243979,1.0,46,,,,,0
27243979,1.0,47,,,,,0
27243979,1.0,48,,,,,0
27243979,1.0,49,,,,,0
27243979,1.0,50,,,,,0
27243979,1.0,51,,,,,0
27243979,1.0,52,,,,,0
27243979,1.0,53,,,,,0
27243979,1.0,54,,,,,0
27243979,1.0,55,,,,,0
27243979,1.0,56,,,,,0
27243979,1.0,57,,,,,0
27243979,1.0,58,,,,,0
27243979,1.0,59,,,,,0
27243979,1.0,60,,,,,0
18443025,1.0,1,,,,,0
18443025,1.0,2,,,,,0
18443025,1.0,3,,,,,0
18443025,1.0,4,,,,,0
18443025,1.0,5,,,,,0
18443025,1.0,6,,,,,0
18443025,1.0,7,,,,,0
18443025,1.0,8,,,,,0
18443025,1.0,9,,,,,0
18443025,1.0,10,,,,,0
18443025,1.0,11,,,,,0
18443025,1.0,12,,,,,0
18443025,1.0,13,,,,,0
18443025,1.0,14,,,,,0
18443025,1.0,15,,,,,0
18443025,1.0,16,,,,,0
18443025,1.0,17,,,,,0
18443025,1.0,18,,,,,0
18443025,1.0,19,,,,,0
18443025,1.0,20,,,,,0
18443025,1.0,21,,,,,0
18443025,1.0,22,,,,,0
18443025,1.0,23,,,,,0
18443025,1.0,24,,,,,0
18443025,1.0,25,,,,,0
18443025,1.0,26,,,,,0
18443025,1.0,27,,,,,0
18443025,1.0,28,,,,,0
18443025,1.0,29,,,,,0
18443025,1.0,30,,,,,0
18443025,1.0,31,,,,,0
18443025,1.0,32,,,,,0
18443025,1.0,33,,,,,0
18443025,1.0,34,,,,,0
18443025,1.0,35,,,,,0
18443025,1.0,36,,,,,0
18443025,1.0,37,,,,,0
18443025,1.0,38,,,,,0
18443025,1.0,39,,,,,0
18443025,1.0,40,,,,,0
18443025,1.0,41,,,,,0
18443025,1.0,42,,,,,0
18443025,1.0,43,,,,,0
18443025,1.0,44,,,,,0
18443025,1.0,45,,,,,0
18443025,1.0,46,,,,,0
18443025,1.0,47,,,,,0
18443025,1.0,48,,,,,0
18443025,1.0,49,,,,,0
18443025,1.0,50,,,,,0
18443025,1.0,51,,,,,0
18443025,1.0,52,,,,,0
18443025,1.0,53,,,,,0
18443025,1.0,54,,,,,0
18443025,1.0,55,,,,,0
18443025,1.0,56,,,,,0
18443025,1.0,57,,,,,0
18443025,1.0,58,,,,,0
18443025,1.0,59,,,,,0
18443025,1.0,60,,,,,0
49193750,1.0,1,,,,,0
49193750,1.0,2,,,,,0
49193750,1.0,3,,,,,0
49193750,1.0,4,,,,,0
49193750,1.0,5,,,,,0
49193750,1.0,6,,,,,0
49193750,1.0,7,,,,,0
49193750,1.0,8,,,,,0
49193750,1.0,9,,,,,0
49193750,1.0,10,,,,,0
49193750,1.0,11,,,,,0
49193750,1.0,12,,,,,0
49193750,1.0,13,,,,,0
49193750,1.0,14,,,,,0
49193750,1.0,15,,,,,0
49193750,1.0,16,,,,,0
49193750,1.0,17,,,,,0
49193750,1.0,18,,,,,0
49193750,1.0,19,,,,,0
49193750,1.0,20,,,,,0
49193750,1.0,21,,,,,0
49193750,1.0,22,,,,,0
49193750,1.0,23,,,,,0
49193750,1.0,24,,,,,0
49193750,1.0,25,,,,,0
49193750,1.0,26,,,,,0
49193750,1.0,27,,,,,0
49193750,1.0,28,,,,,0
49193750,1.0,29,,,,,0
49193750,1.0,30,,,,,0
49193750,1.0,31,,,,,0
49193750,1.0,32,,,,,0
49193750,1.0,33,,,,,0
49193750,1.0,34,,,,,0
49193750,1.0,35,,,,,0
49193750,1.0,36,,,,,0
49193750,1.0,37,,,,,0
49193750,1.0,38,,,,,0
49193750,1.0,39,,,,,0
49193750,1.0,40,,,,,0
49193750,1.0,41,,,,,0
49193750,1.0,42,,,,,0
49193750,1.0,43,,,,,0
49193750,1.0,44,,,,,0
49193750,1.0,45,,,,,0
49193750,1.0,46,,,,,0
49193750,1.0,47,,,,,0
49193750,1.0,48,,,,,0
49193750,1.0,49,,,,,0
49193750,1.0,50,,,,,0
49193750,1.0,51,,,,,0
49193750,1.0,52,,,,,0
49193750,1.0,53,,,,,0
49193750,1.0,54,,,,,0
49193750,1.0,55,,,,,0
49193750,1.0,56,,,,,0
49193750,1.0,57,,,,,0
49193750,1.0,58,,,,,0
49193750,1.0,59,,,,,0
49193750,1.0,60,,,,,0
95808856,1.0,1,,,,,0
95808856,1.0,2,,,,,0
95808856,1.0,3,,,,,0
95808856,1.0,4,,,,,0
95808856,1.0,5,,,,,0
95808856,1.0,6,,,,,0
95808856,1.0,7,,,,,0
95808856,1.0,8,,,,,0
95808856,1.0,9,,,,,0
95808856,1.0,10,,,,,0
95808856,1.0,11,,,,,0
95808856,1.0,12,,,,,0
95808856,1.0,13,,,,,0
95808856,1.0,14,,,,,0
95808856,1.0,15,,,,,0
95808856,1.0,16,,,,,0
95808856,1.0,17,,,,,0
95808856,1.0,18,,,,,0
95808856,1.0,19,,,,,0
95808856,1.0,20,,,,,0
95808856,1.0,21,,,,,0
95808856,1.0,22,,,,,0
95808856,1.0,23,,,,,0
95808856,1.0,24,,,,,0
95808856,1.0,25,,,,,0
95808856,1.0,26,,,,,0
95808856,1.0,27,,,,,0
95808856,1.0,28,,,,,0
95808856,1.0,29,,,,,0
95808856,1.0,30,,,,,0
95808856,1.0,31,,,,,0
95808856,1.0,32,,,,,0
95808856,1.0,33,,,,,0
95808856,1.0,34,,,,,0
95808856,1.0,35,,,,,0
95808856,1.0,36,,,,,0
95808856,1.0,37,,,,,0
95808856,1.0,38,,,,,0
95808856,1.0,39,,,,,0
95808856,1.0,40,,,,,0
95808856,1.0,41,,,,,0
95808856,1.0,42,,,,,0
95808856,1.0,43,,,,,0
95808856,1.0,44,,,,,0
95808856,1.0,45,,,,,0
95808856,1.0,46,,,,,0
95808856,1.0,47,,,,,0
95808856,1.0,48,,,,,0
95808856,1.0,49,,,,,0
95808856,1.0,50,,,,,0
95808856,1.0,51,,,,,0
95808856,1.0,52,,,,,0
95808856,1.0,53,,,,,0
95808856,1.0,54,,,,,0
95808856,1.0,55,,,,,0
95808856,1.0,56,,,,,0
95808856,1.0,57,,,,,0
95808856,1.0,58,,,,,0
95808856,1.0,59,,,,,0
95808856,1.0,60,,,,,0
24570546,1.0,1,,,,,0
24570546,1.0,2,,,,,0
24570546,1.0,3,,,,,0
24570546,1.0,4,,,,,0
24570546,1.0,5,,,,,0
24570546,1.0,6,,,,,0
24570546,1.0,7,,,,,0
24570546,1.0,8,,,,,0
24570546,1.0,9,,,,,0
24570546,1.0,10,,,,,0
24570546,1.0,11,,,,,0
24570546,1.0,12,,,,,0
24570546,1.0,13,,,,,0
24570546,1.0,14,,,,,0
24570546,1.0,15,,,,,0
24570546,1.0,16,,,,,0
24570546,1.0,17,,,,,0
24570546,1.0,18,,,,,0
24570546,1.0,19,,,,,0
24570546,1.0,20,,,,,0
24570546,1.0,21,,,,,0
24570546,1.0,22,,,,,0
24570546,1.0,23,,,,,0
24570546,1.0,24,,,,,0
24570546,1.0,25,,,,,0
24570546,1.0,26,,,,,0
24570546,1.0,27,,,,,0
24570546,1.0,28,,,,,0
24570546,1.0,29,,,,,0
24570546,1.0,30,,,,,0
24570546,1.0,31,,,,,0
24570546,1.0,32,,,,,0
24570546,1.0,33,,,,,0
24570546,1.0,34,,,,,0
24570546,1.0,35,,,,,0
24570546,1.0,36,,,,,0
24570546,1.0,37,,,,,0
24570546,1.0,38,,,,,0
24570546,1.0,39,,,,,0
24570546,1.0,40,,,,,0
24570546,1.0,41,,,,,0
24570546,1.0,42,,,,,0
24570546,1.0,43,,,,,0
24570546,1.0,44,,,,,0
24570546,1.0,45,,,,,0
24570546,1.0,46,,,,,0
24570546,1.0,47,,,,,0
24570546,1.0,48,,,,,0
24570546,1.0,49,,,,,0
24570546,1.0,50,,,,,0
24570546,1.0,51,,,,,0
24570546,1.0,52,,,,,0
24570546,1.0,53,,,,,0
24570546,1.0,54,,,,,0
24570546,1.0,55,,,,,0
24570546,1.0,56,,,,,0
24570546,1.0,57,,,,,0
24570546,1.0,58,,,,,0
24570546,1.0,59,,,,,0
24570546,1.0,60,,,,,0
71666223,1.0,1,,,,,0
71666223,1.0,2,,,,,0
71666223,1.0,3,,,,,0
71666223,1.0,4,,,,,0
71666223,1.0,5,,,,,0
71666223,1.0,6,,,,,0
71666223,1.0,7,,,,,0
71666223,1.0,8,,,,,0
71666223,1.0,9,,,,,0
71666223,1.0,10,,,,,0
71666223,1.0,11,,,,,0
71666223,1.0,12,,,,,0
71666223,1.0,13,,,,,0
71666223,1.0,14,,,,,0
71666223,1.0,15,,,,,0
71666223,1.0,16,,,,,0
71666223,1.0,17,,,,,0
71666223,1.0,18,,,,,0
71666223,1.0,19,,,,,0
71666223,1.0,20,,,,,0
71666223,1.0,21,,,,,0
71666223,1.0,22,,,,,0
71666223,1.0,23,,,,,0
71666223,1.0,24,,,,,0
71666223,1.0,25,,,,,0
71666223,1.0,26,,,,,0
71666223,1.0,27,,,,,0
71666223,1.0,28,,,,,0
71666223,1.0,29,,,,,0
71666223,1.0,30,,,,,0
71666223,1.0,31,,,,,0
71666223,1.0,32,,,,,0
71666223,1.0,33,,,,,0
71666223,1.0,34,,,,,0
71666223,1.0,35,,,,,0
71666223,1.0,36,,,,,0
71666223,1.0,37,,,,,0
71666223,1.0,38,,,,,0
71666223,1.0,39,,,,,0
71666223,1.0,40,,,,,0
71666223,1.0,41,,,,,0
71666223,1.0,42,,,,,0
71666223,1.0,43,,,,,0
71666223,1.0,44,,,,,0
71666223,1.0,45,,,,,0
71666223,1.0,46,,,,,0
71666223,1.0,47,,,,,0
71666223,1.0,48,,,,,0
71666223,1.0,49,,,,,0
71666223,1.0,50,,,,,0
71666223,1.0,51,,,,,0
71666223,1.0,52,,,,,0
71666223,1.0,53,,,,,0
71666223,1.0,54,,,,,0
71666223,1.0,55,,,,,0
71666223,1.0,56,,,,,0
71666223,1.0,57,,,,,0
71666223,1.0,58,,,,,0
71666223,1.0,59,,,,,0
71666223,1.0,60,,,,,0
95423704,1.0,1,,,,,0
95423704,1.0,2,,,,,0
95423704,1.0,3,,,,,0
95423704,1.0,4,,,,,0
95423704,1.0,5,,,,,0
95423704,1.0,6,,,,,0
95423704,1.0,7,,,,,0
95423704,1.0,8,,,,,0
95423704,1.0,9,,,,,0
95423704,1.0,10,,,,,0
95423704,1.0,11,,,,,0
95423704,1.0,12,,,,,0
95423704,1.0,13,,,,,0
95423704,1.0,14,,,,,0
95423704,1.0,15,,,,,0
95423704,1.0,16,,,,,0
95423704,1.0,17,,,,,0
95423704,1.0,18,,,,,0
95423704,1.0,19,,,,,0
95423704,1.0,20,,,,,0
95423704,1.0,21,,,,,0
95423704,1.0,22,,,,,0
95423704,1.0,23,,,,,0
95423704,1.0,24,,,,,0
95423704,1.0,25,,,,,0
95423704,1.0,26,,,,,0
95423704,1.0,27,,,,,0
95423704,1.0,28,,,,,0
95423704,1.0,29,,,,,0
95423704,1.0,30,,,,,0
95423704,1.0,31,,,,,0
95423704,1.0,32,,,,,0
95423704,1.0,33,,,,,0
95423704,1.0,34,,,,,0
95423704,1.0,35,,,,,0
95423704,1.0,36,,,,,0
95423704,1.0,37,,,,,0
95423704,1.0,38,,,,,0
95423704,1.0,39,,,,,0
95423704,1.0,40,,,,,0
95423704,1.0,41,,,,,0
95423704,1.0,42,,,,,0
95423704,1.0,43,,,,,0
95423704,1.0,44,,,,,0
95423704,1.0,45,,,,,0
95423704,1.0,46,,,,,0
95423704,1.0,47,,,,,0
95423704,1.0,48,,,,,0
95423704,1.0,49,,,,,0
95423704,1.0,50,,,,,0
95423704,1.0,51,,,,,0
95423704,1.0,52,,,,,0
95423704,1.0,53,,,,,0
95423704,1.0,54,,,,,0
95423704,1.0,55,,,,,0
95423704,1.0,56,,,,,0
95423704,1.0,57,,,,,0
95423704,1.0,58,,,,,0
95423704,1.0,59,,,,,0
95423704,1.0,60,,,,,0
32578043,1.0,1,,,,,0
32578043,1.0,2,,,,,0
32578043,1.0,3,,,,,0
32578043,1.0,4,,,,,0
32578043,1.0,5,,,,,0
32578043,1.0,6,,,,,0
32578043,1.0,7,,,,,0
32578043,1.0,8,,,,,0
32578043,1.0,9,,,,,0
32578043,1.0,10,,,,,0
32578043,1.0,11,,,,,0
32578043,1.0,12,,,,,0
32578043,1.0,13,,,,,0
32578043,1.0,14,,,,,0
32578043,1.0,15,,,,,0
32578043,1.0,16,,,,,0
32578043,1.0,17,,,,,0
32578043,1.0,18,,,,,0
32578043,1.0,19,,,,,0
32578043,1.0,20,,,,,0
32578043,1.0,21,,,,,0
32578043,1.0,22,,,,,0
32578043,1.0,23,,,,,0
32578043,1.0,24,,,,,0
32578043,1.0,25,,,,,0
32578043,1.0,26,,,,,0
32578043,1.0,27,,,,,0
32578043,1.0,28,,,,,0
32578043,1.0,29,,,,,0
32578043,1.0,30,,,,,0
32578043,1.0,31,,,,,0
32578043,1.0,32,,,,,0
32578043,1.0,33,,,,,0
32578043,1.0,34,,,,,0
32578043,1.0,35,,,,,0
32578043,1.0,36,,,,,0
32578043,1.0,37,,,,,0
32578043,1.0,38,,,,,0
32578043,1.0,39,,,,,0
32578043,1.0,40,,,,,0
32578043,1.0,41,,,,,0
32578043,1.0,42,,,,,0
32578043,1.0,43,,,,,0
32578043,1.0,44,,,,,0
32578043,1.0,45,,,,,0
32578043,1.0,46,,,,,0
32578043,1.0,47,,,,,0
32578043,1.0,48,,,,,0
32578043,1.0,49,,,,,0
32578043,1.0,50,,,,,0
32578043,1.0,51,,,,,0
32578043,1.0,52,,,,,0
32578043,1.0,53,,,,,0
32578043,1.0,54,,,,,0
32578043,1.0,55,,,,,0
32578043,1.0,56,,,,,0
32578043,1.0,57,,,,,0
32578043,1.0,58,,,,,0
32578043,1.0,59,,,,,0
32578043,1.0,60,,,,,0
16713316,1.0,1,,,,,0
16713316,1.0,2,,,,,0
16713316,1.0,3,,,,,0
16713316,1.0,4,,,,,0
16713316,1.0,5,,,,,0
16713316,1.0,6,,,,,0
16713316,1.0,7,,,,,0
16713316,1.0,8,,,,,0
16713316,1.0,9,,,,,0
16713316,1.0,10,,,,,0
16713316,1.0,11,,,,,0
16713316,1.0,12,,,,,0
16713316,1.0,13,,,,,0
16713316,1.0,14,,,,,0
16713316,1.0,15,,,,,0
16713316,1.0,16,,,,,0
16713316,1.0,17,,,,,0
16713316,1.0,18,,,,,0
16713316,1.0,19,,,,,0
16713316,1.0,20,,,,,0
16713316,1.0,21,,,,,0
16713316,1.0,22,,,,,0
16713316,1.0,23,,,,,0
16713316,1.0,24,,,,,0
16713316,1.0,25,,,,,0
16713316,1.0,26,,,,,0
16713316,1.0,27,,,,,0
16713316,1.0,28,,,,,0
16713316,1.0,29,,,,,0
16713316,1.0,30,,,,,0
16713316,1.0,31,,,,,0
16713316,1.0,32,,,,,0
16713316,1.0,33,,,,,0
16713316,1.0,34,,,,,0
16713316,1.0,35,,,,,0
16713316,1.0,36,,,,,0
16713316,1.0,37,,,,,0
16713316,1.0,38,,,,,0
16713316,1.0,39,,,,,0
16713316,1.0,40,,,,,0
16713316,1.0,41,,,,,0
16713316,1.0,42,,,,,0
16713316,1.0,43,,,,,0
16713316,1.0,44,,,,,0
16713316,1.0,45,,,,,0
16713316,1.0,46,,,,,0
16713316,1.0,47,,,,,0
16713316,1.0,48,,,,,0
16713316,1.0,49,,,,,0
16713316,1.0,50,,,,,0
16713316,1.0,51,,,,,0
16713316,1.0,52,,,,,0
16713316,1.0,53,,,,,0
16713316,1.0,54,,,,,0
16713316,1.0,55,,,,,0
16713316,1.0,56,,,,,0
16713316,1.0,57,,,,,0
16713316,1.0,58,,,,,0
16713316,1.0,59,,,,,0
16713316,1.0,60,,,,,0
10541914,1.0,1,16431008,onsite,2.5,0.0,1
10541914,1.0,2,,,,,0
10541914,1.0,3,58834864,onsite,0.125,0.0,1
10541914,1.0,4,58834864,onsite,0.125,0.0,1
10541914,1.0,5,,,,,0
10541914,1.0,6,,,,,0
10541914,1.0,7,,,,,0
10541914,1.0,8,,,,,0
10541914,1.0,9,58834864,onsite,0.125,0.0,1
10541914,1.0,10,39971385,onsite,2.0,0.0,1
10541914,1.0,11,19528147,onsite,0.1,0.024999999999999994,1
10541914,1.0,12,19528147,onsite,0.1,0.024999999999999994,1
10541914,1.0,13,19528147,onsite,0.1,0.024999999999999994,1
10541914,1.0,14,,,,,0
10541914,1.0,15,58834864,onsite,0.125,0.0,1
10541914,1.0,16,,,,,0
10541914,1.0,17,,,,,0
10541914,1.0,18,19528147,onsite,0.1,0.024999999999999994,1
10541914,1.0,19,19528147,onsite,0.1,0.024999999999999994,1
10541914,1.0,20,22882269,onsite,2.0,0.0,1
10541914,1.0,21,76163732,onsite,0.125,0.0,1
10541914,1.0,22,,,,,0
10541914,1.0,23,,,,,0
10541914,1.0,24,76163732,onsite,0.125,0.0,1
10541914,1.0,25,76163732,onsite,0.125,0.0,1
10541914,1.0,26,,,,,0
10541914,1.0,27,76163732,onsite,0.125,0.0,1
10541914,1.0,28,85162092,onsite,2.0,0.0,1
10541914,1.0,29,23426286,onsite,2.0,0.0,1
10541914,1.0,30,,,,,0
10541914,1.0,31,41807405,onsite,2.0,0.0,1
10541914,1.0,32,,,,,0
10541914,1.0,33,16556769,onsite,2.0,0.0,1
10541914,1.0,34,,,,,0
10541914,1.0,35,,,,,0
10541914,1.0,36,70749121,onsite,2.0,0.0,1
10541914,1.0,37,,,,,0
10541914,1.0,38,,,,,0
10541914,1.0,39,,,,,0
10541914,1.0,40,34612411,onsite,2.0,0.0,1
10541914,1.0,41,,,,,0
10541914,1.0,42,,,,,0
10541914,1.0,43,,,,,0
10541914,1.0,44,,,,,0
10541914,1.0,45,,,,,0
10541914,1.0,46,,,,,0
10541914,1.0,47,,,,,0
10541914,1.0,48,,,,,0
10541914,1.0,49,,,,,0
10541914,1.0,50,,,,,0
10541914,1.0,51,,,,,0
10541914,1.0,52,,,,,0
10541914,1.0,53,,,,,0
10541914,1.0,54,,,,,0
10541914,1.0,55,,,,,0
10541914,1.0,56,,,,,0
10541914,1.0,57,,,,,0
10541914,1.0,58,,,,,0
10541914,1.0,59,,,,,0
10541914,1.0,60,,,,,0
49154339,1.0,1,,,,,0
49154339,1.0,2,,,,,0
49154339,1.0,3,,,,,0
49154339,1.0,4,,,,,0
49154339,1.0,5,,,,,0
49154339,1.0,6,,,,,0
49154339,1.0,7,,,,,0
49154339,1.0,8,,,,,0
49154339,1.0,9,,,,,0
49154339,1.0,10,,,,,0
49154339,1.0,11,,,,,0
49154339,1.0,12,,,,,0
49154339,1.0,13,,,,,0
49154339,1.0,14,,,,,0
49154339,1.0,15,,,,,0
49154339,1.0,16,,,,,0
49154339,1.0,17,,,,,0
49154339,1.0,18,,,,,0
49154339,1.0,19,,,,,0
49154339,1.0,20,,,,,0
49154339,1.0,21,,,,,0
49154339,1.0,22,,,,,0
49154339,1.0,23,,,,,0
49154339,1.0,24,,,,,0
49154339,1.0,25,,,,,0
49154339,1.0,26,,,,,0
49154339,1.0,27,,,,,0
49154339,1.0,28,,,,,0
49154339,1.0,29,,,,,0
49154339,1.0,30,,,,,0
49154339,1.0,31,,,,,0
49154339,1.0,32,,,,,0
49154339,1.0,33,,,,,0
49154339,1.0,34,,,,,0
49154339,1.0,35,,,,,0
49154339,1.0,36,,,,,0
49154339,1.0,37,,,,,0
49154339,1.0,38,,,,,0
49154339,1.0,39,,,,,0
49154339,1.0,40,,,,,0
49154339,1.0,41,,,,,0
49154339,1.0,42,,,,,0
49154339,1.0,43,,,,,0
49154339,1.0,44,,,,,0
49154339,1.0,45,,,,,0
49154339,1.0,46,,,,,0
49154339,1.0,47,,,,,0
49154339,1.0,48,,,,,0
49154339,1.0,49,,,,,0
49154339,1.0,50,,,,,0
49154339,1.0,51,,,,,0
49154339,1.0,52,,,,,0
49154339,1.0,53,,,,,0
49154339,1.0,54,,,,,0
49154339,1.0,55,,,,,0
49154339,1.0,56,,,,,0
49154339,1.0,57,,,,,0
49154339,1.0,58,,,,,0
49154339,1.0,59,,,,,0
49154339,1.0,60,,,,,0
37106340,1.0,1,,,,,0
37106340,1.0,2,,,,,0
37106340,1.0,3,,,,,0
37106340,1.0,4,,,,,0
37106340,1.0,5,,,,,0
37106340,1.0,6,,,,,0
37106340,1.0,7,,,,,0
37106340,1.0,8,,,,,0
37106340,1.0,9,,,,,0
37106340,1.0,10,,,,,0
37106340,1.0,11,,,,,0
37106340,1.0,12,,,,,0
37106340,1.0,13,,,,,0
37106340,1.0,14,,,,,0
37106340,1.0,15,,,,,0
37106340,1.0,16,,,,,0
37106340,1.0,17,,,,,0
37106340,1.0,18,,,,,0
37106340,1.0,19,,,,,0
37106340,1.0,20,,,,,0
37106340,1.0,21,,,,,0
37106340,1.0,22,,,,,0
37106340,1.0,23,,,,,0
37106340,1.0,24,,,,,0
37106340,1.0,25,,,,,0
37106340,1.0,26,,,,,0
37106340,1.0,27,,,,,0
37106340,1.0,28,,,,,0
37106340,1.0,29,,,,,0
37106340,1.0,30,,,,,0
37106340,1.0,31,,,,,0
37106340,1.0,32,,,,,0
37106340,1.0,33,,,,,0
37106340,1.0,34,,,,,0
37106340,1.0,35,,,,,0
37106340,1.0,36,,,,,0
37106340,1.0,37,,,,,0
37106340,1.0,38,,,,,0
37106340,1.0,39,,,,,0
37106340,1.0,40,,,,,0
37106340,1.0,41,,,,,0
37106340,1.0,42,,,,,0
37106340,1.0,43,,,,,0
37106340,1.0,44,,,,,0
37106340,1.0,45,,,,,0
37106340,1.0,46,,,,,0
37106340,1.0,47,,,,,0
37106340,1.0,48,,,,,0
37106340,1.0,49,,,,,0
37106340,1.0,50,,,,,0
37106340,1.0,51,,,,,0
37106340,1.0,52,,,,,0
37106340,1.0,53,,,,,0
37106340,1.0,54,,,,,0
37106340,1.0,55,,,,,0
37106340,1.0,56,,,,,0
37106340,1.0,57,,,,,0
37106340,1.0,58,,,,,0
37106340,1.0,59,,,,,0
37106340,1.0,60,,,,,0
68541377,1.0,1,,,,,0
68541377,1.0,2,,,,,0
68541377,1.0,3,,,,,0
68541377,1.0,4,,,,,0
68541377,1.0,5,,,,,0
68541377,1.0,6,,,,,0
68541377,1.0,7,,,,,0
68541377,1.0,8,,,,,0
68541377,1.0,9,,,,,0
68541377,1.0,10,,,,,0
68541377,1.0,11,,,,,0
68541377,1.0,12,,,,,0
68541377,1.0,13,,,,,0
68541377,1.0,14,,,,,0
68541377,1.0,15,,,,,0
68541377,1.0,16,,,,,0
68541377,1.0,17,,,,,0
68541377,1.0,18,,,,,0
68541377,1.0,19,,,,,0
68541377,1.0,20,,,,,0
68541377,1.0,21,,,,,0
68541377,1.0,22,,,,,0
68541377,1.0,23,,,,,0
68541377,1.0,24,,,,,0
68541377,1.0,25,,,,,0
68541377,1.0,26,,,,,0
68541377,1.0,27,,,,,0
68541377,1.0,28,,,,,0
68541377,1.0,29,,,,,0
68541377,1.0,30,,,,,0
68541377,1.0,31,,,,,0
68541377,1.0,32,,,,,0
68541377,1.0,33,,,,,0
68541377,1.0,34,,,,,0
68541377,1.0,35,,,,,0
68541377,1.0,36,,,,,0
68541377,1.0,37,,,,,0
68541377,1.0,38,,,,,0
68541377,1.0,39,,,,,0
68541377,1.0,40,,,,,0
68541377,1.0,41,,,,,0
68541377,1.0,42,,,,,0
68541377,1.0,43,,,,,0
68541377,1.0,44,,,,,0
68541377,1.0,45,,,,,0
68541377,1.0,46,,,,,0
68541377,1.0,47,,,,,0
68541377,1.0,48,,,,,0
68541377,1.0,49,,,,,0
68541377,1.0,50,,,,,0
68541377,1.0,51,,,,,0
68541377,1.0,52,,,,,0
68541377,1.0,53,,,,,0
68541377,1.0,54,,,,,0
68541377,1.0,55,,,,,0
68541377,1.0,56,,,,,0
68541377,1.0,57,,,,,0
68541377,1.0,58,,,,,0
68541377,1.0,59,,,,,0
68541377,1.0,60,,,,,0
11355772,1.0,1,,,,,0
11355772,1.0,2,33476502,online,2.0,0.0,1
11355772,1.0,3,,,,,0
11355772,1.0,4,30806356,onsite,1.2,0.8,1
11355772,1.0,5,,,,,0
11355772,1.0,6,,,,,0
11355772,1.0,7,,,,,0
11355772,1.0,8,,,,,0
11355772,1.0,9,,,,,0
11355772,1.0,10,27390118,onsite,1.2,0.8,1
11355772,1.0,11,,,,,0
11355772,1.0,12,,,,,0
11355772,1.0,13,,,,,0
11355772,1.0,14,,,,,0
11355772,1.0,15,,,,,0
11355772,1.0,16,,,,,0
11355772,1.0,17,,,,,0
11355772,1.0,18,,,,,0
11355772,1.0,19,,,,,0
11355772,1.0,20,60702931,online,2.0,0.0,1
11355772,1.0,21,42671302,onsite,1.2,0.8,1
11355772,1.0,22,17398355,onsite,1.2,0.8,1
11355772,1.0,23,10290631,online,2.0,0.0,1
11355772,1.0,24,23604942,onsite,1.2,0.8,1
11355772,1.0,25,,,,,0
11355772,1.0,26,,,,,0
11355772,1.0,27,,,,,0
11355772,1.0,28,27789940,online,2.0,0.0,1
11355772,1.0,29,,,,,0
11355772,1.0,30,,,,,0
11355772,1.0,31,,,,,0
11355772,1.0,32,,,,,0
11355772,1.0,33,,,,,0
11355772,1.0,34,,,,,0
11355772,1.0,35,,,,,0
11355772,1.0,36,,,,,0
11355772,1.0,37,,,,,0
11355772,1.0,38,,,,,0
11355772,1.0,39,,,,,0
11355772,1.0,40,,,,,0
11355772,1.0,41,,,,,0
11355772,1.0,42,,,,,0
11355772,1.0,43,,,,,0
11355772,1.0,44,,,,,0
11355772,1.0,45,,,,,0
11355772,1.0,46,,,,,0
11355772,1.0,47,,,,,0
11355772,1.0,48,,,,,0
11355772,1.0,49,,,,,0
11355772,1.0,50,,,,,0
11355772,1.0,51,,,,,0
11355772,1.0,52,,,,,0
11355772,1.0,53,,,,,0
11355772,1.0,54,,,,,0
11355772,1.0,55,,,,,0
11355772,1.0,56,,,,,0
11355772,1.0,57,,,,,0
11355772,1.0,58,,,,,0
11355772,1.0,59,,,,,0
11355772,1.0,60,,,,,0
33618209,1.0,1,,,,,0
33618209,1.0,2,,,,,0
33618209,1.0,3,,,,,0
33618209,1.0,4,,,,,0
33618209,1.0,5,,,,,0
33618209,1.0,6,,,,,0
33618209,1.0,7,,,,,0
33618209,1.0,8,,,,,0
33618209,1.0,9,,,,,0
33618209,1.0,10,,,,,0
33618209,1.0,11,,,,,0
33618209,1.0,12,,,,,0
33618209,1.0,13,,,,,0
33618209,1.0,14,,,,,0
33618209,1.0,15,,,,,0
33618209,1.0,16,,,,,0
33618209,1.0,17,,,,,0
33618209,1.0,18,,,,,0
33618209,1.0,19,,,,,0
33618209,1.0,20,,,,,0
33618209,1.0,21,,,,,0
33618209,1.0,22,,,,,0
33618209,1.0,23,,,,,0
33618209,1.0,24,,,,,0
33618209,1.0,25,,,,,0
33618209,1.0,26,,,,,0
33618209,1.0,27,,,,,0
33618209,1.0,28,,,,,0
33618209,1.0,29,,,,,0
33618209,1.0,30,,,,,0
33618209,1.0,31,,,,,0
33618209,1.0,32,,,,,0
33618209,1.0,33,,,,,0
33618209,1.0,34,,,,,0
33618209,1.0,35,,,,,0
33618209,1.0,36,,,,,0
33618209,1.0,37,,,,,0
33618209,1.0,38,,,,,0
33618209,1.0,39,,,,,0
33618209,1.0,40,,,,,0
33618209,1.0,41,,,,,0
33618209,1.0,42,,,,,0
33618209,1.0,43,,,,,0
33618209,1.0,44,,,,,0
33618209,1.0,45,,,,,0
33618209,1.0,46,,,,,0
33618209,1.0,47,,,,,0
33618209,1.0,48,,,,,0
33618209,1.0,49,,,,,0
33618209,1.0,50,,,,,0
33618209,1.0,51,,,,,0
33618209,1.0,52,,,,,0
33618209,1.0,53,,,,,0
33618209,1.0,54,,,,,0
33618209,1.0,55,,,,,0
33618209,1.0,56,,,,,0
33618209,1.0,57,,,,,0
33618209,1.0,58,,,,,0
33618209,1.0,59,,,,,0
33618209,1.0,60,,,,,0
90409319,1.0,1,,,,,0
90409319,1.0,2,,,,,0
90409319,1.0,3,,,,,0
90409319,1.0,4,,,,,0
90409319,1.0,5,,,,,0
90409319,1.0,6,,,,,0
90409319,1.0,7,,,,,0
90409319,1.0,8,,,,,0
90409319,1.0,9,,,,,0
90409319,1.0,10,,,,,0
90409319,1.0,11,,,,,0
90409319,1.0,12,,,,,0
90409319,1.0,13,,,,,0
90409319,1.0,14,,,,,0
90409319,1.0,15,,,,,0
90409319,1.0,16,,,,,0
90409319,1.0,17,,,,,0
90409319,1.0,18,,,,,0
90409319,1.0,19,,,,,0
90409319,1.0,20,,,,,0
90409319,1.0,21,,,,,0
90409319,1.0,22,,,,,0
90409319,1.0,23,,,,,0
90409319,1.0,24,,,,,0
90409319,1.0,25,,,,,0
90409319,1.0,26,,,,,0
90409319,1.0,27,,,,,0
90409319,1.0,28,,,,,0
90409319,1.0,29,,,,,0
90409319,1.0,30,,,,,0
90409319,1.0,31,,,,,0
90409319,1.0,32,,,,,0
90409319,1.0,33,,,,,0
90409319,1.0,34,,,,,0
90409319,1.0,35,,,,,0
90409319,1.0,36,,,,,0
90409319,1.0,37,,,,,0
90409319,1.0,38,,,,,0
90409319,1.0,39,,,,,0
90409319,1.0,40,,,,,0
90409319,1.0,41,,,,,0
90409319,1.0,42,,,,,0
90409319,1.0,43,,,,,0
90409319,1.0,44,,,,,0
90409319,1.0,45,,,,,0
90409319,1.0,46,,,,,0
90409319,1.0,47,,,,,0
90409319,1.0,48,,,,,0
90409319,1.0,49,,,,,0
90409319,1.0,50,,,,,0
90409319,1.0,51,,,,,0
90409319,1.0,52,,,,,0
90409319,1.0,53,,,,,0
90409319,1.0,54,,,,,0
90409319,1.0,55,,,,,0
90409319,1.0,56,,,,,0
90409319,1.0,57,,,,,0
90409319,1.0,58,,,,,0
90409319,1.0,59,,,,,0
90409319,1.0,60,,,,,0
10402032,1.0,1,15394782,onsite,0.125,0.0,1
10402032,1.0,2,15394782,onsite,0.125,0.0,1
10402032,1.0,3,12343114,onsite,0.125,0.0,1
10402032,1.0,4,79215234,onsite,0.125,0.0,1
10402032,1.0,5,12343114,onsite,0.125,0.0,1
10402032,1.0,6,15394782,onsite,0.125,0.0,1
10402032,1.0,7,15394782,onsite,0.125,0.0,1
10402032,1.0,8,63533246,onsite,0.125,0.0,1
10402032,1.0,9,12343114,onsite,0.125,0.0,1
10402032,1.0,10,63533246,onsite,0.125,0.0,1
10402032,1.0,11,95199437,onsite,0.125,0.0,1
10402032,1.0,12,95199437,onsite,0.125,0.0,1
10402032,1.0,13,80065108,onsite,0.7501875468867217,0.0,1
10402032,1.0,14,80065108,onsite,0.7501875468867217,0.0,1
10402032,1.0,15,,,,,0
10402032,1.0,16,,,,,0
10402032,1.0,17,25615616,onsite,2.0,0.0,1
10402032,1.0,18,70087922,onsite,2.0,0.0,1
10402032,1.0,19,10419250,onsite,2.0,0.0,1
10402032,1.0,20,19106941,onsite,2.0,0.0,1
10402032,1.0,21,86723437,onsite,2.0,0.0,1
10402032,1.0,22,98389919,onsite,2.0,0.0,1
10402032,1.0,23,48135440,onsite,2.0,0.0,1
10402032,1.0,24,23584752,onsite,2.0,0.0,1
10402032,1.0,25,39922836,onsite,2.0,0.0,1
10402032,1.0,26,68938414,onsite,2.0,0.0,1
10402032,1.0,27,20865042,onsite,2.0,0.0,1
10402032,1.0,28,68435739,onsite,2.5,0.0,1
10402032,1.0,29,20775919,onsite,2.5,0.0,1
10402032,1.0,30,38868304,onsite,2.0,0.0,1
10402032,1.0,31,90275645,onsite,2.5,0.0,1
10402032,1.0,32,,,,,0
10402032,1.0,33,,,,,0
10402032,1.0,34,,,,,0
10402032,1.0,35,49946138,onsite,2.0,0.0,1
10402032,1.0,36,,,,,0
10402032,1.0,37,66233106,onsite,2.0,0.0,1
10402032,1.0,38,,,,,0
10402032,1.0,39,,,,,0
10402032,1.0,40,,,,,0
10402032,1.0,41,53619360,onsite,2.0,0.0,1
10402032,1.0,42,,,,,0
10402032,1.0,43,,,,,0
10402032,1.0,44,,,,,0
10402032,1.0,45,,,,,0
10402032,1.0,46,,,,,0
10402032,1.0,47,,,,,0
10402032,1.0,48,,,,,0
10402032,1.0,49,,,,,0
10402032,1.0,50,,,,,0
10402032,1.0,51,,,,,0
10402032,1.0,52,,,,,0
10402032,1.0,53,,,,,0
10402032,1.0,54,,,,,0
10402032,1.0,55,,,,,0
10402032,1.0,56,,,,,0
10402032,1.0,57,,,,,0
10402032,1.0,58,,,,,0
10402032,1.0,59,,,,,0
10402032,1.0,60,,,,,0
94897551,1.0,1,,,,,0
94897551,1.0,2,,,,,0
94897551,1.0,3,,,,,0
94897551,1.0,4,,,,,0
94897551,1.0,5,,,,,0
94897551,1.0,6,,,,,0
94897551,1.0,7,,,,,0
94897551,1.0,8,,,,,0
94897551,1.0,9,,,,,0
94897551,1.0,10,,,,,0
94897551,1.0,11,,,,,0
94897551,1.0,12,,,,,0
94897551,1.0,13,,,,,0
94897551,1.0,14,,,,,0
94897551,1.0,15,,,,,0
94897551,1.0,16,,,,,0
94897551,1.0,17,,,,,0
94897551,1.0,18,,,,,0
94897551,1.0,19,,,,,0
94897551,1.0,20,,,,,0
94897551,1.0,21,,,,,0
94897551,1.0,22,,,,,0
94897551,1.0,23,,,,,0
94897551,1.0,24,,,,,0
94897551,1.0,25,,,,,0
94897551,1.0,26,,,,,0
94897551,1.0,27,,,,,0
94897551,1.0,28,,,,,0
94897551,1.0,29,,,,,0
94897551,1.0,30,,,,,0
94897551,1.0,31,,,,,0
94897551,1.0,32,,,,,0
94897551,1.0,33,,,,,0
94897551,1.0,34,,,,,0
94897551,1.0,35,,,,,0
94897551,1.0,36,,,,,0
94897551,1.0,37,,,,,0
94897551,1.0,38,,,,,0
94897551,1.0,39,,,,,0
94897551,1.0,40,,,,,0
94897551,1.0,41,,,,,0
94897551,1.0,42,,,,,0
94897551,1.0,43,,,,,0
94897551,1.0,44,,,,,0
94897551,1.0,45,,,,,0
94897551,1.0,46,,,,,0
94897551,1.0,47,,,,,0
94897551,1.0,48,,,,,0
94897551,1.0,49,,,,,0
94897551,1.0,50,,,,,0
94897551,1.0,51,,,,,0
94897551,1.0,52,,,,,0
94897551,1.0,53,,,,,0
94897551,1.0,54,,,,,0
94897551,1.0,55,,,,,0
94897551,1.0,56,,,,,0
94897551,1.0,57,,,,,0
94897551,1.0,58,,,,,0
94897551,1.0,59,,,,,0
94897551,1.0,60,,,,,0
20792344,1.0,1,,,,,0
20792344,1.0,2,,,,,0
20792344,1.0,3,,,,,0
20792344,1.0,4,,,,,0
20792344,1.0,5,,,,,0
20792344,1.0,6,,,,,0
20792344,1.0,7,,,,,0
20792344,1.0,8,,,,,0
20792344,1.0,9,,,,,0
20792344,1.0,10,,,,,0
20792344,1.0,11,,,,,0
20792344,1.0,12,,,,,0
20792344,1.0,13,,,,,0
20792344,1.0,14,,,,,0
20792344,1.0,15,,,,,0
20792344,1.0,16,,,,,0
20792344,1.0,17,,,,,0
20792344,1.0,18,,,,,0
20792344,1.0,19,,,,,0
20792344,1.0,20,,,,,0
20792344,1.0,21,,,,,0
20792344,1.0,22,,,,,0
20792344,1.0,23,,,,,0
20792344,1.0,24,,,,,0
20792344,1.0,25,,,,,0
20792344,1.0,26,,,,,0
20792344,1.0,27,,,,,0
20792344,1.0,28,,,,,0
20792344,1.0,29,,,,,0
20792344,1.0,30,,,,,0
20792344,1.0,31,,,,,0
20792344,1.0,32,,,,,0
20792344,1.0,33,,,,,0
20792344,1.0,34,,,,,0
20792344,1.0,35,,,,,0
20792344,1.0,36,,,,,0
20792344,1.0,37,,,,,0
20792344,1.0,38,,,,,0
20792344,1.0,39,,,,,0
20792344,1.0,40,,,,,0
20792344,1.0,41,,,,,0
20792344,1.0,42,,,,,0
20792344,1.0,43,,,,,0
20792344,1.0,44,,,,,0
20792344,1.0,45,,,,,0
20792344,1.0,46,,,,,0
20792344,1.0,47,,,,,0
20792344,1.0,48,,,,,0
20792344,1.0,49,,,,,0
20792344,1.0,50,,,,,0
20792344,1.0,51,,,,,0
20792344,1.0,52,,,,,0
20792344,1.0,53,,,,,0
20792344,1.0,54,,,,,0
20792344,1.0,55,,,,,0
20792344,1.0,56,,,,,0
20792344,1.0,57,,,,,0
20792344,1.0,58,,,,,0
20792344,1.0,59,,,,,0
20792344,1.0,60,,,,,0
18633656,1.0,1,,,,,0
18633656,1.0,2,,,,,0
18633656,1.0,3,,,,,0
18633656,1.0,4,,,,,0
18633656,1.0,5,,,,,0
18633656,1.0,6,,,,,0
18633656,1.0,7,,,,,0
18633656,1.0,8,,,,,0
18633656,1.0,9,,,,,0
18633656,1.0,10,,,,,0
18633656,1.0,11,,,,,0
18633656,1.0,12,,,,,0
18633656,1.0,13,,,,,0
18633656,1.0,14,,,,,0
18633656,1.0,15,,,,,0
18633656,1.0,16,,,,,0
18633656,1.0,17,,,,,0
18633656,1.0,18,,,,,0
18633656,1.0,19,,,,,0
18633656,1.0,20,,,,,0
18633656,1.0,21,,,,,0
18633656,1.0,22,,,,,0
18633656,1.0,23,,,,,0
18633656,1.0,24,,,,,0
18633656,1.0,25,,,,,0
18633656,1.0,26,,,,,0
18633656,1.0,27,,,,,0
18633656,1.0,28,,,,,0
18633656,1.0,29,,,,,0
18633656,1.0,30,,,,,0
18633656,1.0,31,,,,,0
18633656,1.0,32,,,,,0
18633656,1.0,33,,,,,0
18633656,1.0,34,,,,,0
18633656,1.0,35,,,,,0
18633656,1.0,36,,,,,0
18633656,1.0,37,,,,,0
18633656,1.0,38,,,,,0
18633656,1.0,39,,,,,0
18633656,1.0,40,,,,,0
18633656,1.0,41,,,,,0
18633656,1.0,42,,,,,0
18633656,1.0,43,,,,,0
18633656,1.0,44,,,,,0
18633656,1.0,45,,,,,0
18633656,1.0,46,,,,,0
18633656,1.0,47,,,,,0
18633656,1.0,48,,,,,0
18633656,1.0,49,,,,,0
18633656,1.0,50,,,,,0
18633656,1.0,51,,,,,0
18633656,1.0,52,,,,,0
18633656,1.0,53,,,,,0
18633656,1.0,54,,,,,0
18633656,1.0,55,,,,,0
18633656,1.0,56,,,,,0
18633656,1.0,57,,,,,0
18633656,1.0,58,,,,,0
18633656,1.0,59,,,,,0
18633656,1.0,60,,,,,0
31311158,1.0,1,,,,,0
31311158,1.0,2,,,,,0
31311158,1.0,3,,,,,0
31311158,1.0,4,,,,,0
31311158,1.0,5,,,,,0
31311158,1.0,6,,,,,0
31311158,1.0,7,,,,,0
31311158,1.0,8,,,,,0
31311158,1.0,9,,,,,0
31311158,1.0,10,,,,,0
31311158,1.0,11,,,,,0
31311158,1.0,12,,,,,0
31311158,1.0,13,,,,,0
31311158,1.0,14,,,,,0
31311158,1.0,15,,,,,0
31311158,1.0,16,,,,,0
31311158,1.0,17,,,,,0
31311158,1.0,18,,,,,0
31311158,1.0,19,,,,,0
31311158,1.0,20,,,,,0
31311158,1.0,21,,,,,0
31311158,1.0,22,,,,,0
31311158,1.0,23,,,,,0
31311158,1.0,24,,,,,0
31311158,1.0,25,,,,,0
31311158,1.0,26,,,,,0
31311158,1.0,27,,,,,0
31311158,1.0,28,,,,,0
31311158,1.0,29,,,,,0
31311158,1.0,30,,,,,0
31311158,1.0,31,,,,,0
31311158,1.0,32,,,,,0
31311158,1.0,33,,,,,0
31311158,1.0,34,,,,,0
31311158,1.0,35,,,,,0
31311158,1.0,36,,,,,0
31311158,1.0,37,,,,,0
31311158,1.0,38,,,,,0
31311158,1.0,39,,,,,0
31311158,1.0,40,,,,,0
31311158,1.0,41,,,,,0
31311158,1.0,42,,,,,0
31311158,1.0,43,,,,,0
31311158,1.0,44,,,,,0
31311158,1.0,45,,,,,0
31311158,1.0,46,,,,,0
31311158,1.0,47,,,,,0
31311158,1.0,48,,,,,0
31311158,1.0,49,,,,,0
31311158,1.0,50,,,,,0
31311158,1.0,51,,,,,0
31311158,1.0,52,,,,,0
31311158,1.0,53,,,,,0
31311158,1.0,54,,,,,0
31311158,1.0,55,,,,,0
31311158,1.0,56,,,,,0
31311158,1.0,57,,,,,0
31311158,1.0,58,,,,,0
31311158,1.0,59,,,,,0
31311158,1.0,60,,,,,0
23257451,1.0,1,,,,,0
23257451,1.0,2,23389870,onsite,0.125,0.0,1
23257451,1.0,3,23389870,onsite,0.125,0.0,1
23257451,1.0,4,11637019,onsite,0.125,0.0,1
23257451,1.0,5,42102320,onsite,0.125,0.0,1
23257451,1.0,6,42102320,onsite,0.125,0.0,1
23257451,1.0,7,86777142,onsite,0.125,0.0,1
23257451,1.0,8,86777142,onsite,0.125,0.0,1
23257451,1.0,9,67599722,onsite,0.125,0.0,1
23257451,1.0,10,86777142,onsite,0.125,0.0,1
23257451,1.0,11,80534914,onsite,0.125,0.0,1
23257451,1.0,12,42250196,onsite,0.125,0.0,1
23257451,1.0,13,42250196,onsite,0.125,0.0,1
23257451,1.0,14,84455331,onsite,0.6001500375093775,0.15003750937734428,1
23257451,1.0,15,70923390,onsite,0.7501875468867217,0.0,1
23257451,1.0,16,76537848,onsite,0.125,0.0,1
23257451,1.0,17,30145138,onsite,0.7501875468867217,0.0,1
23257451,1.0,18,20471024,onsite,0.7501875468867217,0.0,1
23257451,1.0,19,76146197,onsite,0.7501875468867217,0.0,1
23257451,1.0,20,66909259,onsite,0.7501875468867217,0.0,1
23257451,1.0,21,,,,,0
23257451,1.0,22,26974473,onsite,2.0,0.0,1
23257451,1.0,23,66984466,onsite,2.0,0.0,1
23257451,1.0,24,,,,,0
23257451,1.0,25,,,,,0
23257451,1.0,26,72878418,onsite,2.5,0.0,1
23257451,1.0,27,,,,,0
23257451,1.0,28,,,,,0
23257451,1.0,29,,,,,0
23257451,1.0,30,,,,,0
23257451,1.0,31,,,,,0
23257451,1.0,32,,,,,0
23257451,1.0,33,,,,,0
23257451,1.0,34,,,,,0
23257451,1.0,35,,,,,0
23257451,1.0,36,,,,,0
23257451,1.0,37,,,,,0
23257451,1.0,38,,,,,0
23257451,1.0,39,,,,,0
23257451,1.0,40,,,,,0
23257451,1.0,41,,,,,0
23257451,1.0,42,,,,,0
23257451,1.0,43,,,,,0
23257451,1.0,44,,,,,0
23257451,1.0,45,,,,,0
23257451,1.0,46,,,,,0
23257451,1.0,47,,,,,0
23257451,1.0,48,,,,,0
23257451,1.0,49,,,,,0
23257451,1.0,50,,,,,0
23257451,1.0,51,,,,,0
23257451,1.0,52,,,,,0
23257451,1.0,53,,,,,0
23257451,1.0,54,,,,,0
23257451,1.0,55,,,,,0
23257451,1.0,56,,,,,0
23257451,1.0,57,,,,,0
23257451,1.0,58,,,,,0
23257451,1.0,59,,,,,0
23257451,1.0,60,,,,,0
28614215,1.0,1,,,,,0
28614215,1.0,2,,,,,0
28614215,1.0,3,,,,,0
28614215,1.0,4,,,,,0
28614215,1.0,5,,,,,0
28614215,1.0,6,,,,,0
28614215,1.0,7,,,,,0
28614215,1.0,8,,,,,0
28614215,1.0,9,,,,,0
28614215,1.0,10,,,,,0
28614215,1.0,11,,,,,0
28614215,1.0,12,,,,,0
28614215,1.0,13,,,,,0
28614215,1.0,14,,,,,0
28614215,1.0,15,,,,,0
28614215,1.0,16,,,,,0
28614215,1.0,17,,,,,0
28614215,1.0,18,,,,,0
28614215,1.0,19,,,,,0
28614215,1.0,20,,,,,0
28614215,1.0,21,,,,,0
28614215,1.0,22,,,,,0
28614215,1.0,23,,,,,0
28614215,1.0,24,,,,,0
28614215,1.0,25,,,,,0
28614215,1.0,26,,,,,0
28614215,1.0,27,,,,,0
28614215,1.0,28,,,,,0
28614215,1.0,29,,,,,0
28614215,1.0,30,,,,,0
28614215,1.0,31,,,,,0
28614215,1.0,32,,,,,0
28614215,1.0,33,,,,,0
28614215,1.0,34,,,,,0
28614215,1.0,35,,,,,0
28614215,1.0,36,,,,,0
28614215,1.0,37,,,,,0
28614215,1.0,38,,,,,0
28614215,1.0,39,,,,,0
28614215,1.0,40,,,,,0
28614215,1.0,41,,,,,0
28614215,1.0,42,,,,,0
28614215,1.0,43,,,,,0
28614215,1.0,44,,,,,0
28614215,1.0,45,,,,,0
28614215,1.0,46,,,,,0
28614215,1.0,47,,,,,0
28614215,1.0,48,,,,,0
28614215,1.0,49,,,,,0
28614215,1.0,50,,,,,0
28614215,1.0,51,,,,,0
28614215,1.0,52,,,,,0
28614215,1.0,53,,,,,0
28614215,1.0,54,,,,,0
28614215,1.0,55,,,,,0
28614215,1.0,56,,,,,0
28614215,1.0,57,,,,,0
28614215,1.0,58,,,,,0
28614215,1.0,59,,,,,0
28614215,1.0,60,,,,,0
54514113,1.0,1,,,,,0
54514113,1.0,2,,,,,0
54514113,1.0,3,,,,,0
54514113,1.0,4,,,,,0
54514113,1.0,5,,,,,0
54514113,1.0,6,,,,,0
54514113,1.0,7,,,,,0
54514113,1.0,8,,,,,0
54514113,1.0,9,,,,,0
54514113,1.0,10,,,,,0
54514113,1.0,11,,,,,0
54514113,1.0,12,,,,,0
54514113,1.0,13,,,,,0
54514113,1.0,14,,,,,0
54514113,1.0,15,,,,,0
54514113,1.0,16,,,,,0
54514113,1.0,17,,,,,0
54514113,1.0,18,,,,,0
54514113,1.0,19,,,,,0
54514113,1.0,20,,,,,0
54514113,1.0,21,,,,,0
54514113,1.0,22,,,,,0
54514113,1.0,23,,,,,0
54514113,1.0,24,,,,,0
54514113,1.0,25,,,,,0
54514113,1.0,26,,,,,0
54514113,1.0,27,,,,,0
54514113,1.0,28,,,,,0
54514113,1.0,29,,,,,0
54514113,1.0,30,,,,,0
54514113,1.0,31,,,,,0
54514113,1.0,32,,,,,0
54514113,1.0,33,,,,,0
54514113,1.0,34,,,,,0
54514113,1.0,35,,,,,0
54514113,1.0,36,,,,,0
54514113,1.0,37,,,,,0
54514113,1.0,38,,,,,0
54514113,1.0,39,,,,,0
54514113,1.0,40,,,,,0
54514113,1.0,41,,,,,0
54514113,1.0,42,,,,,0
54514113,1.0,43,,,,,0
54514113,1.0,44,,,,,0
54514113,1.0,45,,,,,0
54514113,1.0,46,,,,,0
54514113,1.0,47,,,,,0
54514113,1.0,48,,,,,0
54514113,1.0,49,,,,,0
54514113,1.0,50,,,,,0
54514113,1.0,51,,,,,0
54514113,1.0,52,,,,,0
54514113,1.0,53,,,,,0
54514113,1.0,54,,,,,0
54514113,1.0,55,,,,,0
54514113,1.0,56,,,,,0
54514113,1.0,57,,,,,0
54514113,1.0,58,,,,,0
54514113,1.0,59,,,,,0
54514113,1.0,60,,,,,0
16323935,1.0,1,,,,,0
16323935,1.0,2,,,,,0
16323935,1.0,3,,,,,0
16323935,1.0,4,,,,,0
16323935,1.0,5,,,,,0
16323935,1.0,6,,,,,0
16323935,1.0,7,,,,,0
16323935,1.0,8,,,,,0
16323935,1.0,9,,,,,0
16323935,1.0,10,,,,,0
16323935,1.0,11,,,,,0
16323935,1.0,12,,,,,0
16323935,1.0,13,,,,,0
16323935,1.0,14,,,,,0
16323935,1.0,15,,,,,0
16323935,1.0,16,,,,,0
16323935,1.0,17,,,,,0
16323935,1.0,18,,,,,0
16323935,1.0,19,,,,,0
16323935,1.0,20,,,,,0
16323935,1.0,21,,,,,0
16323935,1.0,22,,,,,0
16323935,1.0,23,,,,,0
16323935,1.0,24,,,,,0
16323935,1.0,25,,,,,0
16323935,1.0,26,,,,,0
16323935,1.0,27,,,,,0
16323935,1.0,28,,,,,0
16323935,1.0,29,,,,,0
16323935,1.0,30,,,,,0
16323935,1.0,31,,,,,0
16323935,1.0,32,,,,,0
16323935,1.0,33,,,,,0
16323935,1.0,34,,,,,0
16323935,1.0,35,,,,,0
16323935,1.0,36,,,,,0
16323935,1.0,37,,,,,0
16323935,1.0,38,,,,,0
16323935,1.0,39,,,,,0
16323935,1.0,40,,,,,0
16323935,1.0,41,,,,,0
16323935,1.0,42,,,,,0
16323935,1.0,43,,,,,0
16323935,1.0,44,,,,,0
16323935,1.0,45,,,,,0
16323935,1.0,46,,,,,0
16323935,1.0,47,,,,,0
16323935,1.0,48,,,,,0
16323935,1.0,49,,,,,0
16323935,1.0,50,,,,,0
16323935,1.0,51,,,,,0
16323935,1.0,52,,,,,0
16323935,1.0,53,,,,,0
16323935,1.0,54,,,,,0
16323935,1.0,55,,,,,0
16323935,1.0,56,,,,,0
16323935,1.0,57,,,,,0
16323935,1.0,58,,,,,0
16323935,1.0,59,,,,,0
16323935,1.0,60,,,,,0
10469089,1.0,1,,,,,0
10469089,1.0,2,,,,,0
10469089,1.0,3,,,,,0
10469089,1.0,4,,,,,0
10469089,1.0,5,,,,,0
10469089,1.0,6,,,,,0
10469089,1.0,7,,,,,0
10469089,1.0,8,,,,,0
10469089,1.0,9,,,,,0
10469089,1.0,10,,,,,0
10469089,1.0,11,,,,,0
10469089,1.0,12,,,,,0
10469089,1.0,13,,,,,0
10469089,1.0,14,,,,,0
10469089,1.0,15,,,,,0
10469089,1.0,16,,,,,0
10469089,1.0,17,,,,,0
10469089,1.0,18,,,,,0
10469089,1.0,19,,,,,0
10469089,1.0,20,,,,,0
10469089,1.0,21,,,,,0
10469089,1.0,22,,,,,0
10469089,1.0,23,,,,,0
10469089,1.0,24,,,,,0
10469089,1.0,25,,,,,0
10469089,1.0,26,,,,,0
10469089,1.0,27,,,,,0
10469089,1.0,28,,,,,0
10469089,1.0,29,,,,,0
10469089,1.0,30,,,,,0
10469089,1.0,31,,,,,0
10469089,1.0,32,,,,,0
10469089,1.0,33,,,,,0
10469089,1.0,34,,,,,0
10469089,1.0,35,,,,,0
10469089,1.0,36,,,,,0
10469089,1.0,37,,,,,0
10469089,1.0,38,,,,,0
10469089,1.0,39,,,,,0
10469089,1.0,40,,,,,0
10469089,1.0,41,,,,,0
10469089,1.0,42,,,,,0
10469089,1.0,43,,,,,0
10469089,1.0,44,,,,,0
10469089,1.0,45,,,,,0
10469089,1.0,46,,,,,0
10469089,1.0,47,,,,,0
10469089,1.0,48,,,,,0
10469089,1.0,49,,,,,0
10469089,1.0,50,,,,,0
10469089,1.0,51,,,,,0
10469089,1.0,52,,,,,0
10469089,1.0,53,,,,,0
10469089,1.0,54,,,,,0
10469089,1.0,55,,,,,0
10469089,1.0,56,,,,,0
10469089,1.0,57,,,,,0
10469089,1.0,58,,,,,0
10469089,1.0,59,,,,,0
10469089,1.0,60,,,,,0
85342366,1.0,1,,,,,0
85342366,1.0,2,26512783,onsite,0.125,0.0,1
85342366,1.0,3,11851998,onsite,0.125,0.0,1
85342366,1.0,4,28507914,onsite,0.125,0.0,1
85342366,1.0,5,40737428,onsite,0.125,0.0,1
85342366,1.0,6,40984670,onsite,0.125,0.0,1
85342366,1.0,7,28507914,onsite,0.125,0.0,1
85342366,1.0,8,16490446,onsite,0.125,0.0,1
85342366,1.0,9,39099817,onsite,0.125,0.0,1
85342366,1.0,10,11851998,onsite,0.125,0.0,1
85342366,1.0,11,53976647,onsite,0.7501875468867217,0.0,1
85342366,1.0,12,,,,,0
85342366,1.0,13,,,,,0
85342366,1.0,14,10147967,onsite,0.7501875468867217,0.0,1
85342366,1.0,15,,,,,0
85342366,1.0,16,,,,,0
85342366,1.0,17,,,,,0
85342366,1.0,18,,,,,0
85342366,1.0,19,,,,,0
85342366,1.0,20,42537717,onsite,2.0,0.0,1
85342366,1.0,21,24373649,onsite,2.0,0.0,1
85342366,1.0,22,75245436,onsite,2.0,0.0,1
85342366,1.0,23,66516590,online,2.0,0.0,1
85342366,1.0,24,,,,,0
85342366,1.0,25,,,,,0
85342366,1.0,26,,,,,0
85342366,1.0,27,,,,,0
85342366,1.0,28,91518992,onsite,2.5,0.0,1
85342366,1.0,29,,,,,0
85342366,1.0,30,,,,,0
85342366,1.0,31,,,,,0
85342366,1.0,32,,,,,0
85342366,1.0,33,49788980,onsite,2.0,0.0,1
85342366,1.0,34,,,,,0
85342366,1.0,35,,,,,0
85342366,1.0,36,,,,,0
85342366,1.0,37,,,,,0
85342366,1.0,38,,,,,0
85342366,1.0,39,,,,,0
85342366,1.0,40,,,,,0
85342366,1.0,41,,,,,0
85342366,1.0,42,,,,,0
85342366,1.0,43,,,,,0
85342366,1.0,44,,,,,0
85342366,1.0,45,,,,,0
85342366,1.0,46,,,,,0
85342366,1.0,47,,,,,0
85342366,1.0,48,,,,,0
85342366,1.0,49,,,,,0
85342366,1.0,50,,,,,0
85342366,1.0,51,,,,,0
85342366,1.0,52,,,,,0
85342366,1.0,53,,,,,0
85342366,1.0,54,,,,,0
85342366,1.0,55,,,,,0
85342366,1.0,56,,,,,0
85342366,1.0,57,,,,,0
85342366,1.0,58,,,,,0
85342366,1.0,59,,,,,0
85342366,1.0,60,,,,,0
73062330,1.0,1,,,,,0
73062330,1.0,2,,,,,0
73062330,1.0,3,,,,,0
73062330,1.0,4,,,,,0
73062330,1.0,5,,,,,0
73062330,1.0,6,,,,,0
73062330,1.0,7,,,,,0
73062330,1.0,8,,,,,0
73062330,1.0,9,,,,,0
73062330,1.0,10,,,,,0
73062330,1.0,11,,,,,0
73062330,1.0,12,,,,,0
73062330,1.0,13,,,,,0
73062330,1.0,14,,,,,0
73062330,1.0,15,,,,,0
73062330,1.0,16,,,,,0
73062330,1.0,17,,,,,0
73062330,1.0,18,,,,,0
73062330,1.0,19,,,,,0
73062330,1.0,20,,,,,0
73062330,1.0,21,,,,,0
73062330,1.0,22,,,,,0
73062330,1.0,23,,,,,0
73062330,1.0,24,,,,,0
73062330,1.0,25,,,,,0
73062330,1.0,26,,,,,0
73062330,1.0,27,,,,,0
73062330,1.0,28,,,,,0
73062330,1.0,29,,,,,0
73062330,1.0,30,,,,,0
73062330,1.0,31,,,,,0
73062330,1.0,32,,,,,0
73062330,1.0,33,,,,,0
73062330,1.0,34,,,,,0
73062330,1.0,35,,,,,0
73062330,1.0,36,,,,,0
73062330,1.0,37,,,,,0
73062330,1.0,38,,,,,0
73062330,1.0,39,,,,,0
73062330,1.0,40,,,,,0
73062330,1.0,41,,,,,0
73062330,1.0,42,,,,,0
73062330,1.0,43,,,,,0
73062330,1.0,44,,,,,0
73062330,1.0,45,,,,,0
73062330,1.0,46,,,,,0
73062330,1.0,47,,,,,0
73062330,1.0,48,,,,,0
73062330,1.0,49,,,,,0
73062330,1.0,50,,,,,0
73062330,1.0,51,,,,,0
73062330,1.0,52,,,,,0
73062330,1.0,53,,,,,0
73062330,1.0,54,,,,,0
73062330,1.0,55,,,,,0
73062330,1.0,56,,,,,0
73062330,1.0,57,,,,,0
73062330,1.0,58,,,,,0
73062330,1.0,59,,,,,0
73062330,1.0,60,,,,,0
67078884,1.0,1,,,,,0
67078884,1.0,2,,,,,0
67078884,1.0,3,,,,,0
67078884,1.0,4,,,,,0
67078884,1.0,5,,,,,0
67078884,1.0,6,,,,,0
67078884,1.0,7,,,,,0
67078884,1.0,8,,,,,0
67078884,1.0,9,,,,,0
67078884,1.0,10,,,,,0
67078884,1.0,11,,,,,0
67078884,1.0,12,,,,,0
67078884,1.0,13,,,,,0
67078884,1.0,14,,,,,0
67078884,1.0,15,,,,,0
67078884,1.0,16,,,,,0
67078884,1.0,17,,,,,0
67078884,1.0,18,,,,,0
67078884,1.0,19,,,,,0
67078884,1.0,20,,,,,0
67078884,1.0,21,,,,,0
67078884,1.0,22,,,,,0
67078884,1.0,23,,,,,0
67078884,1.0,24,,,,,0
67078884,1.0,25,,,,,0
67078884,1.0,26,,,,,0
67078884,1.0,27,,,,,0
67078884,1.0,28,,,,,0
67078884,1.0,29,,,,,0
67078884,1.0,30,,,,,0
67078884,1.0,31,,,,,0
67078884,1.0,32,,,,,0
67078884,1.0,33,,,,,0
67078884,1.0,34,,,,,0
67078884,1.0,35,,,,,0
67078884,1.0,36,,,,,0
67078884,1.0,37,,,,,0
67078884,1.0,38,,,,,0
67078884,1.0,39,,,,,0
67078884,1.0,40,,,,,0
67078884,1.0,41,,,,,0
67078884,1.0,42,,,,,0
67078884,1.0,43,,,,,0
67078884,1.0,44,,,,,0
67078884,1.0,45,,,,,0
67078884,1.0,46,,,,,0
67078884,1.0,47,,,,,0
67078884,1.0,48,,,,,0
67078884,1.0,49,,,,,0
67078884,1.0,50,,,,,0
67078884,1.0,51,,,,,0
67078884,1.0,52,,,,,0
67078884,1.0,53,,,,,0
67078884,1.0,54,,,,,0
67078884,1.0,55,,,,,0
67078884,1.0,56,,,,,0
67078884,1.0,57,,,,,0
67078884,1.0,58,,,,,0
67078884,1.0,59,,,,,0
67078884,1.0,60,,,,,0
32241392,1.0,1,,,,,0
32241392,1.0,2,,,,,0
32241392,1.0,3,,,,,0
32241392,1.0,4,,,,,0
32241392,1.0,5,,,,,0
32241392,1.0,6,,,,,0
32241392,1.0,7,,,,,0
32241392,1.0,8,,,,,0
32241392,1.0,9,,,,,0
32241392,1.0,10,,,,,0
32241392,1.0,11,,,,,0
32241392,1.0,12,,,,,0
32241392,1.0,13,,,,,0
32241392,1.0,14,,,,,0
32241392,1.0,15,,,,,0
32241392,1.0,16,,,,,0
32241392,1.0,17,,,,,0
32241392,1.0,18,,,,,0
32241392,1.0,19,,,,,0
32241392,1.0,20,,,,,0
32241392,1.0,21,,,,,0
32241392,1.0,22,,,,,0
32241392,1.0,23,,,,,0
32241392,1.0,24,,,,,0
32241392,1.0,25,,,,,0
32241392,1.0,26,,,,,0
32241392,1.0,27,,,,,0
32241392,1.0,28,,,,,0
32241392,1.0,29,,,,,0
32241392,1.0,30,,,,,0
32241392,1.0,31,,,,,0
32241392,1.0,32,,,,,0
32241392,1.0,33,,,,,0
32241392,1.0,34,,,,,0
32241392,1.0,35,,,,,0
32241392,1.0,36,,,,,0
32241392,1.0,37,,,,,0
32241392,1.0,38,,,,,0
32241392,1.0,39,,,,,0
32241392,1.0,40,,,,,0
32241392,1.0,41,,,,,0
32241392,1.0,42,,,,,0
32241392,1.0,43,,,,,0
32241392,1.0,44,,,,,0
32241392,1.0,45,,,,,0
32241392,1.0,46,,,,,0
32241392,1.0,47,,,,,0
32241392,1.0,48,,,,,0
32241392,1.0,49,,,,,0
32241392,1.0,50,,,,,0
32241392,1.0,51,,,,,0
32241392,1.0,52,,,,,0
32241392,1.0,53,,,,,0
32241392,1.0,54,,,,,0
32241392,1.0,55,,,,,0
32241392,1.0,56,,,,,0
32241392,1.0,57,,,,,0
32241392,1.0,58,,,,,0
32241392,1.0,59,,,,,0
32241392,1.0,60,,,,,0
57494031,1.0,1,,,,,0
57494031,1.0,2,,,,,0
57494031,1.0,3,,,,,0
57494031,1.0,4,,,,,0
57494031,1.0,5,,,,,0
57494031,1.0,6,,,,,0
57494031,1.0,7,,,,,0
57494031,1.0,8,,,,,0
57494031,1.0,9,,,,,0
57494031,1.0,10,,,,,0
57494031,1.0,11,,,,,0
57494031,1.0,12,,,,,0
57494031,1.0,13,,,,,0
57494031,1.0,14,,,,,0
57494031,1.0,15,,,,,0
57494031,1.0,16,,,,,0
57494031,1.0,17,,,,,0
57494031,1.0,18,,,,,0
57494031,1.0,19,,,,,0
57494031,1.0,20,,,,,0
57494031,1.0,21,,,,,0
57494031,1.0,22,,,,,0
57494031,1.0,23,,,,,0
57494031,1.0,24,,,,,0
57494031,1.0,25,,,,,0
57494031,1.0,26,,,,,0
57494031,1.0,27,,,,,0
57494031,1.0,28,,,,,0
57494031,1.0,29,,,,,0
57494031,1.0,30,,,,,0
57494031,1.0,31,,,,,0
57494031,1.0,32,,,,,0
57494031,1.0,33,,,,,0
57494031,1.0,34,,,,,0
57494031,1.0,35,,,,,0
57494031,1.0,36,,,,,0
57494031,1.0,37,,,,,0
57494031,1.0,38,,,,,0
57494031,1.0,39,,,,,0
57494031,1.0,40,,,,,0
57494031,1.0,41,,,,,0
57494031,1.0,42,,,,,0
57494031,1.0,43,,,,,0
57494031,1.0,44,,,,,0
57494031,1.0,45,,,,,0
57494031,1.0,46,,,,,0
57494031,1.0,47,,,,,0
57494031,1.0,48,,,,,0
57494031,1.0,49,,,,,0
57494031,1.0,50,,,,,0
57494031,1.0,51,,,,,0
57494031,1.0,52,,,,,0
57494031,1.0,53,,,,,0
57494031,1.0,54,,,,,0
57494031,1.0,55,,,,,0
57494031,1.0,56,,,,,0
57494031,1.0,57,,,,,0
57494031,1.0,58,,,,,0
57494031,1.0,59,,,,,0
57494031,1.0,60,,,,,0
91174058,1.0,1,,,,,0
91174058,1.0,2,,,,,0
91174058,1.0,3,,,,,0
91174058,1.0,4,,,,,0
91174058,1.0,5,,,,,0
91174058,1.0,6,,,,,0
91174058,1.0,7,,,,,0
91174058,1.0,8,,,,,0
91174058,1.0,9,,,,,0
91174058,1.0,10,,,,,0
91174058,1.0,11,,,,,0
91174058,1.0,12,,,,,0
91174058,1.0,13,,,,,0
91174058,1.0,14,,,,,0
91174058,1.0,15,,,,,0
91174058,1.0,16,,,,,0
91174058,1.0,17,,,,,0
91174058,1.0,18,,,,,0
91174058,1.0,19,,,,,0
91174058,1.0,20,,,,,0
91174058,1.0,21,,,,,0
91174058,1.0,22,,,,,0
91174058,1.0,23,,,,,0
91174058,1.0,24,,,,,0
91174058,1.0,25,,,,,0
91174058,1.0,26,,,,,0
91174058,1.0,27,,,,,0
91174058,1.0,28,,,,,0
91174058,1.0,29,,,,,0
91174058,1.0,30,,,,,0
91174058,1.0,31,,,,,0
91174058,1.0,32,,,,,0
91174058,1.0,33,,,,,0
91174058,1.0,34,,,,,0
91174058,1.0,35,,,,,0
91174058,1.0,36,,,,,0
91174058,1.0,37,,,,,0
91174058,1.0,38,,,,,0
91174058,1.0,39,,,,,0
91174058,1.0,40,,,,,0
91174058,1.0,41,,,,,0
91174058,1.0,42,,,,,0
91174058,1.0,43,,,,,0
91174058,1.0,44,,,,,0
91174058,1.0,45,,,,,0
91174058,1.0,46,,,,,0
91174058,1.0,47,,,,,0
91174058,1.0,48,,,,,0
91174058,1.0,49,,,,,0
91174058,1.0,50,,,,,0
91174058,1.0,51,,,,,0
91174058,1.0,52,,,,,0
91174058,1.0,53,,,,,0
91174058,1.0,54,,,,,0
91174058,1.0,55,,,,,0
91174058,1.0,56,,,,,0
91174058,1.0,57,,,,,0
91174058,1.0,58,,,,,0
91174058,1.0,59,,,,,0
91174058,1.0,60,,,,,0
44063205,1.0,1,,,,,0
44063205,1.0,2,,,,,0
44063205,1.0,3,,,,,0
44063205,1.0,4,,,,,0
44063205,1.0,5,,,,,0
44063205,1.0,6,,,,,0
44063205,1.0,7,,,,,0
44063205,1.0,8,,,,,0
44063205,1.0,9,,,,,0
44063205,1.0,10,,,,,0
44063205,1.0,11,,,,,0
44063205,1.0,12,,,,,0
44063205,1.0,13,,,,,0
44063205,1.0,14,,,,,0
44063205,1.0,15,,,,,0
44063205,1.0,16,,,,,0
44063205,1.0,17,,,,,0
44063205,1.0,18,,,,,0
44063205,1.0,19,,,,,0
44063205,1.0,20,,,,,0
44063205,1.0,21,,,,,0
44063205,1.0,22,,,,,0
44063205,1.0,23,,,,,0
44063205,1.0,24,,,,,0
44063205,1.0,25,,,,,0
44063205,1.0,26,,,,,0
44063205,1.0,27,,,,,0
44063205,1.0,28,,,,,0
44063205,1.0,29,,,,,0
44063205,1.0,30,,,,,0
44063205,1.0,31,,,,,0
44063205,1.0,32,,,,,0
44063205,1.0,33,,,,,0
44063205,1.0,34,,,,,0
44063205,1.0,35,,,,,0
44063205,1.0,36,,,,,0
44063205,1.0,37,,,,,0
44063205,1.0,38,,,,,0
44063205,1.0,39,,,,,0
44063205,1.0,40,,,,,0
44063205,1.0,41,,,,,0
44063205,1.0,42,,,,,0
44063205,1.0,43,,,,,0
44063205,1.0,44,,,,,0
44063205,1.0,45,,,,,0
44063205,1.0,46,,,,,0
44063205,1.0,47,,,,,0
44063205,1.0,48,,,,,0
44063205,1.0,49,,,,,0
44063205,1.0,50,,,,,0
44063205,1.0,51,,,,,0
44063205,1.0,52,,,,,0
44063205,1.0,53,,,,,0
44063205,1.0,54,,,,,0
44063205,1.0,55,,,,,0
44063205,1.0,56,,,,,0
44063205,1.0,57,,,,,0
44063205,1.0,58,,,,,0
44063205,1.0,59,,,,,0
44063205,1.0,60,,,,,0
42539358,1.0,1,,,,,0
42539358,1.0,2,,,,,0
42539358,1.0,3,,,,,0
42539358,1.0,4,,,,,0
42539358,1.0,5,,,,,0
42539358,1.0,6,,,,,0
42539358,1.0,7,,,,,0
42539358,1.0,8,,,,,0
42539358,1.0,9,,,,,0
42539358,1.0,10,,,,,0
42539358,1.0,11,,,,,0
42539358,1.0,12,,,,,0
42539358,1.0,13,,,,,0
42539358,1.0,14,,,,,0
42539358,1.0,15,,,,,0
42539358,1.0,16,,,,,0
42539358,1.0,17,,,,,0
42539358,1.0,18,,,,,0
42539358,1.0,19,,,,,0
42539358,1.0,20,,,,,0
42539358,1.0,21,,,,,0
42539358,1.0,22,,,,,0
42539358,1.0,23,,,,,0
42539358,1.0,24,,,,,0
42539358,1.0,25,,,,,0
42539358,1.0,26,,,,,0
42539358,1.0,27,,,,,0
42539358,1.0,28,,,,,0
42539358,1.0,29,,,,,0
42539358,1.0,30,,,,,0
42539358,1.0,31,,,,,0
42539358,1.0,32,,,,,0
42539358,1.0,33,,,,,0
42539358,1.0,34,,,,,0
42539358,1.0,35,,,,,0
42539358,1.0,36,,,,,0
42539358,1.0,37,,,,,0
42539358,1.0,38,,,,,0
42539358,1.0,39,,,,,0
42539358,1.0,40,,,,,0
42539358,1.0,41,,,,,0
42539358,1.0,42,,,,,0
42539358,1.0,43,,,,,0
42539358,1.0,44,,,,,0
42539358,1.0,45,,,,,0
42539358,1.0,46,,,,,0
42539358,1.0,47,,,,,0
42539358,1.0,48,,,,,0
42539358,1.0,49,,,,,0
42539358,1.0,50,,,,,0
42539358,1.0,51,,,,,0
42539358,1.0,52,,,,,0
42539358,1.0,53,,,,,0
42539358,1.0,54,,,,,0
42539358,1.0,55,,,,,0
42539358,1.0,56,,,,,0
42539358,1.0,57,,,,,0
42539358,1.0,58,,,,,0
42539358,1.0,59,,,,,0
42539358,1.0,60,,,,,0
62061439,1.0,1,,,,,0
62061439,1.0,2,,,,,0
62061439,1.0,3,,,,,0
62061439,1.0,4,,,,,0
62061439,1.0,5,,,,,0
62061439,1.0,6,,,,,0
62061439,1.0,7,,,,,0
62061439,1.0,8,,,,,0
62061439,1.0,9,,,,,0
62061439,1.0,10,,,,,0
62061439,1.0,11,,,,,0
62061439,1.0,12,,,,,0
62061439,1.0,13,,,,,0
62061439,1.0,14,,,,,0
62061439,1.0,15,,,,,0
62061439,1.0,16,,,,,0
62061439,1.0,17,,,,,0
62061439,1.0,18,,,,,0
62061439,1.0,19,,,,,0
62061439,1.0,20,,,,,0
62061439,1.0,21,,,,,0
62061439,1.0,22,,,,,0
62061439,1.0,23,,,,,0
62061439,1.0,24,,,,,0
62061439,1.0,25,,,,,0
62061439,1.0,26,,,,,0
62061439,1.0,27,,,,,0
62061439,1.0,28,,,,,0
62061439,1.0,29,,,,,0
62061439,1.0,30,,,,,0
62061439,1.0,31,,,,,0
62061439,1.0,32,,,,,0
62061439,1.0,33,,,,,0
62061439,1.0,34,,,,,0
62061439,1.0,35,,,,,0
62061439,1.0,36,,,,,0
62061439,1.0,37,,,,,0
62061439,1.0,38,,,,,0
62061439,1.0,39,,,,,0
62061439,1.0,40,,,,,0
62061439,1.0,41,,,,,0
62061439,1.0,42,,,,,0
62061439,1.0,43,,,,,0
62061439,1.0,44,,,,,0
62061439,1.0,45,,,,,0
62061439,1.0,46,,,,,0
62061439,1.0,47,,,,,0
62061439,1.0,48,,,,,0
62061439,1.0,49,,,,,0
62061439,1.0,50,,,,,0
62061439,1.0,51,,,,,0
62061439,1.0,52,,,,,0
62061439,1.0,53,,,,,0
62061439,1.0,54,,,,,0
62061439,1.0,55,,,,,0
62061439,1.0,56,,,,,0
62061439,1.0,57,,,,,0
62061439,1.0,58,,,,,0
62061439,1.0,59,,,,,0
62061439,1.0,60,,,,,0
20128595,1.0,1,,,,,0
20128595,1.0,2,,,,,0
20128595,1.0,3,,,,,0
20128595,1.0,4,,,,,0
20128595,1.0,5,,,,,0
20128595,1.0,6,,,,,0
20128595,1.0,7,,,,,0
20128595,1.0,8,,,,,0
20128595,1.0,9,,,,,0
20128595,1.0,10,,,,,0
20128595,1.0,11,,,,,0
20128595,1.0,12,,,,,0
20128595,1.0,13,,,,,0
20128595,1.0,14,,,,,0
20128595,1.0,15,,,,,0
20128595,1.0,16,,,,,0
20128595,1.0,17,,,,,0
20128595,1.0,18,,,,,0
20128595,1.0,19,,,,,0
20128595,1.0,20,,,,,0
20128595,1.0,21,,,,,0
20128595,1.0,22,,,,,0
20128595,1.0,23,,,,,0
20128595,1.0,24,,,,,0
20128595,1.0,25,,,,,0
20128595,1.0,26,,,,,0
20128595,1.0,27,,,,,0
20128595,1.0,28,,,,,0
20128595,1.0,29,,,,,0
20128595,1.0,30,,,,,0
20128595,1.0,31,,,,,0
20128595,1.0,32,,,,,0
20128595,1.0,33,,,,,0
20128595,1.0,34,,,,,0
20128595,1.0,35,,,,,0
20128595,1.0,36,,,,,0
20128595,1.0,37,,,,,0
20128595,1.0,38,,,,,0
20128595,1.0,39,,,,,0
20128595,1.0,40,,,,,0
20128595,1.0,41,,,,,0
20128595,1.0,42,,,,,0
20128595,1.0,43,,,,,0
20128595,1.0,44,,,,,0
20128595,1.0,45,,,,,0
20128595,1.0,46,,,,,0
20128595,1.0,47,,,,,0
20128595,1.0,48,,,,,0
20128595,1.0,49,,,,,0
20128595,1.0,50,,,,,0
20128595,1.0,51,,,,,0
20128595,1.0,52,,,,,0
20128595,1.0,53,,,,,0
20128595,1.0,54,,,,,0
20128595,1.0,55,,,,,0
20128595,1.0,56,,,,,0
20128595,1.0,57,,,,,0
20128595,1.0,58,,,,,0
20128595,1.0,59,,,,,0
20128595,1.0,60,,,,,0
60318584,1.0,1,,,,,0
60318584,1.0,2,,,,,0
60318584,1.0,3,,,,,0
60318584,1.0,4,,,,,0
60318584,1.0,5,,,,,0
60318584,1.0,6,,,,,0
60318584,1.0,7,,,,,0
60318584,1.0,8,,,,,0
60318584,1.0,9,,,,,0
60318584,1.0,10,,,,,0
60318584,1.0,11,,,,,0
60318584,1.0,12,,,,,0
60318584,1.0,13,,,,,0
60318584,1.0,14,,,,,0
60318584,1.0,15,,,,,0
60318584,1.0,16,,,,,0
60318584,1.0,17,,,,,0
60318584,1.0,18,,,,,0
60318584,1.0,19,,,,,0
60318584,1.0,20,,,,,0
60318584,1.0,21,,,,,0
60318584,1.0,22,,,,,0
60318584,1.0,23,,,,,0
60318584,1.0,24,,,,,0
60318584,1.0,25,,,,,0
60318584,1.0,26,,,,,0
60318584,1.0,27,,,,,0
60318584,1.0,28,,,,,0
60318584,1.0,29,,,,,0
60318584,1.0,30,,,,,0
60318584,1.0,31,,,,,0
60318584,1.0,32,,,,,0
60318584,1.0,33,,,,,0
60318584,1.0,34,,,,,0
60318584,1.0,35,,,,,0
60318584,1.0,36,,,,,0
60318584,1.0,37,,,,,0
60318584,1.0,38,,,,,0
60318584,1.0,39,,,,,0
60318584,1.0,40,,,,,0
60318584,1.0,41,,,,,0
60318584,1.0,42,,,,,0
60318584,1.0,43,,,,,0
60318584,1.0,44,,,,,0
60318584,1.0,45,,,,,0
60318584,1.0,46,,,,,0
60318584,1.0,47,,,,,0
60318584,1.0,48,,,,,0
60318584,1.0,49,,,,,0
60318584,1.0,50,,,,,0
60318584,1.0,51,,,,,0
60318584,1.0,52,,,,,0
60318584,1.0,53,,,,,0
60318584,1.0,54,,,,,0
60318584,1.0,55,,,,,0
60318584,1.0,56,,,,,0
60318584,1.0,57,,,,,0
60318584,1.0,58,,,,,0
60318584,1.0,59,,,,,0
60318584,1.0,60,,,,,0
27157673,1.0,1,,,,,0
27157673,1.0,2,,,,,0
27157673,1.0,3,,,,,0
27157673,1.0,4,,,,,0
27157673,1.0,5,,,,,0
27157673,1.0,6,,,,,0
27157673,1.0,7,,,,,0
27157673,1.0,8,,,,,0
27157673,1.0,9,,,,,0
27157673,1.0,10,,,,,0
27157673,1.0,11,,,,,0
27157673,1.0,12,,,,,0
27157673,1.0,13,,,,,0
27157673,1.0,14,,,,,0
27157673,1.0,15,,,,,0
27157673,1.0,16,,,,,0
27157673,1.0,17,,,,,0
27157673,1.0,18,,,,,0
27157673,1.0,19,,,,,0
27157673,1.0,20,,,,,0
27157673,1.0,21,,,,,0
27157673,1.0,22,,,,,0
27157673,1.0,23,,,,,0
27157673,1.0,24,,,,,0
27157673,1.0,25,,,,,0
27157673,1.0,26,,,,,0
27157673,1.0,27,,,,,0
27157673,1.0,28,,,,,0
27157673,1.0,29,,,,,0
27157673,1.0,30,,,,,0
27157673,1.0,31,,,,,0
27157673,1.0,32,,,,,0
27157673,1.0,33,,,,,0
27157673,1.0,34,,,,,0
27157673,1.0,35,,,,,0
27157673,1.0,36,,,,,0
27157673,1.0,37,,,,,0
27157673,1.0,38,,,,,0
27157673,1.0,39,,,,,0
27157673,1.0,40,,,,,0
27157673,1.0,41,,,,,0
27157673,1.0,42,,,,,0
27157673,1.0,43,,,,,0
27157673,1.0,44,,,,,0
27157673,1.0,45,,,,,0
27157673,1.0,46,,,,,0
27157673,1.0,47,,,,,0
27157673,1.0,48,,,,,0
27157673,1.0,49,,,,,0
27157673,1.0,50,,,,,0
27157673,1.0,51,,,,,0
27157673,1.0,52,,,,,0
27157673,1.0,53,,,,,0
27157673,1.0,54,,,,,0
27157673,1.0,55,,,,,0
27157673,1.0,56,,,,,0
27157673,1.0,57,,,,,0
27157673,1.0,58,,,,,0
27157673,1.0,59,,,,,0
27157673,1.0,60,,,,,0
22440928,1.0,1,,,,,0
22440928,1.0,2,,,,,0
22440928,1.0,3,36599335,onsite,0.125,0.0,1
22440928,1.0,4,24073253,onsite,0.125,0.0,1
22440928,1.0,5,63105228,onsite,0.125,0.0,1
22440928,1.0,6,71015832,onsite,0.125,0.0,1
22440928,1.0,7,54070382,onsite,0.125,0.0,1
22440928,1.0,8,94178133,onsite,0.125,0.0,1
22440928,1.0,9,54359883,onsite,0.125,0.0,1
22440928,1.0,10,47555912,onsite,0.125,0.0,1
22440928,1.0,11,34500973,onsite,0.125,0.0,1
22440928,1.0,12,75931096,onsite,0.125,0.0,1
22440928,1.0,13,95190490,onsite,0.125,0.0,1
22440928,1.0,14,39034200,onsite,0.125,0.0,1
22440928,1.0,15,33870428,onsite,0.125,0.0,1
22440928,1.0,16,51989309,onsite,0.125,0.0,1
22440928,1.0,17,10892619,onsite,0.125,0.0,1
22440928,1.0,18,58916221,onsite,0.125,0.0,1
22440928,1.0,19,41740920,onsite,2.0,0.0,1
22440928,1.0,20,,,,,0
22440928,1.0,21,,,,,0
22440928,1.0,22,,,,,0
22440928,1.0,23,16182279,onsite,2.0,0.0,1
22440928,1.0,24,,,,,0
22440928,1.0,25,,,,,0
22440928,1.0,26,,,,,0
22440928,1.0,27,,,,,0
22440928,1.0,28,,,,,0
22440928,1.0,29,,,,,0
22440928,1.0,30,,,,,0
22440928,1.0,31,,,,,0
22440928,1.0,32,,,,,0
22440928,1.0,33,,,,,0
22440928,1.0,34,,,,,0
22440928,1.0,35,,,,,0
22440928,1.0,36,,,,,0
22440928,1.0,37,,,,,0
22440928,1.0,38,,,,,0
22440928,1.0,39,,,,,0
22440928,1.0,40,,,,,0
22440928,1.0,41,,,,,0
22440928,1.0,42,,,,,0
22440928,1.0,43,,,,,0
22440928,1.0,44,,,,,0
22440928,1.0,45,,,,,0
22440928,1.0,46,,,,,0
22440928,1.0,47,,,,,0
22440928,1.0,48,,,,,0
22440928,1.0,49,,,,,0
22440928,1.0,50,,,,,0
22440928,1.0,51,,,,,0
22440928,1.0,52,,,,,0
22440928,1.0,53,,,,,0
22440928,1.0,54,,,,,0
22440928,1.0,55,,,,,0
22440928,1.0,56,,,,,0
22440928,1.0,57,,,,,0
22440928,1.0,58,,,,,0
22440928,1.0,59,,,,,0
22440928,1.0,60,,,,,0
11494435,1.0,1,,,,,0
11494435,1.0,2,59301149,online,2.0,0.0,1
11494435,1.0,3,70946685,onsite,1.2,0.8,1
11494435,1.0,4,,,,,0
11494435,1.0,5,,,,,0
11494435,1.0,6,,,,,0
11494435,1.0,7,,,,,0
11494435,1.0,8,,,,,0
11494435,1.0,9,,,,,0
11494435,1.0,10,,,,,0
11494435,1.0,11,,,,,0
11494435,1.0,12,,,,,0
11494435,1.0,13,,,,,0
11494435,1.0,14,,,,,0
11494435,1.0,15,,,,,0
11494435,1.0,16,,,,,0
11494435,1.0,17,,,,,0
11494435,1.0,18,63187573,onsite,0.04999999999999999,0.07500000000000001,1
11494435,1.0,19,63187573,onsite,0.04999999999999999,0.07500000000000001,1
11494435,1.0,20,,,,,0
11494435,1.0,21,63187573,onsite,0.04999999999999999,0.07500000000000001,1
11494435,1.0,22,63187573,onsite,0.04999999999999999,0.07500000000000001,1
11494435,1.0,23,12562183,online,2.0,0.0,1
11494435,1.0,24,63187573,onsite,0.04999999999999999,0.07500000000000001,1
11494435,1.0,25,63187573,onsite,0.04999999999999999,0.07500000000000001,1
11494435,1.0,26,63187573,onsite,0.04999999999999999,0.07500000000000001,1
11494435,1.0,27,63187573,onsite,0.04999999999999999,0.07500000000000001,1
11494435,1.0,28,63187573,onsite,0.04999999999999999,0.07500000000000001,1
11494435,1.0,29,63187573,onsite,0.04999999999999999,0.07500000000000001,1
11494435,1.0,30,,,,,0
11494435,1.0,31,63187573,onsite,0.04999999999999999,0.07500000000000001,1
11494435,1.0,32,63187573,onsite,0.04999999999999999,0.07500000000000001,1
11494435,1.0,33,,,,,0
11494435,1.0,34,,,,,0
11494435,1.0,35,,,,,0
11494435,1.0,36,,,,,0
11494435,1.0,37,,,,,0
11494435,1.0,38,,,,,0
11494435,1.0,39,,,,,0
11494435,1.0,40,,,,,0
11494435,1.0,41,,,,,0
11494435,1.0,42,,,,,0
11494435,1.0,43,,,,,0
11494435,1.0,44,,,,,0
11494435,1.0,45,,,,,0
11494435,1.0,46,,,,,0
11494435,1.0,47,,,,,0
11494435,1.0,48,,,,,0
11494435,1.0,49,,,,,0
11494435,1.0,50,,,,,0
11494435,1.0,51,,,,,0
11494435,1.0,52,,,,,0
11494435,1.0,53,,,,,0
11494435,1.0,54,,,,,0
11494435,1.0,55,,,,,0
11494435,1.0,56,,,,,0
11494435,1.0,57,,,,,0
11494435,1.0,58,,,,,0
11494435,1.0,59,,,,,0
11494435,1.0,60,,,,,0
92443282,1.0,1,,,,,0
92443282,1.0,2,,,,,0
92443282,1.0,3,,,,,0
92443282,1.0,4,,,,,0
92443282,1.0,5,,,,,0
92443282,1.0,6,,,,,0
92443282,1.0,7,,,,,0
92443282,1.0,8,,,,,0
92443282,1.0,9,,,,,0
92443282,1.0,10,,,,,0
92443282,1.0,11,,,,,0
92443282,1.0,12,,,,,0
92443282,1.0,13,,,,,0
92443282,1.0,14,,,,,0
92443282,1.0,15,,,,,0
92443282,1.0,16,,,,,0
92443282,1.0,17,,,,,0
92443282,1.0,18,,,,,0
92443282,1.0,19,,,,,0
92443282,1.0,20,,,,,0
92443282,1.0,21,,,,,0
92443282,1.0,22,,,,,0
92443282,1.0,23,,,,,0
92443282,1.0,24,,,,,0
92443282,1.0,25,,,,,0
92443282,1.0,26,,,,,0
92443282,1.0,27,,,,,0
92443282,1.0,28,,,,,0
92443282,1.0,29,,,,,0
92443282,1.0,30,,,,,0
92443282,1.0,31,,,,,0
92443282,1.0,32,,,,,0
92443282,1.0,33,,,,,0
92443282,1.0,34,,,,,0
92443282,1.0,35,,,,,0
92443282,1.0,36,,,,,0
92443282,1.0,37,,,,,0
92443282,1.0,38,,,,,0
92443282,1.0,39,,,,,0
92443282,1.0,40,,,,,0
92443282,1.0,41,,,,,0
92443282,1.0,42,,,,,0
92443282,1.0,43,,,,,0
92443282,1.0,44,,,,,0
92443282,1.0,45,,,,,0
92443282,1.0,46,,,,,0
92443282,1.0,47,,,,,0
92443282,1.0,48,,,,,0
92443282,1.0,49,,,,,0
92443282,1.0,50,,,,,0
92443282,1.0,51,,,,,0
92443282,1.0,52,,,,,0
92443282,1.0,53,,,,,0
92443282,1.0,54,,,,,0
92443282,1.0,55,,,,,0
92443282,1.0,56,,,,,0
92443282,1.0,57,,,,,0
92443282,1.0,58,,,,,0
92443282,1.0,59,,,,,0
92443282,1.0,60,,,,,0
83015876,1.0,1,,,,,0
83015876,1.0,2,,,,,0
83015876,1.0,3,,,,,0
83015876,1.0,4,,,,,0
83015876,1.0,5,,,,,0
83015876,1.0,6,,,,,0
83015876,1.0,7,,,,,0
83015876,1.0,8,,,,,0
83015876,1.0,9,,,,,0
83015876,1.0,10,,,,,0
83015876,1.0,11,,,,,0
83015876,1.0,12,,,,,0
83015876,1.0,13,,,,,0
83015876,1.0,14,,,,,0
83015876,1.0,15,,,,,0
83015876,1.0,16,,,,,0
83015876,1.0,17,,,,,0
83015876,1.0,18,,,,,0
83015876,1.0,19,,,,,0
83015876,1.0,20,,,,,0
83015876,1.0,21,,,,,0
83015876,1.0,22,,,,,0
83015876,1.0,23,,,,,0
83015876,1.0,24,,,,,0
83015876,1.0,25,,,,,0
83015876,1.0,26,,,,,0
83015876,1.0,27,,,,,0
83015876,1.0,28,,,,,0
83015876,1.0,29,,,,,0
83015876,1.0,30,,,,,0
83015876,1.0,31,,,,,0
83015876,1.0,32,,,,,0
83015876,1.0,33,,,,,0
83015876,1.0,34,,,,,0
83015876,1.0,35,,,,,0
83015876,1.0,36,,,,,0
83015876,1.0,37,,,,,0
83015876,1.0,38,,,,,0
83015876,1.0,39,,,,,0
83015876,1.0,40,,,,,0
83015876,1.0,41,,,,,0
83015876,1.0,42,,,,,0
83015876,1.0,43,,,,,0
83015876,1.0,44,,,,,0
83015876,1.0,45,,,,,0
83015876,1.0,46,,,,,0
83015876,1.0,47,,,,,0
83015876,1.0,48,,,,,0
83015876,1.0,49,,,,,0
83015876,1.0,50,,,,,0
83015876,1.0,51,,,,,0
83015876,1.0,52,,,,,0
83015876,1.0,53,,,,,0
83015876,1.0,54,,,,,0
83015876,1.0,55,,,,,0
83015876,1.0,56,,,,,0
83015876,1.0,57,,,,,0
83015876,1.0,58,,,,,0
83015876,1.0,59,,,,,0
83015876,1.0,60,,,,,0
18436791,1.0,1,,,,,0
18436791,1.0,2,,,,,0
18436791,1.0,3,,,,,0
18436791,1.0,4,,,,,0
18436791,1.0,5,,,,,0
18436791,1.0,6,,,,,0
18436791,1.0,7,,,,,0
18436791,1.0,8,,,,,0
18436791,1.0,9,,,,,0
18436791,1.0,10,,,,,0
18436791,1.0,11,,,,,0
18436791,1.0,12,,,,,0
18436791,1.0,13,,,,,0
18436791,1.0,14,,,,,0
18436791,1.0,15,,,,,0
18436791,1.0,16,,,,,0
18436791,1.0,17,,,,,0
18436791,1.0,18,,,,,0
18436791,1.0,19,,,,,0
18436791,1.0,20,,,,,0
18436791,1.0,21,,,,,0
18436791,1.0,22,,,,,0
18436791,1.0,23,,,,,0
18436791,1.0,24,,,,,0
18436791,1.0,25,,,,,0
18436791,1.0,26,,,,,0
18436791,1.0,27,,,,,0
18436791,1.0,28,,,,,0
18436791,1.0,29,,,,,0
18436791,1.0,30,,,,,0
18436791,1.0,31,,,,,0
18436791,1.0,32,,,,,0
18436791,1.0,33,,,,,0
18436791,1.0,34,,,,,0
18436791,1.0,35,,,,,0
18436791,1.0,36,,,,,0
18436791,1.0,37,,,,,0
18436791,1.0,38,,,,,0
18436791,1.0,39,,,,,0
18436791,1.0,40,,,,,0
18436791,1.0,41,,,,,0
18436791,1.0,42,,,,,0
18436791,1.0,43,,,,,0
18436791,1.0,44,,,,,0
18436791,1.0,45,,,,,0
18436791,1.0,46,,,,,0
18436791,1.0,47,,,,,0
18436791,1.0,48,,,,,0
18436791,1.0,49,,,,,0
18436791,1.0,50,,,,,0
18436791,1.0,51,,,,,0
18436791,1.0,52,,,,,0
18436791,1.0,53,,,,,0
18436791,1.0,54,,,,,0
18436791,1.0,55,,,,,0
18436791,1.0,56,,,,,0
18436791,1.0,57,,,,,0
18436791,1.0,58,,,,,0
18436791,1.0,59,,,,,0
18436791,1.0,60,,,,,0
38740644,1.0,1,,,,,0
38740644,1.0,2,,,,,0
38740644,1.0,3,,,,,0
38740644,1.0,4,,,,,0
38740644,1.0,5,,,,,0
38740644,1.0,6,,,,,0
38740644,1.0,7,,,,,0
38740644,1.0,8,,,,,0
38740644,1.0,9,,,,,0
38740644,1.0,10,,,,,0
38740644,1.0,11,,,,,0
38740644,1.0,12,,,,,0
38740644,1.0,13,,,,,0
38740644,1.0,14,,,,,0
38740644,1.0,15,,,,,0
38740644,1.0,16,,,,,0
38740644,1.0,17,,,,,0
38740644,1.0,18,,,,,0
38740644,1.0,19,,,,,0
38740644,1.0,20,,,,,0
38740644,1.0,21,,,,,0
38740644,1.0,22,,,,,0
38740644,1.0,23,,,,,0
38740644,1.0,24,,,,,0
38740644,1.0,25,,,,,0
38740644,1.0,26,,,,,0
38740644,1.0,27,,,,,0
38740644,1.0,28,,,,,0
38740644,1.0,29,,,,,0
38740644,1.0,30,,,,,0
38740644,1.0,31,,,,,0
38740644,1.0,32,,,,,0
38740644,1.0,33,,,,,0
38740644,1.0,34,,,,,0
38740644,1.0,35,,,,,0
38740644,1.0,36,,,,,0
38740644,1.0,37,,,,,0
38740644,1.0,38,,,,,0
38740644,1.0,39,,,,,0
38740644,1.0,40,,,,,0
38740644,1.0,41,,,,,0
38740644,1.0,42,,,,,0
38740644,1.0,43,,,,,0
38740644,1.0,44,,,,,0
38740644,1.0,45,,,,,0
38740644,1.0,46,,,,,0
38740644,1.0,47,,,,,0
38740644,1.0,48,,,,,0
38740644,1.0,49,,,,,0
38740644,1.0,50,,,,,0
38740644,1.0,51,,,,,0
38740644,1.0,52,,,,,0
38740644,1.0,53,,,,,0
38740644,1.0,54,,,,,0
38740644,1.0,55,,,,,0
38740644,1.0,56,,,,,0
38740644,1.0,57,,,,,0
38740644,1.0,58,,,,,0
38740644,1.0,59,,,,,0
38740644,1.0,60,,,,,0
26130629,1.0,1,,,,,0
26130629,1.0,2,58097723,onsite,0.25,0.0,1
26130629,1.0,3,50933551,onsite,0.25,0.0,1
26130629,1.0,4,45067916,onsite,0.25,0.0,1
26130629,1.0,5,72070529,onsite,0.25,0.0,1
26130629,1.0,6,69805960,onsite,0.25,0.0,1
26130629,1.0,7,99067980,onsite,0.25,0.0,1
26130629,1.0,8,69805960,onsite,0.25,0.0,1
26130629,1.0,9,50933551,onsite,0.25,0.0,1
26130629,1.0,10,50933551,onsite,0.25,0.0,1
26130629,1.0,11,47468387,onsite,0.25,0.0,1
26130629,1.0,12,50924711,onsite,0.25,0.0,1
26130629,1.0,13,62556373,onsite,0.25,0.0,1
26130629,1.0,14,46571947,onsite,1.0,0.0,1
26130629,1.0,15,59183717,onsite,0.25,0.0,1
26130629,1.0,16,13213973,onsite,1.0,0.0,1
26130629,1.0,17,92417394,onsite,1.0,0.0,1
26130629,1.0,18,62556373,onsite,0.25,0.0,1
26130629,1.0,19,30871913,onsite,1.0,0.0,1
26130629,1.0,20,62556373,onsite,0.25,0.0,1
26130629,1.0,21,,,,,0
26130629,1.0,22,,,,,0
26130629,1.0,23,,,,,0
26130629,1.0,24,79303757,online,2.0,0.0,1
26130629,1.0,25,,,,,0
26130629,1.0,26,,,,,0
26130629,1.0,27,72956433,online,2.0,0.0,1
26130629,1.0,28,,,,,0
26130629,1.0,29,,,,,0
26130629,1.0,30,,,,,0
26130629,1.0,31,,,,,0
26130629,1.0,32,,,,,0
26130629,1.0,33,,,,,0
26130629,1.0,34,16273803,online,3.003003003003003,0.0,1
26130629,1.0,35,,,,,0
26130629,1.0,36,,,,,0
26130629,1.0,37,,,,,0
26130629,1.0,38,,,,,0
26130629,1.0,39,,,,,0
26130629,1.0,40,,,,,0
26130629,1.0,41,,,,,0
26130629,1.0,42,,,,,0
26130629,1.0,43,,,,,0
26130629,1.0,44,,,,,0
26130629,1.0,45,,,,,0
26130629,1.0,46,,,,,0
26130629,1.0,47,,,,,0
26130629,1.0,48,,,,,0
26130629,1.0,49,,,,,0
26130629,1.0,50,,,,,0
26130629,1.0,51,,,,,0
26130629,1.0,52,,,,,0
26130629,1.0,53,,,,,0
26130629,1.0,54,,,,,0
26130629,1.0,55,,,,,0
26130629,1.0,56,,,,,0
26130629,1.0,57,,,,,0
26130629,1.0,58,,,,,0
26130629,1.0,59,,,,,0
26130629,1.0,60,,,,,0
81937770,1.0,1,,,,,0
81937770,1.0,2,,,,,0
81937770,1.0,3,,,,,0
81937770,1.0,4,,,,,0
81937770,1.0,5,,,,,0
81937770,1.0,6,,,,,0
81937770,1.0,7,,,,,0
81937770,1.0,8,,,,,0
81937770,1.0,9,,,,,0
81937770,1.0,10,,,,,0
81937770,1.0,11,,,,,0
81937770,1.0,12,,,,,0
81937770,1.0,13,,,,,0
81937770,1.0,14,,,,,0
81937770,1.0,15,,,,,0
81937770,1.0,16,,,,,0
81937770,1.0,17,,,,,0
81937770,1.0,18,,,,,0
81937770,1.0,19,,,,,0
81937770,1.0,20,,,,,0
81937770,1.0,21,,,,,0
81937770,1.0,22,,,,,0
81937770,1.0,23,,,,,0
81937770,1.0,24,,,,,0
81937770,1.0,25,,,,,0
81937770,1.0,26,,,,,0
81937770,1.0,27,,,,,0
81937770,1.0,28,,,,,0
81937770,1.0,29,,,,,0
81937770,1.0,30,,,,,0
81937770,1.0,31,,,,,0
81937770,1.0,32,,,,,0
81937770,1.0,33,,,,,0
81937770,1.0,34,,,,,0
81937770,1.0,35,,,,,0
81937770,1.0,36,,,,,0
81937770,1.0,37,,,,,0
81937770,1.0,38,,,,,0
81937770,1.0,39,,,,,0
81937770,1.0,40,,,,,0
81937770,1.0,41,,,,,0
81937770,1.0,42,,,,,0
81937770,1.0,43,,,,,0
81937770,1.0,44,,,,,0
81937770,1.0,45,,,,,0
81937770,1.0,46,,,,,0
81937770,1.0,47,,,,,0
81937770,1.0,48,,,,,0
81937770,1.0,49,,,,,0
81937770,1.0,50,,,,,0
81937770,1.0,51,,,,,0
81937770,1.0,52,,,,,0
81937770,1.0,53,,,,,0
81937770,1.0,54,,,,,0
81937770,1.0,55,,,,,0
81937770,1.0,56,,,,,0
81937770,1.0,57,,,,,0
81937770,1.0,58,,,,,0
81937770,1.0,59,,,,,0
81937770,1.0,60,,,,,0
42270197,1.0,1,37785214,onsite,0.125,0.0,1
42270197,1.0,2,37785214,onsite,0.125,0.0,1
42270197,1.0,3,81276423,onsite,0.125,0.0,1
42270197,1.0,4,40114190,onsite,0.125,0.0,1
42270197,1.0,5,94426110,onsite,0.125,0.0,1
42270197,1.0,6,71760872,onsite,0.125,0.0,1
42270197,1.0,7,20407921,onsite,0.125,0.0,1
42270197,1.0,8,43631890,onsite,0.125,0.0,1
42270197,1.0,9,98908009,onsite,0.125,0.0,1
42270197,1.0,10,81276423,onsite,0.125,0.0,1
42270197,1.0,11,,,,,0
42270197,1.0,12,,,,,0
42270197,1.0,13,,,,,0
42270197,1.0,14,37126672,online,2.0,0.0,1
42270197,1.0,15,,,,,0
42270197,1.0,16,,,,,0
42270197,1.0,17,,,,,0
42270197,1.0,18,,,,,0
42270197,1.0,19,,,,,0
42270197,1.0,20,38660125,onsite,2.0,0.0,1
42270197,1.0,21,,,,,0
42270197,1.0,22,54922553,online,2.0,0.0,1
42270197,1.0,23,,,,,0
42270197,1.0,24,91456579,online,2.0,0.0,1
42270197,1.0,25,,,,,0
42270197,1.0,26,94040332,online,2.0,0.0,1
42270197,1.0,27,,,,,0
42270197,1.0,28,82368108,online,3.003003003003003,0.0,1
42270197,1.0,29,,,,,0
42270197,1.0,30,,,,,0
42270197,1.0,31,67520033,online,3.003003003003003,0.0,1
42270197,1.0,32,85713053,online,3.003003003003003,0.0,1
42270197,1.0,33,,,,,0
42270197,1.0,34,,,,,0
42270197,1.0,35,,,,,0
42270197,1.0,36,,,,,0
42270197,1.0,37,,,,,0
42270197,1.0,38,,,,,0
42270197,1.0,39,71615680,online,3.003003003003003,0.0,1
42270197,1.0,40,,,,,0
42270197,1.0,41,,,,,0
42270197,1.0,42,,,,,0
42270197,1.0,43,,,,,0
42270197,1.0,44,,,,,0
42270197,1.0,45,,,,,0
42270197,1.0,46,,,,,0
42270197,1.0,47,,,,,0
42270197,1.0,48,,,,,0
42270197,1.0,49,,,,,0
42270197,1.0,50,,,,,0
42270197,1.0,51,,,,,0
42270197,1.0,52,,,,,0
42270197,1.0,53,,,,,0
42270197,1.0,54,,,,,0
42270197,1.0,55,,,,,0
42270197,1.0,56,,,,,0
42270197,1.0,57,,,,,0
42270197,1.0,58,,,,,0
42270197,1.0,59,,,,,0
42270197,1.0,60,,,,,0
52937512,1.0,1,,,,,0
52937512,1.0,2,,,,,0
52937512,1.0,3,,,,,0
52937512,1.0,4,,,,,0
52937512,1.0,5,,,,,0
52937512,1.0,6,,,,,0
52937512,1.0,7,,,,,0
52937512,1.0,8,,,,,0
52937512,1.0,9,,,,,0
52937512,1.0,10,,,,,0
52937512,1.0,11,,,,,0
52937512,1.0,12,,,,,0
52937512,1.0,13,,,,,0
52937512,1.0,14,,,,,0
52937512,1.0,15,,,,,0
52937512,1.0,16,,,,,0
52937512,1.0,17,,,,,0
52937512,1.0,18,,,,,0
52937512,1.0,19,,,,,0
52937512,1.0,20,,,,,0
52937512,1.0,21,,,,,0
52937512,1.0,22,,,,,0
52937512,1.0,23,,,,,0
52937512,1.0,24,,,,,0
52937512,1.0,25,,,,,0
52937512,1.0,26,,,,,0
52937512,1.0,27,,,,,0
52937512,1.0,28,,,,,0
52937512,1.0,29,,,,,0
52937512,1.0,30,,,,,0
52937512,1.0,31,,,,,0
52937512,1.0,32,,,,,0
52937512,1.0,33,,,,,0
52937512,1.0,34,,,,,0
52937512,1.0,35,,,,,0
52937512,1.0,36,,,,,0
52937512,1.0,37,,,,,0
52937512,1.0,38,,,,,0
52937512,1.0,39,,,,,0
52937512,1.0,40,,,,,0
52937512,1.0,41,,,,,0
52937512,1.0,42,,,,,0
52937512,1.0,43,,,,,0
52937512,1.0,44,,,,,0
52937512,1.0,45,,,,,0
52937512,1.0,46,,,,,0
52937512,1.0,47,,,,,0
52937512,1.0,48,,,,,0
52937512,1.0,49,,,,,0
52937512,1.0,50,,,,,0
52937512,1.0,51,,,,,0
52937512,1.0,52,,,,,0
52937512,1.0,53,,,,,0
52937512,1.0,54,,,,,0
52937512,1.0,55,,,,,0
52937512,1.0,56,,,,,0
52937512,1.0,57,,,,,0
52937512,1.0,58,,,,,0
52937512,1.0,59,,,,,0
52937512,1.0,60,,,,,0
18407947,1.0,1,29135757,onsite,0.125,0.0,1
18407947,1.0,2,41716518,onsite,0.125,0.0,1
18407947,1.0,3,92775358,onsite,0.125,0.0,1
18407947,1.0,4,92775358,onsite,0.125,0.0,1
18407947,1.0,5,92775358,onsite,0.125,0.0,1
18407947,1.0,6,59111999,onsite,0.125,0.0,1
18407947,1.0,7,24098320,onsite,0.125,0.0,1
18407947,1.0,8,79215234,onsite,0.125,0.0,1
18407947,1.0,9,79215234,onsite,0.125,0.0,1
18407947,1.0,10,15400518,onsite,0.125,0.0,1
18407947,1.0,11,95199437,onsite,0.125,0.0,1
18407947,1.0,12,36393664,onsite,0.7501875468867217,0.0,1
18407947,1.0,13,69194463,onsite,0.7501875468867217,0.0,1
18407947,1.0,14,48763537,onsite,0.7501875468867217,0.0,1
18407947,1.0,15,27739886,onsite,0.125,0.0,1
18407947,1.0,16,27739886,onsite,0.125,0.0,1
18407947,1.0,17,84346161,onsite,2.0,0.0,1
18407947,1.0,18,87020892,onsite,2.0,0.0,1
18407947,1.0,19,37712464,onsite,2.0,0.0,1
18407947,1.0,20,75728900,onsite,2.0,0.0,1
18407947,1.0,21,70059778,onsite,2.0,0.0,1
18407947,1.0,22,78858418,onsite,2.0,0.0,1
18407947,1.0,23,82280556,onsite,2.0,0.0,1
18407947,1.0,24,27132449,onsite,2.0,0.0,1
18407947,1.0,25,,,,,0
18407947,1.0,26,,,,,0
18407947,1.0,27,,,,,0
18407947,1.0,28,38490624,onsite,2.0,0.0,1
18407947,1.0,29,,,,,0
18407947,1.0,30,93410999,onsite,2.5,0.0,1
18407947,1.0,31,,,,,0
18407947,1.0,32,,,,,0
18407947,1.0,33,,,,,0
18407947,1.0,34,28941777,onsite,2.5,0.0,1
18407947,1.0,35,,,,,0
18407947,1.0,36,,,,,0
18407947,1.0,37,,,,,0
18407947,1.0,38,,,,,0
18407947,1.0,39,,,,,0
18407947,1.0,40,50403060,onsite,2.0,0.0,1
18407947,1.0,41,,,,,0
18407947,1.0,42,,,,,0
18407947,1.0,43,,,,,0
18407947,1.0,44,,,,,0
18407947,1.0,45,,,,,0
18407947,1.0,46,,,,,0
18407947,1.0,47,,,,,0
18407947,1.0,48,,,,,0
18407947,1.0,49,,,,,0
18407947,1.0,50,,,,,0
18407947,1.0,51,,,,,0
18407947,1.0,52,,,,,0
18407947,1.0,53,,,,,0
18407947,1.0,54,,,,,0
18407947,1.0,55,,,,,0
18407947,1.0,56,,,,,0
18407947,1.0,57,,,,,0
18407947,1.0,58,,,,,0
18407947,1.0,59,,,,,0
18407947,1.0,60,,,,,0
47873009,1.0,1,,,,,0
47873009,1.0,2,,,,,0
47873009,1.0,3,,,,,0
47873009,1.0,4,,,,,0
47873009,1.0,5,,,,,0
47873009,1.0,6,,,,,0
47873009,1.0,7,,,,,0
47873009,1.0,8,,,,,0
47873009,1.0,9,,,,,0
47873009,1.0,10,,,,,0
47873009,1.0,11,,,,,0
47873009,1.0,12,,,,,0
47873009,1.0,13,,,,,0
47873009,1.0,14,,,,,0
47873009,1.0,15,,,,,0
47873009,1.0,16,,,,,0
47873009,1.0,17,,,,,0
47873009,1.0,18,,,,,0
47873009,1.0,19,,,,,0
47873009,1.0,20,,,,,0
47873009,1.0,21,,,,,0
47873009,1.0,22,,,,,0
47873009,1.0,23,,,,,0
47873009,1.0,24,,,,,0
47873009,1.0,25,,,,,0
47873009,1.0,26,,,,,0
47873009,1.0,27,,,,,0
47873009,1.0,28,,,,,0
47873009,1.0,29,,,,,0
47873009,1.0,30,,,,,0
47873009,1.0,31,,,,,0
47873009,1.0,32,,,,,0
47873009,1.0,33,,,,,0
47873009,1.0,34,,,,,0
47873009,1.0,35,,,,,0
47873009,1.0,36,,,,,0
47873009,1.0,37,,,,,0
47873009,1.0,38,,,,,0
47873009,1.0,39,,,,,0
47873009,1.0,40,,,,,0
47873009,1.0,41,,,,,0
47873009,1.0,42,,,,,0
47873009,1.0,43,,,,,0
47873009,1.0,44,,,,,0
47873009,1.0,45,,,,,0
47873009,1.0,46,,,,,0
47873009,1.0,47,,,,,0
47873009,1.0,48,,,,,0
47873009,1.0,49,,,,,0
47873009,1.0,50,,,,,0
47873009,1.0,51,,,,,0
47873009,1.0,52,,,,,0
47873009,1.0,53,,,,,0
47873009,1.0,54,,,,,0
47873009,1.0,55,,,,,0
47873009,1.0,56,,,,,0
47873009,1.0,57,,,,,0
47873009,1.0,58,,,,,0
47873009,1.0,59,,,,,0
47873009,1.0,60,,,,,0
82767031,1.0,1,,,,,0
82767031,1.0,2,,,,,0
82767031,1.0,3,,,,,0
82767031,1.0,4,,,,,0
82767031,1.0,5,,,,,0
82767031,1.0,6,,,,,0
82767031,1.0,7,,,,,0
82767031,1.0,8,,,,,0
82767031,1.0,9,,,,,0
82767031,1.0,10,,,,,0
82767031,1.0,11,,,,,0
82767031,1.0,12,,,,,0
82767031,1.0,13,,,,,0
82767031,1.0,14,,,,,0
82767031,1.0,15,,,,,0
82767031,1.0,16,,,,,0
82767031,1.0,17,,,,,0
82767031,1.0,18,,,,,0
82767031,1.0,19,,,,,0
82767031,1.0,20,,,,,0
82767031,1.0,21,,,,,0
82767031,1.0,22,,,,,0
82767031,1.0,23,,,,,0
82767031,1.0,24,,,,,0
82767031,1.0,25,,,,,0
82767031,1.0,26,,,,,0
82767031,1.0,27,,,,,0
82767031,1.0,28,,,,,0
82767031,1.0,29,,,,,0
82767031,1.0,30,,,,,0
82767031,1.0,31,,,,,0
82767031,1.0,32,,,,,0
82767031,1.0,33,,,,,0
82767031,1.0,34,,,,,0
82767031,1.0,35,,,,,0
82767031,1.0,36,,,,,0
82767031,1.0,37,,,,,0
82767031,1.0,38,,,,,0
82767031,1.0,39,,,,,0
82767031,1.0,40,,,,,0
82767031,1.0,41,,,,,0
82767031,1.0,42,,,,,0
82767031,1.0,43,,,,,0
82767031,1.0,44,,,,,0
82767031,1.0,45,,,,,0
82767031,1.0,46,,,,,0
82767031,1.0,47,,,,,0
82767031,1.0,48,,,,,0
82767031,1.0,49,,,,,0
82767031,1.0,50,,,,,0
82767031,1.0,51,,,,,0
82767031,1.0,52,,,,,0
82767031,1.0,53,,,,,0
82767031,1.0,54,,,,,0
82767031,1.0,55,,,,,0
82767031,1.0,56,,,,,0
82767031,1.0,57,,,,,0
82767031,1.0,58,,,,,0
82767031,1.0,59,,,,,0
82767031,1.0,60,,,,,0
47236259,1.0,1,,,,,0
47236259,1.0,2,,,,,0
47236259,1.0,3,,,,,0
47236259,1.0,4,,,,,0
47236259,1.0,5,,,,,0
47236259,1.0,6,,,,,0
47236259,1.0,7,,,,,0
47236259,1.0,8,,,,,0
47236259,1.0,9,,,,,0
47236259,1.0,10,,,,,0
47236259,1.0,11,,,,,0
47236259,1.0,12,,,,,0
47236259,1.0,13,,,,,0
47236259,1.0,14,,,,,0
47236259,1.0,15,,,,,0
47236259,1.0,16,,,,,0
47236259,1.0,17,,,,,0
47236259,1.0,18,,,,,0
47236259,1.0,19,,,,,0
47236259,1.0,20,,,,,0
47236259,1.0,21,,,,,0
47236259,1.0,22,,,,,0
47236259,1.0,23,,,,,0
47236259,1.0,24,,,,,0
47236259,1.0,25,,,,,0
47236259,1.0,26,,,,,0
47236259,1.0,27,,,,,0
47236259,1.0,28,,,,,0
47236259,1.0,29,,,,,0
47236259,1.0,30,,,,,0
47236259,1.0,31,,,,,0
47236259,1.0,32,,,,,0
47236259,1.0,33,,,,,0
47236259,1.0,34,,,,,0
47236259,1.0,35,,,,,0
47236259,1.0,36,,,,,0
47236259,1.0,37,,,,,0
47236259,1.0,38,,,,,0
47236259,1.0,39,,,,,0
47236259,1.0,40,,,,,0
47236259,1.0,41,,,,,0
47236259,1.0,42,,,,,0
47236259,1.0,43,,,,,0
47236259,1.0,44,,,,,0
47236259,1.0,45,,,,,0
47236259,1.0,46,,,,,0
47236259,1.0,47,,,,,0
47236259,1.0,48,,,,,0
47236259,1.0,49,,,,,0
47236259,1.0,50,,,,,0
47236259,1.0,51,,,,,0
47236259,1.0,52,,,,,0
47236259,1.0,53,,,,,0
47236259,1.0,54,,,,,0
47236259,1.0,55,,,,,0
47236259,1.0,56,,,,,0
47236259,1.0,57,,,,,0
47236259,1.0,58,,,,,0
47236259,1.0,59,,,,,0
47236259,1.0,60,,,,,0
88644765,1.0,1,,,,,0
88644765,1.0,2,,,,,0
88644765,1.0,3,,,,,0
88644765,1.0,4,,,,,0
88644765,1.0,5,,,,,0
88644765,1.0,6,,,,,0
88644765,1.0,7,,,,,0
88644765,1.0,8,,,,,0
88644765,1.0,9,,,,,0
88644765,1.0,10,,,,,0
88644765,1.0,11,,,,,0
88644765,1.0,12,,,,,0
88644765,1.0,13,,,,,0
88644765,1.0,14,,,,,0
88644765,1.0,15,,,,,0
88644765,1.0,16,,,,,0
88644765,1.0,17,,,,,0
88644765,1.0,18,,,,,0
88644765,1.0,19,,,,,0
88644765,1.0,20,,,,,0
88644765,1.0,21,,,,,0
88644765,1.0,22,,,,,0
88644765,1.0,23,,,,,0
88644765,1.0,24,,,,,0
88644765,1.0,25,,,,,0
88644765,1.0,26,,,,,0
88644765,1.0,27,,,,,0
88644765,1.0,28,,,,,0
88644765,1.0,29,,,,,0
88644765,1.0,30,,,,,0
88644765,1.0,31,,,,,0
88644765,1.0,32,,,,,0
88644765,1.0,33,,,,,0
88644765,1.0,34,,,,,0
88644765,1.0,35,,,,,0
88644765,1.0,36,,,,,0
88644765,1.0,37,,,,,0
88644765,1.0,38,,,,,0
88644765,1.0,39,,,,,0
88644765,1.0,40,,,,,0
88644765,1.0,41,,,,,0
88644765,1.0,42,,,,,0
88644765,1.0,43,,,,,0
88644765,1.0,44,,,,,0
88644765,1.0,45,,,,,0
88644765,1.0,46,,,,,0
88644765,1.0,47,,,,,0
88644765,1.0,48,,,,,0
88644765,1.0,49,,,,,0
88644765,1.0,50,,,,,0
88644765,1.0,51,,,,,0
88644765,1.0,52,,,,,0
88644765,1.0,53,,,,,0
88644765,1.0,54,,,,,0
88644765,1.0,55,,,,,0
88644765,1.0,56,,,,,0
88644765,1.0,57,,,,,0
88644765,1.0,58,,,,,0
88644765,1.0,59,,,,,0
88644765,1.0,60,,,,,0
86731818,1.0,1,,,,,0
86731818,1.0,2,,,,,0
86731818,1.0,3,,,,,0
86731818,1.0,4,,,,,0
86731818,1.0,5,,,,,0
86731818,1.0,6,,,,,0
86731818,1.0,7,,,,,0
86731818,1.0,8,,,,,0
86731818,1.0,9,,,,,0
86731818,1.0,10,,,,,0
86731818,1.0,11,,,,,0
86731818,1.0,12,,,,,0
86731818,1.0,13,,,,,0
86731818,1.0,14,,,,,0
86731818,1.0,15,,,,,0
86731818,1.0,16,,,,,0
86731818,1.0,17,,,,,0
86731818,1.0,18,,,,,0
86731818,1.0,19,,,,,0
86731818,1.0,20,,,,,0
86731818,1.0,21,,,,,0
86731818,1.0,22,,,,,0
86731818,1.0,23,,,,,0
86731818,1.0,24,,,,,0
86731818,1.0,25,,,,,0
86731818,1.0,26,,,,,0
86731818,1.0,27,,,,,0
86731818,1.0,28,,,,,0
86731818,1.0,29,,,,,0
86731818,1.0,30,,,,,0
86731818,1.0,31,,,,,0
86731818,1.0,32,,,,,0
86731818,1.0,33,,,,,0
86731818,1.0,34,,,,,0
86731818,1.0,35,,,,,0
86731818,1.0,36,,,,,0
86731818,1.0,37,,,,,0
86731818,1.0,38,,,,,0
86731818,1.0,39,,,,,0
86731818,1.0,40,,,,,0
86731818,1.0,41,,,,,0
86731818,1.0,42,,,,,0
86731818,1.0,43,,,,,0
86731818,1.0,44,,,,,0
86731818,1.0,45,,,,,0
86731818,1.0,46,,,,,0
86731818,1.0,47,,,,,0
86731818,1.0,48,,,,,0
86731818,1.0,49,,,,,0
86731818,1.0,50,,,,,0
86731818,1.0,51,,,,,0
86731818,1.0,52,,,,,0
86731818,1.0,53,,,,,0
86731818,1.0,54,,,,,0
86731818,1.0,55,,,,,0
86731818,1.0,56,,,,,0
86731818,1.0,57,,,,,0
86731818,1.0,58,,,,,0
86731818,1.0,59,,,,,0
86731818,1.0,60,,,,,0
93462636,1.0,1,,,,,0
93462636,1.0,2,,,,,0
93462636,1.0,3,,,,,0
93462636,1.0,4,,,,,0
93462636,1.0,5,,,,,0
93462636,1.0,6,,,,,0
93462636,1.0,7,,,,,0
93462636,1.0,8,,,,,0
93462636,1.0,9,,,,,0
93462636,1.0,10,,,,,0
93462636,1.0,11,,,,,0
93462636,1.0,12,,,,,0
93462636,1.0,13,,,,,0
93462636,1.0,14,,,,,0
93462636,1.0,15,,,,,0
93462636,1.0,16,,,,,0
93462636,1.0,17,,,,,0
93462636,1.0,18,,,,,0
93462636,1.0,19,,,,,0
93462636,1.0,20,,,,,0
93462636,1.0,21,,,,,0
93462636,1.0,22,,,,,0
93462636,1.0,23,,,,,0
93462636,1.0,24,,,,,0
93462636,1.0,25,,,,,0
93462636,1.0,26,,,,,0
93462636,1.0,27,,,,,0
93462636,1.0,28,,,,,0
93462636,1.0,29,,,,,0
93462636,1.0,30,,,,,0
93462636,1.0,31,,,,,0
93462636,1.0,32,,,,,0
93462636,1.0,33,,,,,0
93462636,1.0,34,,,,,0
93462636,1.0,35,,,,,0
93462636,1.0,36,,,,,0
93462636,1.0,37,,,,,0
93462636,1.0,38,,,,,0
93462636,1.0,39,,,,,0
93462636,1.0,40,,,,,0
93462636,1.0,41,,,,,0
93462636,1.0,42,,,,,0
93462636,1.0,43,,,,,0
93462636,1.0,44,,,,,0
93462636,1.0,45,,,,,0
93462636,1.0,46,,,,,0
93462636,1.0,47,,,,,0
93462636,1.0,48,,,,,0
93462636,1.0,49,,,,,0
93462636,1.0,50,,,,,0
93462636,1.0,51,,,,,0
93462636,1.0,52,,,,,0
93462636,1.0,53,,,,,0
93462636,1.0,54,,,,,0
93462636,1.0,55,,,,,0
93462636,1.0,56,,,,,0
93462636,1.0,57,,,,,0
93462636,1.0,58,,,,,0
93462636,1.0,59,,,,,0
93462636,1.0,60,,,,,0
89117598,1.0,1,,,,,0
89117598,1.0,2,,,,,0
89117598,1.0,3,54794966,onsite,0.125,0.0,1
89117598,1.0,4,84730110,onsite,0.125,0.0,1
89117598,1.0,5,56835375,onsite,0.125,0.0,1
89117598,1.0,6,60167696,onsite,0.125,0.0,1
89117598,1.0,7,56835375,onsite,0.125,0.0,1
89117598,1.0,8,85876972,onsite,0.125,0.0,1
89117598,1.0,9,92471125,onsite,0.125,0.0,1
89117598,1.0,10,54794966,onsite,0.125,0.0,1
89117598,1.0,11,44564234,onsite,0.125,0.0,1
89117598,1.0,12,82473832,onsite,0.125,0.0,1
89117598,1.0,13,33870428,onsite,0.7501875468867217,0.0,1
89117598,1.0,14,84177662,onsite,0.125,0.0,1
89117598,1.0,15,63105228,onsite,0.7501875468867217,0.0,1
89117598,1.0,16,84177662,onsite,0.125,0.0,1
89117598,1.0,17,51989309,onsite,0.7501875468867217,0.0,1
89117598,1.0,18,54070382,onsite,0.7501875468867217,0.0,1
89117598,1.0,19,92883991,onsite,0.7501875468867217,0.0,1
89117598,1.0,20,,,,,0
89117598,1.0,21,34312761,onsite,0.7501875468867217,0.0,1
89117598,1.0,22,34670293,onsite,0.7501875468867217,0.0,1
89117598,1.0,23,,,,,0
89117598,1.0,24,,,,,0
89117598,1.0,25,,,,,0
89117598,1.0,26,,,,,0
89117598,1.0,27,,,,,0
89117598,1.0,28,,,,,0
89117598,1.0,29,,,,,0
89117598,1.0,30,,,,,0
89117598,1.0,31,,,,,0
89117598,1.0,32,,,,,0
89117598,1.0,33,,,,,0
89117598,1.0,34,,,,,0
89117598,1.0,35,,,,,0
89117598,1.0,36,,,,,0
89117598,1.0,37,,,,,0
89117598,1.0,38,,,,,0
89117598,1.0,39,,,,,0
89117598,1.0,40,,,,,0
89117598,1.0,41,,,,,0
89117598,1.0,42,,,,,0
89117598,1.0,43,,,,,0
89117598,1.0,44,,,,,0
89117598,1.0,45,,,,,0
89117598,1.0,46,,,,,0
89117598,1.0,47,,,,,0
89117598,1.0,48,,,,,0
89117598,1.0,49,,,,,0
89117598,1.0,50,,,,,0
89117598,1.0,51,,,,,0
89117598,1.0,52,,,,,0
89117598,1.0,53,,,,,0
89117598,1.0,54,,,,,0
89117598,1.0,55,,,,,0
89117598,1.0,56,,,,,0
89117598,1.0,57,,,,,0
89117598,1.0,58,,,,,0
89117598,1.0,59,,,,,0
89117598,1.0,60,,,,,0
41627842,1.0,1,,,,,0
41627842,1.0,2,69076779,onsite,0.25,0.0,1
41627842,1.0,3,54254268,onsite,0.25,0.0,1
41627842,1.0,4,17532639,onsite,0.25,0.0,1
41627842,1.0,5,39331989,onsite,0.25,0.0,1
41627842,1.0,6,25678177,onsite,0.25,0.0,1
41627842,1.0,7,24114873,onsite,0.25,0.0,1
41627842,1.0,8,43699187,onsite,0.25,0.0,1
41627842,1.0,9,28832313,onsite,0.25,0.0,1
41627842,1.0,10,50659826,onsite,0.25,0.0,1
41627842,1.0,11,11479317,onsite,0.15,0.1,1
41627842,1.0,12,11479317,onsite,0.15,0.1,1
41627842,1.0,13,75936333,onsite,0.25,0.0,1
41627842,1.0,14,88071747,onsite,0.25,0.0,1
41627842,1.0,15,,,,,0
41627842,1.0,16,75630135,onsite,1.0,0.0,1
41627842,1.0,17,,,,,0
41627842,1.0,18,,,,,0
41627842,1.0,19,,,,,0
41627842,1.0,20,,,,,0
41627842,1.0,21,,,,,0
41627842,1.0,22,,,,,0
41627842,1.0,23,99061701,online,2.0,0.0,1
41627842,1.0,24,,,,,0
41627842,1.0,25,,,,,0
41627842,1.0,26,,,,,0
41627842,1.0,27,,,,,0
41627842,1.0,28,12903742,online,2.0,0.0,1
41627842,1.0,29,,,,,0
41627842,1.0,30,,,,,0
41627842,1.0,31,27646906,online,2.5,0.0,1
41627842,1.0,32,,,,,0
41627842,1.0,33,49316395,online,2.5,0.0,1
41627842,1.0,34,,,,,0
41627842,1.0,35,,,,,0
41627842,1.0,36,,,,,0
41627842,1.0,37,,,,,0
41627842,1.0,38,,,,,0
41627842,1.0,39,,,,,0
41627842,1.0,40,,,,,0
41627842,1.0,41,,,,,0
41627842,1.0,42,,,,,0
41627842,1.0,43,,,,,0
41627842,1.0,44,,,,,0
41627842,1.0,45,,,,,0
41627842,1.0,46,,,,,0
41627842,1.0,47,,,,,0
41627842,1.0,48,,,,,0
41627842,1.0,49,,,,,0
41627842,1.0,50,,,,,0
41627842,1.0,51,,,,,0
41627842,1.0,52,,,,,0
41627842,1.0,53,,,,,0
41627842,1.0,54,,,,,0
41627842,1.0,55,,,,,0
41627842,1.0,56,,,,,0
41627842,1.0,57,,,,,0
41627842,1.0,58,,,,,0
41627842,1.0,59,,,,,0
41627842,1.0,60,,,,,0
45215542,1.0,1,,,,,0
45215542,1.0,2,,,,,0
45215542,1.0,3,,,,,0
45215542,1.0,4,,,,,0
45215542,1.0,5,,,,,0
45215542,1.0,6,,,,,0
45215542,1.0,7,,,,,0
45215542,1.0,8,,,,,0
45215542,1.0,9,,,,,0
45215542,1.0,10,,,,,0
45215542,1.0,11,,,,,0
45215542,1.0,12,,,,,0
45215542,1.0,13,,,,,0
45215542,1.0,14,,,,,0
45215542,1.0,15,,,,,0
45215542,1.0,16,,,,,0
45215542,1.0,17,,,,,0
45215542,1.0,18,,,,,0
45215542,1.0,19,,,,,0
45215542,1.0,20,,,,,0
45215542,1.0,21,,,,,0
45215542,1.0,22,,,,,0
45215542,1.0,23,,,,,0
45215542,1.0,24,,,,,0
45215542,1.0,25,,,,,0
45215542,1.0,26,,,,,0
45215542,1.0,27,,,,,0
45215542,1.0,28,,,,,0
45215542,1.0,29,,,,,0
45215542,1.0,30,,,,,0
45215542,1.0,31,,,,,0
45215542,1.0,32,,,,,0
45215542,1.0,33,,,,,0
45215542,1.0,34,,,,,0
45215542,1.0,35,,,,,0
45215542,1.0,36,,,,,0
45215542,1.0,37,,,,,0
45215542,1.0,38,,,,,0
45215542,1.0,39,,,,,0
45215542,1.0,40,,,,,0
45215542,1.0,41,,,,,0
45215542,1.0,42,,,,,0
45215542,1.0,43,,,,,0
45215542,1.0,44,,,,,0
45215542,1.0,45,,,,,0
45215542,1.0,46,,,,,0
45215542,1.0,47,,,,,0
45215542,1.0,48,,,,,0
45215542,1.0,49,,,,,0
45215542,1.0,50,,,,,0
45215542,1.0,51,,,,,0
45215542,1.0,52,,,,,0
45215542,1.0,53,,,,,0
45215542,1.0,54,,,,,0
45215542,1.0,55,,,,,0
45215542,1.0,56,,,,,0
45215542,1.0,57,,,,,0
45215542,1.0,58,,,,,0
45215542,1.0,59,,,,,0
45215542,1.0,60,,,,,0
93222266,1.0,1,,,,,0
93222266,1.0,2,,,,,0
93222266,1.0,3,85876972,onsite,0.125,0.0,1
93222266,1.0,4,84730110,onsite,0.125,0.0,1
93222266,1.0,5,92471125,onsite,0.125,0.0,1
93222266,1.0,6,60167696,onsite,0.125,0.0,1
93222266,1.0,7,56835375,onsite,0.125,0.0,1
93222266,1.0,8,85876972,onsite,0.125,0.0,1
93222266,1.0,9,92471125,onsite,0.125,0.0,1
93222266,1.0,10,84730110,onsite,0.125,0.0,1
93222266,1.0,11,82473832,onsite,0.125,0.0,1
93222266,1.0,12,78257789,onsite,0.125,0.0,1
93222266,1.0,13,95190490,onsite,0.7501875468867217,0.0,1
93222266,1.0,14,84177662,onsite,0.125,0.0,1
93222266,1.0,15,71015832,onsite,0.7501875468867217,0.0,1
93222266,1.0,16,84177662,onsite,0.125,0.0,1
93222266,1.0,17,87305335,onsite,0.7501875468867217,0.0,1
93222266,1.0,18,58916221,onsite,0.7501875468867217,0.0,1
93222266,1.0,19,,,,,0
93222266,1.0,20,44545163,onsite,0.7501875468867217,0.0,1
93222266,1.0,21,34312761,onsite,0.7501875468867217,0.0,1
93222266,1.0,22,,,,,0
93222266,1.0,23,,,,,0
93222266,1.0,24,,,,,0
93222266,1.0,25,,,,,0
93222266,1.0,26,,,,,0
93222266,1.0,27,,,,,0
93222266,1.0,28,,,,,0
93222266,1.0,29,,,,,0
93222266,1.0,30,,,,,0
93222266,1.0,31,,,,,0
93222266,1.0,32,50173728,online,3.003003003003003,0.0,1
93222266,1.0,33,,,,,0
93222266,1.0,34,,,,,0
93222266,1.0,35,,,,,0
93222266,1.0,36,,,,,0
93222266,1.0,37,,,,,0
93222266,1.0,38,,,,,0
93222266,1.0,39,,,,,0
93222266,1.0,40,,,,,0
93222266,1.0,41,,,,,0
93222266,1.0,42,,,,,0
93222266,1.0,43,,,,,0
93222266,1.0,44,,,,,0
93222266,1.0,45,,,,,0
93222266,1.0,46,,,,,0
93222266,1.0,47,,,,,0
93222266,1.0,48,,,,,0
93222266,1.0,49,,,,,0
93222266,1.0,50,,,,,0
93222266,1.0,51,,,,,0
93222266,1.0,52,,,,,0
93222266,1.0,53,,,,,0
93222266,1.0,54,,,,,0
93222266,1.0,55,,,,,0
93222266,1.0,56,,,,,0
93222266,1.0,57,,,,,0
93222266,1.0,58,,,,,0
93222266,1.0,59,,,,,0
93222266,1.0,60,,,,,0
80165615,1.0,1,,,,,0
80165615,1.0,2,,,,,0
80165615,1.0,3,,,,,0
80165615,1.0,4,,,,,0
80165615,1.0,5,,,,,0
80165615,1.0,6,,,,,0
80165615,1.0,7,,,,,0
80165615,1.0,8,,,,,0
80165615,1.0,9,,,,,0
80165615,1.0,10,,,,,0
80165615,1.0,11,,,,,0
80165615,1.0,12,,,,,0
80165615,1.0,13,,,,,0
80165615,1.0,14,,,,,0
80165615,1.0,15,,,,,0
80165615,1.0,16,,,,,0
80165615,1.0,17,,,,,0
80165615,1.0,18,,,,,0
80165615,1.0,19,,,,,0
80165615,1.0,20,,,,,0
80165615,1.0,21,,,,,0
80165615,1.0,22,,,,,0
80165615,1.0,23,,,,,0
80165615,1.0,24,,,,,0
80165615,1.0,25,,,,,0
80165615,1.0,26,,,,,0
80165615,1.0,27,,,,,0
80165615,1.0,28,,,,,0
80165615,1.0,29,,,,,0
80165615,1.0,30,,,,,0
80165615,1.0,31,,,,,0
80165615,1.0,32,,,,,0
80165615,1.0,33,,,,,0
80165615,1.0,34,,,,,0
80165615,1.0,35,,,,,0
80165615,1.0,36,,,,,0
80165615,1.0,37,,,,,0
80165615,1.0,38,,,,,0
80165615,1.0,39,,,,,0
80165615,1.0,40,,,,,0
80165615,1.0,41,,,,,0
80165615,1.0,42,,,,,0
80165615,1.0,43,,,,,0
80165615,1.0,44,,,,,0
80165615,1.0,45,,,,,0
80165615,1.0,46,,,,,0
80165615,1.0,47,,,,,0
80165615,1.0,48,,,,,0
80165615,1.0,49,,,,,0
80165615,1.0,50,,,,,0
80165615,1.0,51,,,,,0
80165615,1.0,52,,,,,0
80165615,1.0,53,,,,,0
80165615,1.0,54,,,,,0
80165615,1.0,55,,,,,0
80165615,1.0,56,,,,,0
80165615,1.0,57,,,,,0
80165615,1.0,58,,,,,0
80165615,1.0,59,,,,,0
80165615,1.0,60,,,,,0
43369495,1.0,1,,,,,0
43369495,1.0,2,,,,,0
43369495,1.0,3,,,,,0
43369495,1.0,4,,,,,0
43369495,1.0,5,,,,,0
43369495,1.0,6,,,,,0
43369495,1.0,7,,,,,0
43369495,1.0,8,,,,,0
43369495,1.0,9,,,,,0
43369495,1.0,10,,,,,0
43369495,1.0,11,,,,,0
43369495,1.0,12,,,,,0
43369495,1.0,13,,,,,0
43369495,1.0,14,,,,,0
43369495,1.0,15,,,,,0
43369495,1.0,16,,,,,0
43369495,1.0,17,,,,,0
43369495,1.0,18,,,,,0
43369495,1.0,19,,,,,0
43369495,1.0,20,,,,,0
43369495,1.0,21,,,,,0
43369495,1.0,22,,,,,0
43369495,1.0,23,,,,,0
43369495,1.0,24,,,,,0
43369495,1.0,25,,,,,0
43369495,1.0,26,,,,,0
43369495,1.0,27,,,,,0
43369495,1.0,28,,,,,0
43369495,1.0,29,,,,,0
43369495,1.0,30,,,,,0
43369495,1.0,31,,,,,0
43369495,1.0,32,,,,,0
43369495,1.0,33,,,,,0
43369495,1.0,34,,,,,0
43369495,1.0,35,,,,,0
43369495,1.0,36,,,,,0
43369495,1.0,37,,,,,0
43369495,1.0,38,,,,,0
43369495,1.0,39,,,,,0
43369495,1.0,40,,,,,0
43369495,1.0,41,,,,,0
43369495,1.0,42,,,,,0
43369495,1.0,43,,,,,0
43369495,1.0,44,,,,,0
43369495,1.0,45,,,,,0
43369495,1.0,46,,,,,0
43369495,1.0,47,,,,,0
43369495,1.0,48,,,,,0
43369495,1.0,49,,,,,0
43369495,1.0,50,,,,,0
43369495,1.0,51,,,,,0
43369495,1.0,52,,,,,0
43369495,1.0,53,,,,,0
43369495,1.0,54,,,,,0
43369495,1.0,55,,,,,0
43369495,1.0,56,,,,,0
43369495,1.0,57,,,,,0
43369495,1.0,58,,,,,0
43369495,1.0,59,,,,,0
43369495,1.0,60,,,,,0
71276938,1.0,1,,,,,0
71276938,1.0,2,,,,,0
71276938,1.0,3,,,,,0
71276938,1.0,4,,,,,0
71276938,1.0,5,,,,,0
71276938,1.0,6,,,,,0
71276938,1.0,7,,,,,0
71276938,1.0,8,,,,,0
71276938,1.0,9,,,,,0
71276938,1.0,10,,,,,0
71276938,1.0,11,,,,,0
71276938,1.0,12,,,,,0
71276938,1.0,13,,,,,0
71276938,1.0,14,,,,,0
71276938,1.0,15,,,,,0
71276938,1.0,16,,,,,0
71276938,1.0,17,,,,,0
71276938,1.0,18,,,,,0
71276938,1.0,19,,,,,0
71276938,1.0,20,,,,,0
71276938,1.0,21,,,,,0
71276938,1.0,22,,,,,0
71276938,1.0,23,,,,,0
71276938,1.0,24,,,,,0
71276938,1.0,25,,,,,0
71276938,1.0,26,,,,,0
71276938,1.0,27,,,,,0
71276938,1.0,28,,,,,0
71276938,1.0,29,,,,,0
71276938,1.0,30,,,,,0
71276938,1.0,31,,,,,0
71276938,1.0,32,,,,,0
71276938,1.0,33,,,,,0
71276938,1.0,34,,,,,0
71276938,1.0,35,,,,,0
71276938,1.0,36,,,,,0
71276938,1.0,37,,,,,0
71276938,1.0,38,,,,,0
71276938,1.0,39,,,,,0
71276938,1.0,40,,,,,0
71276938,1.0,41,,,,,0
71276938,1.0,42,,,,,0
71276938,1.0,43,,,,,0
71276938,1.0,44,,,,,0
71276938,1.0,45,,,,,0
71276938,1.0,46,,,,,0
71276938,1.0,47,,,,,0
71276938,1.0,48,,,,,0
71276938,1.0,49,,,,,0
71276938,1.0,50,,,,,0
71276938,1.0,51,,,,,0
71276938,1.0,52,,,,,0
71276938,1.0,53,,,,,0
71276938,1.0,54,,,,,0
71276938,1.0,55,,,,,0
71276938,1.0,56,,,,,0
71276938,1.0,57,,,,,0
71276938,1.0,58,,,,,0
71276938,1.0,59,,,,,0
71276938,1.0,60,,,,,0
87025921,1.0,1,,,,,0
87025921,1.0,2,,,,,0
87025921,1.0,3,,,,,0
87025921,1.0,4,,,,,0
87025921,1.0,5,,,,,0
87025921,1.0,6,,,,,0
87025921,1.0,7,,,,,0
87025921,1.0,8,,,,,0
87025921,1.0,9,,,,,0
87025921,1.0,10,,,,,0
87025921,1.0,11,,,,,0
87025921,1.0,12,,,,,0
87025921,1.0,13,,,,,0
87025921,1.0,14,,,,,0
87025921,1.0,15,,,,,0
87025921,1.0,16,,,,,0
87025921,1.0,17,,,,,0
87025921,1.0,18,,,,,0
87025921,1.0,19,,,,,0
87025921,1.0,20,,,,,0
87025921,1.0,21,,,,,0
87025921,1.0,22,,,,,0
87025921,1.0,23,,,,,0
87025921,1.0,24,,,,,0
87025921,1.0,25,84574331,online,1.4992503748125936,0.0,1
87025921,1.0,26,,,,,0
87025921,1.0,27,,,,,0
87025921,1.0,28,85514574,online,2.0,0.0,1
87025921,1.0,29,88835179,online,3.003003003003003,0.0,1
87025921,1.0,30,36849606,online,3.003003003003003,0.0,1
87025921,1.0,31,84080874,onsite,2.0,0.0,1
87025921,1.0,32,,,,,0
87025921,1.0,33,,,,,0
87025921,1.0,34,,,,,0
87025921,1.0,35,,,,,0
87025921,1.0,36,,,,,0
87025921,1.0,37,,,,,0
87025921,1.0,38,,,,,0
87025921,1.0,39,,,,,0
87025921,1.0,40,,,,,0
87025921,1.0,41,,,,,0
87025921,1.0,42,,,,,0
87025921,1.0,43,,,,,0
87025921,1.0,44,,,,,0
87025921,1.0,45,,,,,0
87025921,1.0,46,,,,,0
87025921,1.0,47,,,,,0
87025921,1.0,48,,,,,0
87025921,1.0,49,,,,,0
87025921,1.0,50,,,,,0
87025921,1.0,51,,,,,0
87025921,1.0,52,,,,,0
87025921,1.0,53,,,,,0
87025921,1.0,54,,,,,0
87025921,1.0,55,,,,,0
87025921,1.0,56,,,,,0
87025921,1.0,57,,,,,0
87025921,1.0,58,,,,,0
87025921,1.0,59,,,,,0
87025921,1.0,60,,,,,0
71010442,1.0,1,,,,,0
71010442,1.0,2,,,,,0
71010442,1.0,3,,,,,0
71010442,1.0,4,,,,,0
71010442,1.0,5,,,,,0
71010442,1.0,6,,,,,0
71010442,1.0,7,,,,,0
71010442,1.0,8,,,,,0
71010442,1.0,9,,,,,0
71010442,1.0,10,,,,,0
71010442,1.0,11,,,,,0
71010442,1.0,12,,,,,0
71010442,1.0,13,,,,,0
71010442,1.0,14,,,,,0
71010442,1.0,15,,,,,0
71010442,1.0,16,,,,,0
71010442,1.0,17,,,,,0
71010442,1.0,18,,,,,0
71010442,1.0,19,,,,,0
71010442,1.0,20,,,,,0
71010442,1.0,21,,,,,0
71010442,1.0,22,,,,,0
71010442,1.0,23,,,,,0
71010442,1.0,24,,,,,0
71010442,1.0,25,,,,,0
71010442,1.0,26,,,,,0
71010442,1.0,27,,,,,0
71010442,1.0,28,,,,,0
71010442,1.0,29,,,,,0
71010442,1.0,30,,,,,0
71010442,1.0,31,,,,,0
71010442,1.0,32,,,,,0
71010442,1.0,33,,,,,0
71010442,1.0,34,,,,,0
71010442,1.0,35,,,,,0
71010442,1.0,36,,,,,0
71010442,1.0,37,,,,,0
71010442,1.0,38,,,,,0
71010442,1.0,39,,,,,0
71010442,1.0,40,,,,,0
71010442,1.0,41,,,,,0
71010442,1.0,42,,,,,0
71010442,1.0,43,,,,,0
71010442,1.0,44,,,,,0
71010442,1.0,45,,,,,0
71010442,1.0,46,,,,,0
71010442,1.0,47,,,,,0
71010442,1.0,48,,,,,0
71010442,1.0,49,,,,,0
71010442,1.0,50,,,,,0
71010442,1.0,51,,,,,0
71010442,1.0,52,,,,,0
71010442,1.0,53,,,,,0
71010442,1.0,54,,,,,0
71010442,1.0,55,,,,,0
71010442,1.0,56,,,,,0
71010442,1.0,57,,,,,0
71010442,1.0,58,,,,,0
71010442,1.0,59,,,,,0
71010442,1.0,60,,,,,0
62280861,1.0,1,,,,,0
62280861,1.0,2,,,,,0
62280861,1.0,3,,,,,0
62280861,1.0,4,,,,,0
62280861,1.0,5,,,,,0
62280861,1.0,6,,,,,0
62280861,1.0,7,,,,,0
62280861,1.0,8,,,,,0
62280861,1.0,9,,,,,0
62280861,1.0,10,,,,,0
62280861,1.0,11,,,,,0
62280861,1.0,12,,,,,0
62280861,1.0,13,,,,,0
62280861,1.0,14,,,,,0
62280861,1.0,15,,,,,0
62280861,1.0,16,,,,,0
62280861,1.0,17,,,,,0
62280861,1.0,18,,,,,0
62280861,1.0,19,,,,,0
62280861,1.0,20,,,,,0
62280861,1.0,21,,,,,0
62280861,1.0,22,,,,,0
62280861,1.0,23,,,,,0
62280861,1.0,24,,,,,0
62280861,1.0,25,,,,,0
62280861,1.0,26,,,,,0
62280861,1.0,27,,,,,0
62280861,1.0,28,,,,,0
62280861,1.0,29,,,,,0
62280861,1.0,30,,,,,0
62280861,1.0,31,,,,,0
62280861,1.0,32,,,,,0
62280861,1.0,33,,,,,0
62280861,1.0,34,,,,,0
62280861,1.0,35,,,,,0
62280861,1.0,36,,,,,0
62280861,1.0,37,,,,,0
62280861,1.0,38,,,,,0
62280861,1.0,39,,,,,0
62280861,1.0,40,,,,,0
62280861,1.0,41,,,,,0
62280861,1.0,42,,,,,0
62280861,1.0,43,,,,,0
62280861,1.0,44,,,,,0
62280861,1.0,45,,,,,0
62280861,1.0,46,,,,,0
62280861,1.0,47,,,,,0
62280861,1.0,48,,,,,0
62280861,1.0,49,,,,,0
62280861,1.0,50,,,,,0
62280861,1.0,51,,,,,0
62280861,1.0,52,,,,,0
62280861,1.0,53,,,,,0
62280861,1.0,54,,,,,0
62280861,1.0,55,,,,,0
62280861,1.0,56,,,,,0
62280861,1.0,57,,,,,0
62280861,1.0,58,,,,,0
62280861,1.0,59,,,,,0
62280861,1.0,60,,,,,0
