adjuster_id,claim_id,day,cluster_id,claim_type,severity,skill_for_claim,service_days,drive_seconds,drive_miles,travel_hours,travel_mult,base_progress_per_day,effective_progress_per_day,onsite,online,arrival_day,due_day,skill_business,skill_personal,will_travel,home_city,home_state,home_lat,home_lon,modality,productivity_loss_pct,productivity_loss_abs
59321509,20407921,1,15,personal,5,5,4.0,1466.6,7.603843553646703,0.40738888888888886,1.0,0.25,0.25,True,False,1,8,5,5,True,Brookfield,WI,43.0615578,-88.1260678,onsite,0.0,0.0
63175059,20407921,1,15,personal,5,5,4.0,1466.6,7.603843553646703,0.40738888888888886,1.0,0.25,0.25,True,False,1,8,5,5,True,Naperville,IL,41.7728699,-88.1479278,onsite,0.0,0.0
63418508,20407921,1,15,personal,5,5,4.0,1466.6,7.603843553646703,0.40738888888888886,1.0,0.25,0.25,True,False,1,8,5,5,True,Melville,LA,30.6929653,-91.744004,onsite,0.0,0.0
25351257,43631890,1,15,personal,5,4,8.0,1466.6,7.603843553646703,0.40738888888888886,1.0,0.125,0.125,True,False,1,8,4,4,True,Saint Paul,MN,44.9497487,-93.0931028,onsite,0.0,0.0
27096178,43631890,1,15,personal,5,4,8.0,1466.6,7.603843553646703,0.40738888888888886,1.0,0.125,0.125,True,False,1,8,4,4,True,Bedford,TX,32.844017,-97.1430671,onsite,0.0,0.0
27328743,43631890,1,15,personal,5,4,8.0,1466.6,7.603843553646703,0.40738888888888886,1.0,0.125,0.125,True,False,1,8,4,4,True,Buffalo,NY,42.8864163,-78.8781493,onsite,0.0,0.0
11091566,15394782,1,0,personal,5,5,4.0,1948.2,17.3859659588006,0.5411666666666667,1.0,0.25,0.25,True,False,1,8,5,5,True,Windsor,CA,38.5471327,-122.8163802,onsite,0.0,0.0
17566082,15394782,1,0,personal,5,5,4.0,1948.2,17.3859659588006,0.5411666666666667,1.0,0.25,0.25,True,False,1,8,5,5,True,Naperville,IL,41.7728699,-88.1479278,onsite,0.0,0.0
11788873,24098320,1,0,personal,5,4,8.0,2479.4,26.11884096874254,0.6887222222222222,1.0,0.125,0.125,True,False,1,8,2,4,True,Richardson,TX,32.9481789,-96.7297206,onsite,0.0,0.0
22143269,24098320,1,0,personal,5,4,8.0,2479.4,26.11884096874254,0.6887222222222222,1.0,0.125,0.125,True,False,1,8,2,4,True,Brookfield,WI,43.0615578,-88.1260678,onsite,0.0,0.0
33113383,26000831,1,15,personal,5,4,8.0,1466.6,7.603843553646703,0.40738888888888886,1.0,0.125,0.125,True,False,1,8,4,4,True,Independence,MO,39.0924792,-94.4137923,onsite,0.0,0.0
33522459,26000831,1,15,personal,5,4,8.0,1466.6,7.603843553646703,0.40738888888888886,1.0,0.125,0.125,True,False,1,8,4,4,True,Knoxville,TN,35.9603948,-83.9210261,onsite,0.0,0.0
17621023,29135757,1,0,personal,5,4,8.0,1948.2,17.3859659588006,0.5411666666666667,1.0,0.125,0.125,True,False,1,8,3,4,True,Alpharetta,GA,34.0755962,-84.2945964,onsite,0.0,0.0
18407947,29135757,1,0,personal,5,4,8.0,1948.2,17.3859659588006,0.5411666666666667,1.0,0.125,0.125,True,False,1,8,3,4,True,Oklahoma City,OK,35.4729886,-97.5170536,onsite,0.0,0.0
42270197,37785214,1,15,personal,5,4,8.0,1466.6,7.603843553646703,0.40738888888888886,1.0,0.125,0.125,True,False,1,8,3,4,True,San Antonio,TX,29.4246002,-98.4951405,onsite,0.0,0.0
42879523,37785214,1,15,personal,5,4,8.0,1466.6,7.603843553646703,0.40738888888888886,1.0,0.125,0.125,True,False,1,8,3,4,True,Spokane,WA,47.6571934,-117.42351,onsite,0.0,0.0
33914483,13637202,1,15,business,5,4,8.0,1466.6,7.603843553646703,0.40738888888888886,1.0,0.125,0.125,True,False,1,8,4,4,True,Naperville,IL,41.7728699,-88.1479278,onsite,0.0,0.0
10402032,15394782,1,0,personal,5,4,8.0,1948.2,17.3859659588006,0.5411666666666667,1.0,0.125,0.125,True,False,1,8,4,4,True,Richardson,TX,32.9481789,-96.7297206,onsite,0.0,0.0
17597223,59111999,1,0,personal,5,5,4.0,8456.8,111.3993030700708,2.3491111111111107,1.0,0.25,0.25,True,False,1,8,5,5,True,Troy,MI,42.6055893,-83.1499304,onsite,0.0,0.0
68291074,67410106,1,15,personal,5,5,4.0,1466.6,7.603843553646703,0.40738888888888886,1.0,0.25,0.25,True,False,1,8,5,5,True,Naperville,IL,41.7728699,-88.1479278,onsite,0.0,0.0
10541914,16431008,1,4,personal,2,3,0.4,9502.0,86.28944464328322,2.6394444444444445,1.0,2.5,2.5,True,False,1,29,2,3,True,Overland Park,KS,38.9742502,-94.6851702,onsite,0.0,0.0
34174328,13376386,1,0,personal,3,4,0.5,0.0,0.0,0.0,1.0,2.0,2.0,False,True,1,22,2,4,True,Alpharetta,GA,34.0755962,-84.2945964,online,0.0,0.0
59430808,54502170,1,0,personal,3,4,0.5,0.0,0.0,0.0,1.0,2.0,2.0,False,True,1,22,2,4,True,Albany,NY,42.6511674,-73.754968,online,0.0,0.0
66643743,75745580,1,15,personal,3,5,0.5,0.0,0.0,0.0,1.0,2.0,2.0,False,True,1,22,3,5,True,Chantilly,VA,38.885219,-77.4486772,online,0.0,0.0
11226387,43144184,1,0,personal,2,3,0.4,0.0,0.0,0.0,1.0,2.5,2.5,False,True,1,29,0,3,True,Hartford,CT,41.764582,-72.6908547,online,0.0,0.0
11350447,79916476,1,0,personal,2,3,0.4,0.0,0.0,0.0,1.0,2.5,2.5,False,True,1,29,0,3,True,Centennial,CO,39.579155,-104.8769227,online,0.0,0.0
12272069,35404467,1,0,personal,1,4,0.333,0.0,0.0,0.0,1.0,3.003003003003003,3.003003003003003,False,True,1,29,4,4,True,Naperville,IL,41.7728699,-88.1479278,online,0.0,0.0
30456597,74978693,1,15,personal,1,4,0.333,0.0,0.0,0.0,1.0,3.003003003003003,3.003003003003003,False,True,1,29,3,4,True,Memphis,TN,35.1460249,-90.0517638,online,0.0,0.0
85342366,26512783,2,8,personal,5,4,8.0,1147.2,11.78815716217291,0.31866666666666665,1.0,0.125,0.125,True,False,2,9,4,4,True,Richardson,TX,32.9481789,-96.7297206,onsite,0.0,0.0
85598668,26512783,2,8,personal,5,4,8.0,1147.2,11.78815716217291,0.31866666666666665,1.0,0.125,0.125,True,False,2,9,4,4,True,Hunt Valley,MD,39.4962709,-76.6542571,onsite,0.0,0.0
85893734,26512783,2,8,personal,5,4,8.0,1147.2,11.78815716217291,0.31866666666666665,1.0,0.125,0.125,True,False,2,9,4,4,True,Centennial,CO,39.579155,-104.8769227,onsite,0.0,0.0
22286102,29586110,2,1,personal,5,5,4.0,5518.4,51.40057066730295,1.5328888888888887,1.0,0.25,0.25,True,False,2,9,5,5,True,Melville,LA,30.6929653,-91.744004,onsite,0.0,0.0
24186729,29586110,2,1,personal,5,5,4.0,5518.4,51.40057066730295,1.5328888888888887,1.0,0.25,0.25,True,False,2,9,5,5,True,Richmond,VA,37.5385087,-77.43428,onsite,0.0,0.0
26862623,29586110,2,1,personal,5,5,4.0,5518.4,51.40057066730295,1.5328888888888887,1.0,0.25,0.25,True,False,2,9,5,5,True,Overland Park,KS,38.9742502,-94.6851702,onsite,0.0,0.0
30721082,44236869,2,1,personal,5,5,4.0,6994.0,68.85252624671915,1.9427777777777777,1.0,0.25,0.25,True,False,2,9,5,5,True,Richardson,TX,32.9481789,-96.7297206,onsite,0.0,0.0
34336521,44236869,2,1,personal,5,5,4.0,6994.0,68.85252624671915,1.9427777777777777,1.0,0.25,0.25,True,False,2,9,5,5,True,Omaha,NE,41.2587459,-95.9383758,onsite,0.0,0.0
36916937,44236869,2,1,personal,5,5,4.0,6994.0,68.85252624671915,1.9427777777777777,1.0,0.25,0.25,True,False,2,9,5,5,True,New York,NY,40.7127281,-74.0060152,onsite,0.0,0.0
25351257,50984520,2,15,personal,5,4,8.0,1466.6,7.603843553646703,0.40738888888888886,1.0,0.125,0.125,True,False,2,9,4,4,True,Saint Paul,MN,44.9497487,-93.0931028,onsite,0.0,0.0
27096178,50984520,2,15,personal,5,4,8.0,1466.6,7.603843553646703,0.40738888888888886,1.0,0.125,0.125,True,False,2,9,4,4,True,Bedford,TX,32.844017,-97.1430671,onsite,0.0,0.0
27328743,50984520,2,15,personal,5,4,8.0,1466.6,7.603843553646703,0.40738888888888886,1.0,0.125,0.125,True,False,2,9,4,4,True,Buffalo,NY,42.8864163,-78.8781493,onsite,0.0,0.0
41627842,69076779,2,13,personal,5,5,4.0,6159.6,72.939533126541,1.711,1.0,0.25,0.25,True,False,2,9,5,5,True,Hartford,CT,41.764582,-72.6908547,onsite,0.0,0.0
44538039,69076779,2,13,personal,5,5,4.0,6159.6,72.939533126541,1.711,1.0,0.25,0.25,True,False,2,9,5,5,True,Hamden,OH,39.1597938,-82.5268259,onsite,0.0,0.0
48417943,69076779,2,13,personal,5,5,4.0,6159.6,72.939533126541,1.711,1.0,0.25,0.25,True,False,2,9,5,5,True,Virtual,SC,34.1718723,-82.1564776,onsite,0.0,0.0
50519688,75222772,2,13,personal,5,5,4.0,3169.6,30.42780163843156,0.8804444444444445,1.0,0.25,0.25,True,False,2,9,5,5,True,Charlotte,NC,35.2272086,-80.8430827,onsite,0.0,0.0
53820765,75222772,2,13,personal,5,5,4.0,3169.6,30.42780163843156,0.8804444444444445,1.0,0.25,0.25,True,False,2,9,5,5,True,Buffalo,NY,42.8864163,-78.8781493,onsite,0.0,0.0
55188485,75222772,2,13,personal,5,5,4.0,3169.6,30.42780163843156,0.8804444444444445,1.0,0.25,0.25,True,False,2,9,5,5,True,Washington,DC,38.8950982,-77.0363849,onsite,0.0,0.0
72859063,10703530,2,7,personal,5,4,8.0,5003.4,56.30853316630876,1.3898333333333333,1.0,0.125,0.125,True,False,2,9,4,4,True,Richardson,TX,32.9481789,-96.7297206,onsite,0.0,0.0
73968848,10703530,2,7,personal,5,4,8.0,5003.4,56.30853316630876,1.3898333333333333,1.0,0.125,0.125,True,False,2,9,4,4,True,Naperville,IL,41.7728699,-88.1479278,onsite,0.0,0.0
33519700,11637019,2,10,personal,5,4,8.0,7766.0,86.778463771574,2.1572222222222224,1.0,0.125,0.125,True,False,2,9,3,4,True,Flowood,MS,32.3092861,-90.1386811,onsite,0.0,0.0
37113544,11637019,2,10,personal,5,4,8.0,7766.0,86.778463771574,2.1572222222222224,1.0,0.125,0.125,True,False,2,9,3,4,True,Overland Park,KS,38.9742502,-94.6851702,onsite,0.0,0.0
90406456,17574155,2,8,personal,5,4,8.0,2302.6,21.2982432593653,0.6396111111111111,1.0,0.125,0.125,True,False,2,9,4,4,True,Albuquerque,NM,35.0841034,-106.650985,onsite,0.0,0.0
92680761,17574155,2,8,personal,5,4,8.0,2302.6,21.2982432593653,0.6396111111111111,1.0,0.125,0.125,True,False,2,9,4,4,True,Richardson,TX,32.9481789,-96.7297206,onsite,0.0,0.0
88856717,18658831,2,7,personal,5,4,8.0,5673.6,70.32119919669132,1.576,1.0,0.125,0.125,True,False,2,9,3,4,True,Charlotte,NC,35.2272086,-80.8430827,onsite,0.0,0.0
90334978,18658831,2,7,personal,5,4,8.0,5673.6,70.32119919669132,1.576,1.0,0.125,0.125,True,False,2,9,3,4,True,Franklin,TN,35.925206,-86.8689419,onsite,0.0,0.0
38497269,23030615,2,2,personal,5,4,8.0,3500.2,37.63608029109997,0.9722777777777777,1.0,0.125,0.125,True,False,2,9,4,4,True,Naperville,IL,41.7728699,-88.1479278,onsite,0.0,0.0
44914866,23030615,2,2,personal,5,4,8.0,3500.2,37.63608029109997,0.9722777777777777,1.0,0.125,0.125,True,False,2,9,4,4,True,West Bridgewater,MA,42.0190922,-71.0079688,onsite,0.0,0.0
11788873,24098320,2,0,personal,5,4,8.0,2479.4,26.11884096874254,0.6887222222222222,1.0,0.125,0.125,True,False,1,8,2,4,True,Richardson,TX,32.9481789,-96.7297206,onsite,0.0,0.0
22143269,24098320,2,0,personal,5,4,8.0,2479.4,26.11884096874254,0.6887222222222222,1.0,0.125,0.125,True,False,1,8,2,4,True,Brookfield,WI,43.0615578,-88.1260678,onsite,0.0,0.0
11091566,29135757,2,0,personal,5,5,4.0,1948.2,17.3859659588006,0.5411666666666667,1.0,0.25,0.25,True,False,1,8,5,5,True,Windsor,CA,38.5471327,-122.8163802,onsite,0.0,0.0
17566082,29135757,2,0,personal,5,5,4.0,1948.2,17.3859659588006,0.5411666666666667,1.0,0.25,0.25,True,False,1,8,5,5,True,Naperville,IL,41.7728699,-88.1479278,onsite,0.0,0.0
42270197,37785214,2,15,personal,5,4,8.0,1466.6,7.603843553646703,0.40738888888888886,1.0,0.125,0.125,True,False,1,8,3,4,True,San Antonio,TX,29.4246002,-98.4951405,onsite,0.0,0.0
42879523,37785214,2,15,personal,5,4,8.0,1466.6,7.603843553646703,0.40738888888888886,1.0,0.125,0.125,True,False,1,8,3,4,True,Spokane,WA,47.6571934,-117.42351,onsite,0.0,0.0
94671385,37946335,2,8,personal,5,4,8.0,1147.2,11.78815716217291,0.31866666666666665,1.0,0.125,0.125,True,False,2,9,3,4,True,Birmingham,AL,33.5206824,-86.8024326,onsite,0.0,0.0
99766264,37946335,2,8,personal,5,4,8.0,1147.2,11.78815716217291,0.31866666666666665,1.0,0.125,0.125,True,False,2,9,3,4,True,Maryland Heights,MO,38.7150511,-90.435999,onsite,0.0,0.0
17621023,41716518,2,0,personal,5,4,8.0,1948.2,17.3859659588006,0.5411666666666667,1.0,0.125,0.125,True,False,2,9,3,4,True,Alpharetta,GA,34.0755962,-84.2945964,onsite,0.0,0.0
18407947,41716518,2,0,personal,5,4,8.0,1948.2,17.3859659588006,0.5411666666666667,1.0,0.125,0.125,True,False,2,9,3,4,True,Oklahoma City,OK,35.4729886,-97.5170536,onsite,0.0,0.0
17897712,45148681,2,13,personal,5,4,8.0,2166.8,18.18741052254832,0.6018888888888889,1.0,0.125,0.125,True,False,2,9,4,4,True,Richmond,VA,37.5385087,-77.43428,onsite,0.0,0.0
20682406,45148681,2,13,personal,5,4,8.0,2166.8,18.18741052254832,0.6018888888888889,1.0,0.125,0.125,True,False,2,9,4,4,True,Chantilly,VA,38.885219,-77.4486772,onsite,0.0,0.0
33113383,49092192,2,15,personal,5,4,8.0,1466.6,7.603843553646703,0.40738888888888886,1.0,0.125,0.125,True,False,2,9,4,4,True,Independence,MO,39.0924792,-94.4137923,onsite,0.0,0.0
33522459,49092192,2,15,personal,5,4,8.0,1466.6,7.603843553646703,0.40738888888888886,1.0,0.125,0.125,True,False,2,9,4,4,True,Knoxville,TN,35.9603948,-83.9210261,onsite,0.0,0.0
54887810,58097723,2,2,personal,5,4,8.0,5529.2,68.17200051698083,1.5358888888888889,1.0,0.125,0.125,True,False,2,9,3,4,True,Windsor,CA,38.5471327,-122.8163802,onsite,0.0,0.0
61662948,58097723,2,2,personal,5,4,8.0,5529.2,68.17200051698083,1.5358888888888889,1.0,0.125,0.125,True,False,2,9,3,4,True,Maryland Heights,MO,38.7150511,-90.435999,onsite,0.0,0.0
84017238,59112774,2,5,personal,5,5,4.0,3997.6,44.2997892308916,1.1104444444444443,1.0,0.25,0.25,True,False,2,9,5,5,True,Rochester,NY,43.157285,-77.615214,onsite,0.0,0.0
93750751,59112774,2,5,personal,5,5,4.0,3997.6,44.2997892308916,1.1104444444444443,1.0,0.25,0.25,True,False,2,9,5,5,True,Chantilly,VA,38.885219,-77.4486772,onsite,0.0,0.0
15483039,62609802,2,1,personal,5,4,8.0,5402.2,48.49205639067844,1.5006111111111111,1.0,0.125,0.125,True,False,2,9,4,4,True,Richardson,TX,32.9481789,-96.7297206,onsite,0.0,0.0
15688459,62609802,2,1,personal,5,4,8.0,5402.2,48.49205639067844,1.5006111111111111,1.0,0.125,0.125,True,False,2,9,4,4,True,Melville,LA,30.6929653,-91.744004,onsite,0.0,0.0
59321509,62669017,2,15,personal,5,5,4.0,1466.6,7.603843553646703,0.40738888888888886,1.0,0.25,0.25,True,False,2,9,5,5,True,Brookfield,WI,43.0615578,-88.1260678,onsite,0.0,0.0
63175059,62669017,2,15,personal,5,5,4.0,1466.6,7.603843553646703,0.40738888888888886,1.0,0.25,0.25,True,False,2,9,5,5,True,Naperville,IL,41.7728699,-88.1479278,onsite,0.0,0.0
31104564,83678710,2,1,personal,5,4,8.0,6446.2,59.00205301041915,1.7906111111111112,1.0,0.125,0.125,True,False,2,9,3,4,True,Alpharetta,GA,34.0755962,-84.2945964,onsite,0.0,0.0
30456597,83678710,2,1,personal,5,4,8.0,6446.2,59.00205301041915,1.7906111111111112,1.0,0.125,0.125,True,False,2,9,3,4,True,Memphis,TN,35.1460249,-90.0517638,onsite,0.0,0.0
11226387,39320303,2,10,personal,4,3,8.0,9167.6,105.6507496222063,2.5465555555555555,1.0,0.125,0.125,True,False,2,16,0,3,True,Hartford,CT,41.764582,-72.6908547,onsite,0.0,0.0
11350447,39320303,2,10,personal,4,3,8.0,9167.6,105.6507496222063,2.5465555555555555,1.0,0.125,0.125,True,False,2,16,0,3,True,Centennial,CO,39.579155,-104.8769227,onsite,0.0,0.0
10615629,76058214,2,12,personal,4,3,8.0,9558.4,98.03360872504572,2.655111111111111,1.0,0.125,0.125,True,False,2,16,3,3,True,Virtual,SC,34.1718723,-82.1564776,onsite,0.0,0.0
10925596,76058214,2,12,personal,4,3,8.0,9558.4,98.03360872504572,2.655111111111111,1.0,0.125,0.125,True,False,2,16,3,3,True,Hartford,CT,41.764582,-72.6908547,onsite,0.0,0.0
95664184,80382046,2,9,personal,4,4,1.333,12122.2,143.9021116678597,3.367277777777778,0.8,0.7501875468867217,0.6001500375093775,True,False,2,16,4,4,True,Naperville,IL,41.7728699,-88.1479278,onsite,0.19999999999999996,0.15003750937734428
96399702,80382046,2,9,personal,4,4,1.333,12122.2,143.9021116678597,3.367277777777778,0.8,0.7501875468867217,0.6001500375093775,True,False,2,16,4,4,True,Richmond,VA,37.5385087,-77.43428,onsite,0.19999999999999996,0.15003750937734428
95771836,10703530,2,7,personal,5,5,4.0,5003.4,56.30853316630876,1.3898333333333333,1.0,0.25,0.25,True,False,2,9,5,5,True,Rochester,NY,43.157285,-77.615214,onsite,0.0,0.0
16485520,11637019,2,10,personal,5,4,8.0,7766.0,86.778463771574,2.1572222222222224,1.0,0.125,0.125,True,False,2,9,4,4,True,Richardson,TX,32.9481789,-96.7297206,onsite,0.0,0.0
10402032,15394782,2,0,personal,5,4,8.0,1948.2,17.3859659588006,0.5411666666666667,1.0,0.125,0.125,True,False,1,8,4,4,True,Richardson,TX,32.9481789,-96.7297206,onsite,0.0,0.0
79478179,18658831,2,7,personal,5,5,4.0,5673.6,70.32119919669132,1.576,1.0,0.25,0.25,True,False,2,9,3,5,True,Indianapolis,IN,39.7683331,-86.1583502,onsite,0.0,0.0
17932464,23030615,2,2,personal,5,5,4.0,3500.2,37.63608029109997,0.9722777777777777,1.0,0.25,0.25,True,False,2,9,4,5,True,White Plains,NY,41.0339862,-73.7629097,onsite,0.0,0.0
66643743,23143461,2,5,personal,5,5,4.0,4572.4,47.72714845303427,1.270111111111111,1.0,0.25,0.25,True,False,2,9,3,5,True,Chantilly,VA,38.885219,-77.4486772,onsite,0.0,0.0
38397433,23389870,2,10,personal,5,4,8.0,5509.6,54.08017179670723,1.5304444444444445,1.0,0.125,0.125,True,False,2,9,3,4,True,Overland Park,KS,38.9742502,-94.6851702,onsite,0.0,0.0
23257451,23389870,2,10,personal,5,4,8.0,5509.6,54.08017179670723,1.5304444444444445,1.0,0.125,0.125,True,False,2,9,1,4,True,Edison,GA,31.5581741,-84.7381045,onsite,0.0,0.0
12272069,31691472,2,1,personal,5,4,8.0,6042.0,62.51665274795196,1.6783333333333332,1.0,0.125,0.125,True,False,2,9,4,4,True,Naperville,IL,41.7728699,-88.1479278,onsite,0.0,0.0
70853633,40737428,2,8,personal,5,5,4.0,2302.6,21.2982432593653,0.6396111111111111,1.0,0.25,0.25,True,False,2,9,4,5,True,Saint Paul,MN,44.9497487,-93.0931028,onsite,0.0,0.0
17597223,41716518,2,0,personal,5,5,4.0,1948.2,17.3859659588006,0.5411666666666667,1.0,0.25,0.25,True,False,2,9,5,5,True,Troy,MI,42.6055893,-83.1499304,onsite,0.0,0.0
55323900,45148681,2,13,personal,5,5,4.0,2166.8,18.18741052254832,0.6018888888888889,1.0,0.25,0.25,True,False,2,9,5,5,True,Chantilly,VA,38.885219,-77.4486772,onsite,0.0,0.0
94472986,45640997,2,7,personal,5,4,8.0,7599.4,94.14046965720193,2.1109444444444443,1.0,0.125,0.125,True,False,2,9,2,4,True,Overland Park,KS,38.9742502,-94.6851702,onsite,0.0,0.0
45149910,45640997,2,7,personal,5,5,4.0,7599.4,94.14046965720193,2.1109444444444443,1.0,0.25,0.25,True,False,2,9,4,5,True,Houston,TX,29.7589382,-95.3676974,onsite,0.0,0.0
83212066,45640997,2,7,personal,5,4,8.0,7599.4,94.14046965720193,2.1109444444444443,1.0,0.125,0.125,True,False,2,9,0,4,True,Virtual,SC,34.1718723,-82.1564776,onsite,0.0,0.0
63418508,47879707,2,15,personal,5,5,4.0,1466.6,7.603843553646703,0.40738888888888886,1.0,0.25,0.25,True,False,2,9,5,5,True,Melville,LA,30.6929653,-91.744004,onsite,0.0,0.0
95870867,55388403,2,8,personal,5,5,4.0,1506.0,11.23861647975821,0.41833333333333333,1.0,0.25,0.25,True,False,2,9,5,5,True,Virtual,SC,34.1718723,-82.1564776,onsite,0.0,0.0
26130629,58097723,2,2,personal,5,5,4.0,5529.2,68.17200051698083,1.5358888888888889,1.0,0.25,0.25,True,False,2,9,4,5,True,Houston,TX,29.7589382,-95.3676974,onsite,0.0,0.0
33914483,71760872,2,15,personal,5,4,8.0,1466.6,7.603843553646703,0.40738888888888886,1.0,0.125,0.125,True,False,1,8,4,4,True,Naperville,IL,41.7728699,-88.1479278,onsite,0.0,0.0
68291074,94426110,2,15,personal,5,5,4.0,1466.6,7.603843553646703,0.40738888888888886,1.0,0.25,0.25,True,False,1,8,5,5,True,Naperville,IL,41.7728699,-88.1479278,onsite,0.0,0.0
97120688,98229611,2,8,personal,5,5,4.0,1664.0,17.93935914260717,0.4622222222222222,1.0,0.25,0.25,True,False,2,9,5,5,True,Naperville,IL,41.7728699,-88.1479278,onsite,0.0,0.0
69379844,99435436,2,3,personal,4,5,1.0,3760.2,41.44744691004533,1.0445,1.0,1.0,1.0,True,False,2,16,5,5,True,Chantilly,VA,38.885219,-77.4486772,onsite,0.0,0.0
11355772,33476502,2,0,personal,3,3,0.5,0.0,0.0,0.0,1.0,2.0,2.0,False,True,2,23,3,3,True,Diamond Bar,CA,34.0286226,-117.8103367,online,0.0,0.0
11494435,59301149,2,0,personal,3,3,0.5,0.0,0.0,0.0,1.0,2.0,2.0,False,True,2,23,3,3,True,Charlotte,NC,35.2272086,-80.8430827,online,0.0,0.0
14582357,94297623,2,13,personal,3,3,0.5,0.0,0.0,0.0,1.0,2.0,2.0,False,True,2,23,3,3,True,Charlotte,NC,35.2272086,-80.8430827,online,0.0,0.0
15483039,34353940,3,1,personal,5,4,8.0,6877.0,67.91599558577904,1.9102777777777777,1.0,0.125,0.125,True,False,3,10,4,4,True,Richardson,TX,32.9481789,-96.7297206,onsite,0.0,0.0
15688459,34353940,3,1,personal,5,4,8.0,6877.0,67.91599558577904,1.9102777777777777,1.0,0.125,0.125,True,False,3,10,4,4,True,Melville,LA,30.6929653,-91.744004,onsite,0.0,0.0
12272069,34353940,3,1,personal,5,4,8.0,6877.0,67.91599558577904,1.9102777777777777,1.0,0.125,0.125,True,False,3,10,4,4,True,Naperville,IL,41.7728699,-88.1479278,onsite,0.0,0.0
25351257,50984520,3,15,personal,5,4,8.0,1466.6,7.603843553646703,0.40738888888888886,1.0,0.125,0.125,True,False,2,9,4,4,True,Saint Paul,MN,44.9497487,-93.0931028,onsite,0.0,0.0
27096178,50984520,3,15,personal,5,4,8.0,1466.6,7.603843553646703,0.40738888888888886,1.0,0.125,0.125,True,False,2,9,4,4,True,Bedford,TX,32.844017,-97.1430671,onsite,0.0,0.0
27328743,50984520,3,15,personal,5,4,8.0,1466.6,7.603843553646703,0.40738888888888886,1.0,0.125,0.125,True,False,2,9,4,4,True,Buffalo,NY,42.8864163,-78.8781493,onsite,0.0,0.0
41627842,54254268,3,13,personal,5,5,4.0,6612.2,74.67415294679074,1.8367222222222221,1.0,0.25,0.25,True,False,3,10,5,5,True,Hartford,CT,41.764582,-72.6908547,onsite,0.0,0.0
44538039,54254268,3,13,personal,5,5,4.0,6612.2,74.67415294679074,1.8367222222222221,1.0,0.25,0.25,True,False,3,10,5,5,True,Hamden,OH,39.1597938,-82.5268259,onsite,0.0,0.0
48417943,54254268,3,13,personal,5,5,4.0,6612.2,74.67415294679074,1.8367222222222221,1.0,0.25,0.25,True,False,3,10,5,5,True,Virtual,SC,34.1718723,-82.1564776,onsite,0.0,0.0
99474654,58445260,3,9,personal,5,4,8.0,733.0,4.293177841406187,0.2036111111111111,1.0,0.125,0.125,True,False,3,10,4,4,True,Richmond,VA,37.5385087,-77.43428,onsite,0.0,0.0
95664184,58445260,3,9,personal,5,4,8.0,733.0,4.293177841406187,0.2036111111111111,1.0,0.125,0.125,True,False,3,10,4,4,True,Naperville,IL,41.7728699,-88.1479278,onsite,0.0,0.0
96399702,58445260,3,9,personal,5,4,8.0,733.0,4.293177841406187,0.2036111111111111,1.0,0.125,0.125,True,False,3,10,4,4,True,Richmond,VA,37.5385087,-77.43428,onsite,0.0,0.0
33519700,67599722,3,10,personal,5,4,8.0,6268.2,67.72560745247753,1.7411666666666665,1.0,0.125,0.125,True,False,3,10,3,4,True,Flowood,MS,32.3092861,-90.1386811,onsite,0.0,0.0
37113544,67599722,3,10,personal,5,4,8.0,6268.2,67.72560745247753,1.7411666666666665,1.0,0.125,0.125,True,False,3,10,3,4,True,Overland Park,KS,38.9742502,-94.6851702,onsite,0.0,0.0
38397433,67599722,3,10,personal,5,4,8.0,6268.2,67.72560745247753,1.7411666666666665,1.0,0.125,0.125,True,False,3,10,3,4,True,Overland Park,KS,38.9742502,-94.6851702,onsite,0.0,0.0
63932904,79092121,3,3,personal,5,4,8.0,3872.2,49.81781396643601,1.075611111111111,1.0,0.125,0.125,True,False,3,10,3,4,True,Buffalo,NY,42.8864163,-78.8781493,onsite,0.0,0.0
70275620,79092121,3,3,personal,5,4,8.0,3872.2,49.81781396643601,1.075611111111111,1.0,0.125,0.125,True,False,3,10,3,4,True,Hartford,CT,41.764582,-72.6908547,onsite,0.0,0.0
81396769,79092121,3,3,personal,5,4,8.0,3872.2,49.81781396643601,1.075611111111111,1.0,0.125,0.125,True,False,3,10,3,4,True,Maryland Heights,MO,38.7150511,-90.435999,onsite,0.0,0.0
59321509,96497996,3,15,personal,5,5,4.0,1466.6,7.603843553646703,0.40738888888888886,1.0,0.25,0.25,True,False,2,9,5,5,True,Brookfield,WI,43.0615578,-88.1260678,onsite,0.0,0.0
63175059,96497996,3,15,personal,5,5,4.0,1466.6,7.603843553646703,0.40738888888888886,1.0,0.25,0.25,True,False,2,9,5,5,True,Naperville,IL,41.7728699,-88.1479278,onsite,0.0,0.0
63418508,96497996,3,15,personal,5,5,4.0,1466.6,7.603843553646703,0.40738888888888886,1.0,0.25,0.25,True,False,2,9,5,5,True,Melville,LA,30.6929653,-91.744004,onsite,0.0,0.0
45459060,99067980,3,2,personal,5,4,8.0,2891.2,32.72053706354887,0.8031111111111111,1.0,0.125,0.125,True,False,3,10,4,4,True,Rancho Cordova,CA,38.5890723,-121.302728,onsite,0.0,0.0
38497269,99067980,3,2,personal,5,4,8.0,2891.2,32.72053706354887,0.8031111111111111,1.0,0.125,0.125,True,False,3,10,4,4,True,Naperville,IL,41.7728699,-88.1479278,onsite,0.0,0.0
44914866,99067980,3,2,personal,5,4,8.0,2891.2,32.72053706354887,0.8031111111111111,1.0,0.125,0.125,True,False,3,10,4,4,True,West Bridgewater,MA,42.0190922,-71.0079688,onsite,0.0,0.0
22286102,11689329,3,1,personal,5,5,4.0,5798.8,51.22049729579257,1.6107777777777779,1.0,0.25,0.25,True,False,3,10,5,5,True,Melville,LA,30.6929653,-91.744004,onsite,0.0,0.0
24186729,11689329,3,1,personal,5,5,4.0,5798.8,51.22049729579257,1.6107777777777779,1.0,0.25,0.25,True,False,3,10,5,5,True,Richmond,VA,37.5385087,-77.43428,onsite,0.0,0.0
85342366,11851998,3,8,personal,5,4,8.0,1664.0,17.93935914260717,0.4622222222222222,1.0,0.125,0.125,True,False,3,10,4,4,True,Richardson,TX,32.9481789,-96.7297206,onsite,0.0,0.0
85598668,11851998,3,8,personal,5,4,8.0,1664.0,17.93935914260717,0.4622222222222222,1.0,0.125,0.125,True,False,3,10,4,4,True,Hunt Valley,MD,39.4962709,-76.6542571,onsite,0.0,0.0
17897712,17992581,3,13,personal,5,4,8.0,886.6,4.669853058140459,0.2462777777777778,1.0,0.125,0.125,True,False,3,10,4,4,True,Richmond,VA,37.5385087,-77.43428,onsite,0.0,0.0
20682406,17992581,3,13,personal,5,4,8.0,886.6,4.669853058140459,0.2462777777777778,1.0,0.125,0.125,True,False,3,10,4,4,True,Chantilly,VA,38.885219,-77.4486772,onsite,0.0,0.0
26862623,20381941,3,1,personal,5,5,4.0,5993.6,50.62833054959039,1.664888888888889,1.0,0.25,0.25,True,False,3,10,5,5,True,Overland Park,KS,38.9742502,-94.6851702,onsite,0.0,0.0
30721082,20381941,3,1,personal,5,5,4.0,5993.6,50.62833054959039,1.664888888888889,1.0,0.25,0.25,True,False,3,10,5,5,True,Richardson,TX,32.9481789,-96.7297206,onsite,0.0,0.0
11788873,24098320,3,0,personal,5,4,8.0,2479.4,26.11884096874254,0.6887222222222222,1.0,0.125,0.125,True,False,1,8,2,4,True,Richardson,TX,32.9481789,-96.7297206,onsite,0.0,0.0
22143269,24098320,3,0,personal,5,4,8.0,2479.4,26.11884096874254,0.6887222222222222,1.0,0.125,0.125,True,False,1,8,2,4,True,Brookfield,WI,43.0615578,-88.1260678,onsite,0.0,0.0
88856717,29397931,3,7,personal,5,4,8.0,4827.0,46.13420126461465,1.3408333333333333,1.0,0.125,0.125,True,False,3,10,3,4,True,Charlotte,NC,35.2272086,-80.8430827,onsite,0.0,0.0
90334978,29397931,3,7,personal,5,4,8.0,4827.0,46.13420126461465,1.3408333333333333,1.0,0.125,0.125,True,False,3,10,3,4,True,Franklin,TN,35.925206,-86.8689419,onsite,0.0,0.0
85893734,40737428,3,8,personal,5,4,8.0,2302.6,21.2982432593653,0.6396111111111111,1.0,0.125,0.125,True,False,2,9,4,4,True,Centennial,CO,39.579155,-104.8769227,onsite,0.0,0.0
90406456,40737428,3,8,personal,5,4,8.0,2302.6,21.2982432593653,0.6396111111111111,1.0,0.125,0.125,True,False,2,9,4,4,True,Albuquerque,NM,35.0841034,-106.650985,onsite,0.0,0.0
78272027,54794966,3,6,personal,5,4,8.0,6451.6,62.13537938439513,1.7921111111111112,1.0,0.125,0.125,True,False,3,10,2,4,True,Overland Park,KS,38.9742502,-94.6851702,onsite,0.0,0.0
89117598,54794966,3,6,personal,5,4,8.0,6451.6,62.13537938439513,1.7921111111111112,1.0,0.125,0.125,True,False,3,10,2,4,True,Syracuse,NY,43.0481221,-76.1474244,onsite,0.0,0.0
52192658,56835375,3,6,personal,5,4,8.0,4163.2,44.32501690129642,1.1564444444444444,1.0,0.125,0.125,True,False,3,10,4,4,True,Albuquerque,NM,35.0841034,-106.650985,onsite,0.0,0.0
61927589,56835375,3,6,personal,5,4,8.0,4163.2,44.32501690129642,1.1564444444444444,1.0,0.125,0.125,True,False,3,10,4,4,True,Franklin,TN,35.925206,-86.8689419,onsite,0.0,0.0
11091566,63533246,3,0,business,5,5,4.0,2479.4,26.11884096874254,0.6887222222222222,1.0,0.25,0.25,True,False,3,10,5,5,True,Windsor,CA,38.5471327,-122.8163802,onsite,0.0,0.0
17566082,63533246,3,0,business,5,5,4.0,2479.4,26.11884096874254,0.6887222222222222,1.0,0.25,0.25,True,False,3,10,5,5,True,Naperville,IL,41.7728699,-88.1479278,onsite,0.0,0.0
56083320,74903311,3,3,personal,5,4,8.0,2421.0,22.80320428696413,0.6725,1.0,0.125,0.125,True,False,3,10,1,4,True,Marlton,NJ,39.9005585,-74.9338911,onsite,0.0,0.0
95561381,74903311,3,3,personal,5,4,8.0,2421.0,22.80320428696413,0.6725,1.0,0.125,0.125,True,False,3,10,1,4,True,Boston,MA,42.3588336,-71.0578303,onsite,0.0,0.0
49546630,75100937,3,17,personal,5,4,8.0,6066.6,55.43202696253877,1.6851666666666667,1.0,0.125,0.125,True,False,3,10,3,4,True,Alpharetta,GA,34.0755962,-84.2945964,onsite,0.0,0.0
54333554,75100937,3,17,personal,5,4,8.0,6066.6,55.43202696253877,1.6851666666666667,1.0,0.125,0.125,True,False,3,10,3,4,True,Naperville,IL,41.7728699,-88.1479278,onsite,0.0,0.0
50519688,79069516,3,13,personal,5,5,4.0,10338.8,121.2756253479679,2.8718888888888885,1.0,0.25,0.25,True,False,3,10,5,5,True,Charlotte,NC,35.2272086,-80.8430827,onsite,0.0,0.0
53820765,79069516,3,13,personal,5,5,4.0,10338.8,121.2756253479679,2.8718888888888885,1.0,0.25,0.25,True,False,3,10,5,5,True,Buffalo,NY,42.8864163,-78.8781493,onsite,0.0,0.0
42270197,81276423,3,15,personal,5,4,8.0,1980.2,14.28743637158992,0.5500555555555555,1.0,0.125,0.125,True,False,3,10,3,4,True,San Antonio,TX,29.4246002,-98.4951405,onsite,0.0,0.0
42879523,81276423,3,15,personal,5,4,8.0,1980.2,14.28743637158992,0.5500555555555555,1.0,0.125,0.125,True,False,3,10,3,4,True,Spokane,WA,47.6571934,-117.42351,onsite,0.0,0.0
84017238,86588848,3,5,personal,5,5,4.0,2515.6,23.48534558180227,0.6987777777777777,1.0,0.25,0.25,True,False,3,10,5,5,True,Rochester,NY,43.157285,-77.615214,onsite,0.0,0.0
93750751,86588848,3,5,personal,5,5,4.0,2515.6,23.48534558180227,0.6987777777777777,1.0,0.25,0.25,True,False,3,10,5,5,True,Chantilly,VA,38.885219,-77.4486772,onsite,0.0,0.0
17621023,92775358,3,0,personal,5,4,8.0,2479.4,26.11884096874254,0.6887222222222222,1.0,0.125,0.125,True,False,2,9,3,4,True,Alpharetta,GA,34.0755962,-84.2945964,onsite,0.0,0.0
18407947,92775358,3,0,personal,5,4,8.0,2479.4,26.11884096874254,0.6887222222222222,1.0,0.125,0.125,True,False,2,9,3,4,True,Oklahoma City,OK,35.4729886,-97.5170536,onsite,0.0,0.0
72859063,94662445,3,7,personal,5,4,8.0,6292.0,64.22219239640499,1.7477777777777779,1.0,0.125,0.125,True,False,3,10,4,4,True,Richardson,TX,32.9481789,-96.7297206,onsite,0.0,0.0
73968848,94662445,3,7,personal,5,4,8.0,6292.0,64.22219239640499,1.7477777777777779,1.0,0.125,0.125,True,False,3,10,4,4,True,Naperville,IL,41.7728699,-88.1479278,onsite,0.0,0.0
10615629,27360664,3,12,personal,4,3,8.0,1766.0,12.73003161536626,0.4905555555555556,1.0,0.125,0.125,True,False,3,17,3,3,True,Virtual,SC,34.1718723,-82.1564776,onsite,0.0,0.0
10925596,27360664,3,12,personal,4,3,8.0,1766.0,12.73003161536626,0.4905555555555556,1.0,0.125,0.125,True,False,3,17,3,3,True,Hartford,CT,41.764582,-72.6908547,onsite,0.0,0.0
11226387,30145138,3,10,personal,4,3,8.0,4764.4,51.27418376680188,1.3234444444444444,1.0,0.125,0.125,True,False,3,17,0,3,True,Hartford,CT,41.764582,-72.6908547,onsite,0.0,0.0
11350447,30145138,3,10,personal,4,3,8.0,4764.4,51.27418376680188,1.3234444444444444,1.0,0.125,0.125,True,False,3,17,0,3,True,Centennial,CO,39.579155,-104.8769227,onsite,0.0,0.0
22440928,36599335,3,6,personal,4,3,8.0,2136.8,18.81611389485405,0.5935555555555556,1.0,0.125,0.125,True,False,3,17,3,3,True,Virtual,SC,34.1718723,-82.1564776,onsite,0.0,0.0
23354345,36599335,3,6,personal,4,3,8.0,2136.8,18.81611389485405,0.5935555555555556,1.0,0.125,0.125,True,False,3,17,3,3,True,Centennial,CO,39.579155,-104.8769227,onsite,0.0,0.0
12272594,58834864,3,4,personal,4,3,8.0,9160.4,101.0973415254911,2.5445555555555552,1.0,0.125,0.125,True,False,3,17,2,3,True,Alpharetta,GA,34.0755962,-84.2945964,onsite,0.0,0.0
10541914,58834864,3,4,personal,4,3,8.0,9160.4,101.0973415254911,2.5445555555555552,1.0,0.125,0.125,True,False,3,17,2,3,True,Overland Park,KS,38.9742502,-94.6851702,onsite,0.0,0.0
54887810,12024718,3,2,personal,5,4,8.0,3763.4,48.84014853256979,1.045388888888889,1.0,0.125,0.125,True,False,3,10,3,4,True,Windsor,CA,38.5471327,-122.8163802,onsite,0.0,0.0
10402032,12343114,3,0,personal,5,4,8.0,1948.2,17.3859659588006,0.5411666666666667,1.0,0.125,0.125,True,False,2,9,4,4,True,Richardson,TX,32.9481789,-96.7297206,onsite,0.0,0.0
17597223,12343114,3,0,personal,5,5,4.0,1948.2,17.3859659588006,0.5411666666666667,1.0,0.25,0.25,True,False,2,9,5,5,True,Troy,MI,42.6055893,-83.1499304,onsite,0.0,0.0
92680761,16490446,3,8,personal,5,4,8.0,1147.2,11.78815716217291,0.31866666666666665,1.0,0.125,0.125,True,False,3,10,4,4,True,Richardson,TX,32.9481789,-96.7297206,onsite,0.0,0.0
54636222,19727765,3,18,personal,5,4,8.0,10906.4,110.796697287839,3.0295555555555556,0.8,0.125,0.1,True,False,3,10,3,4,True,Orlando,FL,28.5421218,-81.379045,onsite,0.19999999999999996,0.024999999999999994
39267987,19727765,3,18,personal,5,4,8.0,10906.4,110.796697287839,3.0295555555555556,0.8,0.125,0.1,True,False,3,10,1,4,True,Tampa,FL,27.9449854,-82.4583107,onsite,0.19999999999999996,0.024999999999999994
23257451,23389870,3,10,personal,5,4,8.0,5509.6,54.08017179670723,1.5304444444444445,1.0,0.125,0.125,True,False,2,9,1,4,True,Edison,GA,31.5581741,-84.7381045,onsite,0.0,0.0
33113383,26961910,3,15,personal,5,4,8.0,1466.6,7.603843553646703,0.40738888888888886,1.0,0.125,0.125,True,False,1,8,4,4,True,Independence,MO,39.0924792,-94.4137923,onsite,0.0,0.0
31104564,27962354,3,1,personal,5,4,8.0,4581.0,42.83422313688062,1.2725,1.0,0.125,0.125,True,False,3,10,3,4,True,Alpharetta,GA,34.0755962,-84.2945964,onsite,0.0,0.0
79478179,29397931,3,7,personal,5,5,4.0,4827.0,46.13420126461465,1.3408333333333333,1.0,0.25,0.25,True,False,3,10,3,5,True,Indianapolis,IN,39.7683331,-86.1583502,onsite,0.0,0.0
34336521,29586110,3,1,personal,5,5,4.0,5518.4,51.40057066730295,1.5328888888888887,1.0,0.25,0.25,True,False,2,9,5,5,True,Omaha,NE,41.2587459,-95.9383758,onsite,0.0,0.0
33522459,34364820,3,15,personal,5,4,8.0,1466.6,7.603843553646703,0.40738888888888886,1.0,0.125,0.125,True,False,3,10,4,4,True,Knoxville,TN,35.9603948,-83.9210261,onsite,0.0,0.0
95870867,39099817,3,8,personal,5,5,4.0,1664.0,17.93935914260717,0.4622222222222222,1.0,0.25,0.25,True,False,2,9,5,5,True,Virtual,SC,34.1718723,-82.1564776,onsite,0.0,0.0
94671385,40737428,3,8,personal,5,4,8.0,2302.6,21.2982432593653,0.6396111111111111,1.0,0.125,0.125,True,False,2,9,3,4,True,Birmingham,AL,33.5206824,-86.8024326,onsite,0.0,0.0
16485520,42102320,3,10,personal,5,4,8.0,3820.0,35.10386840849439,1.0611111111111111,1.0,0.125,0.125,True,False,3,10,4,4,True,Richardson,TX,32.9481789,-96.7297206,onsite,0.0,0.0
69379844,42511533,3,3,personal,5,5,4.0,10369.0,121.2512675972322,2.8802777777777777,1.0,0.25,0.25,True,False,3,10,5,5,True,Chantilly,VA,38.885219,-77.4486772,onsite,0.0,0.0
17932464,45067916,3,2,personal,5,5,4.0,3070.4,27.09352382088603,0.8528888888888889,1.0,0.25,0.25,True,False,3,10,4,5,True,White Plains,NY,41.0339862,-73.7629097,onsite,0.0,0.0
26130629,50933551,3,2,personal,5,5,4.0,2553.2,23.46533742941223,0.7092222222222222,1.0,0.25,0.25,True,False,3,10,4,5,True,Houston,TX,29.7589382,-95.3676974,onsite,0.0,0.0
82687551,54794966,3,6,personal,5,4,8.0,6451.6,62.13537938439513,1.7921111111111112,1.0,0.125,0.125,True,False,3,10,3,4,True,Walnut Creek,CA,37.9020731,-122.0618702,onsite,0.0,0.0
70853633,55388403,3,8,personal,5,5,4.0,1506.0,11.23861647975821,0.41833333333333333,1.0,0.25,0.25,True,False,2,9,4,5,True,Saint Paul,MN,44.9497487,-93.0931028,onsite,0.0,0.0
84568374,56835375,3,6,personal,5,4,8.0,4163.2,44.32501690129642,1.1564444444444444,1.0,0.125,0.125,True,False,3,10,3,4,True,Houston,TX,29.7589382,-95.3676974,onsite,0.0,0.0
30456597,62609802,3,1,personal,5,4,8.0,5402.2,48.49205639067844,1.5006111111111111,1.0,0.125,0.125,True,False,2,9,3,4,True,Memphis,TN,35.1460249,-90.0517638,onsite,0.0,0.0
94472986,65498132,3,7,personal,5,4,8.0,6449.6,79.47374830987036,1.7915555555555556,1.0,0.125,0.125,True,False,3,10,2,4,True,Overland Park,KS,38.9742502,-94.6851702,onsite,0.0,0.0
83212066,65947359,3,7,personal,5,4,8.0,6292.0,64.22219239640499,1.7477777777777779,1.0,0.125,0.125,True,False,3,10,0,4,True,Virtual,SC,34.1718723,-82.1564776,onsite,0.0,0.0
33914483,67410106,3,15,personal,5,4,8.0,1466.6,7.603843553646703,0.40738888888888886,1.0,0.125,0.125,True,False,1,8,4,4,True,Naperville,IL,41.7728699,-88.1479278,onsite,0.0,0.0
55188485,69076779,3,13,personal,5,5,4.0,6159.6,72.939533126541,1.711,1.0,0.25,0.25,True,False,2,9,5,5,True,Washington,DC,38.8950982,-77.0363849,onsite,0.0,0.0
61662948,69805960,3,2,personal,5,4,8.0,1303.8,12.21901594687028,0.36216666666666664,1.0,0.125,0.125,True,False,3,10,3,4,True,Maryland Heights,MO,38.7150511,-90.435999,onsite,0.0,0.0
81400507,74903311,3,3,personal,5,4,8.0,2421.0,22.80320428696413,0.6725,1.0,0.125,0.125,True,False,3,10,3,4,True,Maryland Heights,MO,38.7150511,-90.435999,onsite,0.0,0.0
34930040,75100937,3,17,personal,5,4,8.0,6066.6,55.43202696253877,1.6851666666666667,1.0,0.125,0.125,True,False,3,10,4,4,True,Rancho Cordova,CA,38.5890723,-121.302728,onsite,0.0,0.0
93222266,85876972,3,6,personal,5,4,8.0,4163.2,44.32501690129642,1.1564444444444444,1.0,0.125,0.125,True,False,3,10,2,4,True,Richmond,VA,37.5385087,-77.43428,onsite,0.0,0.0
36916937,89165170,3,1,personal,5,5,4.0,10167.4,87.92352660462898,2.8242777777777777,1.0,0.25,0.25,True,False,2,9,5,5,True,New York,NY,40.7127281,-74.0060152,onsite,0.0,0.0
66643743,91633982,3,5,personal,5,5,4.0,7234.0,99.68471625705877,2.0094444444444446,1.0,0.25,0.25,True,False,3,10,3,5,True,Chantilly,VA,38.885219,-77.4486772,onsite,0.0,0.0
49267899,92071903,3,3,personal,5,4,8.0,5734.8,80.26152270738885,1.593,1.0,0.125,0.125,True,False,3,10,4,4,True,Phoenix,AZ,33.4484367,-112.074141,onsite,0.0,0.0
97120688,94835245,3,8,personal,5,5,4.0,1664.0,17.93935914260717,0.4622222222222222,1.0,0.25,0.25,True,False,3,10,5,5,True,Naperville,IL,41.7728699,-88.1479278,onsite,0.0,0.0
99766264,94835245,3,8,personal,5,4,8.0,1664.0,17.93935914260717,0.4622222222222222,1.0,0.125,0.125,True,False,3,10,3,4,True,Maryland Heights,MO,38.7150511,-90.435999,onsite,0.0,0.0
95771836,97750287,3,7,personal,5,5,4.0,4551.2,47.62524357750736,1.2642222222222221,1.0,0.25,0.25,True,False,3,10,5,5,True,Rochester,NY,43.157285,-77.615214,onsite,0.0,0.0
45149910,97750287,3,7,personal,5,5,4.0,4551.2,47.62524357750736,1.2642222222222221,1.0,0.25,0.25,True,False,3,10,4,5,True,Houston,TX,29.7589382,-95.3676974,onsite,0.0,0.0
68291074,98908009,3,15,personal,5,5,4.0,1466.6,7.603843553646703,0.40738888888888886,1.0,0.25,0.25,True,False,2,9,5,5,True,Naperville,IL,41.7728699,-88.1479278,onsite,0.0,0.0
55323900,99523059,3,13,personal,5,5,4.0,2120.6,15.06626302394019,0.5890555555555556,1.0,0.25,0.25,True,False,3,10,5,5,True,Chantilly,VA,38.885219,-77.4486772,onsite,0.0,0.0
16559402,21868312,3,25,personal,4,3,8.0,13680.4,138.0957706991172,3.800111111111111,0.6,0.125,0.075,True,False,3,17,0,3,True,Raleigh,NC,35.7803977,-78.6390989,onsite,0.4,0.05
15922412,64404919,3,23,personal,4,3,8.0,10702.6,130.6716276942655,2.9729444444444444,1.0,0.125,0.125,True,False,3,17,3,3,True,Hartford,CT,41.764582,-72.6908547,onsite,0.0,0.0
34174328,70483492,3,17,personal,4,4,1.333,3132.4,29.49412928497574,0.8701111111111112,1.0,0.7501875468867217,0.7501875468867217,True,False,3,17,2,4,True,Alpharetta,GA,34.0755962,-84.2945964,onsite,0.0,0.0
25458542,78405399,3,6,personal,4,3,8.0,2914.0,32.54879006601448,0.8094444444444444,1.0,0.125,0.125,True,False,3,17,3,3,True,Buffalo,NY,42.8864163,-78.8781493,onsite,0.0,0.0
14343602,91833791,3,17,personal,4,3,8.0,3366.2,35.0913167104112,0.9350555555555555,1.0,0.125,0.125,True,False,3,17,0,3,True,Naperville,IL,41.7728699,-88.1479278,onsite,0.0,0.0
11494435,70946685,3,22,personal,3,3,0.5,14209.8,154.1155899546648,3.9471666666666665,0.6,2.0,1.2,True,False,3,24,3,3,True,Charlotte,NC,35.2272086,-80.8430827,onsite,0.4,0.8
18336561,26027239,3,0,business,3,3,0.5,0.0,0.0,0.0,1.0,2.0,2.0,False,True,2,23,3,3,True,South Portland,ME,43.6382443,-70.2529189,online,0.0,0.0
25351257,13637202,4,15,business,5,4,8.0,1466.6,7.603843553646703,0.40738888888888886,1.0,0.125,0.125,True,False,1,8,4,4,True,Saint Paul,MN,44.9497487,-93.0931028,onsite,0.0,0.0
27096178,13637202,4,15,business,5,4,8.0,1466.6,7.603843553646703,0.40738888888888886,1.0,0.125,0.125,True,False,1,8,4,4,True,Bedford,TX,32.844017,-97.1430671,onsite,0.0,0.0
27328743,13637202,4,15,business,5,4,8.0,1466.6,7.603843553646703,0.40738888888888886,1.0,0.125,0.125,True,False,1,8,4,4,True,Buffalo,NY,42.8864163,-78.8781493,onsite,0.0,0.0
41627842,17532639,4,13,personal,5,5,4.0,4906.6,50.79833770778652,1.3629444444444445,1.0,0.25,0.25,True,False,3,10,5,5,True,Hartford,CT,41.764582,-72.6908547,onsite,0.0,0.0
44538039,17532639,4,13,personal,5,5,4.0,4906.6,50.79833770778652,1.3629444444444445,1.0,0.25,0.25,True,False,3,10,5,5,True,Hamden,OH,39.1597938,-82.5268259,onsite,0.0,0.0
48417943,17532639,4,13,personal,5,5,4.0,4906.6,50.79833770778652,1.3629444444444445,1.0,0.25,0.25,True,False,3,10,5,5,True,Virtual,SC,34.1718723,-82.1564776,onsite,0.0,0.0
59321509,26000831,4,15,personal,5,5,4.0,1466.6,7.603843553646703,0.40738888888888886,1.0,0.25,0.25,True,False,1,8,5,5,True,Brookfield,WI,43.0615578,-88.1260678,onsite,0.0,0.0
63175059,26000831,4,15,personal,5,5,4.0,1466.6,7.603843553646703,0.40738888888888886,1.0,0.25,0.25,True,False,1,8,5,5,True,Naperville,IL,41.7728699,-88.1479278,onsite,0.0,0.0
63418508,26000831,4,15,personal,5,5,4.0,1466.6,7.603843553646703,0.40738888888888886,1.0,0.25,0.25,True,False,1,8,5,5,True,Melville,LA,30.6929653,-91.744004,onsite,0.0,0.0
85342366,28507914,4,8,personal,5,4,8.0,1676.0,19.93657042869641,0.46555555555555556,1.0,0.125,0.125,True,False,3,10,4,4,True,Richardson,TX,32.9481789,-96.7297206,onsite,0.0,0.0
85598668,28507914,4,8,personal,5,4,8.0,1676.0,19.93657042869641,0.46555555555555556,1.0,0.125,0.125,True,False,3,10,4,4,True,Hunt Valley,MD,39.4962709,-76.6542571,onsite,0.0,0.0
85893734,28507914,4,8,personal,5,4,8.0,1676.0,19.93657042869641,0.46555555555555556,1.0,0.125,0.125,True,False,3,10,4,4,True,Centennial,CO,39.579155,-104.8769227,onsite,0.0,0.0
15483039,45924388,4,1,personal,5,4,8.0,2719.0,21.22119323152787,0.7552777777777778,1.0,0.125,0.125,True,False,3,10,4,4,True,Richardson,TX,32.9481789,-96.7297206,onsite,0.0,0.0
15688459,45924388,4,1,personal,5,4,8.0,2719.0,21.22119323152787,0.7552777777777778,1.0,0.125,0.125,True,False,3,10,4,4,True,Melville,LA,30.6929653,-91.744004,onsite,0.0,0.0
12272069,45924388,4,1,personal,5,4,8.0,2719.0,21.22119323152787,0.7552777777777778,1.0,0.125,0.125,True,False,3,10,4,4,True,Naperville,IL,41.7728699,-88.1479278,onsite,0.0,0.0
99474654,58445260,4,9,personal,5,4,8.0,733.0,4.293177841406187,0.2036111111111111,1.0,0.125,0.125,True,False,3,10,4,4,True,Richmond,VA,37.5385087,-77.43428,onsite,0.0,0.0
95664184,58445260,4,9,personal,5,4,8.0,733.0,4.293177841406187,0.2036111111111111,1.0,0.125,0.125,True,False,3,10,4,4,True,Naperville,IL,41.7728699,-88.1479278,onsite,0.0,0.0
96399702,58445260,4,9,personal,5,4,8.0,733.0,4.293177841406187,0.2036111111111111,1.0,0.125,0.125,True,False,3,10,4,4,True,Richmond,VA,37.5385087,-77.43428,onsite,0.0,0.0
33519700,80534914,4,10,personal,5,4,8.0,1998.2,16.86239859222143,0.5550555555555555,1.0,0.125,0.125,True,False,4,11,3,4,True,Flowood,MS,32.3092861,-90.1386811,onsite,0.0,0.0
37113544,80534914,4,10,personal,5,4,8.0,1998.2,16.86239859222143,0.5550555555555555,1.0,0.125,0.125,True,False,4,11,3,4,True,Overland Park,KS,38.9742502,-94.6851702,onsite,0.0,0.0
38397433,80534914,4,10,personal,5,4,8.0,1998.2,16.86239859222143,0.5550555555555555,1.0,0.125,0.125,True,False,4,11,3,4,True,Overland Park,KS,38.9742502,-94.6851702,onsite,0.0,0.0
22286102,83678710,4,1,personal,5,5,4.0,6446.2,59.00205301041915,1.7906111111111112,1.0,0.25,0.25,True,False,2,9,5,5,True,Melville,LA,30.6929653,-91.744004,onsite,0.0,0.0
24186729,83678710,4,1,personal,5,5,4.0,6446.2,59.00205301041915,1.7906111111111112,1.0,0.25,0.25,True,False,2,9,5,5,True,Richmond,VA,37.5385087,-77.43428,onsite,0.0,0.0
26862623,83678710,4,1,personal,5,5,4.0,6446.2,59.00205301041915,1.7906111111111112,1.0,0.25,0.25,True,False,2,9,5,5,True,Overland Park,KS,38.9742502,-94.6851702,onsite,0.0,0.0
78272027,84730110,4,6,personal,5,4,8.0,3837.8,44.07323729420186,1.0660555555555555,1.0,0.125,0.125,True,False,3,10,2,4,True,Overland Park,KS,38.9742502,-94.6851702,onsite,0.0,0.0
89117598,84730110,4,6,personal,5,4,8.0,3837.8,44.07323729420186,1.0660555555555555,1.0,0.125,0.125,True,False,3,10,2,4,True,Syracuse,NY,43.0481221,-76.1474244,onsite,0.0,0.0
93222266,84730110,4,6,personal,5,4,8.0,3837.8,44.07323729420186,1.0660555555555555,1.0,0.125,0.125,True,False,3,10,2,4,True,Richmond,VA,37.5385087,-77.43428,onsite,0.0,0.0
30721082,89165170,4,1,personal,5,5,4.0,10167.4,87.92352660462898,2.8242777777777777,1.0,0.25,0.25,True,False,2,9,5,5,True,Richardson,TX,32.9481789,-96.7297206,onsite,0.0,0.0
34336521,89165170,4,1,personal,5,5,4.0,10167.4,87.92352660462898,2.8242777777777777,1.0,0.25,0.25,True,False,2,9,5,5,True,Omaha,NE,41.2587459,-95.9383758,onsite,0.0,0.0
36916937,89165170,4,1,personal,5,5,4.0,10167.4,87.92352660462898,2.8242777777777777,1.0,0.25,0.25,True,False,2,9,5,5,True,New York,NY,40.7127281,-74.0060152,onsite,0.0,0.0
11091566,15400518,4,0,personal,5,5,4.0,1948.2,17.3859659588006,0.5411666666666667,1.0,0.25,0.25,True,False,3,10,5,5,True,Windsor,CA,38.5471327,-122.8163802,onsite,0.0,0.0
17566082,15400518,4,0,personal,5,5,4.0,1948.2,17.3859659588006,0.5411666666666667,1.0,0.25,0.25,True,False,3,10,5,5,True,Naperville,IL,41.7728699,-88.1479278,onsite,0.0,0.0
54887810,23030615,4,2,personal,5,4,8.0,3500.2,37.63608029109997,0.9722777777777777,1.0,0.125,0.125,True,False,2,9,3,4,True,Windsor,CA,38.5471327,-122.8163802,onsite,0.0,0.0
61662948,23030615,4,2,personal,5,4,8.0,3500.2,37.63608029109997,0.9722777777777777,1.0,0.125,0.125,True,False,2,9,3,4,True,Maryland Heights,MO,38.7150511,-90.435999,onsite,0.0,0.0
94671385,26512783,4,8,personal,5,4,8.0,1147.2,11.78815716217291,0.31866666666666665,1.0,0.125,0.125,True,False,2,9,3,4,True,Birmingham,AL,33.5206824,-86.8024326,onsite,0.0,0.0
99766264,26512783,4,8,personal,5,4,8.0,1147.2,11.78815716217291,0.31866666666666665,1.0,0.125,0.125,True,False,2,9,3,4,True,Maryland Heights,MO,38.7150511,-90.435999,onsite,0.0,0.0
42270197,40114190,4,15,personal,5,4,8.0,1980.2,14.28743637158992,0.5500555555555555,1.0,0.125,0.125,True,False,2,9,3,4,True,San Antonio,TX,29.4246002,-98.4951405,onsite,0.0,0.0
42879523,40114190,4,15,personal,5,4,8.0,1980.2,14.28743637158992,0.5500555555555555,1.0,0.125,0.125,True,False,2,9,3,4,True,Spokane,WA,47.6571934,-117.42351,onsite,0.0,0.0
90406456,40984670,4,8,personal,5,4,8.0,1664.0,17.93935914260717,0.4622222222222222,1.0,0.125,0.125,True,False,2,9,4,4,True,Albuquerque,NM,35.0841034,-106.650985,onsite,0.0,0.0
92680761,40984670,4,8,personal,5,4,8.0,1664.0,17.93935914260717,0.4622222222222222,1.0,0.125,0.125,True,False,2,9,4,4,True,Richardson,TX,32.9481789,-96.7297206,onsite,0.0,0.0
11788873,41716518,4,0,personal,5,4,8.0,1948.2,17.3859659588006,0.5411666666666667,1.0,0.125,0.125,True,False,2,9,2,4,True,Richardson,TX,32.9481789,-96.7297206,onsite,0.0,0.0
22143269,41716518,4,0,personal,5,4,8.0,1948.2,17.3859659588006,0.5411666666666667,1.0,0.125,0.125,True,False,2,9,2,4,True,Brookfield,WI,43.0615578,-88.1260678,onsite,0.0,0.0
82687551,44564234,4,6,personal,5,4,8.0,5399.2,64.50267935258093,1.4997777777777777,1.0,0.125,0.125,True,False,4,11,3,4,True,Walnut Creek,CA,37.9020731,-122.0618702,onsite,0.0,0.0
84568374,44564234,4,6,personal,5,4,8.0,5399.2,64.50267935258093,1.4997777777777777,1.0,0.125,0.125,True,False,4,11,3,4,True,Houston,TX,29.7589382,-95.3676974,onsite,0.0,0.0
17932464,45067916,4,2,personal,5,5,4.0,3070.4,27.09352382088603,0.8528888888888889,1.0,0.25,0.25,True,False,3,10,4,5,True,White Plains,NY,41.0339862,-73.7629097,onsite,0.0,0.0
26130629,45067916,4,2,personal,5,5,4.0,3070.4,27.09352382088603,0.8528888888888889,1.0,0.25,0.25,True,False,3,10,4,5,True,Houston,TX,29.7589382,-95.3676974,onsite,0.0,0.0
17897712,50659826,4,13,personal,5,4,8.0,886.6,4.669853058140459,0.2462777777777778,1.0,0.125,0.125,True,False,3,10,4,4,True,Richmond,VA,37.5385087,-77.43428,onsite,0.0,0.0
20682406,50659826,4,13,personal,5,4,8.0,886.6,4.669853058140459,0.2462777777777778,1.0,0.125,0.125,True,False,3,10,4,4,True,Chantilly,VA,38.885219,-77.4486772,onsite,0.0,0.0
45459060,58097723,4,2,personal,5,4,8.0,5529.2,68.17200051698083,1.5358888888888889,1.0,0.125,0.125,True,False,2,9,4,4,True,Rancho Cordova,CA,38.5890723,-121.302728,onsite,0.0,0.0
38497269,58097723,4,2,personal,5,4,8.0,5529.2,68.17200051698083,1.5358888888888889,1.0,0.125,0.125,True,False,2,9,4,4,True,Naperville,IL,41.7728699,-88.1479278,onsite,0.0,0.0
31104564,61074242,4,1,personal,5,4,8.0,4332.0,37.71971685357512,1.2033333333333334,1.0,0.125,0.125,True,False,3,10,3,4,True,Alpharetta,GA,34.0755962,-84.2945964,onsite,0.0,0.0
30456597,61074242,4,1,personal,5,4,8.0,4332.0,37.71971685357512,1.2033333333333334,1.0,0.125,0.125,True,False,3,10,3,4,True,Memphis,TN,35.1460249,-90.0517638,onsite,0.0,0.0
95870867,68884875,4,8,personal,5,5,4.0,2121.8,19.92053905193669,0.589388888888889,1.0,0.25,0.25,True,False,3,10,5,5,True,Virtual,SC,34.1718723,-82.1564776,onsite,0.0,0.0
97120688,68884875,4,8,personal,5,5,4.0,2121.8,19.92053905193669,0.589388888888889,1.0,0.25,0.25,True,False,3,10,5,5,True,Naperville,IL,41.7728699,-88.1479278,onsite,0.0,0.0
56083320,74903311,4,3,personal,5,4,8.0,2421.0,22.80320428696413,0.6725,1.0,0.125,0.125,True,False,3,10,1,4,True,Marlton,NJ,39.9005585,-74.9338911,onsite,0.0,0.0
95561381,74903311,4,3,personal,5,4,8.0,2421.0,22.80320428696413,0.6725,1.0,0.125,0.125,True,False,3,10,1,4,True,Boston,MA,42.3588336,-71.0578303,onsite,0.0,0.0
49546630,75100937,4,17,personal,5,4,8.0,6066.6,55.43202696253877,1.6851666666666667,1.0,0.125,0.125,True,False,3,10,3,4,True,Alpharetta,GA,34.0755962,-84.2945964,onsite,0.0,0.0
54333554,75100937,4,17,personal,5,4,8.0,6066.6,55.43202696253877,1.6851666666666667,1.0,0.125,0.125,True,False,3,10,3,4,True,Naperville,IL,41.7728699,-88.1479278,onsite,0.0,0.0
50519688,79069516,4,13,personal,5,5,4.0,10338.8,121.2756253479679,2.8718888888888885,1.0,0.25,0.25,True,False,3,10,5,5,True,Charlotte,NC,35.2272086,-80.8430827,onsite,0.0,0.0
53820765,79069516,4,13,personal,5,5,4.0,10338.8,121.2756253479679,2.8718888888888885,1.0,0.25,0.25,True,False,3,10,5,5,True,Buffalo,NY,42.8864163,-78.8781493,onsite,0.0,0.0
63932904,79092121,4,3,personal,5,4,8.0,3872.2,49.81781396643601,1.075611111111111,1.0,0.125,0.125,True,False,3,10,3,4,True,Buffalo,NY,42.8864163,-78.8781493,onsite,0.0,0.0
70275620,79092121,4,3,personal,5,4,8.0,3872.2,49.81781396643601,1.075611111111111,1.0,0.125,0.125,True,False,3,10,3,4,True,Hartford,CT,41.764582,-72.6908547,onsite,0.0,0.0
52192658,85876972,4,6,personal,5,4,8.0,4163.2,44.32501690129642,1.1564444444444444,1.0,0.125,0.125,True,False,3,10,4,4,True,Albuquerque,NM,35.0841034,-106.650985,onsite,0.0,0.0
61927589,85876972,4,6,personal,5,4,8.0,4163.2,44.32501690129642,1.1564444444444444,1.0,0.125,0.125,True,False,3,10,4,4,True,Franklin,TN,35.925206,-86.8689419,onsite,0.0,0.0
17621023,92775358,4,0,personal,5,4,8.0,2479.4,26.11884096874254,0.6887222222222222,1.0,0.125,0.125,True,False,2,9,3,4,True,Alpharetta,GA,34.0755962,-84.2945964,onsite,0.0,0.0
18407947,92775358,4,0,personal,5,4,8.0,2479.4,26.11884096874254,0.6887222222222222,1.0,0.125,0.125,True,False,2,9,3,4,True,Oklahoma City,OK,35.4729886,-97.5170536,onsite,0.0,0.0
72859063,97750287,4,7,personal,5,4,8.0,4551.2,47.62524357750736,1.2642222222222221,1.0,0.125,0.125,True,False,3,10,4,4,True,Richardson,TX,32.9481789,-96.7297206,onsite,0.0,0.0
73968848,97750287,4,7,personal,5,4,8.0,4551.2,47.62524357750736,1.2642222222222221,1.0,0.125,0.125,True,False,3,10,4,4,True,Naperville,IL,41.7728699,-88.1479278,onsite,0.0,0.0
22440928,24073253,4,6,business,4,3,8.0,4146.4,49.17792591267001,1.1517777777777776,1.0,0.125,0.125,True,False,4,18,3,3,True,Virtual,SC,34.1718723,-82.1564776,onsite,0.0,0.0
23354345,24073253,4,6,business,4,3,8.0,4146.4,49.17792591267001,1.1517777777777776,1.0,0.125,0.125,True,False,4,18,3,3,True,Centennial,CO,39.579155,-104.8769227,onsite,0.0,0.0
10615629,45819546,4,12,personal,4,3,8.0,3740.4,30.19789429730375,1.039,1.0,0.125,0.125,True,False,4,18,3,3,True,Virtual,SC,34.1718723,-82.1564776,onsite,0.0,0.0
10925596,45819546,4,12,personal,4,3,8.0,3740.4,30.19789429730375,1.039,1.0,0.125,0.125,True,False,4,18,3,3,True,Hartford,CT,41.764582,-72.6908547,onsite,0.0,0.0
35386202,55122358,4,19,personal,4,4,1.333,4835.2,44.31930028632785,1.3431111111111111,1.0,0.7501875468867217,0.7501875468867217,True,False,3,17,4,4,True,Phoenix,AZ,33.4484367,-112.074141,onsite,0.0,0.0
38211857,55122358,4,19,personal,4,4,1.333,4835.2,44.31930028632785,1.3431111111111111,1.0,0.7501875468867217,0.7501875468867217,True,False,3,17,4,4,True,San Antonio,TX,29.4246002,-98.4951405,onsite,0.0,0.0
12272594,58834864,4,4,personal,4,3,8.0,9160.4,101.0973415254911,2.5445555555555552,1.0,0.125,0.125,True,False,3,17,2,3,True,Alpharetta,GA,34.0755962,-84.2945964,onsite,0.0,0.0
10541914,58834864,4,4,personal,4,3,8.0,9160.4,101.0973415254911,2.5445555555555552,1.0,0.125,0.125,True,False,3,17,2,3,True,Overland Park,KS,38.9742502,-94.6851702,onsite,0.0,0.0
45149910,10771991,4,7,personal,5,5,4.0,4282.0,48.03410582199952,1.1894444444444445,1.0,0.25,0.25,True,False,3,10,4,5,True,Houston,TX,29.7589382,-95.3676974,onsite,0.0,0.0
23257451,11637019,4,10,personal,5,4,8.0,7766.0,86.778463771574,2.1572222222222224,1.0,0.125,0.125,True,False,2,9,1,4,True,Edison,GA,31.5581741,-84.7381045,onsite,0.0,0.0
17597223,12343114,4,0,personal,5,5,4.0,1948.2,17.3859659588006,0.5411666666666667,1.0,0.25,0.25,True,False,2,9,5,5,True,Troy,MI,42.6055893,-83.1499304,onsite,0.0,0.0
54636222,19727765,4,18,personal,5,4,8.0,10906.4,110.796697287839,3.0295555555555556,0.8,0.125,0.1,True,False,3,10,3,4,True,Orlando,FL,28.5421218,-81.379045,onsite,0.19999999999999996,0.024999999999999994
39267987,27243643,4,18,personal,5,4,8.0,8552.0,93.2517845780641,2.3755555555555556,1.0,0.125,0.125,True,False,4,11,1,4,True,Tampa,FL,27.9449854,-82.4583107,onsite,0.0,0.0
33113383,34101951,4,15,personal,5,4,8.0,7078.8,83.32662252445718,1.9663333333333335,1.0,0.125,0.125,True,False,3,10,4,4,True,Independence,MO,39.0924792,-94.4137923,onsite,0.0,0.0
68291074,34101951,4,15,personal,5,5,4.0,7078.8,83.32662252445718,1.9663333333333335,1.0,0.25,0.25,True,False,3,10,5,5,True,Naperville,IL,41.7728699,-88.1479278,onsite,0.0,0.0
88856717,34202490,4,7,personal,5,4,8.0,3661.4,39.43755965163445,1.0170555555555556,1.0,0.125,0.125,True,False,4,11,3,4,True,Charlotte,NC,35.2272086,-80.8430827,onsite,0.0,0.0
33522459,37785214,4,15,personal,5,4,8.0,1466.6,7.603843553646703,0.40738888888888886,1.0,0.125,0.125,True,False,1,8,4,4,True,Knoxville,TN,35.9603948,-83.9210261,onsite,0.0,0.0
16485520,42102320,4,10,personal,5,4,8.0,3820.0,35.10386840849439,1.0611111111111111,1.0,0.125,0.125,True,False,3,10,4,4,True,Richardson,TX,32.9481789,-96.7297206,onsite,0.0,0.0
55188485,43699187,4,13,personal,5,5,4.0,8462.4,102.9660532490257,2.3506666666666667,1.0,0.25,0.25,True,False,3,10,5,5,True,Washington,DC,38.8950982,-77.0363849,onsite,0.0,0.0
55323900,45148681,4,13,personal,5,5,4.0,2166.8,18.18741052254832,0.6018888888888889,1.0,0.25,0.25,True,False,2,9,5,5,True,Chantilly,VA,38.885219,-77.4486772,onsite,0.0,0.0
69379844,51375328,4,3,personal,5,5,4.0,3523.0,41.7361359659588,0.9786111111111111,1.0,0.25,0.25,True,False,3,10,5,5,True,Chantilly,VA,38.885219,-77.4486772,onsite,0.0,0.0
81396769,51375328,4,3,personal,5,4,8.0,3523.0,41.7361359659588,0.9786111111111111,1.0,0.125,0.125,True,False,3,10,3,4,True,Maryland Heights,MO,38.7150511,-90.435999,onsite,0.0,0.0
94472986,65498132,4,7,personal,5,4,8.0,6449.6,79.47374830987036,1.7915555555555556,1.0,0.125,0.125,True,False,3,10,2,4,True,Overland Park,KS,38.9742502,-94.6851702,onsite,0.0,0.0
95771836,65947359,4,7,personal,5,5,4.0,6292.0,64.22219239640499,1.7477777777777779,1.0,0.25,0.25,True,False,3,10,5,5,True,Rochester,NY,43.157285,-77.615214,onsite,0.0,0.0
90334978,65947359,4,7,personal,5,4,8.0,6292.0,64.22219239640499,1.7477777777777779,1.0,0.125,0.125,True,False,3,10,3,4,True,Franklin,TN,35.925206,-86.8689419,onsite,0.0,0.0
34930040,70360438,4,17,personal,5,4,8.0,7380.6,78.50503062117235,2.0501666666666667,1.0,0.125,0.125,True,False,3,10,4,4,True,Rancho Cordova,CA,38.5890723,-121.302728,onsite,0.0,0.0
34174328,70360438,4,17,personal,5,4,8.0,7380.6,78.50503062117235,2.0501666666666667,1.0,0.125,0.125,True,False,3,10,2,4,True,Alpharetta,GA,34.0755962,-84.2945964,onsite,0.0,0.0
33914483,71760872,4,15,personal,5,4,8.0,1466.6,7.603843553646703,0.40738888888888886,1.0,0.125,0.125,True,False,1,8,4,4,True,Naperville,IL,41.7728699,-88.1479278,onsite,0.0,0.0
84017238,74536715,4,5,personal,5,5,4.0,12419.6,157.3008629603118,3.449888888888889,0.8,0.25,0.2,True,False,2,9,5,5,True,Rochester,NY,43.157285,-77.615214,onsite,0.19999999999999996,0.04999999999999999
66643743,74536715,4,5,personal,5,5,4.0,12419.6,157.3008629603118,3.449888888888889,0.8,0.25,0.2,True,False,2,9,3,5,True,Chantilly,VA,38.885219,-77.4486772,onsite,0.19999999999999996,0.04999999999999999
49267899,74903311,4,3,personal,5,4,8.0,2421.0,22.80320428696413,0.6725,1.0,0.125,0.125,True,False,3,10,4,4,True,Phoenix,AZ,33.4484367,-112.074141,onsite,0.0,0.0
44914866,77004428,4,2,business,5,4,8.0,5529.2,68.17200051698083,1.5358888888888889,1.0,0.125,0.125,True,False,4,11,4,4,True,West Bridgewater,MA,42.0190922,-71.0079688,onsite,0.0,0.0
10402032,79215234,4,0,personal,5,4,8.0,1948.2,17.3859659588006,0.5411666666666667,1.0,0.125,0.125,True,False,3,10,4,4,True,Richardson,TX,32.9481789,-96.7297206,onsite,0.0,0.0
79478179,79359054,4,7,personal,5,5,4.0,9110.2,105.7568798218405,2.5306111111111114,1.0,0.25,0.25,True,False,3,10,3,5,True,Indianapolis,IN,39.7683331,-86.1583502,onsite,0.0,0.0
70853633,86498344,4,8,personal,5,5,4.0,1147.2,11.78815716217291,0.31866666666666665,1.0,0.25,0.25,True,False,2,9,4,5,True,Saint Paul,MN,44.9497487,-93.0931028,onsite,0.0,0.0
93750751,86588848,4,5,personal,5,5,4.0,2515.6,23.48534558180227,0.6987777777777777,1.0,0.25,0.25,True,False,3,10,5,5,True,Chantilly,VA,38.885219,-77.4486772,onsite,0.0,0.0
83212066,88494322,4,7,personal,5,4,8.0,4282.0,48.03410582199952,1.1894444444444445,1.0,0.125,0.125,True,False,3,10,0,4,True,Virtual,SC,34.1718723,-82.1564776,onsite,0.0,0.0
81400507,92071903,4,3,personal,5,4,8.0,5734.8,80.26152270738885,1.593,1.0,0.125,0.125,True,False,3,10,3,4,True,Maryland Heights,MO,38.7150511,-90.435999,onsite,0.0,0.0
16559402,21868312,4,25,personal,4,3,8.0,13680.4,138.0957706991172,3.800111111111111,0.6,0.125,0.075,True,False,3,17,0,3,True,Raleigh,NC,35.7803977,-78.6390989,onsite,0.4,0.05
25458542,50871797,4,6,personal,4,3,8.0,4793.8,55.57108983536148,1.331611111111111,1.0,0.125,0.125,True,False,3,17,3,3,True,Buffalo,NY,42.8864163,-78.8781493,onsite,0.0,0.0
15922412,64404919,4,23,personal,4,3,8.0,10702.6,130.6716276942655,2.9729444444444444,1.0,0.125,0.125,True,False,3,17,3,3,True,Hartford,CT,41.764582,-72.6908547,onsite,0.0,0.0
10134858,82908253,4,16,personal,4,3,8.0,6713.6,81.34867374532729,1.864888888888889,1.0,0.125,0.125,True,False,4,18,1,3,True,New York,NY,40.7127281,-74.0060152,onsite,0.0,0.0
11355772,30806356,4,14,personal,3,3,0.5,12926.8,106.626053845542,3.5907777777777774,0.6,2.0,1.2,True,False,4,25,3,3,True,Diamond Bar,CA,34.0286226,-117.8103367,onsite,0.4,0.8
22286102,28373297,5,1,personal,5,5,4.0,2546.0,21.8650580609242,0.7072222222222222,1.0,0.25,0.25,True,False,3,10,5,5,True,Melville,LA,30.6929653,-91.744004,onsite,0.0,0.0
24186729,28373297,5,1,personal,5,5,4.0,2546.0,21.8650580609242,0.7072222222222222,1.0,0.25,0.25,True,False,3,10,5,5,True,Richmond,VA,37.5385087,-77.43428,onsite,0.0,0.0
26862623,28373297,5,1,personal,5,5,4.0,2546.0,21.8650580609242,0.7072222222222222,1.0,0.25,0.25,True,False,3,10,5,5,True,Overland Park,KS,38.9742502,-94.6851702,onsite,0.0,0.0
15483039,31691472,5,1,personal,5,4,8.0,6042.0,62.51665274795196,1.6783333333333332,1.0,0.125,0.125,True,False,2,9,4,4,True,Richardson,TX,32.9481789,-96.7297206,onsite,0.0,0.0
15688459,31691472,5,1,personal,5,4,8.0,6042.0,62.51665274795196,1.6783333333333332,1.0,0.125,0.125,True,False,2,9,4,4,True,Melville,LA,30.6929653,-91.744004,onsite,0.0,0.0
12272069,31691472,5,1,personal,5,4,8.0,6042.0,62.51665274795196,1.6783333333333332,1.0,0.125,0.125,True,False,2,9,4,4,True,Naperville,IL,41.7728699,-88.1479278,onsite,0.0,0.0
41627842,39331989,5,13,personal,5,5,4.0,2141.2,13.34717748349638,0.5947777777777777,1.0,0.25,0.25,True,False,3,10,5,5,True,Hartford,CT,41.764582,-72.6908547,onsite,0.0,0.0
44538039,39331989,5,13,personal,5,5,4.0,2141.2,13.34717748349638,0.5947777777777777,1.0,0.25,0.25,True,False,3,10,5,5,True,Hamden,OH,39.1597938,-82.5268259,onsite,0.0,0.0
48417943,39331989,5,13,personal,5,5,4.0,2141.2,13.34717748349638,0.5947777777777777,1.0,0.25,0.25,True,False,3,10,5,5,True,Virtual,SC,34.1718723,-82.1564776,onsite,0.0,0.0
85342366,40737428,5,8,personal,5,4,8.0,2302.6,21.2982432593653,0.6396111111111111,1.0,0.125,0.125,True,False,2,9,4,4,True,Richardson,TX,32.9481789,-96.7297206,onsite,0.0,0.0
85598668,40737428,5,8,personal,5,4,8.0,2302.6,21.2982432593653,0.6396111111111111,1.0,0.125,0.125,True,False,2,9,4,4,True,Hunt Valley,MD,39.4962709,-76.6542571,onsite,0.0,0.0
85893734,40737428,5,8,personal,5,4,8.0,2302.6,21.2982432593653,0.6396111111111111,1.0,0.125,0.125,True,False,2,9,4,4,True,Centennial,CO,39.579155,-104.8769227,onsite,0.0,0.0
25351257,47879707,5,15,personal,5,4,8.0,1466.6,7.603843553646703,0.40738888888888886,1.0,0.125,0.125,True,False,2,9,4,4,True,Saint Paul,MN,44.9497487,-93.0931028,onsite,0.0,0.0
27096178,47879707,5,15,personal,5,4,8.0,1466.6,7.603843553646703,0.40738888888888886,1.0,0.125,0.125,True,False,2,9,4,4,True,Bedford,TX,32.844017,-97.1430671,onsite,0.0,0.0
27328743,47879707,5,15,personal,5,4,8.0,1466.6,7.603843553646703,0.40738888888888886,1.0,0.125,0.125,True,False,2,9,4,4,True,Buffalo,NY,42.8864163,-78.8781493,onsite,0.0,0.0
30721082,60307932,5,1,personal,5,5,4.0,1319.4,10.31712300167024,0.36650000000000005,1.0,0.25,0.25,True,False,3,10,5,5,True,Richardson,TX,32.9481789,-96.7297206,onsite,0.0,0.0
34336521,60307932,5,1,personal,5,5,4.0,1319.4,10.31712300167024,0.36650000000000005,1.0,0.25,0.25,True,False,3,10,5,5,True,Omaha,NE,41.2587459,-95.9383758,onsite,0.0,0.0
36916937,60307932,5,1,personal,5,5,4.0,1319.4,10.31712300167024,0.36650000000000005,1.0,0.25,0.25,True,False,3,10,5,5,True,New York,NY,40.7127281,-74.0060152,onsite,0.0,0.0
99474654,64620323,5,9,personal,5,4,8.0,3281.0,36.98811441183489,0.9113888888888889,1.0,0.125,0.125,True,False,3,10,4,4,True,Richmond,VA,37.5385087,-77.43428,onsite,0.0,0.0
95664184,64620323,5,9,personal,5,4,8.0,3281.0,36.98811441183489,0.9113888888888889,1.0,0.125,0.125,True,False,3,10,4,4,True,Naperville,IL,41.7728699,-88.1479278,onsite,0.0,0.0
96399702,64620323,5,9,personal,5,4,8.0,3281.0,36.98811441183489,0.9113888888888889,1.0,0.125,0.125,True,False,3,10,4,4,True,Richmond,VA,37.5385087,-77.43428,onsite,0.0,0.0
63932904,79092121,5,3,personal,5,4,8.0,3872.2,49.81781396643601,1.075611111111111,1.0,0.125,0.125,True,False,3,10,3,4,True,Buffalo,NY,42.8864163,-78.8781493,onsite,0.0,0.0
70275620,79092121,5,3,personal,5,4,8.0,3872.2,49.81781396643601,1.075611111111111,1.0,0.125,0.125,True,False,3,10,3,4,True,Hartford,CT,41.764582,-72.6908547,onsite,0.0,0.0
81396769,79092121,5,3,personal,5,4,8.0,3872.2,49.81781396643601,1.075611111111111,1.0,0.125,0.125,True,False,3,10,3,4,True,Maryland Heights,MO,38.7150511,-90.435999,onsite,0.0,0.0
33519700,86777142,5,10,personal,5,4,8.0,5235.2,56.78263938598585,1.454222222222222,1.0,0.125,0.125,True,False,3,10,3,4,True,Flowood,MS,32.3092861,-90.1386811,onsite,0.0,0.0
37113544,86777142,5,10,personal,5,4,8.0,5235.2,56.78263938598585,1.454222222222222,1.0,0.125,0.125,True,False,3,10,3,4,True,Overland Park,KS,38.9742502,-94.6851702,onsite,0.0,0.0
38397433,86777142,5,10,personal,5,4,8.0,5235.2,56.78263938598585,1.454222222222222,1.0,0.125,0.125,True,False,3,10,3,4,True,Overland Park,KS,38.9742502,-94.6851702,onsite,0.0,0.0
90406456,11851998,5,8,personal,5,4,8.0,1664.0,17.93935914260717,0.4622222222222222,1.0,0.125,0.125,True,False,3,10,4,4,True,Albuquerque,NM,35.0841034,-106.650985,onsite,0.0,0.0
92680761,11851998,5,8,personal,5,4,8.0,1664.0,17.93935914260717,0.4622222222222222,1.0,0.125,0.125,True,False,3,10,4,4,True,Richardson,TX,32.9481789,-96.7297206,onsite,0.0,0.0
56083320,12868813,5,3,personal,5,4,8.0,12008.4,135.8272687504971,3.3356666666666666,0.8,0.125,0.1,True,False,4,11,1,4,True,Marlton,NJ,39.9005585,-74.9338911,onsite,0.19999999999999996,0.024999999999999994
95561381,12868813,5,3,personal,5,4,8.0,12008.4,135.8272687504971,3.3356666666666666,0.8,0.125,0.1,True,False,4,11,1,4,True,Boston,MA,42.3588336,-71.0578303,onsite,0.19999999999999996,0.024999999999999994
59321509,13637202,5,15,business,5,5,4.0,1466.6,7.603843553646703,0.40738888888888886,1.0,0.25,0.25,True,False,1,8,5,5,True,Brookfield,WI,43.0615578,-88.1260678,onsite,0.0,0.0
63175059,13637202,5,15,business,5,5,4.0,1466.6,7.603843553646703,0.40738888888888886,1.0,0.25,0.25,True,False,1,8,5,5,True,Naperville,IL,41.7728699,-88.1479278,onsite,0.0,0.0
72859063,18658831,5,7,personal,5,4,8.0,5673.6,70.32119919669132,1.576,1.0,0.125,0.125,True,False,2,9,4,4,True,Richardson,TX,32.9481789,-96.7297206,onsite,0.0,0.0
73968848,18658831,5,7,personal,5,4,8.0,5673.6,70.32119919669132,1.576,1.0,0.125,0.125,True,False,2,9,4,4,True,Naperville,IL,41.7728699,-88.1479278,onsite,0.0,0.0
35386202,32550898,5,19,personal,5,4,8.0,4963.2,56.49146484530343,1.3786666666666667,1.0,0.125,0.125,True,False,5,12,4,4,True,Phoenix,AZ,33.4484367,-112.074141,onsite,0.0,0.0
38211857,32550898,5,19,personal,5,4,8.0,4963.2,56.49146484530343,1.3786666666666667,1.0,0.125,0.125,True,False,5,12,4,4,True,San Antonio,TX,29.4246002,-98.4951405,onsite,0.0,0.0
50519688,40115937,5,13,personal,5,5,4.0,3620.2,31.72311202576951,1.005611111111111,1.0,0.25,0.25,True,False,3,10,5,5,True,Charlotte,NC,35.2272086,-80.8430827,onsite,0.0,0.0
53820765,40115937,5,13,personal,5,5,4.0,3620.2,31.72311202576951,1.005611111111111,1.0,0.25,0.25,True,False,3,10,5,5,True,Buffalo,NY,42.8864163,-78.8781493,onsite,0.0,0.0
17897712,45148681,5,13,personal,5,4,8.0,2166.8,18.18741052254832,0.6018888888888889,1.0,0.125,0.125,True,False,2,9,4,4,True,Richmond,VA,37.5385087,-77.43428,onsite,0.0,0.0
20682406,45148681,5,13,personal,5,4,8.0,2166.8,18.18741052254832,0.6018888888888889,1.0,0.125,0.125,True,False,2,9,4,4,True,Chantilly,VA,38.885219,-77.4486772,onsite,0.0,0.0
54887810,47468387,5,2,personal,5,4,8.0,4834.2,40.29579754235266,1.3428333333333333,1.0,0.125,0.125,True,False,4,11,3,4,True,Windsor,CA,38.5471327,-122.8163802,onsite,0.0,0.0
61662948,47468387,5,2,personal,5,4,8.0,4834.2,40.29579754235266,1.3428333333333333,1.0,0.125,0.125,True,False,4,11,3,4,True,Maryland Heights,MO,38.7150511,-90.435999,onsite,0.0,0.0
78272027,56835375,5,6,personal,5,4,8.0,4163.2,44.32501690129642,1.1564444444444444,1.0,0.125,0.125,True,False,3,10,2,4,True,Overland Park,KS,38.9742502,-94.6851702,onsite,0.0,0.0
89117598,56835375,5,6,personal,5,4,8.0,4163.2,44.32501690129642,1.1564444444444444,1.0,0.125,0.125,True,False,3,10,2,4,True,Syracuse,NY,43.0481221,-76.1474244,onsite,0.0,0.0
11091566,59111999,5,0,personal,5,5,4.0,8456.8,111.3993030700708,2.3491111111111107,1.0,0.25,0.25,True,False,1,8,5,5,True,Windsor,CA,38.5471327,-122.8163802,onsite,0.0,0.0
17566082,59111999,5,0,personal,5,5,4.0,8456.8,111.3993030700708,2.3491111111111107,1.0,0.25,0.25,True,False,1,8,5,5,True,Naperville,IL,41.7728699,-88.1479278,onsite,0.0,0.0
31104564,62609802,5,1,personal,5,4,8.0,5402.2,48.49205639067844,1.5006111111111111,1.0,0.125,0.125,True,False,2,9,3,4,True,Alpharetta,GA,34.0755962,-84.2945964,onsite,0.0,0.0
30456597,62609802,5,1,personal,5,4,8.0,5402.2,48.49205639067844,1.5006111111111111,1.0,0.125,0.125,True,False,2,9,3,4,True,Memphis,TN,35.1460249,-90.0517638,onsite,0.0,0.0
88856717,65498132,5,7,personal,5,4,8.0,6449.6,79.47374830987036,1.7915555555555556,1.0,0.125,0.125,True,False,3,10,3,4,True,Charlotte,NC,35.2272086,-80.8430827,onsite,0.0,0.0
90334978,65498132,5,7,personal,5,4,8.0,6449.6,79.47374830987036,1.7915555555555556,1.0,0.125,0.125,True,False,3,10,3,4,True,Franklin,TN,35.925206,-86.8689419,onsite,0.0,0.0
49546630,70360438,5,17,personal,5,4,8.0,7380.6,78.50503062117235,2.0501666666666667,1.0,0.125,0.125,True,False,3,10,3,4,True,Alpharetta,GA,34.0755962,-84.2945964,onsite,0.0,0.0
54333554,70360438,5,17,personal,5,4,8.0,7380.6,78.50503062117235,2.0501666666666667,1.0,0.125,0.125,True,False,3,10,3,4,True,Naperville,IL,41.7728699,-88.1479278,onsite,0.0,0.0
17932464,72070529,5,2,personal,5,5,4.0,3087.0,29.66102958721069,0.8575,1.0,0.25,0.25,True,False,4,11,4,5,True,White Plains,NY,41.0339862,-73.7629097,onsite,0.0,0.0
26130629,72070529,5,2,personal,5,5,4.0,3087.0,29.66102958721069,0.8575,1.0,0.25,0.25,True,False,4,11,4,5,True,Houston,TX,29.7589382,-95.3676974,onsite,0.0,0.0
52192658,82473832,5,6,personal,5,4,8.0,850.4,7.55102700230653,0.23622222222222222,1.0,0.125,0.125,True,False,5,12,4,4,True,Albuquerque,NM,35.0841034,-106.650985,onsite,0.0,0.0
61927589,82473832,5,6,personal,5,4,8.0,850.4,7.55102700230653,0.23622222222222222,1.0,0.125,0.125,True,False,5,12,4,4,True,Franklin,TN,35.925206,-86.8689419,onsite,0.0,0.0
84017238,83834084,5,5,personal,5,5,4.0,6628.0,70.5429044380816,1.8411111111111111,1.0,0.25,0.25,True,False,3,10,5,5,True,Rochester,NY,43.157285,-77.615214,onsite,0.0,0.0
93750751,83834084,5,5,personal,5,5,4.0,6628.0,70.5429044380816,1.8411111111111111,1.0,0.25,0.25,True,False,3,10,5,5,True,Chantilly,VA,38.885219,-77.4486772,onsite,0.0,0.0
45459060,87179753,5,2,personal,5,4,8.0,2288.4,23.35386343752485,0.6356666666666667,1.0,0.125,0.125,True,False,4,11,4,4,True,Rancho Cordova,CA,38.5890723,-121.302728,onsite,0.0,0.0
38497269,87179753,5,2,personal,5,4,8.0,2288.4,23.35386343752485,0.6356666666666667,1.0,0.125,0.125,True,False,4,11,4,4,True,Naperville,IL,41.7728699,-88.1479278,onsite,0.0,0.0
17621023,92775358,5,0,personal,5,4,8.0,2479.4,26.11884096874254,0.6887222222222222,1.0,0.125,0.125,True,False,2,9,3,4,True,Alpharetta,GA,34.0755962,-84.2945964,onsite,0.0,0.0
18407947,92775358,5,0,personal,5,4,8.0,2479.4,26.11884096874254,0.6887222222222222,1.0,0.125,0.125,True,False,2,9,3,4,True,Oklahoma City,OK,35.4729886,-97.5170536,onsite,0.0,0.0
42270197,94426110,5,15,personal,5,4,8.0,1466.6,7.603843553646703,0.40738888888888886,1.0,0.125,0.125,True,False,1,8,3,4,True,San Antonio,TX,29.4246002,-98.4951405,onsite,0.0,0.0
42879523,94426110,5,15,personal,5,4,8.0,1466.6,7.603843553646703,0.40738888888888886,1.0,0.125,0.125,True,False,1,8,3,4,True,Spokane,WA,47.6571934,-117.42351,onsite,0.0,0.0
33113383,98908009,5,15,personal,5,4,8.0,1466.6,7.603843553646703,0.40738888888888886,1.0,0.125,0.125,True,False,2,9,4,4,True,Independence,MO,39.0924792,-94.4137923,onsite,0.0,0.0
33522459,98908009,5,15,personal,5,4,8.0,1466.6,7.603843553646703,0.40738888888888886,1.0,0.125,0.125,True,False,2,9,4,4,True,Knoxville,TN,35.9603948,-83.9210261,onsite,0.0,0.0
22440928,63105228,5,6,personal,4,3,8.0,4728.8,55.97796369203849,1.3135555555555556,1.0,0.125,0.125,True,False,3,17,3,3,True,Virtual,SC,34.1718723,-82.1564776,onsite,0.0,0.0
23354345,63105228,5,6,personal,4,3,8.0,4728.8,55.97796369203849,1.3135555555555556,1.0,0.125,0.125,True,False,3,17,3,3,True,Centennial,CO,39.579155,-104.8769227,onsite,0.0,0.0
10615629,76058214,5,12,personal,4,3,8.0,9558.4,98.03360872504572,2.655111111111111,1.0,0.125,0.125,True,False,2,16,3,3,True,Virtual,SC,34.1718723,-82.1564776,onsite,0.0,0.0
10925596,76058214,5,12,personal,4,3,8.0,9558.4,98.03360872504572,2.655111111111111,1.0,0.125,0.125,True,False,2,16,3,3,True,Hartford,CT,41.764582,-72.6908547,onsite,0.0,0.0
16485520,11637019,5,10,personal,5,4,8.0,7766.0,86.778463771574,2.1572222222222224,1.0,0.125,0.125,True,False,2,9,4,4,True,Richardson,TX,32.9481789,-96.7297206,onsite,0.0,0.0
55188485,12102960,5,13,personal,5,5,4.0,4923.2,44.50198341684562,1.3675555555555554,1.0,0.25,0.25,True,False,4,11,5,5,True,Washington,DC,38.8950982,-77.0363849,onsite,0.0,0.0
10402032,12343114,5,0,personal,5,4,8.0,1948.2,17.3859659588006,0.5411666666666667,1.0,0.125,0.125,True,False,2,9,4,4,True,Richardson,TX,32.9481789,-96.7297206,onsite,0.0,0.0
94671385,16490446,5,8,personal,5,4,8.0,1147.2,11.78815716217291,0.31866666666666665,1.0,0.125,0.125,True,False,3,10,3,4,True,Birmingham,AL,33.5206824,-86.8024326,onsite,0.0,0.0
70853633,17574155,5,8,personal,5,5,4.0,2302.6,21.2982432593653,0.6396111111111111,1.0,0.25,0.25,True,False,2,9,4,5,True,Saint Paul,MN,44.9497487,-93.0931028,onsite,0.0,0.0
94472986,18658831,5,7,personal,5,4,8.0,5673.6,70.32119919669132,1.576,1.0,0.125,0.125,True,False,2,9,2,4,True,Overland Park,KS,38.9742502,-94.6851702,onsite,0.0,0.0
54636222,19727765,5,18,personal,5,4,8.0,10906.4,110.796697287839,3.0295555555555556,0.8,0.125,0.1,True,False,3,10,3,4,True,Orlando,FL,28.5421218,-81.379045,onsite,0.19999999999999996,0.024999999999999994
39267987,27243643,5,18,personal,5,4,8.0,8552.0,93.2517845780641,2.3755555555555556,1.0,0.125,0.125,True,False,4,11,1,4,True,Tampa,FL,27.9449854,-82.4583107,onsite,0.0,0.0
63418508,34364820,5,15,personal,5,5,4.0,1466.6,7.603843553646703,0.40738888888888886,1.0,0.25,0.25,True,False,3,10,5,5,True,Melville,LA,30.6929653,-91.744004,onsite,0.0,0.0
59430808,39620107,5,29,personal,5,4,8.0,861.2,7.506785373419231,0.23922222222222222,1.0,0.125,0.125,True,False,5,12,2,4,True,Albany,NY,42.6511674,-73.754968,onsite,0.0,0.0
99766264,40984670,5,8,personal,5,4,8.0,1664.0,17.93935914260717,0.4622222222222222,1.0,0.125,0.125,True,False,2,9,3,4,True,Maryland Heights,MO,38.7150511,-90.435999,onsite,0.0,0.0
23257451,42102320,5,10,personal,5,4,8.0,3820.0,35.10386840849439,1.0611111111111111,1.0,0.125,0.125,True,False,3,10,1,4,True,Edison,GA,31.5581741,-84.7381045,onsite,0.0,0.0
81400507,51375328,5,3,personal,5,4,8.0,3523.0,41.7361359659588,0.9786111111111111,1.0,0.125,0.125,True,False,3,10,3,4,True,Maryland Heights,MO,38.7150511,-90.435999,onsite,0.0,0.0
95870867,55388403,5,8,personal,5,5,4.0,1506.0,11.23861647975821,0.41833333333333333,1.0,0.25,0.25,True,False,2,9,5,5,True,Virtual,SC,34.1718723,-82.1564776,onsite,0.0,0.0
82687551,60167696,5,6,personal,5,4,8.0,6599.2,77.47554282987353,1.8331111111111111,1.0,0.125,0.125,True,False,4,11,3,4,True,Walnut Creek,CA,37.9020731,-122.0618702,onsite,0.0,0.0
33914483,62669017,5,15,personal,5,4,8.0,1466.6,7.603843553646703,0.40738888888888886,1.0,0.125,0.125,True,False,2,9,4,4,True,Naperville,IL,41.7728699,-88.1479278,onsite,0.0,0.0
69379844,70843522,5,3,personal,5,5,4.0,5412.4,73.66840153503539,1.5034444444444444,1.0,0.25,0.25,True,False,5,12,5,5,True,Chantilly,VA,38.885219,-77.4486772,onsite,0.0,0.0
34174328,75100937,5,17,personal,5,4,8.0,6066.6,55.43202696253877,1.6851666666666667,1.0,0.125,0.125,True,False,3,10,2,4,True,Alpharetta,GA,34.0755962,-84.2945964,onsite,0.0,0.0
44914866,77004428,5,2,business,5,4,8.0,5529.2,68.17200051698083,1.5358888888888889,1.0,0.125,0.125,True,False,4,11,4,4,True,West Bridgewater,MA,42.0190922,-71.0079688,onsite,0.0,0.0
17597223,79215234,5,0,personal,5,5,4.0,1948.2,17.3859659588006,0.5411666666666667,1.0,0.25,0.25,True,False,3,10,5,5,True,Troy,MI,42.6055893,-83.1499304,onsite,0.0,0.0
83212066,79359054,5,7,personal,5,4,8.0,9110.2,105.7568798218405,2.5306111111111114,1.0,0.125,0.125,True,False,3,10,0,4,True,Virtual,SC,34.1718723,-82.1564776,onsite,0.0,0.0
68291074,82408034,5,15,personal,5,5,4.0,1980.2,14.28743637158992,0.5500555555555555,1.0,0.25,0.25,True,False,3,10,5,5,True,Naperville,IL,41.7728699,-88.1479278,onsite,0.0,0.0
84568374,82473832,5,6,personal,5,4,8.0,850.4,7.55102700230653,0.23622222222222222,1.0,0.125,0.125,True,False,5,12,3,4,True,Houston,TX,29.7589382,-95.3676974,onsite,0.0,0.0
97120688,86498344,5,8,personal,5,5,4.0,1147.2,11.78815716217291,0.31866666666666665,1.0,0.25,0.25,True,False,2,9,5,5,True,Naperville,IL,41.7728699,-88.1479278,onsite,0.0,0.0
66643743,86588848,5,5,personal,5,5,4.0,2515.6,23.48534558180227,0.6987777777777777,1.0,0.25,0.25,True,False,3,10,3,5,True,Chantilly,VA,38.885219,-77.4486772,onsite,0.0,0.0
79478179,88494322,5,7,personal,5,5,4.0,4282.0,48.03410582199952,1.1894444444444445,1.0,0.25,0.25,True,False,3,10,3,5,True,Indianapolis,IN,39.7683331,-86.1583502,onsite,0.0,0.0
93222266,92471125,5,6,personal,5,4,8.0,2647.0,27.96456195816432,0.7352777777777778,1.0,0.125,0.125,True,False,5,12,2,4,True,Richmond,VA,37.5385087,-77.43428,onsite,0.0,0.0
95771836,93524977,5,7,personal,5,5,4.0,6738.6,81.91287878787878,1.8718333333333335,1.0,0.25,0.25,True,False,4,11,5,5,True,Rochester,NY,43.157285,-77.615214,onsite,0.0,0.0
45149910,97750287,5,7,personal,5,5,4.0,4551.2,47.62524357750736,1.2642222222222221,1.0,0.25,0.25,True,False,3,10,4,5,True,Houston,TX,29.7589382,-95.3676974,onsite,0.0,0.0
55323900,98404929,5,13,personal,5,5,4.0,2141.2,13.34717748349638,0.5947777777777777,1.0,0.25,0.25,True,False,4,11,5,5,True,Chantilly,VA,38.885219,-77.4486772,onsite,0.0,0.0
34930040,38535136,5,17,personal,4,4,1.333,3781.0,39.54567823908375,1.0502777777777779,1.0,0.7501875468867217,0.7501875468867217,True,False,3,17,4,4,True,Rancho Cordova,CA,38.5890723,-121.302728,onsite,0.0,0.0
25458542,47254755,5,6,personal,4,3,8.0,3448.4,33.84646166388292,0.9578888888888889,1.0,0.125,0.125,True,False,4,18,3,3,True,Buffalo,NY,42.8864163,-78.8781493,onsite,0.0,0.0
14343602,66327959,5,17,personal,4,3,8.0,6637.4,70.23072755110157,1.843722222222222,1.0,0.125,0.125,True,False,4,18,0,3,True,Naperville,IL,41.7728699,-88.1479278,onsite,0.0,0.0
10134858,82908253,5,16,personal,4,3,8.0,6713.6,81.34867374532729,1.864888888888889,1.0,0.125,0.125,True,False,4,18,1,3,True,New York,NY,40.7127281,-74.0060152,onsite,0.0,0.0
21204478,60657955,5,28,personal,3,3,0.5,7774.6,95.42210987831066,2.1596111111111114,1.0,2.0,2.0,True,False,2,23,3,3,True,Knoxville,TN,35.9603948,-83.9210261,onsite,0.0,0.0
22286102,11362451,6,1,business,5,5,4.0,6981.8,74.6418416447944,1.9393888888888888,1.0,0.25,0.25,True,False,3,10,5,5,True,Melville,LA,30.6929653,-91.744004,onsite,0.0,0.0
24186729,11362451,6,1,business,5,5,4.0,6981.8,74.6418416447944,1.9393888888888888,1.0,0.25,0.25,True,False,3,10,5,5,True,Richmond,VA,37.5385087,-77.43428,onsite,0.0,0.0
26862623,11362451,6,1,business,5,5,4.0,6981.8,74.6418416447944,1.9393888888888888,1.0,0.25,0.25,True,False,3,10,5,5,True,Overland Park,KS,38.9742502,-94.6851702,onsite,0.0,0.0
41627842,25678177,6,13,personal,5,5,4.0,1890.4,14.05578919112384,0.5251111111111111,1.0,0.25,0.25,True,False,3,10,5,5,True,Hartford,CT,41.764582,-72.6908547,onsite,0.0,0.0
44538039,25678177,6,13,personal,5,5,4.0,1890.4,14.05578919112384,0.5251111111111111,1.0,0.25,0.25,True,False,3,10,5,5,True,Hamden,OH,39.1597938,-82.5268259,onsite,0.0,0.0
48417943,25678177,6,13,personal,5,5,4.0,1890.4,14.05578919112384,0.5251111111111111,1.0,0.25,0.25,True,False,3,10,5,5,True,Virtual,SC,34.1718723,-82.1564776,onsite,0.0,0.0
85342366,40984670,6,8,personal,5,4,8.0,1664.0,17.93935914260717,0.4622222222222222,1.0,0.125,0.125,True,False,2,9,4,4,True,Richardson,TX,32.9481789,-96.7297206,onsite,0.0,0.0
85598668,40984670,6,8,personal,5,4,8.0,1664.0,17.93935914260717,0.4622222222222222,1.0,0.125,0.125,True,False,2,9,4,4,True,Hunt Valley,MD,39.4962709,-76.6542571,onsite,0.0,0.0
85893734,40984670,6,8,personal,5,4,8.0,1664.0,17.93935914260717,0.4622222222222222,1.0,0.125,0.125,True,False,2,9,4,4,True,Centennial,CO,39.579155,-104.8769227,onsite,0.0,0.0
25351257,43631890,6,15,personal,5,4,8.0,1466.6,7.603843553646703,0.40738888888888886,1.0,0.125,0.125,True,False,1,8,4,4,True,Saint Paul,MN,44.9497487,-93.0931028,onsite,0.0,0.0
27096178,43631890,6,15,personal,5,4,8.0,1466.6,7.603843553646703,0.40738888888888886,1.0,0.125,0.125,True,False,1,8,4,4,True,Bedford,TX,32.844017,-97.1430671,onsite,0.0,0.0
27328743,43631890,6,15,personal,5,4,8.0,1466.6,7.603843553646703,0.40738888888888886,1.0,0.125,0.125,True,False,1,8,4,4,True,Buffalo,NY,42.8864163,-78.8781493,onsite,0.0,0.0
78272027,60167696,6,6,personal,5,4,8.0,6599.2,77.47554282987353,1.8331111111111111,1.0,0.125,0.125,True,False,4,11,2,4,True,Overland Park,KS,38.9742502,-94.6851702,onsite,0.0,0.0
89117598,60167696,6,6,personal,5,4,8.0,6599.2,77.47554282987353,1.8331111111111111,1.0,0.125,0.125,True,False,4,11,2,4,True,Syracuse,NY,43.0481221,-76.1474244,onsite,0.0,0.0
93222266,60167696,6,6,personal,5,4,8.0,6599.2,77.47554282987353,1.8331111111111111,1.0,0.125,0.125,True,False,4,11,2,4,True,Richmond,VA,37.5385087,-77.43428,onsite,0.0,0.0
33519700,67599722,6,10,personal,5,4,8.0,6268.2,67.72560745247753,1.7411666666666665,1.0,0.125,0.125,True,False,3,10,3,4,True,Flowood,MS,32.3092861,-90.1386811,onsite,0.0,0.0
37113544,67599722,6,10,personal,5,4,8.0,6268.2,67.72560745247753,1.7411666666666665,1.0,0.125,0.125,True,False,3,10,3,4,True,Overland Park,KS,38.9742502,-94.6851702,onsite,0.0,0.0
38397433,67599722,6,10,personal,5,4,8.0,6268.2,67.72560745247753,1.7411666666666665,1.0,0.125,0.125,True,False,3,10,3,4,True,Overland Park,KS,38.9742502,-94.6851702,onsite,0.0,0.0
63932904,70843522,6,3,personal,5,4,8.0,5412.4,73.66840153503539,1.5034444444444444,1.0,0.125,0.125,True,False,5,12,3,4,True,Buffalo,NY,42.8864163,-78.8781493,onsite,0.0,0.0
70275620,70843522,6,3,personal,5,4,8.0,5412.4,73.66840153503539,1.5034444444444444,1.0,0.125,0.125,True,False,5,12,3,4,True,Hartford,CT,41.764582,-72.6908547,onsite,0.0,0.0
81396769,70843522,6,3,personal,5,4,8.0,5412.4,73.66840153503539,1.5034444444444444,1.0,0.125,0.125,True,False,5,12,3,4,True,Maryland Heights,MO,38.7150511,-90.435999,onsite,0.0,0.0
45459060,87179753,6,2,personal,5,4,8.0,2288.4,23.35386343752485,0.6356666666666667,1.0,0.125,0.125,True,False,4,11,4,4,True,Rancho Cordova,CA,38.5890723,-121.302728,onsite,0.0,0.0
38497269,87179753,6,2,personal,5,4,8.0,2288.4,23.35386343752485,0.6356666666666667,1.0,0.125,0.125,True,False,4,11,4,4,True,Naperville,IL,41.7728699,-88.1479278,onsite,0.0,0.0
44914866,87179753,6,2,personal,5,4,8.0,2288.4,23.35386343752485,0.6356666666666667,1.0,0.125,0.125,True,False,4,11,4,4,True,West Bridgewater,MA,42.0190922,-71.0079688,onsite,0.0,0.0
99474654,95400612,6,9,personal,5,4,8.0,4478.0,56.55472043267319,1.2438888888888888,1.0,0.125,0.125,True,False,3,10,4,4,True,Richmond,VA,37.5385087,-77.43428,onsite,0.0,0.0
95664184,95400612,6,9,personal,5,4,8.0,4478.0,56.55472043267319,1.2438888888888888,1.0,0.125,0.125,True,False,3,10,4,4,True,Naperville,IL,41.7728699,-88.1479278,onsite,0.0,0.0
96399702,95400612,6,9,personal,5,4,8.0,4478.0,56.55472043267319,1.2438888888888888,1.0,0.125,0.125,True,False,3,10,4,4,True,Richmond,VA,37.5385087,-77.43428,onsite,0.0,0.0
50519688,98404929,6,13,personal,5,5,4.0,2141.2,13.34717748349638,0.5947777777777777,1.0,0.25,0.25,True,False,4,11,5,5,True,Charlotte,NC,35.2272086,-80.8430827,onsite,0.0,0.0
53820765,98404929,6,13,personal,5,5,4.0,2141.2,13.34717748349638,0.5947777777777777,1.0,0.25,0.25,True,False,4,11,5,5,True,Buffalo,NY,42.8864163,-78.8781493,onsite,0.0,0.0
55188485,98404929,6,13,personal,5,5,4.0,2141.2,13.34717748349638,0.5947777777777777,1.0,0.25,0.25,True,False,4,11,5,5,True,Washington,DC,38.8950982,-77.0363849,onsite,0.0,0.0
72859063,10703530,6,7,personal,5,4,8.0,5003.4,56.30853316630876,1.3898333333333333,1.0,0.125,0.125,True,False,2,9,4,4,True,Richardson,TX,32.9481789,-96.7297206,onsite,0.0,0.0
73968848,10703530,6,7,personal,5,4,8.0,5003.4,56.30853316630876,1.3898333333333333,1.0,0.125,0.125,True,False,2,9,4,4,True,Naperville,IL,41.7728699,-88.1479278,onsite,0.0,0.0
88856717,10771991,6,7,personal,5,4,8.0,4282.0,48.03410582199952,1.1894444444444445,1.0,0.125,0.125,True,False,3,10,3,4,True,Charlotte,NC,35.2272086,-80.8430827,onsite,0.0,0.0
90334978,10771991,6,7,personal,5,4,8.0,4282.0,48.03410582199952,1.1894444444444445,1.0,0.125,0.125,True,False,3,10,3,4,True,Franklin,TN,35.925206,-86.8689419,onsite,0.0,0.0
90406456,11851998,6,8,personal,5,4,8.0,1664.0,17.93935914260717,0.4622222222222222,1.0,0.125,0.125,True,False,3,10,4,4,True,Albuquerque,NM,35.0841034,-106.650985,onsite,0.0,0.0
92680761,11851998,6,8,personal,5,4,8.0,1664.0,17.93935914260717,0.4622222222222222,1.0,0.125,0.125,True,False,3,10,4,4,True,Richardson,TX,32.9481789,-96.7297206,onsite,0.0,0.0
54887810,12024718,6,2,personal,5,4,8.0,3763.4,48.84014853256979,1.045388888888889,1.0,0.125,0.125,True,False,3,10,3,4,True,Windsor,CA,38.5471327,-122.8163802,onsite,0.0,0.0
61662948,12024718,6,2,personal,5,4,8.0,3763.4,48.84014853256979,1.045388888888889,1.0,0.125,0.125,True,False,3,10,3,4,True,Maryland Heights,MO,38.7150511,-90.435999,onsite,0.0,0.0
17897712,12102960,6,13,personal,5,4,8.0,4923.2,44.50198341684562,1.3675555555555554,1.0,0.125,0.125,True,False,4,11,4,4,True,Richmond,VA,37.5385087,-77.43428,onsite,0.0,0.0
20682406,12102960,6,13,personal,5,4,8.0,4923.2,44.50198341684562,1.3675555555555554,1.0,0.125,0.125,True,False,4,11,4,4,True,Chantilly,VA,38.885219,-77.4486772,onsite,0.0,0.0
49546630,12449108,6,17,personal,5,4,8.0,6643.6,63.49145987433389,1.8454444444444444,1.0,0.125,0.125,True,False,4,11,3,4,True,Alpharetta,GA,34.0755962,-84.2945964,onsite,0.0,0.0
54333554,12449108,6,17,personal,5,4,8.0,6643.6,63.49145987433389,1.8454444444444444,1.0,0.125,0.125,True,False,4,11,3,4,True,Naperville,IL,41.7728699,-88.1479278,onsite,0.0,0.0
56083320,12868813,6,3,personal,5,4,8.0,12008.4,135.8272687504971,3.3356666666666666,0.8,0.125,0.1,True,False,4,11,1,4,True,Marlton,NJ,39.9005585,-74.9338911,onsite,0.19999999999999996,0.024999999999999994
95561381,12868813,6,3,personal,5,4,8.0,12008.4,135.8272687504971,3.3356666666666666,0.8,0.125,0.1,True,False,4,11,1,4,True,Boston,MA,42.3588336,-71.0578303,onsite,0.19999999999999996,0.024999999999999994
84017238,23143461,6,5,personal,5,5,4.0,4572.4,47.72714845303427,1.270111111111111,1.0,0.25,0.25,True,False,2,9,5,5,True,Rochester,NY,43.157285,-77.615214,onsite,0.0,0.0
93750751,23143461,6,5,personal,5,5,4.0,4572.4,47.72714845303427,1.270111111111111,1.0,0.25,0.25,True,False,2,9,5,5,True,Chantilly,VA,38.885219,-77.4486772,onsite,0.0,0.0
30721082,27962354,6,1,personal,5,5,4.0,4581.0,42.83422313688062,1.2725,1.0,0.25,0.25,True,False,3,10,5,5,True,Richardson,TX,32.9481789,-96.7297206,onsite,0.0,0.0
34336521,27962354,6,1,personal,5,5,4.0,4581.0,42.83422313688062,1.2725,1.0,0.25,0.25,True,False,3,10,5,5,True,Omaha,NE,41.2587459,-95.9383758,onsite,0.0,0.0
35386202,32550898,6,19,personal,5,4,8.0,4963.2,56.49146484530343,1.3786666666666667,1.0,0.125,0.125,True,False,5,12,4,4,True,Phoenix,AZ,33.4484367,-112.074141,onsite,0.0,0.0
38211857,32550898,6,19,personal,5,4,8.0,4963.2,56.49146484530343,1.3786666666666667,1.0,0.125,0.125,True,False,5,12,4,4,True,San Antonio,TX,29.4246002,-98.4951405,onsite,0.0,0.0
15483039,34353940,6,1,personal,5,4,8.0,6877.0,67.91599558577904,1.9102777777777777,1.0,0.125,0.125,True,False,3,10,4,4,True,Richardson,TX,32.9481789,-96.7297206,onsite,0.0,0.0
15688459,34353940,6,1,personal,5,4,8.0,6877.0,67.91599558577904,1.9102777777777777,1.0,0.125,0.125,True,False,3,10,4,4,True,Melville,LA,30.6929653,-91.744004,onsite,0.0,0.0
11788873,37086983,6,0,personal,5,4,8.0,2479.4,26.11884096874254,0.6887222222222222,1.0,0.125,0.125,True,False,3,10,2,4,True,Richardson,TX,32.9481789,-96.7297206,onsite,0.0,0.0
22143269,37086983,6,0,personal,5,4,8.0,2479.4,26.11884096874254,0.6887222222222222,1.0,0.125,0.125,True,False,3,10,2,4,True,Brookfield,WI,43.0615578,-88.1260678,onsite,0.0,0.0
17621023,59111999,6,0,personal,5,4,8.0,8456.8,111.3993030700708,2.3491111111111107,1.0,0.125,0.125,True,False,1,8,3,4,True,Alpharetta,GA,34.0755962,-84.2945964,onsite,0.0,0.0
18407947,59111999,6,0,personal,5,4,8.0,8456.8,111.3993030700708,2.3491111111111107,1.0,0.125,0.125,True,False,1,8,3,4,True,Oklahoma City,OK,35.4729886,-97.5170536,onsite,0.0,0.0
31104564,62800650,6,1,personal,5,4,8.0,8226.4,92.38869999204645,2.285111111111111,1.0,0.125,0.125,True,False,4,11,3,4,True,Alpharetta,GA,34.0755962,-84.2945964,onsite,0.0,0.0
30456597,62800650,6,1,personal,5,4,8.0,8226.4,92.38869999204645,2.285111111111111,1.0,0.125,0.125,True,False,4,11,3,4,True,Memphis,TN,35.1460249,-90.0517638,onsite,0.0,0.0
59321509,67410106,6,15,personal,5,5,4.0,1466.6,7.603843553646703,0.40738888888888886,1.0,0.25,0.25,True,False,1,8,5,5,True,Brookfield,WI,43.0615578,-88.1260678,onsite,0.0,0.0
63175059,67410106,6,15,personal,5,5,4.0,1466.6,7.603843553646703,0.40738888888888886,1.0,0.25,0.25,True,False,1,8,5,5,True,Naperville,IL,41.7728699,-88.1479278,onsite,0.0,0.0
42270197,71760872,6,15,personal,5,4,8.0,1466.6,7.603843553646703,0.40738888888888886,1.0,0.125,0.125,True,False,1,8,3,4,True,San Antonio,TX,29.4246002,-98.4951405,onsite,0.0,0.0
42879523,71760872,6,15,personal,5,4,8.0,1466.6,7.603843553646703,0.40738888888888886,1.0,0.125,0.125,True,False,1,8,3,4,True,Spokane,WA,47.6571934,-117.42351,onsite,0.0,0.0
33113383,81276423,6,15,personal,5,4,8.0,1980.2,14.28743637158992,0.5500555555555555,1.0,0.125,0.125,True,False,3,10,4,4,True,Independence,MO,39.0924792,-94.4137923,onsite,0.0,0.0
33522459,81276423,6,15,personal,5,4,8.0,1980.2,14.28743637158992,0.5500555555555555,1.0,0.125,0.125,True,False,3,10,4,4,True,Knoxville,TN,35.9603948,-83.9210261,onsite,0.0,0.0
52192658,84730110,6,6,personal,5,4,8.0,3837.8,44.07323729420186,1.0660555555555555,1.0,0.125,0.125,True,False,3,10,4,4,True,Albuquerque,NM,35.0841034,-106.650985,onsite,0.0,0.0
61927589,84730110,6,6,personal,5,4,8.0,3837.8,44.07323729420186,1.0660555555555555,1.0,0.125,0.125,True,False,3,10,4,4,True,Franklin,TN,35.925206,-86.8689419,onsite,0.0,0.0
94671385,94835245,6,8,personal,5,4,8.0,1664.0,17.93935914260717,0.4622222222222222,1.0,0.125,0.125,True,False,3,10,3,4,True,Birmingham,AL,33.5206824,-86.8024326,onsite,0.0,0.0
99766264,94835245,6,8,personal,5,4,8.0,1664.0,17.93935914260717,0.4622222222222222,1.0,0.125,0.125,True,False,3,10,3,4,True,Maryland Heights,MO,38.7150511,-90.435999,onsite,0.0,0.0
11226387,70942690,6,10,personal,4,3,8.0,3385.8,32.44067147856518,0.9405,1.0,0.125,0.125,True,False,3,17,0,3,True,Hartford,CT,41.764582,-72.6908547,onsite,0.0,0.0
11350447,70942690,6,10,personal,4,3,8.0,3385.8,32.44067147856518,0.9405,1.0,0.125,0.125,True,False,3,17,0,3,True,Centennial,CO,39.579155,-104.8769227,onsite,0.0,0.0
22440928,71015832,6,6,personal,4,3,8.0,2275.6,25.3903453829635,0.6321111111111111,1.0,0.125,0.125,True,False,3,17,3,3,True,Virtual,SC,34.1718723,-82.1564776,onsite,0.0,0.0
23354345,71015832,6,6,personal,4,3,8.0,2275.6,25.3903453829635,0.6321111111111111,1.0,0.125,0.125,True,False,3,17,3,3,True,Centennial,CO,39.579155,-104.8769227,onsite,0.0,0.0
81400507,12868813,6,3,personal,5,4,8.0,12008.4,135.8272687504971,3.3356666666666666,0.8,0.125,0.1,True,False,4,11,3,4,True,Maryland Heights,MO,38.7150511,-90.435999,onsite,0.19999999999999996,0.024999999999999994
10402032,15394782,6,0,personal,5,4,8.0,1948.2,17.3859659588006,0.5411666666666667,1.0,0.125,0.125,True,False,1,8,4,4,True,Richardson,TX,32.9481789,-96.7297206,onsite,0.0,0.0
94472986,18658831,6,7,personal,5,4,8.0,5673.6,70.32119919669132,1.576,1.0,0.125,0.125,True,False,2,9,2,4,True,Overland Park,KS,38.9742502,-94.6851702,onsite,0.0,0.0
54636222,19727765,6,18,personal,5,4,8.0,10906.4,110.796697287839,3.0295555555555556,0.8,0.125,0.1,True,False,3,10,3,4,True,Orlando,FL,28.5421218,-81.379045,onsite,0.19999999999999996,0.024999999999999994
95870867,26512783,6,8,personal,5,5,4.0,1147.2,11.78815716217291,0.31866666666666665,1.0,0.25,0.25,True,False,2,9,5,5,True,Virtual,SC,34.1718723,-82.1564776,onsite,0.0,0.0
33914483,26961910,6,15,personal,5,4,8.0,1466.6,7.603843553646703,0.40738888888888886,1.0,0.125,0.125,True,False,1,8,4,4,True,Naperville,IL,41.7728699,-88.1479278,onsite,0.0,0.0
39267987,27243643,6,18,personal,5,4,8.0,8552.0,93.2517845780641,2.3755555555555556,1.0,0.125,0.125,True,False,4,11,1,4,True,Tampa,FL,27.9449854,-82.4583107,onsite,0.0,0.0
36916937,28373297,6,1,personal,5,5,4.0,2546.0,21.8650580609242,0.7072222222222222,1.0,0.25,0.25,True,False,3,10,5,5,True,New York,NY,40.7127281,-74.0060152,onsite,0.0,0.0
11091566,29135757,6,0,personal,5,5,4.0,1948.2,17.3859659588006,0.5411666666666667,1.0,0.25,0.25,True,False,1,8,5,5,True,Windsor,CA,38.5471327,-122.8163802,onsite,0.0,0.0
63418508,34101951,6,15,personal,5,5,4.0,7078.8,83.32662252445718,1.9663333333333335,1.0,0.25,0.25,True,False,3,10,5,5,True,Melville,LA,30.6929653,-91.744004,onsite,0.0,0.0
17566082,38491260,6,0,personal,5,5,4.0,916.6,7.054551419708901,0.2546111111111111,1.0,0.25,0.25,True,False,4,11,5,5,True,Naperville,IL,41.7728699,-88.1479278,onsite,0.0,0.0
59430808,39620107,6,29,personal,5,4,8.0,861.2,7.506785373419231,0.23922222222222222,1.0,0.125,0.125,True,False,5,12,2,4,True,Albany,NY,42.6511674,-73.754968,onsite,0.0,0.0
23257451,42102320,6,10,personal,5,4,8.0,3820.0,35.10386840849439,1.0611111111111111,1.0,0.125,0.125,True,False,3,10,1,4,True,Edison,GA,31.5581741,-84.7381045,onsite,0.0,0.0
17932464,45067916,6,2,personal,5,5,4.0,3070.4,27.09352382088603,0.8528888888888889,1.0,0.25,0.25,True,False,3,10,4,5,True,White Plains,NY,41.0339862,-73.7629097,onsite,0.0,0.0
12272069,45924388,6,1,personal,5,4,8.0,2719.0,21.22119323152787,0.7552777777777778,1.0,0.125,0.125,True,False,3,10,4,4,True,Naperville,IL,41.7728699,-88.1479278,onsite,0.0,0.0
69379844,51375328,6,3,personal,5,5,4.0,3523.0,41.7361359659588,0.9786111111111111,1.0,0.25,0.25,True,False,3,10,5,5,True,Chantilly,VA,38.885219,-77.4486772,onsite,0.0,0.0
82687551,54794966,6,6,personal,5,4,8.0,6451.6,62.13537938439513,1.7921111111111112,1.0,0.125,0.125,True,False,3,10,3,4,True,Walnut Creek,CA,37.9020731,-122.0618702,onsite,0.0,0.0
17597223,63533246,6,0,business,5,5,4.0,2479.4,26.11884096874254,0.6887222222222222,1.0,0.25,0.25,True,False,3,10,5,5,True,Troy,MI,42.6055893,-83.1499304,onsite,0.0,0.0
79478179,65947359,6,7,personal,5,5,4.0,6292.0,64.22219239640499,1.7477777777777779,1.0,0.25,0.25,True,False,3,10,3,5,True,Indianapolis,IN,39.7683331,-86.1583502,onsite,0.0,0.0
45149910,65947359,6,7,personal,5,5,4.0,6292.0,64.22219239640499,1.7477777777777779,1.0,0.25,0.25,True,False,3,10,4,5,True,Houston,TX,29.7589382,-95.3676974,onsite,0.0,0.0
55323900,67832939,6,13,personal,5,5,4.0,1337.8,7.510389326334208,0.3716111111111111,1.0,0.25,0.25,True,False,3,10,5,5,True,Chantilly,VA,38.885219,-77.4486772,onsite,0.0,0.0
70853633,68884875,6,8,personal,5,5,4.0,2121.8,19.92053905193669,0.589388888888889,1.0,0.25,0.25,True,False,3,10,4,5,True,Saint Paul,MN,44.9497487,-93.0931028,onsite,0.0,0.0
26130629,69805960,6,2,personal,5,5,4.0,1303.8,12.21901594687028,0.36216666666666664,1.0,0.25,0.25,True,False,3,10,4,5,True,Houston,TX,29.7589382,-95.3676974,onsite,0.0,0.0
66643743,74536715,6,5,personal,5,5,4.0,12419.6,157.3008629603118,3.449888888888889,0.8,0.25,0.2,True,False,2,9,3,5,True,Chantilly,VA,38.885219,-77.4486772,onsite,0.19999999999999996,0.04999999999999999
84568374,78257789,6,6,personal,5,4,8.0,4452.0,42.64619621410959,1.2366666666666666,1.0,0.125,0.125,True,False,6,13,3,4,True,Houston,TX,29.7589382,-95.3676974,onsite,0.0,0.0
16485520,86777142,6,10,personal,5,4,8.0,5235.2,56.78263938598585,1.454222222222222,1.0,0.125,0.125,True,False,3,10,4,4,True,Richardson,TX,32.9481789,-96.7297206,onsite,0.0,0.0
83212066,88494322,6,7,personal,5,4,8.0,4282.0,48.03410582199952,1.1894444444444445,1.0,0.125,0.125,True,False,3,10,0,4,True,Virtual,SC,34.1718723,-82.1564776,onsite,0.0,0.0
95771836,94662445,6,7,personal,5,5,4.0,6292.0,64.22219239640499,1.7477777777777779,1.0,0.25,0.25,True,False,3,10,5,5,True,Rochester,NY,43.157285,-77.615214,onsite,0.0,0.0
97120688,98229611,6,8,personal,5,5,4.0,1664.0,17.93935914260717,0.4622222222222222,1.0,0.25,0.25,True,False,2,9,5,5,True,Naperville,IL,41.7728699,-88.1479278,onsite,0.0,0.0
68291074,98908009,6,15,personal,5,5,4.0,1466.6,7.603843553646703,0.40738888888888886,1.0,0.25,0.25,True,False,2,9,5,5,True,Naperville,IL,41.7728699,-88.1479278,onsite,0.0,0.0
16559402,21868312,6,25,personal,4,3,8.0,13680.4,138.0957706991172,3.800111111111111,0.6,0.125,0.075,True,False,3,17,0,3,True,Raleigh,NC,35.7803977,-78.6390989,onsite,0.4,0.05
25458542,61894420,6,6,personal,4,3,8.0,8648.0,113.3301519128291,2.402222222222222,1.0,0.125,0.125,True,False,3,17,3,3,True,Buffalo,NY,42.8864163,-78.8781493,onsite,0.0,0.0
34930040,73104057,6,17,personal,4,4,1.333,6016.4,68.03157062753519,1.6712222222222222,1.0,0.7501875468867217,0.7501875468867217,True,False,3,17,4,4,True,Rancho Cordova,CA,38.5890723,-121.302728,onsite,0.0,0.0
14343602,91833791,6,17,personal,4,3,8.0,3366.2,35.0913167104112,0.9350555555555555,1.0,0.125,0.125,True,False,3,17,0,3,True,Naperville,IL,41.7728699,-88.1479278,onsite,0.0,0.0
34174328,93666596,6,17,personal,4,4,1.333,9844.8,122.1636890559135,2.7346666666666666,1.0,0.7501875468867217,0.7501875468867217,True,False,3,17,2,4,True,Alpharetta,GA,34.0755962,-84.2945964,onsite,0.0,0.0
10134858,96326859,6,16,personal,4,3,8.0,6551.2,80.2517050425515,1.8197777777777777,1.0,0.125,0.125,True,False,5,19,1,3,True,New York,NY,40.7127281,-74.0060152,onsite,0.0,0.0
14582357,62583355,6,22,personal,2,3,0.4,14209.8,154.1155899546648,3.9471666666666665,0.6,2.5,1.5,True,False,3,31,3,3,True,Charlotte,NC,35.2272086,-80.8430827,onsite,0.4,1.0
19528221,21428246,6,5,personal,3,3,0.5,0.0,0.0,0.0,1.0,2.0,2.0,False,True,3,24,3,3,True,Glendale,AZ,33.5386858,-112.185994,online,0.0,0.0
33519700,23389870,7,10,personal,5,4,8.0,5509.6,54.08017179670723,1.5304444444444445,1.0,0.125,0.125,True,False,2,9,3,4,True,Flowood,MS,32.3092861,-90.1386811,onsite,0.0,0.0
37113544,23389870,7,10,personal,5,4,8.0,5509.6,54.08017179670723,1.5304444444444445,1.0,0.125,0.125,True,False,2,9,3,4,True,Overland Park,KS,38.9742502,-94.6851702,onsite,0.0,0.0
38397433,23389870,7,10,personal,5,4,8.0,5509.6,54.08017179670723,1.5304444444444445,1.0,0.125,0.125,True,False,2,9,3,4,True,Overland Park,KS,38.9742502,-94.6851702,onsite,0.0,0.0
41627842,24114873,7,13,personal,5,5,4.0,3202.0,20.99625685993796,0.8894444444444445,1.0,0.25,0.25,True,False,3,10,5,5,True,Hartford,CT,41.764582,-72.6908547,onsite,0.0,0.0
44538039,24114873,7,13,personal,5,5,4.0,3202.0,20.99625685993796,0.8894444444444445,1.0,0.25,0.25,True,False,3,10,5,5,True,Hamden,OH,39.1597938,-82.5268259,onsite,0.0,0.0
48417943,24114873,7,13,personal,5,5,4.0,3202.0,20.99625685993796,0.8894444444444445,1.0,0.25,0.25,True,False,3,10,5,5,True,Virtual,SC,34.1718723,-82.1564776,onsite,0.0,0.0
15483039,27962354,7,1,personal,5,4,8.0,4581.0,42.83422313688062,1.2725,1.0,0.125,0.125,True,False,3,10,4,4,True,Richardson,TX,32.9481789,-96.7297206,onsite,0.0,0.0
15688459,27962354,7,1,personal,5,4,8.0,4581.0,42.83422313688062,1.2725,1.0,0.125,0.125,True,False,3,10,4,4,True,Melville,LA,30.6929653,-91.744004,onsite,0.0,0.0
12272069,27962354,7,1,personal,5,4,8.0,4581.0,42.83422313688062,1.2725,1.0,0.125,0.125,True,False,3,10,4,4,True,Naperville,IL,41.7728699,-88.1479278,onsite,0.0,0.0
85342366,28507914,7,8,personal,5,4,8.0,1676.0,19.93657042869641,0.46555555555555556,1.0,0.125,0.125,True,False,3,10,4,4,True,Richardson,TX,32.9481789,-96.7297206,onsite,0.0,0.0
85598668,28507914,7,8,personal,5,4,8.0,1676.0,19.93657042869641,0.46555555555555556,1.0,0.125,0.125,True,False,3,10,4,4,True,Hunt Valley,MD,39.4962709,-76.6542571,onsite,0.0,0.0
85893734,28507914,7,8,personal,5,4,8.0,1676.0,19.93657042869641,0.46555555555555556,1.0,0.125,0.125,True,False,3,10,4,4,True,Centennial,CO,39.579155,-104.8769227,onsite,0.0,0.0
25351257,37785214,7,15,personal,5,4,8.0,1466.6,7.603843553646703,0.40738888888888886,1.0,0.125,0.125,True,False,1,8,4,4,True,Saint Paul,MN,44.9497487,-93.0931028,onsite,0.0,0.0
27096178,37785214,7,15,personal,5,4,8.0,1466.6,7.603843553646703,0.40738888888888886,1.0,0.125,0.125,True,False,1,8,4,4,True,Bedford,TX,32.844017,-97.1430671,onsite,0.0,0.0
27328743,37785214,7,15,personal,5,4,8.0,1466.6,7.603843553646703,0.40738888888888886,1.0,0.125,0.125,True,False,1,8,4,4,True,Buffalo,NY,42.8864163,-78.8781493,onsite,0.0,0.0
78272027,56835375,7,6,personal,5,4,8.0,4163.2,44.32501690129642,1.1564444444444444,1.0,0.125,0.125,True,False,3,10,2,4,True,Overland Park,KS,38.9742502,-94.6851702,onsite,0.0,0.0
89117598,56835375,7,6,personal,5,4,8.0,4163.2,44.32501690129642,1.1564444444444444,1.0,0.125,0.125,True,False,3,10,2,4,True,Syracuse,NY,43.0481221,-76.1474244,onsite,0.0,0.0
93222266,56835375,7,6,personal,5,4,8.0,4163.2,44.32501690129642,1.1564444444444444,1.0,0.125,0.125,True,False,3,10,2,4,True,Richmond,VA,37.5385087,-77.43428,onsite,0.0,0.0
63932904,58644811,7,3,personal,5,4,8.0,8031.8,92.08596794718842,2.231055555555556,1.0,0.125,0.125,True,False,5,12,3,4,True,Buffalo,NY,42.8864163,-78.8781493,onsite,0.0,0.0
70275620,58644811,7,3,personal,5,4,8.0,8031.8,92.08596794718842,2.231055555555556,1.0,0.125,0.125,True,False,5,12,3,4,True,Hartford,CT,41.764582,-72.6908547,onsite,0.0,0.0
81396769,58644811,7,3,personal,5,4,8.0,8031.8,92.08596794718842,2.231055555555556,1.0,0.125,0.125,True,False,5,12,3,4,True,Maryland Heights,MO,38.7150511,-90.435999,onsite,0.0,0.0
45459060,77004428,7,2,business,5,4,8.0,5529.2,68.17200051698083,1.5358888888888889,1.0,0.125,0.125,True,False,4,11,4,4,True,Rancho Cordova,CA,38.5890723,-121.302728,onsite,0.0,0.0
38497269,77004428,7,2,business,5,4,8.0,5529.2,68.17200051698083,1.5358888888888889,1.0,0.125,0.125,True,False,4,11,4,4,True,Naperville,IL,41.7728699,-88.1479278,onsite,0.0,0.0
44914866,77004428,7,2,business,5,4,8.0,5529.2,68.17200051698083,1.5358888888888889,1.0,0.125,0.125,True,False,4,11,4,4,True,West Bridgewater,MA,42.0190922,-71.0079688,onsite,0.0,0.0
99474654,95400612,7,9,personal,5,4,8.0,4478.0,56.55472043267319,1.2438888888888888,1.0,0.125,0.125,True,False,3,10,4,4,True,Richmond,VA,37.5385087,-77.43428,onsite,0.0,0.0
95664184,95400612,7,9,personal,5,4,8.0,4478.0,56.55472043267319,1.2438888888888888,1.0,0.125,0.125,True,False,3,10,4,4,True,Naperville,IL,41.7728699,-88.1479278,onsite,0.0,0.0
96399702,95400612,7,9,personal,5,4,8.0,4478.0,56.55472043267319,1.2438888888888888,1.0,0.125,0.125,True,False,3,10,4,4,True,Richmond,VA,37.5385087,-77.43428,onsite,0.0,0.0
22286102,97541237,7,1,personal,5,5,4.0,1200.2,10.71890161457091,0.3333888888888889,1.0,0.25,0.25,True,False,3,10,5,5,True,Melville,LA,30.6929653,-91.744004,onsite,0.0,0.0
24186729,97541237,7,1,personal,5,5,4.0,1200.2,10.71890161457091,0.3333888888888889,1.0,0.25,0.25,True,False,3,10,5,5,True,Richmond,VA,37.5385087,-77.43428,onsite,0.0,0.0
26862623,97541237,7,1,personal,5,5,4.0,1200.2,10.71890161457091,0.3333888888888889,1.0,0.25,0.25,True,False,3,10,5,5,True,Overland Park,KS,38.9742502,-94.6851702,onsite,0.0,0.0
35386202,13124031,7,19,personal,5,4,8.0,8763.4,112.3968523820886,2.4342777777777775,1.0,0.125,0.125,True,False,7,14,4,4,True,Phoenix,AZ,33.4484367,-112.074141,onsite,0.0,0.0
38211857,13124031,7,19,personal,5,4,8.0,8763.4,112.3968523820886,2.4342777777777775,1.0,0.125,0.125,True,False,7,14,4,4,True,San Antonio,TX,29.4246002,-98.4951405,onsite,0.0,0.0
42270197,20407921,7,15,personal,5,4,8.0,1466.6,7.603843553646703,0.40738888888888886,1.0,0.125,0.125,True,False,1,8,3,4,True,San Antonio,TX,29.4246002,-98.4951405,onsite,0.0,0.0
42879523,20407921,7,15,personal,5,4,8.0,1466.6,7.603843553646703,0.40738888888888886,1.0,0.125,0.125,True,False,1,8,3,4,True,Spokane,WA,47.6571934,-117.42351,onsite,0.0,0.0
17621023,24098320,7,0,personal,5,4,8.0,2479.4,26.11884096874254,0.6887222222222222,1.0,0.125,0.125,True,False,1,8,3,4,True,Alpharetta,GA,34.0755962,-84.2945964,onsite,0.0,0.0
18407947,24098320,7,0,personal,5,4,8.0,2479.4,26.11884096874254,0.6887222222222222,1.0,0.125,0.125,True,False,1,8,3,4,True,Oklahoma City,OK,35.4729886,-97.5170536,onsite,0.0,0.0
31104564,31691472,7,1,personal,5,4,8.0,6042.0,62.51665274795196,1.6783333333333332,1.0,0.125,0.125,True,False,2,9,3,4,True,Alpharetta,GA,34.0755962,-84.2945964,onsite,0.0,0.0
30456597,31691472,7,1,personal,5,4,8.0,6042.0,62.51665274795196,1.6783333333333332,1.0,0.125,0.125,True,False,2,9,3,4,True,Memphis,TN,35.1460249,-90.0517638,onsite,0.0,0.0
88856717,34202490,7,7,personal,5,4,8.0,3661.4,39.43755965163445,1.0170555555555556,1.0,0.125,0.125,True,False,4,11,3,4,True,Charlotte,NC,35.2272086,-80.8430827,onsite,0.0,0.0
90334978,34202490,7,7,personal,5,4,8.0,3661.4,39.43755965163445,1.0170555555555556,1.0,0.125,0.125,True,False,4,11,3,4,True,Franklin,TN,35.925206,-86.8689419,onsite,0.0,0.0
94671385,37946335,7,8,personal,5,4,8.0,1147.2,11.78815716217291,0.31866666666666665,1.0,0.125,0.125,True,False,2,9,3,4,True,Birmingham,AL,33.5206824,-86.8024326,onsite,0.0,0.0
99766264,37946335,7,8,personal,5,4,8.0,1147.2,11.78815716217291,0.31866666666666665,1.0,0.125,0.125,True,False,2,9,3,4,True,Maryland Heights,MO,38.7150511,-90.435999,onsite,0.0,0.0
90406456,39099817,7,8,personal,5,4,8.0,1664.0,17.93935914260717,0.4622222222222222,1.0,0.125,0.125,True,False,2,9,4,4,True,Albuquerque,NM,35.0841034,-106.650985,onsite,0.0,0.0
92680761,39099817,7,8,personal,5,4,8.0,1664.0,17.93935914260717,0.4622222222222222,1.0,0.125,0.125,True,False,2,9,4,4,True,Richardson,TX,32.9481789,-96.7297206,onsite,0.0,0.0
50519688,40115937,7,13,personal,5,5,4.0,3620.2,31.72311202576951,1.005611111111111,1.0,0.25,0.25,True,False,3,10,5,5,True,Charlotte,NC,35.2272086,-80.8430827,onsite,0.0,0.0
53820765,40115937,7,13,personal,5,5,4.0,3620.2,31.72311202576951,1.005611111111111,1.0,0.25,0.25,True,False,3,10,5,5,True,Buffalo,NY,42.8864163,-78.8781493,onsite,0.0,0.0
11788873,41830248,7,0,personal,5,4,8.0,916.6,7.054551419708901,0.2546111111111111,1.0,0.125,0.125,True,False,4,11,2,4,True,Richardson,TX,32.9481789,-96.7297206,onsite,0.0,0.0
22143269,41830248,7,0,personal,5,4,8.0,916.6,7.054551419708901,0.2546111111111111,1.0,0.125,0.125,True,False,4,11,2,4,True,Brookfield,WI,43.0615578,-88.1260678,onsite,0.0,0.0
52192658,44564234,7,6,personal,5,4,8.0,5399.2,64.50267935258093,1.4997777777777777,1.0,0.125,0.125,True,False,4,11,4,4,True,Albuquerque,NM,35.0841034,-106.650985,onsite,0.0,0.0
61927589,44564234,7,6,personal,5,4,8.0,5399.2,64.50267935258093,1.4997777777777777,1.0,0.125,0.125,True,False,4,11,4,4,True,Franklin,TN,35.925206,-86.8689419,onsite,0.0,0.0
49546630,66217422,7,17,personal,5,4,8.0,3141.4,31.99477551101567,0.8726111111111111,1.0,0.125,0.125,True,False,5,12,3,4,True,Alpharetta,GA,34.0755962,-84.2945964,onsite,0.0,0.0
54333554,66217422,7,17,personal,5,4,8.0,3141.4,31.99477551101567,0.8726111111111111,1.0,0.125,0.125,True,False,5,12,3,4,True,Naperville,IL,41.7728699,-88.1479278,onsite,0.0,0.0
59321509,71760872,7,15,personal,5,5,4.0,1466.6,7.603843553646703,0.40738888888888886,1.0,0.25,0.25,True,False,1,8,5,5,True,Brookfield,WI,43.0615578,-88.1260678,onsite,0.0,0.0
63175059,71760872,7,15,personal,5,5,4.0,1466.6,7.603843553646703,0.40738888888888886,1.0,0.25,0.25,True,False,1,8,5,5,True,Naperville,IL,41.7728699,-88.1479278,onsite,0.0,0.0
82687551,84730110,7,6,personal,5,4,8.0,3837.8,44.07323729420186,1.0660555555555555,1.0,0.125,0.125,True,False,3,10,3,4,True,Walnut Creek,CA,37.9020731,-122.0618702,onsite,0.0,0.0
84568374,84730110,7,6,personal,5,4,8.0,3837.8,44.07323729420186,1.0660555555555555,1.0,0.125,0.125,True,False,3,10,3,4,True,Houston,TX,29.7589382,-95.3676974,onsite,0.0,0.0
30721082,87278356,7,1,personal,5,5,4.0,4581.0,42.83422313688062,1.2725,1.0,0.25,0.25,True,False,3,10,5,5,True,Richardson,TX,32.9481789,-96.7297206,onsite,0.0,0.0
34336521,87278356,7,1,personal,5,5,4.0,4581.0,42.83422313688062,1.2725,1.0,0.25,0.25,True,False,3,10,5,5,True,Omaha,NE,41.2587459,-95.9383758,onsite,0.0,0.0
84017238,91633982,7,5,personal,5,5,4.0,7234.0,99.68471625705877,2.0094444444444446,1.0,0.25,0.25,True,False,3,10,5,5,True,Rochester,NY,43.157285,-77.615214,onsite,0.0,0.0
93750751,91633982,7,5,personal,5,5,4.0,7234.0,99.68471625705877,2.0094444444444446,1.0,0.25,0.25,True,False,3,10,5,5,True,Chantilly,VA,38.885219,-77.4486772,onsite,0.0,0.0
56083320,92071903,7,3,personal,5,4,8.0,5734.8,80.26152270738885,1.593,1.0,0.125,0.125,True,False,3,10,1,4,True,Marlton,NJ,39.9005585,-74.9338911,onsite,0.0,0.0
95561381,92071903,7,3,personal,5,4,8.0,5734.8,80.26152270738885,1.593,1.0,0.125,0.125,True,False,3,10,1,4,True,Boston,MA,42.3588336,-71.0578303,onsite,0.0,0.0
63418508,94426110,7,15,personal,5,5,4.0,1466.6,7.603843553646703,0.40738888888888886,1.0,0.25,0.25,True,False,1,8,5,5,True,Melville,LA,30.6929653,-91.744004,onsite,0.0,0.0
68291074,94426110,7,15,personal,5,5,4.0,1466.6,7.603843553646703,0.40738888888888886,1.0,0.25,0.25,True,False,1,8,5,5,True,Naperville,IL,41.7728699,-88.1479278,onsite,0.0,0.0
33113383,96497996,7,15,personal,5,4,8.0,1466.6,7.603843553646703,0.40738888888888886,1.0,0.125,0.125,True,False,2,9,4,4,True,Independence,MO,39.0924792,-94.4137923,onsite,0.0,0.0
33522459,96497996,7,15,personal,5,4,8.0,1466.6,7.603843553646703,0.40738888888888886,1.0,0.125,0.125,True,False,2,9,4,4,True,Knoxville,TN,35.9603948,-83.9210261,onsite,0.0,0.0
54887810,99067980,7,2,personal,5,4,8.0,2891.2,32.72053706354887,0.8031111111111111,1.0,0.125,0.125,True,False,3,10,3,4,True,Windsor,CA,38.5471327,-122.8163802,onsite,0.0,0.0
61662948,99067980,7,2,personal,5,4,8.0,2891.2,32.72053706354887,0.8031111111111111,1.0,0.125,0.125,True,False,3,10,3,4,True,Maryland Heights,MO,38.7150511,-90.435999,onsite,0.0,0.0
17897712,99523059,7,13,personal,5,4,8.0,2120.6,15.06626302394019,0.5890555555555556,1.0,0.125,0.125,True,False,3,10,4,4,True,Richmond,VA,37.5385087,-77.43428,onsite,0.0,0.0
20682406,99523059,7,13,personal,5,4,8.0,2120.6,15.06626302394019,0.5890555555555556,1.0,0.125,0.125,True,False,3,10,4,4,True,Chantilly,VA,38.885219,-77.4486772,onsite,0.0,0.0
10615629,45819546,7,12,personal,4,3,8.0,3740.4,30.19789429730375,1.039,1.0,0.125,0.125,True,False,4,18,3,3,True,Virtual,SC,34.1718723,-82.1564776,onsite,0.0,0.0
10925596,45819546,7,12,personal,4,3,8.0,3740.4,30.19789429730375,1.039,1.0,0.125,0.125,True,False,4,18,3,3,True,Hartford,CT,41.764582,-72.6908547,onsite,0.0,0.0
18336561,46524537,7,25,personal,4,3,8.0,15730.4,168.1196810625945,4.369555555555555,0.3999999999999999,0.125,0.04999999999999999,True,False,3,17,3,3,True,South Portland,ME,43.6382443,-70.2529189,onsite,0.6000000000000001,0.07500000000000001
19528221,46524537,7,25,personal,4,3,8.0,15730.4,168.1196810625945,4.369555555555555,0.3999999999999999,0.125,0.04999999999999999,True,False,3,17,3,3,True,Glendale,AZ,33.5386858,-112.185994,onsite,0.6000000000000001,0.07500000000000001
22440928,54070382,7,6,personal,4,3,8.0,4488.8,51.27853336514754,1.246888888888889,1.0,0.125,0.125,True,False,4,18,3,3,True,Virtual,SC,34.1718723,-82.1564776,onsite,0.0,0.0
23354345,54070382,7,6,personal,4,3,8.0,4488.8,51.27853336514754,1.246888888888889,1.0,0.125,0.125,True,False,4,18,3,3,True,Centennial,CO,39.579155,-104.8769227,onsite,0.0,0.0
11226387,70923390,7,10,personal,4,3,8.0,911.8,6.628042233357193,0.25327777777777777,1.0,0.125,0.125,True,False,4,18,0,3,True,Hartford,CT,41.764582,-72.6908547,onsite,0.0,0.0
11350447,70923390,7,10,personal,4,3,8.0,911.8,6.628042233357193,0.25327777777777777,1.0,0.125,0.125,True,False,4,18,0,3,True,Centennial,CO,39.579155,-104.8769227,onsite,0.0,0.0
72859063,10703530,7,7,personal,5,4,8.0,5003.4,56.30853316630876,1.3898333333333333,1.0,0.125,0.125,True,False,2,9,4,4,True,Richardson,TX,32.9481789,-96.7297206,onsite,0.0,0.0
36916937,11362451,7,1,business,5,5,4.0,6981.8,74.6418416447944,1.9393888888888888,1.0,0.25,0.25,True,False,3,10,5,5,True,New York,NY,40.7127281,-74.0060152,onsite,0.0,0.0
55188485,11479317,7,13,personal,5,5,4.0,13991.8,168.0774278215223,3.886611111111111,0.6,0.25,0.15,True,False,5,12,5,5,True,Washington,DC,38.8950982,-77.0363849,onsite,0.4,0.1
17932464,12024718,7,2,personal,5,5,4.0,3763.4,48.84014853256979,1.045388888888889,1.0,0.25,0.25,True,False,3,10,4,5,True,White Plains,NY,41.0339862,-73.7629097,onsite,0.0,0.0
11091566,12343114,7,0,personal,5,5,4.0,1948.2,17.3859659588006,0.5411666666666667,1.0,0.25,0.25,True,False,2,9,5,5,True,Windsor,CA,38.5471327,-122.8163802,onsite,0.0,0.0
34930040,12449108,7,17,personal,5,4,8.0,6643.6,63.49145987433389,1.8454444444444444,1.0,0.125,0.125,True,False,4,11,4,4,True,Rancho Cordova,CA,38.5890723,-121.302728,onsite,0.0,0.0
34174328,12449108,7,17,personal,5,4,8.0,6643.6,63.49145987433389,1.8454444444444444,1.0,0.125,0.125,True,False,4,11,2,4,True,Alpharetta,GA,34.0755962,-84.2945964,onsite,0.0,0.0
10402032,15394782,7,0,personal,5,4,8.0,1948.2,17.3859659588006,0.5411666666666667,1.0,0.125,0.125,True,False,1,8,4,4,True,Richardson,TX,32.9481789,-96.7297206,onsite,0.0,0.0
17566082,18149250,7,0,personal,5,5,4.0,1948.2,17.3859659588006,0.5411666666666667,1.0,0.25,0.25,True,False,2,9,5,5,True,Naperville,IL,41.7728699,-88.1479278,onsite,0.0,0.0
54636222,19727765,7,18,personal,5,4,8.0,10906.4,110.796697287839,3.0295555555555556,0.8,0.125,0.1,True,False,3,10,3,4,True,Orlando,FL,28.5421218,-81.379045,onsite,0.19999999999999996,0.024999999999999994
39267987,19727765,7,18,personal,5,4,8.0,10906.4,110.796697287839,3.0295555555555556,0.8,0.125,0.1,True,False,3,10,1,4,True,Tampa,FL,27.9449854,-82.4583107,onsite,0.19999999999999996,0.024999999999999994
55323900,28832313,7,13,personal,5,5,4.0,1140.0,6.461763302314484,0.31666666666666665,1.0,0.25,0.25,True,False,3,10,5,5,True,Chantilly,VA,38.885219,-77.4486772,onsite,0.0,0.0
79478179,29397931,7,7,personal,5,5,4.0,4827.0,46.13420126461465,1.3408333333333333,1.0,0.25,0.25,True,False,3,10,3,5,True,Indianapolis,IN,39.7683331,-86.1583502,onsite,0.0,0.0
95870867,39099817,7,8,personal,5,5,4.0,1664.0,17.93935914260717,0.4622222222222222,1.0,0.25,0.25,True,False,2,9,5,5,True,Virtual,SC,34.1718723,-82.1564776,onsite,0.0,0.0
59430808,39620107,7,29,personal,5,4,8.0,861.2,7.506785373419231,0.23922222222222222,1.0,0.125,0.125,True,False,5,12,2,4,True,Albany,NY,42.6511674,-73.754968,onsite,0.0,0.0
17597223,41716518,7,0,personal,5,5,4.0,1948.2,17.3859659588006,0.5411666666666667,1.0,0.25,0.25,True,False,2,9,5,5,True,Troy,MI,42.6055893,-83.1499304,onsite,0.0,0.0
49267899,51375328,7,3,personal,5,4,8.0,3523.0,41.7361359659588,0.9786111111111111,1.0,0.125,0.125,True,False,3,10,4,4,True,Phoenix,AZ,33.4484367,-112.074141,onsite,0.0,0.0
66643743,60766474,7,5,personal,5,5,4.0,10001.0,129.5719249582438,2.7780555555555555,1.0,0.25,0.25,True,False,4,11,3,5,True,Chantilly,VA,38.885219,-77.4486772,onsite,0.0,0.0
94472986,65498132,7,7,personal,5,4,8.0,6449.6,79.47374830987036,1.7915555555555556,1.0,0.125,0.125,True,False,3,10,2,4,True,Overland Park,KS,38.9742502,-94.6851702,onsite,0.0,0.0
45149910,65498132,7,7,personal,5,5,4.0,6449.6,79.47374830987036,1.7915555555555556,1.0,0.25,0.25,True,False,3,10,4,5,True,Houston,TX,29.7589382,-95.3676974,onsite,0.0,0.0
69379844,66367478,7,3,personal,5,5,4.0,3580.8,42.00991211325857,0.9946666666666667,1.0,0.25,0.25,True,False,5,12,5,5,True,Chantilly,VA,38.885219,-77.4486772,onsite,0.0,0.0
33914483,67410106,7,15,personal,5,4,8.0,1466.6,7.603843553646703,0.40738888888888886,1.0,0.125,0.125,True,False,1,8,4,4,True,Naperville,IL,41.7728699,-88.1479278,onsite,0.0,0.0
16485520,67599722,7,10,personal,5,4,8.0,6268.2,67.72560745247753,1.7411666666666665,1.0,0.125,0.125,True,False,3,10,4,4,True,Richardson,TX,32.9481789,-96.7297206,onsite,0.0,0.0
95771836,78796822,7,7,personal,5,5,4.0,11607.2,132.7288634375248,3.2242222222222225,0.8,0.25,0.2,True,False,5,12,5,5,True,Rochester,NY,43.157285,-77.615214,onsite,0.19999999999999996,0.04999999999999999
83212066,79359054,7,7,personal,5,4,8.0,9110.2,105.7568798218405,2.5306111111111114,1.0,0.125,0.125,True,False,3,10,0,4,True,Virtual,SC,34.1718723,-82.1564776,onsite,0.0,0.0
97120688,86498344,7,8,personal,5,5,4.0,1147.2,11.78815716217291,0.31866666666666665,1.0,0.25,0.25,True,False,2,9,5,5,True,Naperville,IL,41.7728699,-88.1479278,onsite,0.0,0.0
81400507,86519548,7,3,personal,5,4,8.0,8031.8,92.08596794718842,2.231055555555556,1.0,0.125,0.125,True,False,5,12,3,4,True,Maryland Heights,MO,38.7150511,-90.435999,onsite,0.0,0.0
23257451,86777142,7,10,personal,5,4,8.0,5235.2,56.78263938598585,1.454222222222222,1.0,0.125,0.125,True,False,3,10,1,4,True,Edison,GA,31.5581741,-84.7381045,onsite,0.0,0.0
73968848,93524977,7,7,personal,5,4,8.0,6738.6,81.91287878787878,1.8718333333333335,1.0,0.125,0.125,True,False,4,11,4,4,True,Naperville,IL,41.7728699,-88.1479278,onsite,0.0,0.0
70853633,98229611,7,8,personal,5,5,4.0,1664.0,17.93935914260717,0.4622222222222222,1.0,0.25,0.25,True,False,2,9,4,5,True,Saint Paul,MN,44.9497487,-93.0931028,onsite,0.0,0.0
26130629,99067980,7,2,personal,5,5,4.0,2891.2,32.72053706354887,0.8031111111111111,1.0,0.25,0.25,True,False,3,10,4,5,True,Houston,TX,29.7589382,-95.3676974,onsite,0.0,0.0
16559402,21868312,7,25,personal,4,3,8.0,13680.4,138.0957706991172,3.800111111111111,0.6,0.125,0.075,True,False,3,17,0,3,True,Raleigh,NC,35.7803977,-78.6390989,onsite,0.4,0.05
25458542,36513892,7,6,personal,4,3,8.0,3980.8,24.61350711842838,1.1057777777777777,1.0,0.125,0.125,True,False,3,17,3,3,True,Buffalo,NY,42.8864163,-78.8781493,onsite,0.0,0.0
10134858,82908253,7,16,personal,4,3,8.0,6713.6,81.34867374532729,1.864888888888889,1.0,0.125,0.125,True,False,4,18,1,3,True,New York,NY,40.7127281,-74.0060152,onsite,0.0,0.0
14343602,88878361,7,17,personal,4,3,8.0,10248.6,101.5954326731886,2.8468333333333335,1.0,0.125,0.125,True,False,3,17,0,3,True,Naperville,IL,41.7728699,-88.1479278,onsite,0.0,0.0
21204478,86426359,7,9,personal,3,3,0.5,0.0,0.0,0.0,1.0,2.0,2.0,False,True,2,23,3,3,True,Knoxville,TN,35.9603948,-83.9210261,online,0.0,0.0
85342366,16490446,8,8,personal,5,4,8.0,1147.2,11.78815716217291,0.31866666666666665,1.0,0.125,0.125,True,False,3,10,4,4,True,Richardson,TX,32.9481789,-96.7297206,onsite,0.0,0.0
85598668,16490446,8,8,personal,5,4,8.0,1147.2,11.78815716217291,0.31866666666666665,1.0,0.125,0.125,True,False,3,10,4,4,True,Hunt Valley,MD,39.4962709,-76.6542571,onsite,0.0,0.0
85893734,16490446,8,8,personal,5,4,8.0,1147.2,11.78815716217291,0.31866666666666665,1.0,0.125,0.125,True,False,3,10,4,4,True,Centennial,CO,39.579155,-104.8769227,onsite,0.0,0.0
59321509,26961910,8,15,personal,5,5,4.0,1466.6,7.603843553646703,0.40738888888888886,1.0,0.25,0.25,True,False,1,8,5,5,True,Brookfield,WI,43.0615578,-88.1260678,onsite,0.0,0.0
63175059,26961910,8,15,personal,5,5,4.0,1466.6,7.603843553646703,0.40738888888888886,1.0,0.25,0.25,True,False,1,8,5,5,True,Naperville,IL,41.7728699,-88.1479278,onsite,0.0,0.0
63418508,26961910,8,15,personal,5,5,4.0,1466.6,7.603843553646703,0.40738888888888886,1.0,0.25,0.25,True,False,1,8,5,5,True,Melville,LA,30.6929653,-91.744004,onsite,0.0,0.0
25351257,40114190,8,15,personal,5,4,8.0,1980.2,14.28743637158992,0.5500555555555555,1.0,0.125,0.125,True,False,2,9,4,4,True,Saint Paul,MN,44.9497487,-93.0931028,onsite,0.0,0.0
27096178,40114190,8,15,personal,5,4,8.0,1980.2,14.28743637158992,0.5500555555555555,1.0,0.125,0.125,True,False,2,9,4,4,True,Bedford,TX,32.844017,-97.1430671,onsite,0.0,0.0
27328743,40114190,8,15,personal,5,4,8.0,1980.2,14.28743637158992,0.5500555555555555,1.0,0.125,0.125,True,False,2,9,4,4,True,Buffalo,NY,42.8864163,-78.8781493,onsite,0.0,0.0
11091566,41830248,8,0,personal,5,5,4.0,916.6,7.054551419708901,0.2546111111111111,1.0,0.25,0.25,True,False,4,11,5,5,True,Windsor,CA,38.5471327,-122.8163802,onsite,0.0,0.0
17566082,41830248,8,0,personal,5,5,4.0,916.6,7.054551419708901,0.2546111111111111,1.0,0.25,0.25,True,False,4,11,5,5,True,Naperville,IL,41.7728699,-88.1479278,onsite,0.0,0.0
17597223,41830248,8,0,personal,5,5,4.0,916.6,7.054551419708901,0.2546111111111111,1.0,0.25,0.25,True,False,4,11,5,5,True,Troy,MI,42.6055893,-83.1499304,onsite,0.0,0.0
63932904,42511533,8,3,personal,5,4,8.0,10369.0,121.2512675972322,2.8802777777777777,1.0,0.125,0.125,True,False,3,10,3,4,True,Buffalo,NY,42.8864163,-78.8781493,onsite,0.0,0.0
70275620,42511533,8,3,personal,5,4,8.0,10369.0,121.2512675972322,2.8802777777777777,1.0,0.125,0.125,True,False,3,10,3,4,True,Hartford,CT,41.764582,-72.6908547,onsite,0.0,0.0
81396769,42511533,8,3,personal,5,4,8.0,10369.0,121.2512675972322,2.8802777777777777,1.0,0.125,0.125,True,False,3,10,3,4,True,Maryland Heights,MO,38.7150511,-90.435999,onsite,0.0,0.0
41627842,43699187,8,13,personal,5,5,4.0,8462.4,102.9660532490257,2.3506666666666667,1.0,0.25,0.25,True,False,3,10,5,5,True,Hartford,CT,41.764582,-72.6908547,onsite,0.0,0.0
44538039,43699187,8,13,personal,5,5,4.0,8462.4,102.9660532490257,2.3506666666666667,1.0,0.25,0.25,True,False,3,10,5,5,True,Hamden,OH,39.1597938,-82.5268259,onsite,0.0,0.0
48417943,43699187,8,13,personal,5,5,4.0,8462.4,102.9660532490257,2.3506666666666667,1.0,0.25,0.25,True,False,3,10,5,5,True,Virtual,SC,34.1718723,-82.1564776,onsite,0.0,0.0
33113383,47879707,8,15,personal,5,4,8.0,1466.6,7.603843553646703,0.40738888888888886,1.0,0.125,0.125,True,False,2,9,4,4,True,Independence,MO,39.0924792,-94.4137923,onsite,0.0,0.0
33522459,47879707,8,15,personal,5,4,8.0,1466.6,7.603843553646703,0.40738888888888886,1.0,0.125,0.125,True,False,2,9,4,4,True,Knoxville,TN,35.9603948,-83.9210261,onsite,0.0,0.0
33914483,47879707,8,15,personal,5,4,8.0,1466.6,7.603843553646703,0.40738888888888886,1.0,0.125,0.125,True,False,2,9,4,4,True,Naperville,IL,41.7728699,-88.1479278,onsite,0.0,0.0
22286102,61074242,8,1,personal,5,5,4.0,4332.0,37.71971685357512,1.2033333333333334,1.0,0.25,0.25,True,False,3,10,5,5,True,Melville,LA,30.6929653,-91.744004,onsite,0.0,0.0
24186729,61074242,8,1,personal,5,5,4.0,4332.0,37.71971685357512,1.2033333333333334,1.0,0.25,0.25,True,False,3,10,5,5,True,Richmond,VA,37.5385087,-77.43428,onsite,0.0,0.0
26862623,61074242,8,1,personal,5,5,4.0,4332.0,37.71971685357512,1.2033333333333334,1.0,0.25,0.25,True,False,3,10,5,5,True,Overland Park,KS,38.9742502,-94.6851702,onsite,0.0,0.0
50519688,67832939,8,13,personal,5,5,4.0,1337.8,7.510389326334208,0.3716111111111111,1.0,0.25,0.25,True,False,3,10,5,5,True,Charlotte,NC,35.2272086,-80.8430827,onsite,0.0,0.0
53820765,67832939,8,13,personal,5,5,4.0,1337.8,7.510389326334208,0.3716111111111111,1.0,0.25,0.25,True,False,3,10,5,5,True,Buffalo,NY,42.8864163,-78.8781493,onsite,0.0,0.0
55188485,67832939,8,13,personal,5,5,4.0,1337.8,7.510389326334208,0.3716111111111111,1.0,0.25,0.25,True,False,3,10,5,5,True,Washington,DC,38.8950982,-77.0363849,onsite,0.0,0.0
45459060,72070529,8,2,personal,5,4,8.0,3087.0,29.66102958721069,0.8575,1.0,0.125,0.125,True,False,4,11,4,4,True,Rancho Cordova,CA,38.5890723,-121.302728,onsite,0.0,0.0
38497269,72070529,8,2,personal,5,4,8.0,3087.0,29.66102958721069,0.8575,1.0,0.125,0.125,True,False,4,11,4,4,True,Naperville,IL,41.7728699,-88.1479278,onsite,0.0,0.0
44914866,72070529,8,2,personal,5,4,8.0,3087.0,29.66102958721069,0.8575,1.0,0.125,0.125,True,False,4,11,4,4,True,West Bridgewater,MA,42.0190922,-71.0079688,onsite,0.0,0.0
78272027,85876972,8,6,personal,5,4,8.0,4163.2,44.32501690129642,1.1564444444444444,1.0,0.125,0.125,True,False,3,10,2,4,True,Overland Park,KS,38.9742502,-94.6851702,onsite,0.0,0.0
89117598,85876972,8,6,personal,5,4,8.0,4163.2,44.32501690129642,1.1564444444444444,1.0,0.125,0.125,True,False,3,10,2,4,True,Syracuse,NY,43.0481221,-76.1474244,onsite,0.0,0.0
93222266,85876972,8,6,personal,5,4,8.0,4163.2,44.32501690129642,1.1564444444444444,1.0,0.125,0.125,True,False,3,10,2,4,True,Richmond,VA,37.5385087,-77.43428,onsite,0.0,0.0
88856717,10771991,8,7,personal,5,4,8.0,4282.0,48.03410582199952,1.1894444444444445,1.0,0.125,0.125,True,False,3,10,3,4,True,Charlotte,NC,35.2272086,-80.8430827,onsite,0.0,0.0
90334978,10771991,8,7,personal,5,4,8.0,4282.0,48.03410582199952,1.1894444444444445,1.0,0.125,0.125,True,False,3,10,3,4,True,Franklin,TN,35.925206,-86.8689419,onsite,0.0,0.0
35386202,13124031,8,19,personal,5,4,8.0,8763.4,112.3968523820886,2.4342777777777775,1.0,0.125,0.125,True,False,7,14,4,4,True,Phoenix,AZ,33.4484367,-112.074141,onsite,0.0,0.0
38211857,13124031,8,19,personal,5,4,8.0,8763.4,112.3968523820886,2.4342777777777775,1.0,0.125,0.125,True,False,7,14,4,4,True,San Antonio,TX,29.4246002,-98.4951405,onsite,0.0,0.0
11788873,15400518,8,0,personal,5,4,8.0,1948.2,17.3859659588006,0.5411666666666667,1.0,0.125,0.125,True,False,3,10,2,4,True,Richardson,TX,32.9481789,-96.7297206,onsite,0.0,0.0
22143269,15400518,8,0,personal,5,4,8.0,1948.2,17.3859659588006,0.5411666666666667,1.0,0.125,0.125,True,False,3,10,2,4,True,Brookfield,WI,43.0615578,-88.1260678,onsite,0.0,0.0
17897712,17532639,8,13,personal,5,4,8.0,4906.6,50.79833770778652,1.3629444444444445,1.0,0.125,0.125,True,False,3,10,4,4,True,Richmond,VA,37.5385087,-77.43428,onsite,0.0,0.0
20682406,17532639,8,13,personal,5,4,8.0,4906.6,50.79833770778652,1.3629444444444445,1.0,0.125,0.125,True,False,3,10,4,4,True,Chantilly,VA,38.885219,-77.4486772,onsite,0.0,0.0
30721082,20381941,8,1,personal,5,5,4.0,5993.6,50.62833054959039,1.664888888888889,1.0,0.25,0.25,True,False,3,10,5,5,True,Richardson,TX,32.9481789,-96.7297206,onsite,0.0,0.0
34336521,20381941,8,1,personal,5,5,4.0,5993.6,50.62833054959039,1.664888888888889,1.0,0.25,0.25,True,False,3,10,5,5,True,Omaha,NE,41.2587459,-95.9383758,onsite,0.0,0.0
54887810,23030615,8,2,personal,5,4,8.0,3500.2,37.63608029109997,0.9722777777777777,1.0,0.125,0.125,True,False,2,9,3,4,True,Windsor,CA,38.5471327,-122.8163802,onsite,0.0,0.0
61662948,23030615,8,2,personal,5,4,8.0,3500.2,37.63608029109997,0.9722777777777777,1.0,0.125,0.125,True,False,2,9,3,4,True,Maryland Heights,MO,38.7150511,-90.435999,onsite,0.0,0.0
33519700,23389870,8,10,personal,5,4,8.0,5509.6,54.08017179670723,1.5304444444444445,1.0,0.125,0.125,True,False,2,9,3,4,True,Flowood,MS,32.3092861,-90.1386811,onsite,0.0,0.0
37113544,23389870,8,10,personal,5,4,8.0,5509.6,54.08017179670723,1.5304444444444445,1.0,0.125,0.125,True,False,2,9,3,4,True,Overland Park,KS,38.9742502,-94.6851702,onsite,0.0,0.0
95870867,37946335,8,8,personal,5,5,4.0,1147.2,11.78815716217291,0.31866666666666665,1.0,0.25,0.25,True,False,2,9,5,5,True,Virtual,SC,34.1718723,-82.1564776,onsite,0.0,0.0
97120688,37946335,8,8,personal,5,5,4.0,1147.2,11.78815716217291,0.31866666666666665,1.0,0.25,0.25,True,False,2,9,5,5,True,Naperville,IL,41.7728699,-88.1479278,onsite,0.0,0.0
42270197,43631890,8,15,personal,5,4,8.0,1466.6,7.603843553646703,0.40738888888888886,1.0,0.125,0.125,True,False,1,8,3,4,True,San Antonio,TX,29.4246002,-98.4951405,onsite,0.0,0.0
42879523,43631890,8,15,personal,5,4,8.0,1466.6,7.603843553646703,0.40738888888888886,1.0,0.125,0.125,True,False,1,8,3,4,True,Spokane,WA,47.6571934,-117.42351,onsite,0.0,0.0
72859063,45640997,8,7,personal,5,4,8.0,7599.4,94.14046965720193,2.1109444444444443,1.0,0.125,0.125,True,False,2,9,4,4,True,Richardson,TX,32.9481789,-96.7297206,onsite,0.0,0.0
73968848,45640997,8,7,personal,5,4,8.0,7599.4,94.14046965720193,2.1109444444444443,1.0,0.125,0.125,True,False,2,9,4,4,True,Naperville,IL,41.7728699,-88.1479278,onsite,0.0,0.0
52192658,54794966,8,6,personal,5,4,8.0,6451.6,62.13537938439513,1.7921111111111112,1.0,0.125,0.125,True,False,3,10,4,4,True,Albuquerque,NM,35.0841034,-106.650985,onsite,0.0,0.0
61927589,54794966,8,6,personal,5,4,8.0,6451.6,62.13537938439513,1.7921111111111112,1.0,0.125,0.125,True,False,3,10,4,4,True,Franklin,TN,35.925206,-86.8689419,onsite,0.0,0.0
90406456,55388403,8,8,personal,5,4,8.0,1506.0,11.23861647975821,0.41833333333333333,1.0,0.125,0.125,True,False,2,9,4,4,True,Albuquerque,NM,35.0841034,-106.650985,onsite,0.0,0.0
92680761,55388403,8,8,personal,5,4,8.0,1506.0,11.23861647975821,0.41833333333333333,1.0,0.125,0.125,True,False,2,9,4,4,True,Richardson,TX,32.9481789,-96.7297206,onsite,0.0,0.0
82687551,60167696,8,6,personal,5,4,8.0,6599.2,77.47554282987353,1.8331111111111111,1.0,0.125,0.125,True,False,4,11,3,4,True,Walnut Creek,CA,37.9020731,-122.0618702,onsite,0.0,0.0
84568374,60167696,8,6,personal,5,4,8.0,6599.2,77.47554282987353,1.8331111111111111,1.0,0.125,0.125,True,False,4,11,3,4,True,Houston,TX,29.7589382,-95.3676974,onsite,0.0,0.0
31104564,62800650,8,1,personal,5,4,8.0,8226.4,92.38869999204645,2.285111111111111,1.0,0.125,0.125,True,False,4,11,3,4,True,Alpharetta,GA,34.0755962,-84.2945964,onsite,0.0,0.0
30456597,62800650,8,1,personal,5,4,8.0,8226.4,92.38869999204645,2.285111111111111,1.0,0.125,0.125,True,False,4,11,3,4,True,Memphis,TN,35.1460249,-90.0517638,onsite,0.0,0.0
15483039,64583244,8,1,personal,5,4,8.0,6877.0,67.91599558577904,1.9102777777777777,1.0,0.125,0.125,True,False,3,10,4,4,True,Richardson,TX,32.9481789,-96.7297206,onsite,0.0,0.0
15688459,64583244,8,1,personal,5,4,8.0,6877.0,67.91599558577904,1.9102777777777777,1.0,0.125,0.125,True,False,3,10,4,4,True,Melville,LA,30.6929653,-91.744004,onsite,0.0,0.0
99474654,64620323,8,9,personal,5,4,8.0,3281.0,36.98811441183489,0.9113888888888889,1.0,0.125,0.125,True,False,3,10,4,4,True,Richmond,VA,37.5385087,-77.43428,onsite,0.0,0.0
95664184,64620323,8,9,personal,5,4,8.0,3281.0,36.98811441183489,0.9113888888888889,1.0,0.125,0.125,True,False,3,10,4,4,True,Naperville,IL,41.7728699,-88.1479278,onsite,0.0,0.0
49546630,70360438,8,17,personal,5,4,8.0,7380.6,78.50503062117235,2.0501666666666667,1.0,0.125,0.125,True,False,3,10,3,4,True,Alpharetta,GA,34.0755962,-84.2945964,onsite,0.0,0.0
54333554,70360438,8,17,personal,5,4,8.0,7380.6,78.50503062117235,2.0501666666666667,1.0,0.125,0.125,True,False,3,10,3,4,True,Naperville,IL,41.7728699,-88.1479278,onsite,0.0,0.0
17621023,79215234,8,0,personal,5,4,8.0,1948.2,17.3859659588006,0.5411666666666667,1.0,0.125,0.125,True,False,3,10,3,4,True,Alpharetta,GA,34.0755962,-84.2945964,onsite,0.0,0.0
18407947,79215234,8,0,personal,5,4,8.0,1948.2,17.3859659588006,0.5411666666666667,1.0,0.125,0.125,True,False,3,10,3,4,True,Oklahoma City,OK,35.4729886,-97.5170536,onsite,0.0,0.0
56083320,92071903,8,3,personal,5,4,8.0,5734.8,80.26152270738885,1.593,1.0,0.125,0.125,True,False,3,10,1,4,True,Marlton,NJ,39.9005585,-74.9338911,onsite,0.0,0.0
95561381,92071903,8,3,personal,5,4,8.0,5734.8,80.26152270738885,1.593,1.0,0.125,0.125,True,False,3,10,1,4,True,Boston,MA,42.3588336,-71.0578303,onsite,0.0,0.0
18336561,46524537,8,25,personal,4,3,8.0,15730.4,168.1196810625945,4.369555555555555,0.3999999999999999,0.125,0.04999999999999999,True,False,3,17,3,3,True,South Portland,ME,43.6382443,-70.2529189,onsite,0.6000000000000001,0.07500000000000001
19528221,46524537,8,25,personal,4,3,8.0,15730.4,168.1196810625945,4.369555555555555,0.3999999999999999,0.125,0.04999999999999999,True,False,3,17,3,3,True,Glendale,AZ,33.5386858,-112.185994,onsite,0.6000000000000001,0.07500000000000001
10615629,76058214,8,12,personal,4,3,8.0,9558.4,98.03360872504572,2.655111111111111,1.0,0.125,0.125,True,False,2,16,3,3,True,Virtual,SC,34.1718723,-82.1564776,onsite,0.0,0.0
10925596,76058214,8,12,personal,4,3,8.0,9558.4,98.03360872504572,2.655111111111111,1.0,0.125,0.125,True,False,2,16,3,3,True,Hartford,CT,41.764582,-72.6908547,onsite,0.0,0.0
22440928,94178133,8,6,personal,4,3,8.0,2256.0,23.12495029030462,0.6266666666666667,1.0,0.125,0.125,True,False,3,17,3,3,True,Virtual,SC,34.1718723,-82.1564776,onsite,0.0,0.0
23354345,94178133,8,6,personal,4,3,8.0,2256.0,23.12495029030462,0.6266666666666667,1.0,0.125,0.125,True,False,3,17,3,3,True,Centennial,CO,39.579155,-104.8769227,onsite,0.0,0.0
16485520,11637019,8,10,personal,5,4,8.0,7766.0,86.778463771574,2.1572222222222224,1.0,0.125,0.125,True,False,2,9,4,4,True,Richardson,TX,32.9481789,-96.7297206,onsite,0.0,0.0
34930040,12449108,8,17,personal,5,4,8.0,6643.6,63.49145987433389,1.8454444444444444,1.0,0.125,0.125,True,False,4,11,4,4,True,Rancho Cordova,CA,38.5890723,-121.302728,onsite,0.0,0.0
55323900,13109340,8,13,personal,5,5,4.0,8720.2,87.00924103237094,2.422277777777778,1.0,0.25,0.25,True,False,4,11,5,5,True,Chantilly,VA,38.885219,-77.4486772,onsite,0.0,0.0
54636222,19727765,8,18,personal,5,4,8.0,10906.4,110.796697287839,3.0295555555555556,0.8,0.125,0.1,True,False,3,10,3,4,True,Orlando,FL,28.5421218,-81.379045,onsite,0.19999999999999996,0.024999999999999994
84017238,23143461,8,5,personal,5,5,4.0,4572.4,47.72714845303427,1.270111111111111,1.0,0.25,0.25,True,False,2,9,5,5,True,Rochester,NY,43.157285,-77.615214,onsite,0.0,0.0
94671385,26512783,8,8,personal,5,4,8.0,1147.2,11.78815716217291,0.31866666666666665,1.0,0.125,0.125,True,False,2,9,3,4,True,Birmingham,AL,33.5206824,-86.8024326,onsite,0.0,0.0
39267987,27243643,8,18,personal,5,4,8.0,8552.0,93.2517845780641,2.3755555555555556,1.0,0.125,0.125,True,False,4,11,1,4,True,Tampa,FL,27.9449854,-82.4583107,onsite,0.0,0.0
95771836,29397931,8,7,personal,5,5,4.0,4827.0,46.13420126461465,1.3408333333333333,1.0,0.25,0.25,True,False,3,10,5,5,True,Rochester,NY,43.157285,-77.615214,onsite,0.0,0.0
68291074,34364820,8,15,personal,5,5,4.0,1466.6,7.603843553646703,0.40738888888888886,1.0,0.25,0.25,True,False,3,10,5,5,True,Naperville,IL,41.7728699,-88.1479278,onsite,0.0,0.0
59430808,39620107,8,29,personal,5,4,8.0,861.2,7.506785373419231,0.23922222222222222,1.0,0.125,0.125,True,False,5,12,2,4,True,Albany,NY,42.6511674,-73.754968,onsite,0.0,0.0
70853633,40984670,8,8,personal,5,5,4.0,1664.0,17.93935914260717,0.4622222222222222,1.0,0.25,0.25,True,False,2,9,4,5,True,Saint Paul,MN,44.9497487,-93.0931028,onsite,0.0,0.0
38397433,42102320,8,10,personal,5,4,8.0,3820.0,35.10386840849439,1.0611111111111111,1.0,0.125,0.125,True,False,3,10,3,4,True,Overland Park,KS,38.9742502,-94.6851702,onsite,0.0,0.0
69379844,51375328,8,3,personal,5,5,4.0,3523.0,41.7361359659588,0.9786111111111111,1.0,0.25,0.25,True,False,3,10,5,5,True,Chantilly,VA,38.885219,-77.4486772,onsite,0.0,0.0
17932464,58097723,8,2,personal,5,5,4.0,5529.2,68.17200051698083,1.5358888888888889,1.0,0.25,0.25,True,False,2,9,4,5,True,White Plains,NY,41.0339862,-73.7629097,onsite,0.0,0.0
96399702,58445260,8,9,personal,5,4,8.0,733.0,4.293177841406187,0.2036111111111111,1.0,0.125,0.125,True,False,3,10,4,4,True,Richmond,VA,37.5385087,-77.43428,onsite,0.0,0.0
66643743,60766474,8,5,personal,5,5,4.0,10001.0,129.5719249582438,2.7780555555555555,1.0,0.25,0.25,True,False,4,11,3,5,True,Chantilly,VA,38.885219,-77.4486772,onsite,0.0,0.0
12272069,62609802,8,1,personal,5,4,8.0,5402.2,48.49205639067844,1.5006111111111111,1.0,0.125,0.125,True,False,2,9,4,4,True,Naperville,IL,41.7728699,-88.1479278,onsite,0.0,0.0
36916937,62889091,8,1,personal,5,5,4.0,9227.2,89.87189811500834,2.563111111111111,1.0,0.25,0.25,True,False,4,11,5,5,True,New York,NY,40.7127281,-74.0060152,onsite,0.0,0.0
10402032,63533246,8,0,business,5,4,8.0,2479.4,26.11884096874254,0.6887222222222222,1.0,0.125,0.125,True,False,3,10,4,4,True,Richardson,TX,32.9481789,-96.7297206,onsite,0.0,0.0
94472986,65498132,8,7,personal,5,4,8.0,6449.6,79.47374830987036,1.7915555555555556,1.0,0.125,0.125,True,False,3,10,2,4,True,Overland Park,KS,38.9742502,-94.6851702,onsite,0.0,0.0
34174328,66217422,8,17,personal,5,4,8.0,3141.4,31.99477551101567,0.8726111111111111,1.0,0.125,0.125,True,False,5,12,2,4,True,Alpharetta,GA,34.0755962,-84.2945964,onsite,0.0,0.0
26130629,69805960,8,2,personal,5,5,4.0,1303.8,12.21901594687028,0.36216666666666664,1.0,0.25,0.25,True,False,3,10,4,5,True,Houston,TX,29.7589382,-95.3676974,onsite,0.0,0.0
81400507,70843522,8,3,personal,5,4,8.0,5412.4,73.66840153503539,1.5034444444444444,1.0,0.125,0.125,True,False,5,12,3,4,True,Maryland Heights,MO,38.7150511,-90.435999,onsite,0.0,0.0
93750751,74536715,8,5,personal,5,5,4.0,12419.6,157.3008629603118,3.449888888888889,0.8,0.25,0.2,True,False,2,9,5,5,True,Chantilly,VA,38.885219,-77.4486772,onsite,0.19999999999999996,0.04999999999999999
99766264,85132818,8,8,personal,5,4,8.0,2290.2,22.939533126541,0.6361666666666667,1.0,0.125,0.125,True,False,4,11,3,4,True,Maryland Heights,MO,38.7150511,-90.435999,onsite,0.0,0.0
23257451,86777142,8,10,personal,5,4,8.0,5235.2,56.78263938598585,1.454222222222222,1.0,0.125,0.125,True,False,3,10,1,4,True,Edison,GA,31.5581741,-84.7381045,onsite,0.0,0.0
83212066,88494322,8,7,personal,5,4,8.0,4282.0,48.03410582199952,1.1894444444444445,1.0,0.125,0.125,True,False,3,10,0,4,True,Virtual,SC,34.1718723,-82.1564776,onsite,0.0,0.0
79478179,93524977,8,7,personal,5,5,4.0,6738.6,81.91287878787878,1.8718333333333335,1.0,0.25,0.25,True,False,4,11,3,5,True,Indianapolis,IN,39.7683331,-86.1583502,onsite,0.0,0.0
45149910,94662445,8,7,personal,5,5,4.0,6292.0,64.22219239640499,1.7477777777777779,1.0,0.25,0.25,True,False,3,10,4,5,True,Houston,TX,29.7589382,-95.3676974,onsite,0.0,0.0
25458542,52235288,8,6,personal,4,3,8.0,2916.8,30.9410542432196,0.8102222222222223,1.0,0.125,0.125,True,False,3,17,3,3,True,Buffalo,NY,42.8864163,-78.8781493,onsite,0.0,0.0
15922412,64404919,8,23,personal,4,3,8.0,10702.6,130.6716276942655,2.9729444444444444,1.0,0.125,0.125,True,False,3,17,3,3,True,Hartford,CT,41.764582,-72.6908547,onsite,0.0,0.0
14343602,66327959,8,17,personal,4,3,8.0,6637.4,70.23072755110157,1.843722222222222,1.0,0.125,0.125,True,False,4,18,0,3,True,Naperville,IL,41.7728699,-88.1479278,onsite,0.0,0.0
10134858,82908253,8,16,personal,4,3,8.0,6713.6,81.34867374532729,1.864888888888889,1.0,0.125,0.125,True,False,4,18,1,3,True,New York,NY,40.7127281,-74.0060152,onsite,0.0,0.0
46986893,50017519,8,0,personal,3,4,0.5,0.0,0.0,0.0,1.0,2.0,2.0,False,True,4,25,4,4,True,Indianapolis,IN,39.7683331,-86.1583502,online,0.0,0.0
45459060,12024718,9,2,personal,5,4,8.0,3763.4,48.84014853256979,1.045388888888889,1.0,0.125,0.125,True,False,3,10,4,4,True,Rancho Cordova,CA,38.5890723,-121.302728,onsite,0.0,0.0
38497269,12024718,9,2,personal,5,4,8.0,3763.4,48.84014853256979,1.045388888888889,1.0,0.125,0.125,True,False,3,10,4,4,True,Naperville,IL,41.7728699,-88.1479278,onsite,0.0,0.0
44914866,12024718,9,2,personal,5,4,8.0,3763.4,48.84014853256979,1.045388888888889,1.0,0.125,0.125,True,False,3,10,4,4,True,West Bridgewater,MA,42.0190922,-71.0079688,onsite,0.0,0.0
11091566,18149250,9,0,personal,5,5,4.0,1948.2,17.3859659588006,0.5411666666666667,1.0,0.25,0.25,True,False,2,9,5,5,True,Windsor,CA,38.5471327,-122.8163802,onsite,0.0,0.0
17566082,18149250,9,0,personal,5,5,4.0,1948.2,17.3859659588006,0.5411666666666667,1.0,0.25,0.25,True,False,2,9,5,5,True,Naperville,IL,41.7728699,-88.1479278,onsite,0.0,0.0
17597223,18149250,9,0,personal,5,5,4.0,1948.2,17.3859659588006,0.5411666666666667,1.0,0.25,0.25,True,False,2,9,5,5,True,Troy,MI,42.6055893,-83.1499304,onsite,0.0,0.0
41627842,28832313,9,13,personal,5,5,4.0,1140.0,6.461763302314484,0.31666666666666665,1.0,0.25,0.25,True,False,3,10,5,5,True,Hartford,CT,41.764582,-72.6908547,onsite,0.0,0.0
44538039,28832313,9,13,personal,5,5,4.0,1140.0,6.461763302314484,0.31666666666666665,1.0,0.25,0.25,True,False,3,10,5,5,True,Hamden,OH,39.1597938,-82.5268259,onsite,0.0,0.0
48417943,28832313,9,13,personal,5,5,4.0,1140.0,6.461763302314484,0.31666666666666665,1.0,0.25,0.25,True,False,3,10,5,5,True,Virtual,SC,34.1718723,-82.1564776,onsite,0.0,0.0
25351257,40114190,9,15,personal,5,4,8.0,1980.2,14.28743637158992,0.5500555555555555,1.0,0.125,0.125,True,False,2,9,4,4,True,Saint Paul,MN,44.9497487,-93.0931028,onsite,0.0,0.0
27096178,40114190,9,15,personal,5,4,8.0,1980.2,14.28743637158992,0.5500555555555555,1.0,0.125,0.125,True,False,2,9,4,4,True,Bedford,TX,32.844017,-97.1430671,onsite,0.0,0.0
27328743,40114190,9,15,personal,5,4,8.0,1980.2,14.28743637158992,0.5500555555555555,1.0,0.125,0.125,True,False,2,9,4,4,True,Buffalo,NY,42.8864163,-78.8781493,onsite,0.0,0.0
63932904,42511533,9,3,personal,5,4,8.0,10369.0,121.2512675972322,2.8802777777777777,1.0,0.125,0.125,True,False,3,10,3,4,True,Buffalo,NY,42.8864163,-78.8781493,onsite,0.0,0.0
70275620,42511533,9,3,personal,5,4,8.0,10369.0,121.2512675972322,2.8802777777777777,1.0,0.125,0.125,True,False,3,10,3,4,True,Hartford,CT,41.764582,-72.6908547,onsite,0.0,0.0
81396769,42511533,9,3,personal,5,4,8.0,10369.0,121.2512675972322,2.8802777777777777,1.0,0.125,0.125,True,False,3,10,3,4,True,Maryland Heights,MO,38.7150511,-90.435999,onsite,0.0,0.0
59321509,49092192,9,15,personal,5,5,4.0,1466.6,7.603843553646703,0.40738888888888886,1.0,0.25,0.25,True,False,2,9,5,5,True,Brookfield,WI,43.0615578,-88.1260678,onsite,0.0,0.0
63175059,49092192,9,15,personal,5,5,4.0,1466.6,7.603843553646703,0.40738888888888886,1.0,0.25,0.25,True,False,2,9,5,5,True,Naperville,IL,41.7728699,-88.1479278,onsite,0.0,0.0
63418508,49092192,9,15,personal,5,5,4.0,1466.6,7.603843553646703,0.40738888888888886,1.0,0.25,0.25,True,False,2,9,5,5,True,Melville,LA,30.6929653,-91.744004,onsite,0.0,0.0
33113383,62669017,9,15,personal,5,4,8.0,1466.6,7.603843553646703,0.40738888888888886,1.0,0.125,0.125,True,False,2,9,4,4,True,Independence,MO,39.0924792,-94.4137923,onsite,0.0,0.0
33522459,62669017,9,15,personal,5,4,8.0,1466.6,7.603843553646703,0.40738888888888886,1.0,0.125,0.125,True,False,2,9,4,4,True,Knoxville,TN,35.9603948,-83.9210261,onsite,0.0,0.0
33914483,62669017,9,15,personal,5,4,8.0,1466.6,7.603843553646703,0.40738888888888886,1.0,0.125,0.125,True,False,2,9,4,4,True,Naperville,IL,41.7728699,-88.1479278,onsite,0.0,0.0
78272027,92471125,9,6,personal,5,4,8.0,2647.0,27.96456195816432,0.7352777777777778,1.0,0.125,0.125,True,False,5,12,2,4,True,Overland Park,KS,38.9742502,-94.6851702,onsite,0.0,0.0
89117598,92471125,9,6,personal,5,4,8.0,2647.0,27.96456195816432,0.7352777777777778,1.0,0.125,0.125,True,False,5,12,2,4,True,Syracuse,NY,43.0481221,-76.1474244,onsite,0.0,0.0
93222266,92471125,9,6,personal,5,4,8.0,2647.0,27.96456195816432,0.7352777777777778,1.0,0.125,0.125,True,False,5,12,2,4,True,Richmond,VA,37.5385087,-77.43428,onsite,0.0,0.0
33519700,11637019,9,10,personal,5,4,8.0,7766.0,86.778463771574,2.1572222222222224,1.0,0.125,0.125,True,False,2,9,3,4,True,Flowood,MS,32.3092861,-90.1386811,onsite,0.0,0.0
37113544,11637019,9,10,personal,5,4,8.0,7766.0,86.778463771574,2.1572222222222224,1.0,0.125,0.125,True,False,2,9,3,4,True,Overland Park,KS,38.9742502,-94.6851702,onsite,0.0,0.0
56083320,12868813,9,3,personal,5,4,8.0,12008.4,135.8272687504971,3.3356666666666666,0.8,0.125,0.1,True,False,4,11,1,4,True,Marlton,NJ,39.9005585,-74.9338911,onsite,0.19999999999999996,0.024999999999999994
95561381,12868813,9,3,personal,5,4,8.0,12008.4,135.8272687504971,3.3356666666666666,0.8,0.125,0.1,True,False,4,11,1,4,True,Boston,MA,42.3588336,-71.0578303,onsite,0.19999999999999996,0.024999999999999994
95870867,17574155,9,8,personal,5,5,4.0,2302.6,21.2982432593653,0.6396111111111111,1.0,0.25,0.25,True,False,2,9,5,5,True,Virtual,SC,34.1718723,-82.1564776,onsite,0.0,0.0
97120688,17574155,9,8,personal,5,5,4.0,2302.6,21.2982432593653,0.6396111111111111,1.0,0.25,0.25,True,False,2,9,5,5,True,Naperville,IL,41.7728699,-88.1479278,onsite,0.0,0.0
17897712,25678177,9,13,personal,5,4,8.0,1890.4,14.05578919112384,0.5251111111111111,1.0,0.125,0.125,True,False,3,10,4,4,True,Richmond,VA,37.5385087,-77.43428,onsite,0.0,0.0
20682406,25678177,9,13,personal,5,4,8.0,1890.4,14.05578919112384,0.5251111111111111,1.0,0.125,0.125,True,False,3,10,4,4,True,Chantilly,VA,38.885219,-77.4486772,onsite,0.0,0.0
35386202,32550898,9,19,personal,5,4,8.0,4963.2,56.49146484530343,1.3786666666666667,1.0,0.125,0.125,True,False,5,12,4,4,True,Phoenix,AZ,33.4484367,-112.074141,onsite,0.0,0.0
38211857,32550898,9,19,personal,5,4,8.0,4963.2,56.49146484530343,1.3786666666666667,1.0,0.125,0.125,True,False,5,12,4,4,True,San Antonio,TX,29.4246002,-98.4951405,onsite,0.0,0.0
85342366,39099817,9,8,personal,5,4,8.0,1664.0,17.93935914260717,0.4622222222222222,1.0,0.125,0.125,True,False,2,9,4,4,True,Richardson,TX,32.9481789,-96.7297206,onsite,0.0,0.0
85598668,39099817,9,8,personal,5,4,8.0,1664.0,17.93935914260717,0.4622222222222222,1.0,0.125,0.125,True,False,2,9,4,4,True,Hunt Valley,MD,39.4962709,-76.6542571,onsite,0.0,0.0
31104564,44236869,9,1,personal,5,4,8.0,6994.0,68.85252624671915,1.9427777777777777,1.0,0.125,0.125,True,False,2,9,3,4,True,Alpharetta,GA,34.0755962,-84.2945964,onsite,0.0,0.0
30456597,44236869,9,1,personal,5,4,8.0,6994.0,68.85252624671915,1.9427777777777777,1.0,0.125,0.125,True,False,2,9,3,4,True,Memphis,TN,35.1460249,-90.0517638,onsite,0.0,0.0
82687551,44564234,9,6,personal,5,4,8.0,5399.2,64.50267935258093,1.4997777777777777,1.0,0.125,0.125,True,False,4,11,3,4,True,Walnut Creek,CA,37.9020731,-122.0618702,onsite,0.0,0.0
84568374,44564234,9,6,personal,5,4,8.0,5399.2,64.50267935258093,1.4997777777777777,1.0,0.125,0.125,True,False,4,11,3,4,True,Houston,TX,29.7589382,-95.3676974,onsite,0.0,0.0
22286102,45924388,9,1,personal,5,5,4.0,2719.0,21.22119323152787,0.7552777777777778,1.0,0.25,0.25,True,False,3,10,5,5,True,Melville,LA,30.6929653,-91.744004,onsite,0.0,0.0
24186729,45924388,9,1,personal,5,5,4.0,2719.0,21.22119323152787,0.7552777777777778,1.0,0.25,0.25,True,False,3,10,5,5,True,Richmond,VA,37.5385087,-77.43428,onsite,0.0,0.0
84017238,59112774,9,5,personal,5,5,4.0,3997.6,44.2997892308916,1.1104444444444443,1.0,0.25,0.25,True,False,2,9,5,5,True,Rochester,NY,43.157285,-77.615214,onsite,0.0,0.0
93750751,59112774,9,5,personal,5,5,4.0,3997.6,44.2997892308916,1.1104444444444443,1.0,0.25,0.25,True,False,2,9,5,5,True,Chantilly,VA,38.885219,-77.4486772,onsite,0.0,0.0
15483039,62609802,9,1,personal,5,4,8.0,5402.2,48.49205639067844,1.5006111111111111,1.0,0.125,0.125,True,False,2,9,4,4,True,Richardson,TX,32.9481789,-96.7297206,onsite,0.0,0.0
15688459,62609802,9,1,personal,5,4,8.0,5402.2,48.49205639067844,1.5006111111111111,1.0,0.125,0.125,True,False,2,9,4,4,True,Melville,LA,30.6929653,-91.744004,onsite,0.0,0.0
49546630,75100937,9,17,personal,5,4,8.0,6066.6,55.43202696253877,1.6851666666666667,1.0,0.125,0.125,True,False,3,10,3,4,True,Alpharetta,GA,34.0755962,-84.2945964,onsite,0.0,0.0
54333554,75100937,9,17,personal,5,4,8.0,6066.6,55.43202696253877,1.6851666666666667,1.0,0.125,0.125,True,False,3,10,3,4,True,Naperville,IL,41.7728699,-88.1479278,onsite,0.0,0.0
17621023,79215234,9,0,personal,5,4,8.0,1948.2,17.3859659588006,0.5411666666666667,1.0,0.125,0.125,True,False,3,10,3,4,True,Alpharetta,GA,34.0755962,-84.2945964,onsite,0.0,0.0
18407947,79215234,9,0,personal,5,4,8.0,1948.2,17.3859659588006,0.5411666666666667,1.0,0.125,0.125,True,False,3,10,3,4,True,Oklahoma City,OK,35.4729886,-97.5170536,onsite,0.0,0.0
52192658,85876972,9,6,personal,5,4,8.0,4163.2,44.32501690129642,1.1564444444444444,1.0,0.125,0.125,True,False,3,10,4,4,True,Albuquerque,NM,35.0841034,-106.650985,onsite,0.0,0.0
61927589,85876972,9,6,personal,5,4,8.0,4163.2,44.32501690129642,1.1564444444444444,1.0,0.125,0.125,True,False,3,10,4,4,True,Franklin,TN,35.925206,-86.8689419,onsite,0.0,0.0
85893734,86498344,9,8,personal,5,4,8.0,1147.2,11.78815716217291,0.31866666666666665,1.0,0.125,0.125,True,False,2,9,4,4,True,Centennial,CO,39.579155,-104.8769227,onsite,0.0,0.0
90406456,86498344,9,8,personal,5,4,8.0,1147.2,11.78815716217291,0.31866666666666665,1.0,0.125,0.125,True,False,2,9,4,4,True,Albuquerque,NM,35.0841034,-106.650985,onsite,0.0,0.0
26862623,87278356,9,1,personal,5,5,4.0,4581.0,42.83422313688062,1.2725,1.0,0.25,0.25,True,False,3,10,5,5,True,Overland Park,KS,38.9742502,-94.6851702,onsite,0.0,0.0
30721082,87278356,9,1,personal,5,5,4.0,4581.0,42.83422313688062,1.2725,1.0,0.25,0.25,True,False,3,10,5,5,True,Richardson,TX,32.9481789,-96.7297206,onsite,0.0,0.0
88856717,88494322,9,7,personal,5,4,8.0,4282.0,48.03410582199952,1.1894444444444445,1.0,0.125,0.125,True,False,3,10,3,4,True,Charlotte,NC,35.2272086,-80.8430827,onsite,0.0,0.0
90334978,88494322,9,7,personal,5,4,8.0,4282.0,48.03410582199952,1.1894444444444445,1.0,0.125,0.125,True,False,3,10,3,4,True,Franklin,TN,35.925206,-86.8689419,onsite,0.0,0.0
11788873,92775358,9,0,personal,5,4,8.0,2479.4,26.11884096874254,0.6887222222222222,1.0,0.125,0.125,True,False,2,9,2,4,True,Richardson,TX,32.9481789,-96.7297206,onsite,0.0,0.0
22143269,92775358,9,0,personal,5,4,8.0,2479.4,26.11884096874254,0.6887222222222222,1.0,0.125,0.125,True,False,2,9,2,4,True,Brookfield,WI,43.0615578,-88.1260678,onsite,0.0,0.0
99474654,95400612,9,9,personal,5,4,8.0,4478.0,56.55472043267319,1.2438888888888888,1.0,0.125,0.125,True,False,3,10,4,4,True,Richmond,VA,37.5385087,-77.43428,onsite,0.0,0.0
95664184,95400612,9,9,personal,5,4,8.0,4478.0,56.55472043267319,1.2438888888888888,1.0,0.125,0.125,True,False,3,10,4,4,True,Naperville,IL,41.7728699,-88.1479278,onsite,0.0,0.0
94671385,98229611,9,8,personal,5,4,8.0,1664.0,17.93935914260717,0.4622222222222222,1.0,0.125,0.125,True,False,2,9,3,4,True,Birmingham,AL,33.5206824,-86.8024326,onsite,0.0,0.0
99766264,98229611,9,8,personal,5,4,8.0,1664.0,17.93935914260717,0.4622222222222222,1.0,0.125,0.125,True,False,2,9,3,4,True,Maryland Heights,MO,38.7150511,-90.435999,onsite,0.0,0.0
42270197,98908009,9,15,personal,5,4,8.0,1466.6,7.603843553646703,0.40738888888888886,1.0,0.125,0.125,True,False,2,9,3,4,True,San Antonio,TX,29.4246002,-98.4951405,onsite,0.0,0.0
42879523,98908009,9,15,personal,5,4,8.0,1466.6,7.603843553646703,0.40738888888888886,1.0,0.125,0.125,True,False,2,9,3,4,True,Spokane,WA,47.6571934,-117.42351,onsite,0.0,0.0
54887810,99067980,9,2,personal,5,4,8.0,2891.2,32.72053706354887,0.8031111111111111,1.0,0.125,0.125,True,False,3,10,3,4,True,Windsor,CA,38.5471327,-122.8163802,onsite,0.0,0.0
61662948,99067980,9,2,personal,5,4,8.0,2891.2,32.72053706354887,0.8031111111111111,1.0,0.125,0.125,True,False,3,10,3,4,True,Maryland Heights,MO,38.7150511,-90.435999,onsite,0.0,0.0
18336561,21868312,9,25,personal,4,3,8.0,13680.4,138.0957706991172,3.800111111111111,0.6,0.125,0.075,True,False,3,17,3,3,True,South Portland,ME,43.6382443,-70.2529189,onsite,0.4,0.05
19528221,21868312,9,25,personal,4,3,8.0,13680.4,138.0957706991172,3.800111111111111,0.6,0.125,0.075,True,False,3,17,3,3,True,Glendale,AZ,33.5386858,-112.185994,onsite,0.4,0.05
11226387,22816481,9,10,personal,4,3,8.0,5540.4,52.64132466396246,1.539,1.0,0.125,0.125,True,False,3,17,0,3,True,Hartford,CT,41.764582,-72.6908547,onsite,0.0,0.0
11350447,22816481,9,10,personal,4,3,8.0,5540.4,52.64132466396246,1.539,1.0,0.125,0.125,True,False,3,17,0,3,True,Centennial,CO,39.579155,-104.8769227,onsite,0.0,0.0
22440928,54359883,9,6,personal,4,3,8.0,3799.0,39.29452000318142,1.0552777777777778,1.0,0.125,0.125,True,False,4,18,3,3,True,Virtual,SC,34.1718723,-82.1564776,onsite,0.0,0.0
23354345,54359883,9,6,personal,4,3,8.0,3799.0,39.29452000318142,1.0552777777777778,1.0,0.125,0.125,True,False,4,18,3,3,True,Centennial,CO,39.579155,-104.8769227,onsite,0.0,0.0
12272594,58834864,9,4,personal,4,3,8.0,9160.4,101.0973415254911,2.5445555555555552,1.0,0.125,0.125,True,False,3,17,2,3,True,Alpharetta,GA,34.0755962,-84.2945964,onsite,0.0,0.0
10541914,58834864,9,4,personal,4,3,8.0,9160.4,101.0973415254911,2.5445555555555552,1.0,0.125,0.125,True,False,3,17,2,3,True,Overland Park,KS,38.9742502,-94.6851702,onsite,0.0,0.0
10615629,76058214,9,12,personal,4,3,8.0,9558.4,98.03360872504572,2.655111111111111,1.0,0.125,0.125,True,False,2,16,3,3,True,Virtual,SC,34.1718723,-82.1564776,onsite,0.0,0.0
10925596,76058214,9,12,personal,4,3,8.0,9558.4,98.03360872504572,2.655111111111111,1.0,0.125,0.125,True,False,2,16,3,3,True,Hartford,CT,41.764582,-72.6908547,onsite,0.0,0.0
72859063,10703530,9,7,personal,5,4,8.0,5003.4,56.30853316630876,1.3898333333333333,1.0,0.125,0.125,True,False,2,9,4,4,True,Richardson,TX,32.9481789,-96.7297206,onsite,0.0,0.0
10402032,12343114,9,0,personal,5,4,8.0,1948.2,17.3859659588006,0.5411666666666667,1.0,0.125,0.125,True,False,2,9,4,4,True,Richardson,TX,32.9481789,-96.7297206,onsite,0.0,0.0
34174328,12449108,9,17,personal,5,4,8.0,6643.6,63.49145987433389,1.8454444444444444,1.0,0.125,0.125,True,False,4,11,2,4,True,Alpharetta,GA,34.0755962,-84.2945964,onsite,0.0,0.0
50519688,17992581,9,13,personal,5,5,4.0,886.6,4.669853058140459,0.2462777777777778,1.0,0.25,0.25,True,False,3,10,5,5,True,Charlotte,NC,35.2272086,-80.8430827,onsite,0.0,0.0
83212066,18658831,9,7,personal,5,4,8.0,5673.6,70.32119919669132,1.576,1.0,0.125,0.125,True,False,2,9,0,4,True,Virtual,SC,34.1718723,-82.1564776,onsite,0.0,0.0
54636222,19727765,9,18,personal,5,4,8.0,10906.4,110.796697287839,3.0295555555555556,0.8,0.125,0.1,True,False,3,10,3,4,True,Orlando,FL,28.5421218,-81.379045,onsite,0.19999999999999996,0.024999999999999994
39267987,27243643,9,18,personal,5,4,8.0,8552.0,93.2517845780641,2.3755555555555556,1.0,0.125,0.125,True,False,4,11,1,4,True,Tampa,FL,27.9449854,-82.4583107,onsite,0.0,0.0
92680761,28507914,9,8,personal,5,4,8.0,1676.0,19.93657042869641,0.46555555555555556,1.0,0.125,0.125,True,False,3,10,4,4,True,Richardson,TX,32.9481789,-96.7297206,onsite,0.0,0.0
34336521,31691472,9,1,personal,5,5,4.0,6042.0,62.51665274795196,1.6783333333333332,1.0,0.25,0.25,True,False,2,9,5,5,True,Omaha,NE,41.2587459,-95.9383758,onsite,0.0,0.0
53820765,39331989,9,13,personal,5,5,4.0,2141.2,13.34717748349638,0.5947777777777777,1.0,0.25,0.25,True,False,3,10,5,5,True,Buffalo,NY,42.8864163,-78.8781493,onsite,0.0,0.0
59430808,39620107,9,29,personal,5,4,8.0,861.2,7.506785373419231,0.23922222222222222,1.0,0.125,0.125,True,False,5,12,2,4,True,Albany,NY,42.6511674,-73.754968,onsite,0.0,0.0
16485520,42102320,9,10,personal,5,4,8.0,3820.0,35.10386840849439,1.0611111111111111,1.0,0.125,0.125,True,False,3,10,4,4,True,Richardson,TX,32.9481789,-96.7297206,onsite,0.0,0.0
38397433,42102320,9,10,personal,5,4,8.0,3820.0,35.10386840849439,1.0611111111111111,1.0,0.125,0.125,True,False,3,10,3,4,True,Overland Park,KS,38.9742502,-94.6851702,onsite,0.0,0.0
45149910,45640997,9,7,personal,5,5,4.0,7599.4,94.14046965720193,2.1109444444444443,1.0,0.25,0.25,True,False,2,9,4,5,True,Houston,TX,29.7589382,-95.3676974,onsite,0.0,0.0
17932464,47468387,9,2,personal,5,5,4.0,4834.2,40.29579754235266,1.3428333333333333,1.0,0.25,0.25,True,False,4,11,4,5,True,White Plains,NY,41.0339862,-73.7629097,onsite,0.0,0.0
26130629,50933551,9,2,personal,5,5,4.0,2553.2,23.46533742941223,0.7092222222222222,1.0,0.25,0.25,True,False,3,10,4,5,True,Houston,TX,29.7589382,-95.3676974,onsite,0.0,0.0
68291074,50984520,9,15,personal,5,5,4.0,1466.6,7.603843553646703,0.40738888888888886,1.0,0.25,0.25,True,False,2,9,5,5,True,Naperville,IL,41.7728699,-88.1479278,onsite,0.0,0.0
96399702,58445260,9,9,personal,5,4,8.0,733.0,4.293177841406187,0.2036111111111111,1.0,0.125,0.125,True,False,3,10,4,4,True,Richmond,VA,37.5385087,-77.43428,onsite,0.0,0.0
69379844,58644811,9,3,personal,5,5,4.0,8031.8,92.08596794718842,2.231055555555556,1.0,0.25,0.25,True,False,5,12,5,5,True,Chantilly,VA,38.885219,-77.4486772,onsite,0.0,0.0
12272069,62800650,9,1,personal,5,4,8.0,8226.4,92.38869999204645,2.285111111111111,1.0,0.125,0.125,True,False,4,11,4,4,True,Naperville,IL,41.7728699,-88.1479278,onsite,0.0,0.0
23257451,67599722,9,10,personal,5,4,8.0,6268.2,67.72560745247753,1.7411666666666665,1.0,0.125,0.125,True,False,3,10,1,4,True,Edison,GA,31.5581741,-84.7381045,onsite,0.0,0.0
70853633,68884875,9,8,personal,5,5,4.0,2121.8,19.92053905193669,0.589388888888889,1.0,0.25,0.25,True,False,3,10,4,5,True,Saint Paul,MN,44.9497487,-93.0931028,onsite,0.0,0.0
34930040,70360438,9,17,personal,5,4,8.0,7380.6,78.50503062117235,2.0501666666666667,1.0,0.125,0.125,True,False,3,10,4,4,True,Rancho Cordova,CA,38.5890723,-121.302728,onsite,0.0,0.0
66643743,74536715,9,5,personal,5,5,4.0,12419.6,157.3008629603118,3.449888888888889,0.8,0.25,0.2,True,False,2,9,3,5,True,Chantilly,VA,38.885219,-77.4486772,onsite,0.19999999999999996,0.04999999999999999
81400507,74903311,9,3,personal,5,4,8.0,2421.0,22.80320428696413,0.6725,1.0,0.125,0.125,True,False,3,10,3,4,True,Maryland Heights,MO,38.7150511,-90.435999,onsite,0.0,0.0
55188485,75222772,9,13,personal,5,5,4.0,3169.6,30.42780163843156,0.8804444444444445,1.0,0.25,0.25,True,False,2,9,5,5,True,Washington,DC,38.8950982,-77.0363849,onsite,0.0,0.0
79478179,79359054,9,7,personal,5,5,4.0,9110.2,105.7568798218405,2.5306111111111114,1.0,0.25,0.25,True,False,3,10,3,5,True,Indianapolis,IN,39.7683331,-86.1583502,onsite,0.0,0.0
36916937,82539754,9,1,personal,5,5,4.0,2546.0,21.8650580609242,0.7072222222222222,1.0,0.25,0.25,True,False,4,11,5,5,True,New York,NY,40.7127281,-74.0060152,onsite,0.0,0.0
73968848,94662445,9,7,personal,5,4,8.0,6292.0,64.22219239640499,1.7477777777777779,1.0,0.125,0.125,True,False,3,10,4,4,True,Naperville,IL,41.7728699,-88.1479278,onsite,0.0,0.0
95771836,94662445,9,7,personal,5,5,4.0,6292.0,64.22219239640499,1.7477777777777779,1.0,0.25,0.25,True,False,3,10,5,5,True,Rochester,NY,43.157285,-77.615214,onsite,0.0,0.0
94472986,97750287,9,7,personal,5,4,8.0,4551.2,47.62524357750736,1.2642222222222221,1.0,0.125,0.125,True,False,3,10,2,4,True,Overland Park,KS,38.9742502,-94.6851702,onsite,0.0,0.0
55323900,99523059,9,13,personal,5,5,4.0,2120.6,15.06626302394019,0.5890555555555556,1.0,0.25,0.25,True,False,3,10,5,5,True,Chantilly,VA,38.885219,-77.4486772,onsite,0.0,0.0
16559402,46524537,9,25,personal,4,3,8.0,15730.4,168.1196810625945,4.369555555555555,0.3999999999999999,0.125,0.04999999999999999,True,False,3,17,0,3,True,Raleigh,NC,35.7803977,-78.6390989,onsite,0.6000000000000001,0.07500000000000001
25458542,52235288,9,6,personal,4,3,8.0,2916.8,30.9410542432196,0.8102222222222223,1.0,0.125,0.125,True,False,3,17,3,3,True,Buffalo,NY,42.8864163,-78.8781493,onsite,0.0,0.0
15922412,64404919,9,23,personal,4,3,8.0,10702.6,130.6716276942655,2.9729444444444444,1.0,0.125,0.125,True,False,3,17,3,3,True,Hartford,CT,41.764582,-72.6908547,onsite,0.0,0.0
10134858,82908253,9,16,personal,4,3,8.0,6713.6,81.34867374532729,1.864888888888889,1.0,0.125,0.125,True,False,4,18,1,3,True,New York,NY,40.7127281,-74.0060152,onsite,0.0,0.0
21204478,33047846,9,28,personal,2,3,0.4,10924.0,121.4123270102601,3.0344444444444445,0.8,2.5,2.0,True,False,2,30,3,3,True,Knoxville,TN,35.9603948,-83.9210261,onsite,0.19999999999999996,0.5
25351257,34101951,10,15,personal,5,4,8.0,7078.8,83.32662252445718,1.9663333333333335,1.0,0.125,0.125,True,False,3,10,4,4,True,Saint Paul,MN,44.9497487,-93.0931028,onsite,0.0,0.0
27096178,34101951,10,15,personal,5,4,8.0,7078.8,83.32662252445718,1.9663333333333335,1.0,0.125,0.125,True,False,3,10,4,4,True,Bedford,TX,32.844017,-97.1430671,onsite,0.0,0.0
27328743,34101951,10,15,personal,5,4,8.0,7078.8,83.32662252445718,1.9663333333333335,1.0,0.125,0.125,True,False,3,10,4,4,True,Buffalo,NY,42.8864163,-78.8781493,onsite,0.0,0.0
15483039,34353940,10,1,personal,5,4,8.0,6877.0,67.91599558577904,1.9102777777777777,1.0,0.125,0.125,True,False,3,10,4,4,True,Richardson,TX,32.9481789,-96.7297206,onsite,0.0,0.0
15688459,34353940,10,1,personal,5,4,8.0,6877.0,67.91599558577904,1.9102777777777777,1.0,0.125,0.125,True,False,3,10,4,4,True,Melville,LA,30.6929653,-91.744004,onsite,0.0,0.0
12272069,34353940,10,1,personal,5,4,8.0,6877.0,67.91599558577904,1.9102777777777777,1.0,0.125,0.125,True,False,3,10,4,4,True,Naperville,IL,41.7728699,-88.1479278,onsite,0.0,0.0
33113383,34364820,10,15,personal,5,4,8.0,1466.6,7.603843553646703,0.40738888888888886,1.0,0.125,0.125,True,False,3,10,4,4,True,Independence,MO,39.0924792,-94.4137923,onsite,0.0,0.0
33522459,34364820,10,15,personal,5,4,8.0,1466.6,7.603843553646703,0.40738888888888886,1.0,0.125,0.125,True,False,3,10,4,4,True,Knoxville,TN,35.9603948,-83.9210261,onsite,0.0,0.0
33914483,34364820,10,15,personal,5,4,8.0,1466.6,7.603843553646703,0.40738888888888886,1.0,0.125,0.125,True,False,3,10,4,4,True,Naperville,IL,41.7728699,-88.1479278,onsite,0.0,0.0
11091566,37086983,10,0,personal,5,5,4.0,2479.4,26.11884096874254,0.6887222222222222,1.0,0.25,0.25,True,False,3,10,5,5,True,Windsor,CA,38.5471327,-122.8163802,onsite,0.0,0.0
17566082,37086983,10,0,personal,5,5,4.0,2479.4,26.11884096874254,0.6887222222222222,1.0,0.25,0.25,True,False,3,10,5,5,True,Naperville,IL,41.7728699,-88.1479278,onsite,0.0,0.0
17597223,37086983,10,0,personal,5,5,4.0,2479.4,26.11884096874254,0.6887222222222222,1.0,0.25,0.25,True,False,3,10,5,5,True,Troy,MI,42.6055893,-83.1499304,onsite,0.0,0.0
41627842,50659826,10,13,personal,5,5,4.0,886.6,4.669853058140459,0.2462777777777778,1.0,0.25,0.25,True,False,3,10,5,5,True,Hartford,CT,41.764582,-72.6908547,onsite,0.0,0.0
44538039,50659826,10,13,personal,5,5,4.0,886.6,4.669853058140459,0.2462777777777778,1.0,0.25,0.25,True,False,3,10,5,5,True,Hamden,OH,39.1597938,-82.5268259,onsite,0.0,0.0
48417943,50659826,10,13,personal,5,5,4.0,886.6,4.669853058140459,0.2462777777777778,1.0,0.25,0.25,True,False,3,10,5,5,True,Virtual,SC,34.1718723,-82.1564776,onsite,0.0,0.0
22286102,64583244,10,1,personal,5,5,4.0,6877.0,67.91599558577904,1.9102777777777777,1.0,0.25,0.25,True,False,3,10,5,5,True,Melville,LA,30.6929653,-91.744004,onsite,0.0,0.0
24186729,64583244,10,1,personal,5,5,4.0,6877.0,67.91599558577904,1.9102777777777777,1.0,0.25,0.25,True,False,3,10,5,5,True,Richmond,VA,37.5385087,-77.43428,onsite,0.0,0.0
26862623,64583244,10,1,personal,5,5,4.0,6877.0,67.91599558577904,1.9102777777777777,1.0,0.25,0.25,True,False,3,10,5,5,True,Overland Park,KS,38.9742502,-94.6851702,onsite,0.0,0.0
99474654,64620323,10,9,personal,5,4,8.0,3281.0,36.98811441183489,0.9113888888888889,1.0,0.125,0.125,True,False,3,10,4,4,True,Richmond,VA,37.5385087,-77.43428,onsite,0.0,0.0
95664184,64620323,10,9,personal,5,4,8.0,3281.0,36.98811441183489,0.9113888888888889,1.0,0.125,0.125,True,False,3,10,4,4,True,Naperville,IL,41.7728699,-88.1479278,onsite,0.0,0.0
96399702,64620323,10,9,personal,5,4,8.0,3281.0,36.98811441183489,0.9113888888888889,1.0,0.125,0.125,True,False,3,10,4,4,True,Richmond,VA,37.5385087,-77.43428,onsite,0.0,0.0
45459060,69805960,10,2,personal,5,4,8.0,1303.8,12.21901594687028,0.36216666666666664,1.0,0.125,0.125,True,False,3,10,4,4,True,Rancho Cordova,CA,38.5890723,-121.302728,onsite,0.0,0.0
38497269,69805960,10,2,personal,5,4,8.0,1303.8,12.21901594687028,0.36216666666666664,1.0,0.125,0.125,True,False,3,10,4,4,True,Naperville,IL,41.7728699,-88.1479278,onsite,0.0,0.0
44914866,69805960,10,2,personal,5,4,8.0,1303.8,12.21901594687028,0.36216666666666664,1.0,0.125,0.125,True,False,3,10,4,4,True,West Bridgewater,MA,42.0190922,-71.0079688,onsite,0.0,0.0
59321509,82408034,10,15,personal,5,5,4.0,1980.2,14.28743637158992,0.5500555555555555,1.0,0.25,0.25,True,False,3,10,5,5,True,Brookfield,WI,43.0615578,-88.1260678,onsite,0.0,0.0
63175059,82408034,10,15,personal,5,5,4.0,1980.2,14.28743637158992,0.5500555555555555,1.0,0.25,0.25,True,False,3,10,5,5,True,Naperville,IL,41.7728699,-88.1479278,onsite,0.0,0.0
63418508,82408034,10,15,personal,5,5,4.0,1980.2,14.28743637158992,0.5500555555555555,1.0,0.25,0.25,True,False,3,10,5,5,True,Melville,LA,30.6929653,-91.744004,onsite,0.0,0.0
63932904,86519548,10,3,personal,5,4,8.0,8031.8,92.08596794718842,2.231055555555556,1.0,0.125,0.125,True,False,5,12,3,4,True,Buffalo,NY,42.8864163,-78.8781493,onsite,0.0,0.0
70275620,86519548,10,3,personal,5,4,8.0,8031.8,92.08596794718842,2.231055555555556,1.0,0.125,0.125,True,False,5,12,3,4,True,Hartford,CT,41.764582,-72.6908547,onsite,0.0,0.0
81396769,86519548,10,3,personal,5,4,8.0,8031.8,92.08596794718842,2.231055555555556,1.0,0.125,0.125,True,False,5,12,3,4,True,Maryland Heights,MO,38.7150511,-90.435999,onsite,0.0,0.0
30721082,11689329,10,1,personal,5,5,4.0,5798.8,51.22049729579257,1.6107777777777779,1.0,0.25,0.25,True,False,3,10,5,5,True,Richardson,TX,32.9481789,-96.7297206,onsite,0.0,0.0
34336521,11689329,10,1,personal,5,5,4.0,5798.8,51.22049729579257,1.6107777777777779,1.0,0.25,0.25,True,False,3,10,5,5,True,Omaha,NE,41.2587459,-95.9383758,onsite,0.0,0.0
85342366,11851998,10,8,personal,5,4,8.0,1664.0,17.93935914260717,0.4622222222222222,1.0,0.125,0.125,True,False,3,10,4,4,True,Richardson,TX,32.9481789,-96.7297206,onsite,0.0,0.0
85598668,11851998,10,8,personal,5,4,8.0,1664.0,17.93935914260717,0.4622222222222222,1.0,0.125,0.125,True,False,3,10,4,4,True,Hunt Valley,MD,39.4962709,-76.6542571,onsite,0.0,0.0
35386202,13124031,10,19,personal,5,4,8.0,8763.4,112.3968523820886,2.4342777777777775,1.0,0.125,0.125,True,False,7,14,4,4,True,Phoenix,AZ,33.4484367,-112.074141,onsite,0.0,0.0
38211857,13124031,10,19,personal,5,4,8.0,8763.4,112.3968523820886,2.4342777777777775,1.0,0.125,0.125,True,False,7,14,4,4,True,San Antonio,TX,29.4246002,-98.4951405,onsite,0.0,0.0
17621023,15400518,10,0,personal,5,4,8.0,1948.2,17.3859659588006,0.5411666666666667,1.0,0.125,0.125,True,False,3,10,3,4,True,Alpharetta,GA,34.0755962,-84.2945964,onsite,0.0,0.0
18407947,15400518,10,0,personal,5,4,8.0,1948.2,17.3859659588006,0.5411666666666667,1.0,0.125,0.125,True,False,3,10,3,4,True,Oklahoma City,OK,35.4729886,-97.5170536,onsite,0.0,0.0
85893734,16490446,10,8,personal,5,4,8.0,1147.2,11.78815716217291,0.31866666666666665,1.0,0.125,0.125,True,False,3,10,4,4,True,Centennial,CO,39.579155,-104.8769227,onsite,0.0,0.0
90406456,16490446,10,8,personal,5,4,8.0,1147.2,11.78815716217291,0.31866666666666665,1.0,0.125,0.125,True,False,3,10,4,4,True,Albuquerque,NM,35.0841034,-106.650985,onsite,0.0,0.0
50519688,17992581,10,13,personal,5,5,4.0,886.6,4.669853058140459,0.2462777777777778,1.0,0.25,0.25,True,False,3,10,5,5,True,Charlotte,NC,35.2272086,-80.8430827,onsite,0.0,0.0
53820765,17992581,10,13,personal,5,5,4.0,886.6,4.669853058140459,0.2462777777777778,1.0,0.25,0.25,True,False,3,10,5,5,True,Buffalo,NY,42.8864163,-78.8781493,onsite,0.0,0.0
17932464,50933551,10,2,personal,5,5,4.0,2553.2,23.46533742941223,0.7092222222222222,1.0,0.25,0.25,True,False,3,10,4,5,True,White Plains,NY,41.0339862,-73.7629097,onsite,0.0,0.0
26130629,50933551,10,2,personal,5,5,4.0,2553.2,23.46533742941223,0.7092222222222222,1.0,0.25,0.25,True,False,3,10,4,5,True,Houston,TX,29.7589382,-95.3676974,onsite,0.0,0.0
78272027,54794966,10,6,personal,5,4,8.0,6451.6,62.13537938439513,1.7921111111111112,1.0,0.125,0.125,True,False,3,10,2,4,True,Overland Park,KS,38.9742502,-94.6851702,onsite,0.0,0.0
89117598,54794966,10,6,personal,5,4,8.0,6451.6,62.13537938439513,1.7921111111111112,1.0,0.125,0.125,True,False,3,10,2,4,True,Syracuse,NY,43.0481221,-76.1474244,onsite,0.0,0.0
52192658,78257789,10,6,personal,5,4,8.0,4452.0,42.64619621410959,1.2366666666666666,1.0,0.125,0.125,True,False,6,13,4,4,True,Albuquerque,NM,35.0841034,-106.650985,onsite,0.0,0.0
61927589,78257789,10,6,personal,5,4,8.0,4452.0,42.64619621410959,1.2366666666666666,1.0,0.125,0.125,True,False,6,13,4,4,True,Franklin,TN,35.925206,-86.8689419,onsite,0.0,0.0
11788873,79215234,10,0,personal,5,4,8.0,1948.2,17.3859659588006,0.5411666666666667,1.0,0.125,0.125,True,False,3,10,2,4,True,Richardson,TX,32.9481789,-96.7297206,onsite,0.0,0.0
22143269,79215234,10,0,personal,5,4,8.0,1948.2,17.3859659588006,0.5411666666666667,1.0,0.125,0.125,True,False,3,10,2,4,True,Brookfield,WI,43.0615578,-88.1260678,onsite,0.0,0.0
88856717,79359054,10,7,personal,5,4,8.0,9110.2,105.7568798218405,2.5306111111111114,1.0,0.125,0.125,True,False,3,10,3,4,True,Charlotte,NC,35.2272086,-80.8430827,onsite,0.0,0.0
90334978,79359054,10,7,personal,5,4,8.0,9110.2,105.7568798218405,2.5306111111111114,1.0,0.125,0.125,True,False,3,10,3,4,True,Franklin,TN,35.925206,-86.8689419,onsite,0.0,0.0
33519700,80534914,10,10,personal,5,4,8.0,1998.2,16.86239859222143,0.5550555555555555,1.0,0.125,0.125,True,False,4,11,3,4,True,Flowood,MS,32.3092861,-90.1386811,onsite,0.0,0.0
37113544,80534914,10,10,personal,5,4,8.0,1998.2,16.86239859222143,0.5550555555555555,1.0,0.125,0.125,True,False,4,11,3,4,True,Overland Park,KS,38.9742502,-94.6851702,onsite,0.0,0.0
42270197,81276423,10,15,personal,5,4,8.0,1980.2,14.28743637158992,0.5500555555555555,1.0,0.125,0.125,True,False,3,10,3,4,True,San Antonio,TX,29.4246002,-98.4951405,onsite,0.0,0.0
42879523,81276423,10,15,personal,5,4,8.0,1980.2,14.28743637158992,0.5500555555555555,1.0,0.125,0.125,True,False,3,10,3,4,True,Spokane,WA,47.6571934,-117.42351,onsite,0.0,0.0
82687551,82473832,10,6,personal,5,4,8.0,850.4,7.55102700230653,0.23622222222222222,1.0,0.125,0.125,True,False,5,12,3,4,True,Walnut Creek,CA,37.9020731,-122.0618702,onsite,0.0,0.0
84568374,82473832,10,6,personal,5,4,8.0,850.4,7.55102700230653,0.23622222222222222,1.0,0.125,0.125,True,False,5,12,3,4,True,Houston,TX,29.7589382,-95.3676974,onsite,0.0,0.0
84017238,83834084,10,5,personal,5,5,4.0,6628.0,70.5429044380816,1.8411111111111111,1.0,0.25,0.25,True,False,3,10,5,5,True,Rochester,NY,43.157285,-77.615214,onsite,0.0,0.0
93750751,83834084,10,5,personal,5,5,4.0,6628.0,70.5429044380816,1.8411111111111111,1.0,0.25,0.25,True,False,3,10,5,5,True,Chantilly,VA,38.885219,-77.4486772,onsite,0.0,0.0
54887810,87179753,10,2,personal,5,4,8.0,2288.4,23.35386343752485,0.6356666666666667,1.0,0.125,0.125,True,False,4,11,3,4,True,Windsor,CA,38.5471327,-122.8163802,onsite,0.0,0.0
61662948,87179753,10,2,personal,5,4,8.0,2288.4,23.35386343752485,0.6356666666666667,1.0,0.125,0.125,True,False,4,11,3,4,True,Maryland Heights,MO,38.7150511,-90.435999,onsite,0.0,0.0
72859063,88494322,10,7,personal,5,4,8.0,4282.0,48.03410582199952,1.1894444444444445,1.0,0.125,0.125,True,False,3,10,4,4,True,Richardson,TX,32.9481789,-96.7297206,onsite,0.0,0.0
73968848,88494322,10,7,personal,5,4,8.0,4282.0,48.03410582199952,1.1894444444444445,1.0,0.125,0.125,True,False,3,10,4,4,True,Naperville,IL,41.7728699,-88.1479278,onsite,0.0,0.0
56083320,92071903,10,3,personal,5,4,8.0,5734.8,80.26152270738885,1.593,1.0,0.125,0.125,True,False,3,10,1,4,True,Marlton,NJ,39.9005585,-74.9338911,onsite,0.0,0.0
95561381,92071903,10,3,personal,5,4,8.0,5734.8,80.26152270738885,1.593,1.0,0.125,0.125,True,False,3,10,1,4,True,Boston,MA,42.3588336,-71.0578303,onsite,0.0,0.0
31104564,97541237,10,1,personal,5,4,8.0,1200.2,10.71890161457091,0.3333888888888889,1.0,0.125,0.125,True,False,3,10,3,4,True,Alpharetta,GA,34.0755962,-84.2945964,onsite,0.0,0.0
30456597,97541237,10,1,personal,5,4,8.0,1200.2,10.71890161457091,0.3333888888888889,1.0,0.125,0.125,True,False,3,10,3,4,True,Memphis,TN,35.1460249,-90.0517638,onsite,0.0,0.0
17897712,99523059,10,13,personal,5,4,8.0,2120.6,15.06626302394019,0.5890555555555556,1.0,0.125,0.125,True,False,3,10,4,4,True,Richmond,VA,37.5385087,-77.43428,onsite,0.0,0.0
20682406,99523059,10,13,personal,5,4,8.0,2120.6,15.06626302394019,0.5890555555555556,1.0,0.125,0.125,True,False,3,10,4,4,True,Chantilly,VA,38.885219,-77.4486772,onsite,0.0,0.0
49546630,14256954,10,17,personal,4,4,1.333,4754.2,40.77027658474508,1.320611111111111,1.0,0.7501875468867217,0.7501875468867217,True,False,3,17,3,4,True,Alpharetta,GA,34.0755962,-84.2945964,onsite,0.0,0.0
54333554,14256954,10,17,personal,4,4,1.333,4754.2,40.77027658474508,1.320611111111111,1.0,0.7501875468867217,0.7501875468867217,True,False,3,17,3,4,True,Naperville,IL,41.7728699,-88.1479278,onsite,0.0,0.0
10615629,45819546,10,12,personal,4,3,8.0,3740.4,30.19789429730375,1.039,1.0,0.125,0.125,True,False,4,18,3,3,True,Virtual,SC,34.1718723,-82.1564776,onsite,0.0,0.0
10925596,45819546,10,12,personal,4,3,8.0,3740.4,30.19789429730375,1.039,1.0,0.125,0.125,True,False,4,18,3,3,True,Hartford,CT,41.764582,-72.6908547,onsite,0.0,0.0
18336561,46524537,10,25,personal,4,3,8.0,15730.4,168.1196810625945,4.369555555555555,0.3999999999999999,0.125,0.04999999999999999,True,False,3,17,3,3,True,South Portland,ME,43.6382443,-70.2529189,onsite,0.6000000000000001,0.07500000000000001
19528221,46524537,10,25,personal,4,3,8.0,15730.4,168.1196810625945,4.369555555555555,0.3999999999999999,0.125,0.04999999999999999,True,False,3,17,3,3,True,Glendale,AZ,33.5386858,-112.185994,onsite,0.6000000000000001,0.07500000000000001
22440928,47555912,10,6,personal,4,3,8.0,2175.4,24.32668217609162,0.6042777777777778,1.0,0.125,0.125,True,False,4,18,3,3,True,Virtual,SC,34.1718723,-82.1564776,onsite,0.0,0.0
23354345,47555912,10,6,personal,4,3,8.0,2175.4,24.32668217609162,0.6042777777777778,1.0,0.125,0.125,True,False,4,18,3,3,True,Centennial,CO,39.579155,-104.8769227,onsite,0.0,0.0
79478179,10771991,10,7,personal,5,5,4.0,4282.0,48.03410582199952,1.1894444444444445,1.0,0.25,0.25,True,False,3,10,3,5,True,Indianapolis,IN,39.7683331,-86.1583502,onsite,0.0,0.0
34174328,12449108,10,17,personal,5,4,8.0,6643.6,63.49145987433389,1.8454444444444444,1.0,0.125,0.125,True,False,4,11,2,4,True,Alpharetta,GA,34.0755962,-84.2945964,onsite,0.0,0.0
69379844,12868813,10,3,personal,5,5,4.0,12008.4,135.8272687504971,3.3356666666666666,0.8,0.25,0.2,True,False,4,11,5,5,True,Chantilly,VA,38.885219,-77.4486772,onsite,0.19999999999999996,0.04999999999999999
94671385,16490446,10,8,personal,5,4,8.0,1147.2,11.78815716217291,0.31866666666666665,1.0,0.125,0.125,True,False,3,10,3,4,True,Birmingham,AL,33.5206824,-86.8024326,onsite,0.0,0.0
54636222,19727765,10,18,personal,5,4,8.0,10906.4,110.796697287839,3.0295555555555556,0.8,0.125,0.1,True,False,3,10,3,4,True,Orlando,FL,28.5421218,-81.379045,onsite,0.19999999999999996,0.024999999999999994
55188485,24114873,10,13,personal,5,5,4.0,3202.0,20.99625685993796,0.8894444444444445,1.0,0.25,0.25,True,False,3,10,5,5,True,Washington,DC,38.8950982,-77.0363849,onsite,0.0,0.0
39267987,27243643,10,18,personal,5,4,8.0,8552.0,93.2517845780641,2.3755555555555556,1.0,0.125,0.125,True,False,4,11,1,4,True,Tampa,FL,27.9449854,-82.4583107,onsite,0.0,0.0
92680761,28507914,10,8,personal,5,4,8.0,1676.0,19.93657042869641,0.46555555555555556,1.0,0.125,0.125,True,False,3,10,4,4,True,Richardson,TX,32.9481789,-96.7297206,onsite,0.0,0.0
94472986,39086722,10,7,personal,5,4,8.0,2031.8,20.74435297860495,0.5643888888888888,1.0,0.125,0.125,True,False,5,12,2,4,True,Overland Park,KS,38.9742502,-94.6851702,onsite,0.0,0.0
45149910,39086722,10,7,personal,5,5,4.0,2031.8,20.74435297860495,0.5643888888888888,1.0,0.25,0.25,True,False,5,12,4,5,True,Houston,TX,29.7589382,-95.3676974,onsite,0.0,0.0
59430808,39620107,10,29,personal,5,4,8.0,861.2,7.506785373419231,0.23922222222222222,1.0,0.125,0.125,True,False,5,12,2,4,True,Albany,NY,42.6511674,-73.754968,onsite,0.0,0.0
16485520,42102320,10,10,personal,5,4,8.0,3820.0,35.10386840849439,1.0611111111111111,1.0,0.125,0.125,True,False,3,10,4,4,True,Richardson,TX,32.9481789,-96.7297206,onsite,0.0,0.0
55323900,54254268,10,13,personal,5,5,4.0,6612.2,74.67415294679074,1.8367222222222221,1.0,0.25,0.25,True,False,3,10,5,5,True,Chantilly,VA,38.885219,-77.4486772,onsite,0.0,0.0
36916937,60307932,10,1,personal,5,5,4.0,1319.4,10.31712300167024,0.36650000000000005,1.0,0.25,0.25,True,False,3,10,5,5,True,New York,NY,40.7127281,-74.0060152,onsite,0.0,0.0
10402032,63533246,10,0,business,5,4,8.0,2479.4,26.11884096874254,0.6887222222222222,1.0,0.125,0.125,True,False,3,10,4,4,True,Richardson,TX,32.9481789,-96.7297206,onsite,0.0,0.0
81400507,66367478,10,3,personal,5,4,8.0,3580.8,42.00991211325857,0.9946666666666667,1.0,0.125,0.125,True,False,5,12,3,4,True,Maryland Heights,MO,38.7150511,-90.435999,onsite,0.0,0.0
99766264,68884875,10,8,personal,5,4,8.0,2121.8,19.92053905193669,0.589388888888889,1.0,0.125,0.125,True,False,3,10,3,4,True,Maryland Heights,MO,38.7150511,-90.435999,onsite,0.0,0.0
34930040,70360438,10,17,personal,5,4,8.0,7380.6,78.50503062117235,2.0501666666666667,1.0,0.125,0.125,True,False,3,10,4,4,True,Rancho Cordova,CA,38.5890723,-121.302728,onsite,0.0,0.0
49267899,74903311,10,3,personal,5,4,8.0,2421.0,22.80320428696413,0.6725,1.0,0.125,0.125,True,False,3,10,4,4,True,Phoenix,AZ,33.4484367,-112.074141,onsite,0.0,0.0
68291074,81276423,10,15,personal,5,5,4.0,1980.2,14.28743637158992,0.5500555555555555,1.0,0.25,0.25,True,False,3,10,5,5,True,Naperville,IL,41.7728699,-88.1479278,onsite,0.0,0.0
93222266,84730110,10,6,personal,5,4,8.0,3837.8,44.07323729420186,1.0660555555555555,1.0,0.125,0.125,True,False,3,10,2,4,True,Richmond,VA,37.5385087,-77.43428,onsite,0.0,0.0
95870867,85132818,10,8,personal,5,5,4.0,2290.2,22.939533126541,0.6361666666666667,1.0,0.25,0.25,True,False,4,11,5,5,True,Virtual,SC,34.1718723,-82.1564776,onsite,0.0,0.0
38397433,86777142,10,10,personal,5,4,8.0,5235.2,56.78263938598585,1.454222222222222,1.0,0.125,0.125,True,False,3,10,3,4,True,Overland Park,KS,38.9742502,-94.6851702,onsite,0.0,0.0
23257451,86777142,10,10,personal,5,4,8.0,5235.2,56.78263938598585,1.454222222222222,1.0,0.125,0.125,True,False,3,10,1,4,True,Edison,GA,31.5581741,-84.7381045,onsite,0.0,0.0
66643743,91633982,10,5,personal,5,5,4.0,7234.0,99.68471625705877,2.0094444444444446,1.0,0.25,0.25,True,False,3,10,3,5,True,Chantilly,VA,38.885219,-77.4486772,onsite,0.0,0.0
83212066,93524977,10,7,personal,5,4,8.0,6738.6,81.91287878787878,1.8718333333333335,1.0,0.125,0.125,True,False,4,11,0,4,True,Virtual,SC,34.1718723,-82.1564776,onsite,0.0,0.0
97120688,94835245,10,8,personal,5,5,4.0,1664.0,17.93935914260717,0.4622222222222222,1.0,0.25,0.25,True,False,3,10,5,5,True,Naperville,IL,41.7728699,-88.1479278,onsite,0.0,0.0
70853633,94835245,10,8,personal,5,5,4.0,1664.0,17.93935914260717,0.4622222222222222,1.0,0.25,0.25,True,False,3,10,4,5,True,Saint Paul,MN,44.9497487,-93.0931028,onsite,0.0,0.0
12272594,19528147,10,4,personal,4,3,8.0,11710.4,138.7135379384395,3.2528888888888887,0.8,0.125,0.1,True,False,5,19,2,3,True,Alpharetta,GA,34.0755962,-84.2945964,onsite,0.19999999999999996,0.024999999999999994
16559402,21868312,10,25,personal,4,3,8.0,13680.4,138.0957706991172,3.800111111111111,0.6,0.125,0.075,True,False,3,17,0,3,True,Raleigh,NC,35.7803977,-78.6390989,onsite,0.4,0.05
15922412,64404919,10,23,personal,4,3,8.0,10702.6,130.6716276942655,2.9729444444444444,1.0,0.125,0.125,True,False,3,17,3,3,True,Hartford,CT,41.764582,-72.6908547,onsite,0.0,0.0
10134858,82908253,10,16,personal,4,3,8.0,6713.6,81.34867374532729,1.864888888888889,1.0,0.125,0.125,True,False,4,18,1,3,True,New York,NY,40.7127281,-74.0060152,onsite,0.0,0.0
25458542,87305335,10,6,personal,4,3,8.0,2216.6,21.70027042074286,0.6157222222222222,1.0,0.125,0.125,True,False,3,17,3,3,True,Buffalo,NY,42.8864163,-78.8781493,onsite,0.0,0.0
14343602,88878361,10,17,personal,4,3,8.0,10248.6,101.5954326731886,2.8468333333333335,1.0,0.125,0.125,True,False,3,17,0,3,True,Naperville,IL,41.7728699,-88.1479278,onsite,0.0,0.0
11355772,27390118,10,14,business,3,3,0.5,14396.4,121.9893322993717,3.999,0.6,2.0,1.2,True,False,3,24,3,3,True,Diamond Bar,CA,34.0286226,-117.8103367,onsite,0.4,0.8
10541914,39971385,10,4,personal,3,3,0.5,9502.0,86.28944464328322,2.6394444444444445,1.0,2.0,2.0,True,False,5,26,2,3,True,Overland Park,KS,38.9742502,-94.6851702,onsite,0.0,0.0
41627842,11479317,11,13,personal,5,5,4.0,13991.8,168.0774278215223,3.886611111111111,0.6,0.25,0.15,True,False,5,12,5,5,True,Hartford,CT,41.764582,-72.6908547,onsite,0.4,0.1
44538039,11479317,11,13,personal,5,5,4.0,13991.8,168.0774278215223,3.886611111111111,0.6,0.25,0.15,True,False,5,12,5,5,True,Hamden,OH,39.1597938,-82.5268259,onsite,0.4,0.1
48417943,11479317,11,13,personal,5,5,4.0,13991.8,168.0774278215223,3.886611111111111,0.6,0.25,0.15,True,False,5,12,5,5,True,Virtual,SC,34.1718723,-82.1564776,onsite,0.4,0.1
50519688,13109340,11,13,personal,5,5,4.0,8720.2,87.00924103237094,2.422277777777778,1.0,0.25,0.25,True,False,4,11,5,5,True,Charlotte,NC,35.2272086,-80.8430827,onsite,0.0,0.0
53820765,13109340,11,13,personal,5,5,4.0,8720.2,87.00924103237094,2.422277777777778,1.0,0.25,0.25,True,False,4,11,5,5,True,Buffalo,NY,42.8864163,-78.8781493,onsite,0.0,0.0
55188485,13109340,11,13,personal,5,5,4.0,8720.2,87.00924103237094,2.422277777777778,1.0,0.25,0.25,True,False,4,11,5,5,True,Washington,DC,38.8950982,-77.0363849,onsite,0.0,0.0
11091566,38491260,11,0,personal,5,5,4.0,916.6,7.054551419708901,0.2546111111111111,1.0,0.25,0.25,True,False,4,11,5,5,True,Windsor,CA,38.5471327,-122.8163802,onsite,0.0,0.0
17566082,38491260,11,0,personal,5,5,4.0,916.6,7.054551419708901,0.2546111111111111,1.0,0.25,0.25,True,False,4,11,5,5,True,Naperville,IL,41.7728699,-88.1479278,onsite,0.0,0.0
17597223,38491260,11,0,personal,5,5,4.0,916.6,7.054551419708901,0.2546111111111111,1.0,0.25,0.25,True,False,4,11,5,5,True,Troy,MI,42.6055893,-83.1499304,onsite,0.0,0.0
99474654,54214608,11,9,personal,5,4,8.0,11291.8,143.9515728147618,3.136611111111111,0.8,0.125,0.1,True,False,9,16,4,4,True,Richmond,VA,37.5385087,-77.43428,onsite,0.19999999999999996,0.024999999999999994
95664184,54214608,11,9,personal,5,4,8.0,11291.8,143.9515728147618,3.136611111111111,0.8,0.125,0.1,True,False,9,16,4,4,True,Naperville,IL,41.7728699,-88.1479278,onsite,0.19999999999999996,0.024999999999999994
96399702,54214608,11,9,personal,5,4,8.0,11291.8,143.9515728147618,3.136611111111111,0.8,0.125,0.1,True,False,9,16,4,4,True,Richmond,VA,37.5385087,-77.43428,onsite,0.19999999999999996,0.024999999999999994
15483039,62800650,11,1,personal,5,4,8.0,8226.4,92.38869999204645,2.285111111111111,1.0,0.125,0.125,True,False,4,11,4,4,True,Richardson,TX,32.9481789,-96.7297206,onsite,0.0,0.0
15688459,62800650,11,1,personal,5,4,8.0,8226.4,92.38869999204645,2.285111111111111,1.0,0.125,0.125,True,False,4,11,4,4,True,Melville,LA,30.6929653,-91.744004,onsite,0.0,0.0
12272069,62800650,11,1,personal,5,4,8.0,8226.4,92.38869999204645,2.285111111111111,1.0,0.125,0.125,True,False,4,11,4,4,True,Naperville,IL,41.7728699,-88.1479278,onsite,0.0,0.0
22286102,62889091,11,1,personal,5,5,4.0,9227.2,89.87189811500834,2.563111111111111,1.0,0.25,0.25,True,False,4,11,5,5,True,Melville,LA,30.6929653,-91.744004,onsite,0.0,0.0
24186729,62889091,11,1,personal,5,5,4.0,9227.2,89.87189811500834,2.563111111111111,1.0,0.25,0.25,True,False,4,11,5,5,True,Richmond,VA,37.5385087,-77.43428,onsite,0.0,0.0
26862623,62889091,11,1,personal,5,5,4.0,9227.2,89.87189811500834,2.563111111111111,1.0,0.25,0.25,True,False,4,11,5,5,True,Overland Park,KS,38.9742502,-94.6851702,onsite,0.0,0.0
63932904,66367478,11,3,personal,5,4,8.0,3580.8,42.00991211325857,0.9946666666666667,1.0,0.125,0.125,True,False,5,12,3,4,True,Buffalo,NY,42.8864163,-78.8781493,onsite,0.0,0.0
70275620,66367478,11,3,personal,5,4,8.0,3580.8,42.00991211325857,0.9946666666666667,1.0,0.125,0.125,True,False,5,12,3,4,True,Hartford,CT,41.764582,-72.6908547,onsite,0.0,0.0
81396769,66367478,11,3,personal,5,4,8.0,3580.8,42.00991211325857,0.9946666666666667,1.0,0.125,0.125,True,False,5,12,3,4,True,Maryland Heights,MO,38.7150511,-90.435999,onsite,0.0,0.0
45459060,77004428,11,2,business,5,4,8.0,5529.2,68.17200051698083,1.5358888888888889,1.0,0.125,0.125,True,False,4,11,4,4,True,Rancho Cordova,CA,38.5890723,-121.302728,onsite,0.0,0.0
38497269,77004428,11,2,business,5,4,8.0,5529.2,68.17200051698083,1.5358888888888889,1.0,0.125,0.125,True,False,4,11,4,4,True,Naperville,IL,41.7728699,-88.1479278,onsite,0.0,0.0
44914866,77004428,11,2,business,5,4,8.0,5529.2,68.17200051698083,1.5358888888888889,1.0,0.125,0.125,True,False,4,11,4,4,True,West Bridgewater,MA,42.0190922,-71.0079688,onsite,0.0,0.0
30721082,82539754,11,1,personal,5,5,4.0,2546.0,21.8650580609242,0.7072222222222222,1.0,0.25,0.25,True,False,4,11,5,5,True,Richardson,TX,32.9481789,-96.7297206,onsite,0.0,0.0
34336521,82539754,11,1,personal,5,5,4.0,2546.0,21.8650580609242,0.7072222222222222,1.0,0.25,0.25,True,False,4,11,5,5,True,Omaha,NE,41.2587459,-95.9383758,onsite,0.0,0.0
36916937,82539754,11,1,personal,5,5,4.0,2546.0,21.8650580609242,0.7072222222222222,1.0,0.25,0.25,True,False,4,11,5,5,True,New York,NY,40.7127281,-74.0060152,onsite,0.0,0.0
59321509,97932087,11,15,personal,5,5,4.0,1466.6,7.603843553646703,0.40738888888888886,1.0,0.25,0.25,True,False,6,13,5,5,True,Brookfield,WI,43.0615578,-88.1260678,onsite,0.0,0.0
63175059,97932087,11,15,personal,5,5,4.0,1466.6,7.603843553646703,0.40738888888888886,1.0,0.25,0.25,True,False,6,13,5,5,True,Naperville,IL,41.7728699,-88.1479278,onsite,0.0,0.0
63418508,97932087,11,15,personal,5,5,4.0,1466.6,7.603843553646703,0.40738888888888886,1.0,0.25,0.25,True,False,6,13,5,5,True,Melville,LA,30.6929653,-91.744004,onsite,0.0,0.0
17897712,12102960,11,13,personal,5,4,8.0,4923.2,44.50198341684562,1.3675555555555554,1.0,0.125,0.125,True,False,4,11,4,4,True,Richmond,VA,37.5385087,-77.43428,onsite,0.0,0.0
20682406,12102960,11,13,personal,5,4,8.0,4923.2,44.50198341684562,1.3675555555555554,1.0,0.125,0.125,True,False,4,11,4,4,True,Chantilly,VA,38.885219,-77.4486772,onsite,0.0,0.0
56083320,12868813,11,3,personal,5,4,8.0,12008.4,135.8272687504971,3.3356666666666666,0.8,0.125,0.1,True,False,4,11,1,4,True,Marlton,NJ,39.9005585,-74.9338911,onsite,0.19999999999999996,0.024999999999999994
95561381,12868813,11,3,personal,5,4,8.0,12008.4,135.8272687504971,3.3356666666666666,0.8,0.125,0.1,True,False,4,11,1,4,True,Boston,MA,42.3588336,-71.0578303,onsite,0.19999999999999996,0.024999999999999994
35386202,13124031,11,19,personal,5,4,8.0,8763.4,112.3968523820886,2.4342777777777775,1.0,0.125,0.125,True,False,7,14,4,4,True,Phoenix,AZ,33.4484367,-112.074141,onsite,0.0,0.0
38211857,13124031,11,19,personal,5,4,8.0,8763.4,112.3968523820886,2.4342777777777775,1.0,0.125,0.125,True,False,7,14,4,4,True,San Antonio,TX,29.4246002,-98.4951405,onsite,0.0,0.0
88856717,39086722,11,7,personal,5,4,8.0,2031.8,20.74435297860495,0.5643888888888888,1.0,0.125,0.125,True,False,5,12,3,4,True,Charlotte,NC,35.2272086,-80.8430827,onsite,0.0,0.0
90334978,39086722,11,7,personal,5,4,8.0,2031.8,20.74435297860495,0.5643888888888888,1.0,0.125,0.125,True,False,5,12,3,4,True,Franklin,TN,35.925206,-86.8689419,onsite,0.0,0.0
78272027,44564234,11,6,personal,5,4,8.0,5399.2,64.50267935258093,1.4997777777777777,1.0,0.125,0.125,True,False,4,11,2,4,True,Overland Park,KS,38.9742502,-94.6851702,onsite,0.0,0.0
89117598,44564234,11,6,personal,5,4,8.0,5399.2,64.50267935258093,1.4997777777777777,1.0,0.125,0.125,True,False,4,11,2,4,True,Syracuse,NY,43.0481221,-76.1474244,onsite,0.0,0.0
17932464,47468387,11,2,personal,5,5,4.0,4834.2,40.29579754235266,1.3428333333333333,1.0,0.25,0.25,True,False,4,11,4,5,True,White Plains,NY,41.0339862,-73.7629097,onsite,0.0,0.0
26130629,47468387,11,2,personal,5,5,4.0,4834.2,40.29579754235266,1.3428333333333333,1.0,0.25,0.25,True,False,4,11,4,5,True,Houston,TX,29.7589382,-95.3676974,onsite,0.0,0.0
82687551,60167696,11,6,personal,5,4,8.0,6599.2,77.47554282987353,1.8331111111111111,1.0,0.125,0.125,True,False,4,11,3,4,True,Walnut Creek,CA,37.9020731,-122.0618702,onsite,0.0,0.0
84568374,60167696,11,6,personal,5,4,8.0,6599.2,77.47554282987353,1.8331111111111111,1.0,0.125,0.125,True,False,4,11,3,4,True,Houston,TX,29.7589382,-95.3676974,onsite,0.0,0.0
84017238,60766474,11,5,personal,5,5,4.0,10001.0,129.5719249582438,2.7780555555555555,1.0,0.25,0.25,True,False,4,11,5,5,True,Rochester,NY,43.157285,-77.615214,onsite,0.0,0.0
93750751,60766474,11,5,personal,5,5,4.0,10001.0,129.5719249582438,2.7780555555555555,1.0,0.25,0.25,True,False,4,11,5,5,True,Chantilly,VA,38.885219,-77.4486772,onsite,0.0,0.0
49546630,66217422,11,17,personal,5,4,8.0,3141.4,31.99477551101567,0.8726111111111111,1.0,0.125,0.125,True,False,5,12,3,4,True,Alpharetta,GA,34.0755962,-84.2945964,onsite,0.0,0.0
54333554,66217422,11,17,personal,5,4,8.0,3141.4,31.99477551101567,0.8726111111111111,1.0,0.125,0.125,True,False,5,12,3,4,True,Naperville,IL,41.7728699,-88.1479278,onsite,0.0,0.0
31104564,79193020,11,1,personal,5,4,8.0,5798.8,51.22049729579257,1.6107777777777779,1.0,0.125,0.125,True,False,5,12,3,4,True,Alpharetta,GA,34.0755962,-84.2945964,onsite,0.0,0.0
30456597,79193020,11,1,personal,5,4,8.0,5798.8,51.22049729579257,1.6107777777777779,1.0,0.125,0.125,True,False,5,12,3,4,True,Memphis,TN,35.1460249,-90.0517638,onsite,0.0,0.0
33519700,80534914,11,10,personal,5,4,8.0,1998.2,16.86239859222143,0.5550555555555555,1.0,0.125,0.125,True,False,4,11,3,4,True,Flowood,MS,32.3092861,-90.1386811,onsite,0.0,0.0
37113544,80534914,11,10,personal,5,4,8.0,1998.2,16.86239859222143,0.5550555555555555,1.0,0.125,0.125,True,False,4,11,3,4,True,Overland Park,KS,38.9742502,-94.6851702,onsite,0.0,0.0
95870867,85132818,11,8,personal,5,5,4.0,2290.2,22.939533126541,0.6361666666666667,1.0,0.25,0.25,True,False,4,11,5,5,True,Virtual,SC,34.1718723,-82.1564776,onsite,0.0,0.0
97120688,85132818,11,8,personal,5,5,4.0,2290.2,22.939533126541,0.6361666666666667,1.0,0.25,0.25,True,False,4,11,5,5,True,Naperville,IL,41.7728699,-88.1479278,onsite,0.0,0.0
52192658,92471125,11,6,personal,5,4,8.0,2647.0,27.96456195816432,0.7352777777777778,1.0,0.125,0.125,True,False,5,12,4,4,True,Albuquerque,NM,35.0841034,-106.650985,onsite,0.0,0.0
61927589,92471125,11,6,personal,5,4,8.0,2647.0,27.96456195816432,0.7352777777777778,1.0,0.125,0.125,True,False,5,12,4,4,True,Franklin,TN,35.925206,-86.8689419,onsite,0.0,0.0
72859063,93524977,11,7,personal,5,4,8.0,6738.6,81.91287878787878,1.8718333333333335,1.0,0.125,0.125,True,False,4,11,4,4,True,Richardson,TX,32.9481789,-96.7297206,onsite,0.0,0.0
73968848,93524977,11,7,personal,5,4,8.0,6738.6,81.91287878787878,1.8718333333333335,1.0,0.125,0.125,True,False,4,11,4,4,True,Naperville,IL,41.7728699,-88.1479278,onsite,0.0,0.0
17621023,95199437,11,0,personal,5,4,8.0,1948.2,17.3859659588006,0.5411666666666667,1.0,0.125,0.125,True,False,5,12,3,4,True,Alpharetta,GA,34.0755962,-84.2945964,onsite,0.0,0.0
18407947,95199437,11,0,personal,5,4,8.0,1948.2,17.3859659588006,0.5411666666666667,1.0,0.125,0.125,True,False,5,12,3,4,True,Oklahoma City,OK,35.4729886,-97.5170536,onsite,0.0,0.0
12272594,19528147,11,4,personal,4,3,8.0,11710.4,138.7135379384395,3.2528888888888887,0.8,0.125,0.1,True,False,5,19,2,3,True,Alpharetta,GA,34.0755962,-84.2945964,onsite,0.19999999999999996,0.024999999999999994
10541914,19528147,11,4,personal,4,3,8.0,11710.4,138.7135379384395,3.2528888888888887,0.8,0.125,0.1,True,False,5,19,2,3,True,Overland Park,KS,38.9742502,-94.6851702,onsite,0.19999999999999996,0.024999999999999994
22440928,34500973,11,6,personal,4,3,8.0,3837.8,44.07323729420186,1.0660555555555555,1.0,0.125,0.125,True,False,3,17,3,3,True,Virtual,SC,34.1718723,-82.1564776,onsite,0.0,0.0
23354345,34500973,11,6,personal,4,3,8.0,3837.8,44.07323729420186,1.0660555555555555,1.0,0.125,0.125,True,False,3,17,3,3,True,Centennial,CO,39.579155,-104.8769227,onsite,0.0,0.0
10615629,37428079,11,12,personal,4,3,8.0,3405.0,30.8994223733397,0.9458333333333333,1.0,0.125,0.125,True,False,3,17,3,3,True,Virtual,SC,34.1718723,-82.1564776,onsite,0.0,0.0
10925596,37428079,11,12,personal,4,3,8.0,3405.0,30.8994223733397,0.9458333333333333,1.0,0.125,0.125,True,False,3,17,3,3,True,Hartford,CT,41.764582,-72.6908547,onsite,0.0,0.0
18336561,46524537,11,25,personal,4,3,8.0,15730.4,168.1196810625945,4.369555555555555,0.3999999999999999,0.125,0.04999999999999999,True,False,3,17,3,3,True,South Portland,ME,43.6382443,-70.2529189,onsite,0.6000000000000001,0.07500000000000001
19528221,46524537,11,25,personal,4,3,8.0,15730.4,168.1196810625945,4.369555555555555,0.3999999999999999,0.125,0.04999999999999999,True,False,3,17,3,3,True,Glendale,AZ,33.5386858,-112.185994,onsite,0.6000000000000001,0.07500000000000001
85342366,53976647,11,8,personal,4,4,1.333,1664.0,17.93935914260717,0.4622222222222222,1.0,0.7501875468867217,0.7501875468867217,True,False,2,16,4,4,True,Richardson,TX,32.9481789,-96.7297206,onsite,0.0,0.0
85598668,53976647,11,8,personal,4,4,1.333,1664.0,17.93935914260717,0.4622222222222222,1.0,0.7501875468867217,0.7501875468867217,True,False,2,16,4,4,True,Hunt Valley,MD,39.4962709,-76.6542571,onsite,0.0,0.0
11788873,92352574,11,0,personal,4,4,1.333,1948.2,17.3859659588006,0.5411666666666667,1.0,0.7501875468867217,0.7501875468867217,True,False,1,15,2,4,True,Richardson,TX,32.9481789,-96.7297206,onsite,0.0,0.0
22143269,92352574,11,0,personal,4,4,1.333,1948.2,17.3859659588006,0.5411666666666667,1.0,0.7501875468867217,0.7501875468867217,True,False,1,15,2,4,True,Brookfield,WI,43.0615578,-88.1260678,onsite,0.0,0.0
25351257,94065300,11,15,personal,4,4,1.333,1466.6,7.603843553646703,0.40738888888888886,1.0,0.7501875468867217,0.7501875468867217,True,False,1,15,4,4,True,Saint Paul,MN,44.9497487,-93.0931028,onsite,0.0,0.0
27096178,94065300,11,15,personal,4,4,1.333,1466.6,7.603843553646703,0.40738888888888886,1.0,0.7501875468867217,0.7501875468867217,True,False,1,15,4,4,True,Bedford,TX,32.844017,-97.1430671,onsite,0.0,0.0
55323900,12102960,11,13,personal,5,5,4.0,4923.2,44.50198341684562,1.3675555555555554,1.0,0.25,0.25,True,False,4,11,5,5,True,Chantilly,VA,38.885219,-77.4486772,onsite,0.0,0.0
34174328,12449108,11,17,personal,5,4,8.0,6643.6,63.49145987433389,1.8454444444444444,1.0,0.125,0.125,True,False,4,11,2,4,True,Alpharetta,GA,34.0755962,-84.2945964,onsite,0.0,0.0
54636222,27243643,11,18,personal,5,4,8.0,8552.0,93.2517845780641,2.3755555555555556,1.0,0.125,0.125,True,False,4,11,3,4,True,Orlando,FL,28.5421218,-81.379045,onsite,0.0,0.0
39267987,27243643,11,18,personal,5,4,8.0,8552.0,93.2517845780641,2.3755555555555556,1.0,0.125,0.125,True,False,4,11,1,4,True,Tampa,FL,27.9449854,-82.4583107,onsite,0.0,0.0
68291074,33668434,11,15,personal,5,5,4.0,1980.2,14.28743637158992,0.5500555555555555,1.0,0.25,0.25,True,False,5,12,5,5,True,Naperville,IL,41.7728699,-88.1479278,onsite,0.0,0.0
94472986,34202490,11,7,personal,5,4,8.0,3661.4,39.43755965163445,1.0170555555555556,1.0,0.125,0.125,True,False,4,11,2,4,True,Overland Park,KS,38.9742502,-94.6851702,onsite,0.0,0.0
95771836,34202490,11,7,personal,5,5,4.0,3661.4,39.43755965163445,1.0170555555555556,1.0,0.25,0.25,True,False,4,11,5,5,True,Rochester,NY,43.157285,-77.615214,onsite,0.0,0.0
45149910,34202490,11,7,personal,5,5,4.0,3661.4,39.43755965163445,1.0170555555555556,1.0,0.25,0.25,True,False,4,11,4,5,True,Houston,TX,29.7589382,-95.3676974,onsite,0.0,0.0
59430808,39620107,11,29,personal,5,4,8.0,861.2,7.506785373419231,0.23922222222222222,1.0,0.125,0.125,True,False,5,12,2,4,True,Albany,NY,42.6511674,-73.754968,onsite,0.0,0.0
69379844,58644811,11,3,personal,5,5,4.0,8031.8,92.08596794718842,2.231055555555556,1.0,0.25,0.25,True,False,5,12,5,5,True,Chantilly,VA,38.885219,-77.4486772,onsite,0.0,0.0
54887810,72070529,11,2,personal,5,4,8.0,3087.0,29.66102958721069,0.8575,1.0,0.125,0.125,True,False,4,11,3,4,True,Windsor,CA,38.5471327,-122.8163802,onsite,0.0,0.0
66643743,72644250,11,5,personal,5,5,4.0,3148.8,32.43072953948938,0.8746666666666667,1.0,0.25,0.25,True,False,5,12,3,5,True,Chantilly,VA,38.885219,-77.4486772,onsite,0.0,0.0
79478179,78796822,11,7,personal,5,5,4.0,11607.2,132.7288634375248,3.2242222222222225,0.8,0.25,0.2,True,False,5,12,3,5,True,Indianapolis,IN,39.7683331,-86.1583502,onsite,0.19999999999999996,0.04999999999999999
83212066,78796822,11,7,personal,5,4,8.0,11607.2,132.7288634375248,3.2242222222222225,0.8,0.125,0.1,True,False,5,12,0,4,True,Virtual,SC,34.1718723,-82.1564776,onsite,0.19999999999999996,0.024999999999999994
23257451,80534914,11,10,personal,5,4,8.0,1998.2,16.86239859222143,0.5550555555555555,1.0,0.125,0.125,True,False,4,11,1,4,True,Edison,GA,31.5581741,-84.7381045,onsite,0.0,0.0
93222266,82473832,11,6,personal,5,4,8.0,850.4,7.55102700230653,0.23622222222222222,1.0,0.125,0.125,True,False,5,12,2,4,True,Richmond,VA,37.5385087,-77.43428,onsite,0.0,0.0
70853633,85132818,11,8,personal,5,5,4.0,2290.2,22.939533126541,0.6361666666666667,1.0,0.25,0.25,True,False,4,11,4,5,True,Saint Paul,MN,44.9497487,-93.0931028,onsite,0.0,0.0
81400507,86519548,11,3,personal,5,4,8.0,8031.8,92.08596794718842,2.231055555555556,1.0,0.125,0.125,True,False,5,12,3,4,True,Maryland Heights,MO,38.7150511,-90.435999,onsite,0.0,0.0
61662948,87179753,11,2,personal,5,4,8.0,2288.4,23.35386343752485,0.6356666666666667,1.0,0.125,0.125,True,False,4,11,3,4,True,Maryland Heights,MO,38.7150511,-90.435999,onsite,0.0,0.0
10402032,95199437,11,0,personal,5,4,8.0,1948.2,17.3859659588006,0.5411666666666667,1.0,0.125,0.125,True,False,5,12,4,4,True,Richardson,TX,32.9481789,-96.7297206,onsite,0.0,0.0
16559402,21868312,11,25,personal,4,3,8.0,13680.4,138.0957706991172,3.800111111111111,0.6,0.125,0.075,True,False,3,17,0,3,True,Raleigh,NC,35.7803977,-78.6390989,onsite,0.4,0.05
38397433,29249291,11,10,personal,4,4,1.333,7070.6,77.10035890400063,1.9640555555555557,1.0,0.7501875468867217,0.7501875468867217,True,False,3,17,3,4,True,Overland Park,KS,38.9742502,-94.6851702,onsite,0.0,0.0
25458542,78405399,11,6,personal,4,3,8.0,2914.0,32.54879006601448,0.8094444444444444,1.0,0.125,0.125,True,False,3,17,3,3,True,Buffalo,NY,42.8864163,-78.8781493,onsite,0.0,0.0
10134858,82908253,11,16,personal,4,3,8.0,6713.6,81.34867374532729,1.864888888888889,1.0,0.125,0.125,True,False,4,18,1,3,True,New York,NY,40.7127281,-74.0060152,onsite,0.0,0.0
34930040,86517267,11,17,personal,4,4,1.333,9180.6,89.0310586176728,2.5501666666666667,1.0,0.7501875468867217,0.7501875468867217,True,False,3,17,4,4,True,Rancho Cordova,CA,38.5890723,-121.302728,onsite,0.0,0.0
16485520,96467041,11,10,personal,4,4,1.333,6268.2,67.72560745247753,1.7411666666666665,1.0,0.7501875468867217,0.7501875468867217,True,False,3,17,4,4,True,Richardson,TX,32.9481789,-96.7297206,onsite,0.0,0.0
27328743,49631463,11,15,personal,3,4,0.5,1980.2,14.28743637158992,0.5500555555555555,1.0,2.0,2.0,True,False,1,22,4,4,True,Buffalo,NY,42.8864163,-78.8781493,onsite,0.0,0.0
41627842,11479317,12,13,personal,5,5,4.0,13991.8,168.0774278215223,3.886611111111111,0.6,0.25,0.15,True,False,5,12,5,5,True,Hartford,CT,41.764582,-72.6908547,onsite,0.4,0.1
44538039,11479317,12,13,personal,5,5,4.0,13991.8,168.0774278215223,3.886611111111111,0.6,0.25,0.15,True,False,5,12,5,5,True,Hamden,OH,39.1597938,-82.5268259,onsite,0.4,0.1
48417943,11479317,12,13,personal,5,5,4.0,13991.8,168.0774278215223,3.886611111111111,0.6,0.25,0.15,True,False,5,12,5,5,True,Virtual,SC,34.1718723,-82.1564776,onsite,0.4,0.1
59321509,33668434,12,15,personal,5,5,4.0,1980.2,14.28743637158992,0.5500555555555555,1.0,0.25,0.25,True,False,5,12,5,5,True,Brookfield,WI,43.0615578,-88.1260678,onsite,0.0,0.0
63175059,33668434,12,15,personal,5,5,4.0,1980.2,14.28743637158992,0.5500555555555555,1.0,0.25,0.25,True,False,5,12,5,5,True,Naperville,IL,41.7728699,-88.1479278,onsite,0.0,0.0
63418508,33668434,12,15,personal,5,5,4.0,1980.2,14.28743637158992,0.5500555555555555,1.0,0.25,0.25,True,False,5,12,5,5,True,Melville,LA,30.6929653,-91.744004,onsite,0.0,0.0
45459060,50473912,12,2,personal,5,4,8.0,9829.8,134.7714348206474,2.7304999999999997,1.0,0.125,0.125,True,False,9,16,4,4,True,Rancho Cordova,CA,38.5890723,-121.302728,onsite,0.0,0.0
38497269,50473912,12,2,personal,5,4,8.0,9829.8,134.7714348206474,2.7304999999999997,1.0,0.125,0.125,True,False,9,16,4,4,True,Naperville,IL,41.7728699,-88.1479278,onsite,0.0,0.0
44914866,50473912,12,2,personal,5,4,8.0,9829.8,134.7714348206474,2.7304999999999997,1.0,0.125,0.125,True,False,9,16,4,4,True,West Bridgewater,MA,42.0190922,-71.0079688,onsite,0.0,0.0
22286102,79193020,12,1,personal,5,5,4.0,5798.8,51.22049729579257,1.6107777777777779,1.0,0.25,0.25,True,False,5,12,5,5,True,Melville,LA,30.6929653,-91.744004,onsite,0.0,0.0
24186729,79193020,12,1,personal,5,5,4.0,5798.8,51.22049729579257,1.6107777777777779,1.0,0.25,0.25,True,False,5,12,5,5,True,Richmond,VA,37.5385087,-77.43428,onsite,0.0,0.0
26862623,79193020,12,1,personal,5,5,4.0,5798.8,51.22049729579257,1.6107777777777779,1.0,0.25,0.25,True,False,5,12,5,5,True,Overland Park,KS,38.9742502,-94.6851702,onsite,0.0,0.0
35386202,32550898,12,19,personal,5,4,8.0,4963.2,56.49146484530343,1.3786666666666667,1.0,0.125,0.125,True,False,5,12,4,4,True,Phoenix,AZ,33.4484367,-112.074141,onsite,0.0,0.0
38211857,32550898,12,19,personal,5,4,8.0,4963.2,56.49146484530343,1.3786666666666667,1.0,0.125,0.125,True,False,5,12,4,4,True,San Antonio,TX,29.4246002,-98.4951405,onsite,0.0,0.0
72859063,35091151,12,7,personal,5,4,8.0,5998.4,59.44894317187624,1.666222222222222,1.0,0.125,0.125,True,False,6,13,4,4,True,Richardson,TX,32.9481789,-96.7297206,onsite,0.0,0.0
73968848,35091151,12,7,personal,5,4,8.0,5998.4,59.44894317187624,1.666222222222222,1.0,0.125,0.125,True,False,6,13,4,4,True,Naperville,IL,41.7728699,-88.1479278,onsite,0.0,0.0
88856717,39086722,12,7,personal,5,4,8.0,2031.8,20.74435297860495,0.5643888888888888,1.0,0.125,0.125,True,False,5,12,3,4,True,Charlotte,NC,35.2272086,-80.8430827,onsite,0.0,0.0
90334978,39086722,12,7,personal,5,4,8.0,2031.8,20.74435297860495,0.5643888888888888,1.0,0.125,0.125,True,False,5,12,3,4,True,Franklin,TN,35.925206,-86.8689419,onsite,0.0,0.0
33519700,42250196,12,10,personal,5,4,8.0,5227.4,51.6978346456693,1.4520555555555554,1.0,0.125,0.125,True,False,7,14,3,4,True,Flowood,MS,32.3092861,-90.1386811,onsite,0.0,0.0
37113544,42250196,12,10,personal,5,4,8.0,5227.4,51.6978346456693,1.4520555555555554,1.0,0.125,0.125,True,False,7,14,3,4,True,Overland Park,KS,38.9742502,-94.6851702,onsite,0.0,0.0
54887810,50924711,12,2,personal,5,4,8.0,5529.2,68.17200051698083,1.5358888888888889,1.0,0.125,0.125,True,False,6,13,3,4,True,Windsor,CA,38.5471327,-122.8163802,onsite,0.0,0.0
61662948,50924711,12,2,personal,5,4,8.0,5529.2,68.17200051698083,1.5358888888888889,1.0,0.125,0.125,True,False,6,13,3,4,True,Maryland Heights,MO,38.7150511,-90.435999,onsite,0.0,0.0
49546630,66217422,12,17,personal,5,4,8.0,3141.4,31.99477551101567,0.8726111111111111,1.0,0.125,0.125,True,False,5,12,3,4,True,Alpharetta,GA,34.0755962,-84.2945964,onsite,0.0,0.0
54333554,66217422,12,17,personal,5,4,8.0,3141.4,31.99477551101567,0.8726111111111111,1.0,0.125,0.125,True,False,5,12,3,4,True,Naperville,IL,41.7728699,-88.1479278,onsite,0.0,0.0
56083320,66367478,12,3,personal,5,4,8.0,3580.8,42.00991211325857,0.9946666666666667,1.0,0.125,0.125,True,False,5,12,1,4,True,Marlton,NJ,39.9005585,-74.9338911,onsite,0.0,0.0
95561381,66367478,12,3,personal,5,4,8.0,3580.8,42.00991211325857,0.9946666666666667,1.0,0.125,0.125,True,False,5,12,1,4,True,Boston,MA,42.3588336,-71.0578303,onsite,0.0,0.0
63932904,70843522,12,3,personal,5,4,8.0,5412.4,73.66840153503539,1.5034444444444444,1.0,0.125,0.125,True,False,5,12,3,4,True,Buffalo,NY,42.8864163,-78.8781493,onsite,0.0,0.0
70275620,70843522,12,3,personal,5,4,8.0,5412.4,73.66840153503539,1.5034444444444444,1.0,0.125,0.125,True,False,5,12,3,4,True,Hartford,CT,41.764582,-72.6908547,onsite,0.0,0.0
84017238,72644250,12,5,personal,5,5,4.0,3148.8,32.43072953948938,0.8746666666666667,1.0,0.25,0.25,True,False,5,12,5,5,True,Rochester,NY,43.157285,-77.615214,onsite,0.0,0.0
93750751,72644250,12,5,personal,5,5,4.0,3148.8,32.43072953948938,0.8746666666666667,1.0,0.25,0.25,True,False,5,12,5,5,True,Chantilly,VA,38.885219,-77.4486772,onsite,0.0,0.0
52192658,78257789,12,6,personal,5,4,8.0,4452.0,42.64619621410959,1.2366666666666666,1.0,0.125,0.125,True,False,6,13,4,4,True,Albuquerque,NM,35.0841034,-106.650985,onsite,0.0,0.0
61927589,78257789,12,6,personal,5,4,8.0,4452.0,42.64619621410959,1.2366666666666666,1.0,0.125,0.125,True,False,6,13,4,4,True,Franklin,TN,35.925206,-86.8689419,onsite,0.0,0.0
78272027,82473832,12,6,personal,5,4,8.0,850.4,7.55102700230653,0.23622222222222222,1.0,0.125,0.125,True,False,5,12,2,4,True,Overland Park,KS,38.9742502,-94.6851702,onsite,0.0,0.0
89117598,82473832,12,6,personal,5,4,8.0,850.4,7.55102700230653,0.23622222222222222,1.0,0.125,0.125,True,False,5,12,2,4,True,Syracuse,NY,43.0481221,-76.1474244,onsite,0.0,0.0
82687551,92471125,12,6,personal,5,4,8.0,2647.0,27.96456195816432,0.7352777777777778,1.0,0.125,0.125,True,False,5,12,3,4,True,Walnut Creek,CA,37.9020731,-122.0618702,onsite,0.0,0.0
84568374,92471125,12,6,personal,5,4,8.0,2647.0,27.96456195816432,0.7352777777777778,1.0,0.125,0.125,True,False,5,12,3,4,True,Houston,TX,29.7589382,-95.3676974,onsite,0.0,0.0
11091566,95199437,12,0,personal,5,5,4.0,1948.2,17.3859659588006,0.5411666666666667,1.0,0.25,0.25,True,False,5,12,5,5,True,Windsor,CA,38.5471327,-122.8163802,onsite,0.0,0.0
17566082,95199437,12,0,personal,5,5,4.0,1948.2,17.3859659588006,0.5411666666666667,1.0,0.25,0.25,True,False,5,12,5,5,True,Naperville,IL,41.7728699,-88.1479278,onsite,0.0,0.0
33113383,97932087,12,15,personal,5,4,8.0,1466.6,7.603843553646703,0.40738888888888886,1.0,0.125,0.125,True,False,6,13,4,4,True,Independence,MO,39.0924792,-94.4137923,onsite,0.0,0.0
33522459,97932087,12,15,personal,5,4,8.0,1466.6,7.603843553646703,0.40738888888888886,1.0,0.125,0.125,True,False,6,13,4,4,True,Knoxville,TN,35.9603948,-83.9210261,onsite,0.0,0.0
31104564,15202372,12,1,personal,4,4,1.333,6231.6,59.22214268670962,1.731,1.0,0.7501875468867217,0.7501875468867217,True,False,3,17,3,4,True,Alpharetta,GA,34.0755962,-84.2945964,onsite,0.0,0.0
30456597,15202372,12,1,personal,4,4,1.333,6231.6,59.22214268670962,1.731,1.0,0.7501875468867217,0.7501875468867217,True,False,3,17,3,4,True,Memphis,TN,35.1460249,-90.0517638,onsite,0.0,0.0
12272594,19528147,12,4,personal,4,3,8.0,11710.4,138.7135379384395,3.2528888888888887,0.8,0.125,0.1,True,False,5,19,2,3,True,Alpharetta,GA,34.0755962,-84.2945964,onsite,0.19999999999999996,0.024999999999999994
10541914,19528147,12,4,personal,4,3,8.0,11710.4,138.7135379384395,3.2528888888888887,0.8,0.125,0.1,True,False,5,19,2,3,True,Overland Park,KS,38.9742502,-94.6851702,onsite,0.19999999999999996,0.024999999999999994
18336561,21868312,12,25,personal,4,3,8.0,13680.4,138.0957706991172,3.800111111111111,0.6,0.125,0.075,True,False,3,17,3,3,True,South Portland,ME,43.6382443,-70.2529189,onsite,0.4,0.05
19528221,21868312,12,25,personal,4,3,8.0,13680.4,138.0957706991172,3.800111111111111,0.6,0.125,0.075,True,False,3,17,3,3,True,Glendale,AZ,33.5386858,-112.185994,onsite,0.4,0.05
17897712,30073996,12,13,personal,4,4,1.333,12983.6,139.9148970015112,3.6065555555555555,0.6,0.7501875468867217,0.450112528132033,True,False,3,17,4,4,True,Richmond,VA,37.5385087,-77.43428,onsite,0.4,0.3000750187546887
20682406,30073996,12,13,personal,4,4,1.333,12983.6,139.9148970015112,3.6065555555555555,0.6,0.7501875468867217,0.450112528132033,True,False,3,17,4,4,True,Chantilly,VA,38.885219,-77.4486772,onsite,0.4,0.3000750187546887
11226387,33540615,12,10,personal,4,3,8.0,8055.0,88.23756760518572,2.2375,1.0,0.125,0.125,True,False,4,18,0,3,True,Hartford,CT,41.764582,-72.6908547,onsite,0.0,0.0
11350447,33540615,12,10,personal,4,3,8.0,8055.0,88.23756760518572,2.2375,1.0,0.125,0.125,True,False,4,18,0,3,True,Centennial,CO,39.579155,-104.8769227,onsite,0.0,0.0
17621023,36393664,12,0,personal,4,4,1.333,1948.2,17.3859659588006,0.5411666666666667,1.0,0.7501875468867217,0.7501875468867217,True,False,2,16,3,4,True,Alpharetta,GA,34.0755962,-84.2945964,onsite,0.0,0.0
18407947,36393664,12,0,personal,4,4,1.333,1948.2,17.3859659588006,0.5411666666666667,1.0,0.7501875468867217,0.7501875468867217,True,False,2,16,3,4,True,Oklahoma City,OK,35.4729886,-97.5170536,onsite,0.0,0.0
10615629,37428079,12,12,personal,4,3,8.0,3405.0,30.8994223733397,0.9458333333333333,1.0,0.125,0.125,True,False,3,17,3,3,True,Virtual,SC,34.1718723,-82.1564776,onsite,0.0,0.0
10925596,37428079,12,12,personal,4,3,8.0,3405.0,30.8994223733397,0.9458333333333333,1.0,0.125,0.125,True,False,3,17,3,3,True,Hartford,CT,41.764582,-72.6908547,onsite,0.0,0.0
85893734,55903838,12,8,personal,4,4,1.333,1147.2,11.78815716217291,0.31866666666666665,1.0,0.7501875468867217,0.7501875468867217,True,False,2,16,4,4,True,Centennial,CO,39.579155,-104.8769227,onsite,0.0,0.0
90406456,55903838,12,8,personal,4,4,1.333,1147.2,11.78815716217291,0.31866666666666665,1.0,0.7501875468867217,0.7501875468867217,True,False,2,16,4,4,True,Albuquerque,NM,35.0841034,-106.650985,onsite,0.0,0.0
99474654,58818815,12,9,business,4,4,1.333,4478.0,56.55472043267319,1.2438888888888888,1.0,0.7501875468867217,0.7501875468867217,True,False,4,18,4,4,True,Richmond,VA,37.5385087,-77.43428,onsite,0.0,0.0
95664184,58818815,12,9,business,4,4,1.333,4478.0,56.55472043267319,1.2438888888888888,1.0,0.7501875468867217,0.7501875468867217,True,False,4,18,4,4,True,Naperville,IL,41.7728699,-88.1479278,onsite,0.0,0.0
11788873,75208548,12,0,personal,4,4,1.333,2479.4,26.11884096874254,0.6887222222222222,1.0,0.7501875468867217,0.7501875468867217,True,False,1,15,2,4,True,Richardson,TX,32.9481789,-96.7297206,onsite,0.0,0.0
22143269,75208548,12,0,personal,4,4,1.333,2479.4,26.11884096874254,0.6887222222222222,1.0,0.7501875468867217,0.7501875468867217,True,False,1,15,2,4,True,Brookfield,WI,43.0615578,-88.1260678,onsite,0.0,0.0
22440928,75931096,12,6,personal,4,3,8.0,7508.4,87.77091783981548,2.0856666666666666,1.0,0.125,0.125,True,False,4,18,3,3,True,Virtual,SC,34.1718723,-82.1564776,onsite,0.0,0.0
23354345,75931096,12,6,personal,4,3,8.0,7508.4,87.77091783981548,2.0856666666666666,1.0,0.125,0.125,True,False,4,18,3,3,True,Centennial,CO,39.579155,-104.8769227,onsite,0.0,0.0
30721082,25096968,12,1,personal,5,5,4.0,5324.4,53.14364113576711,1.4789999999999999,1.0,0.25,0.25,True,False,7,14,5,5,True,Richardson,TX,32.9481789,-96.7297206,onsite,0.0,0.0
94472986,39086722,12,7,personal,5,4,8.0,2031.8,20.74435297860495,0.5643888888888888,1.0,0.125,0.125,True,False,5,12,2,4,True,Overland Park,KS,38.9742502,-94.6851702,onsite,0.0,0.0
59430808,39620107,12,29,personal,5,4,8.0,861.2,7.506785373419231,0.23922222222222222,1.0,0.125,0.125,True,False,5,12,2,4,True,Albany,NY,42.6511674,-73.754968,onsite,0.0,0.0
23257451,42250196,12,10,personal,5,4,8.0,5227.4,51.6978346456693,1.4520555555555554,1.0,0.125,0.125,True,False,7,14,1,4,True,Edison,GA,31.5581741,-84.7381045,onsite,0.0,0.0
17932464,49025991,12,2,personal,5,5,4.0,4282.2,51.66428060128847,1.1895,1.0,0.25,0.25,True,False,8,15,4,5,True,White Plains,NY,41.0339862,-73.7629097,onsite,0.0,0.0
26130629,50924711,12,2,personal,5,5,4.0,5529.2,68.17200051698083,1.5358888888888889,1.0,0.25,0.25,True,False,6,13,4,5,True,Houston,TX,29.7589382,-95.3676974,onsite,0.0,0.0
81396769,58644811,12,3,personal,5,4,8.0,8031.8,92.08596794718842,2.231055555555556,1.0,0.125,0.125,True,False,5,12,3,4,True,Maryland Heights,MO,38.7150511,-90.435999,onsite,0.0,0.0
34174328,66217422,12,17,personal,5,4,8.0,3141.4,31.99477551101567,0.8726111111111111,1.0,0.125,0.125,True,False,5,12,2,4,True,Alpharetta,GA,34.0755962,-84.2945964,onsite,0.0,0.0
66643743,72644250,12,5,personal,5,5,4.0,3148.8,32.43072953948938,0.8746666666666667,1.0,0.25,0.25,True,False,5,12,3,5,True,Chantilly,VA,38.885219,-77.4486772,onsite,0.0,0.0
50519688,75936333,12,13,personal,5,5,4.0,1792.6,10.44872942018611,0.4979444444444444,1.0,0.25,0.25,True,False,6,13,5,5,True,Charlotte,NC,35.2272086,-80.8430827,onsite,0.0,0.0
38397433,76537848,12,10,personal,5,4,8.0,1880.0,13.14672313688062,0.5222222222222223,1.0,0.125,0.125,True,False,10,17,3,4,True,Overland Park,KS,38.9742502,-94.6851702,onsite,0.0,0.0
93222266,78257789,12,6,personal,5,4,8.0,4452.0,42.64619621410959,1.2366666666666666,1.0,0.125,0.125,True,False,6,13,2,4,True,Richmond,VA,37.5385087,-77.43428,onsite,0.0,0.0
79478179,78796822,12,7,personal,5,5,4.0,11607.2,132.7288634375248,3.2242222222222225,0.8,0.25,0.2,True,False,5,12,3,5,True,Indianapolis,IN,39.7683331,-86.1583502,onsite,0.19999999999999996,0.04999999999999999
45149910,78796822,12,7,personal,5,5,4.0,11607.2,132.7288634375248,3.2242222222222225,0.8,0.25,0.2,True,False,5,12,4,5,True,Houston,TX,29.7589382,-95.3676974,onsite,0.19999999999999996,0.04999999999999999
83212066,78796822,12,7,personal,5,4,8.0,11607.2,132.7288634375248,3.2242222222222225,0.8,0.125,0.1,True,False,5,12,0,4,True,Virtual,SC,34.1718723,-82.1564776,onsite,0.19999999999999996,0.024999999999999994
69379844,86519548,12,3,personal,5,5,4.0,8031.8,92.08596794718842,2.231055555555556,1.0,0.25,0.25,True,False,5,12,5,5,True,Chantilly,VA,38.885219,-77.4486772,onsite,0.0,0.0
81400507,86519548,12,3,personal,5,4,8.0,8031.8,92.08596794718842,2.231055555555556,1.0,0.125,0.125,True,False,5,12,3,4,True,Maryland Heights,MO,38.7150511,-90.435999,onsite,0.0,0.0
53820765,88071747,12,13,personal,5,5,4.0,4906.6,50.79833770778652,1.3629444444444445,1.0,0.25,0.25,True,False,7,14,5,5,True,Buffalo,NY,42.8864163,-78.8781493,onsite,0.0,0.0
10402032,95199437,12,0,personal,5,4,8.0,1948.2,17.3859659588006,0.5411666666666667,1.0,0.125,0.125,True,False,5,12,4,4,True,Richardson,TX,32.9481789,-96.7297206,onsite,0.0,0.0
17597223,96670406,12,0,business,5,5,4.0,916.6,7.054551419708901,0.2546111111111111,1.0,0.25,0.25,True,False,7,14,5,5,True,Troy,MI,42.6055893,-83.1499304,onsite,0.0,0.0
25458542,14117027,12,6,personal,4,3,8.0,1244.0,12.49341346536228,0.34555555555555556,1.0,0.125,0.125,True,False,3,17,3,3,True,Buffalo,NY,42.8864163,-78.8781493,onsite,0.0,0.0
95870867,17090145,12,8,personal,4,5,1.0,1506.0,11.23861647975821,0.41833333333333333,1.0,1.0,1.0,True,False,2,16,5,5,True,Virtual,SC,34.1718723,-82.1564776,onsite,0.0,0.0
70853633,21927237,12,8,personal,4,5,1.0,3652.0,46.19658693231528,1.0144444444444445,1.0,1.0,1.0,True,False,3,17,4,5,True,Saint Paul,MN,44.9497487,-93.0931028,onsite,0.0,0.0
16485520,22816481,12,10,personal,4,4,1.333,5540.4,52.64132466396246,1.539,1.0,0.7501875468867217,0.7501875468867217,True,False,3,17,4,4,True,Richardson,TX,32.9481789,-96.7297206,onsite,0.0,0.0
97120688,46063759,12,8,personal,4,5,1.0,2254.2,25.69220750815239,0.6261666666666666,1.0,1.0,1.0,True,False,5,19,5,5,True,Naperville,IL,41.7728699,-88.1479278,onsite,0.0,0.0
16559402,46524537,12,25,personal,4,3,8.0,15730.4,168.1196810625945,4.369555555555555,0.3999999999999999,0.125,0.04999999999999999,True,False,3,17,0,3,True,Raleigh,NC,35.7803977,-78.6390989,onsite,0.6000000000000001,0.07500000000000001
39267987,63385788,12,18,personal,4,4,1.333,6221.8,68.01541497653702,1.7282777777777778,1.0,0.7501875468867217,0.7501875468867217,True,False,4,18,1,4,True,Tampa,FL,27.9449854,-82.4583107,onsite,0.0,0.0
55188485,67021537,12,13,personal,4,5,1.0,1140.0,6.461763302314484,0.31666666666666665,1.0,1.0,1.0,True,False,6,20,5,5,True,Washington,DC,38.8950982,-77.0363849,onsite,0.0,0.0
34336521,69429129,12,1,personal,4,5,1.0,2309.8,19.23118985126859,0.6416111111111111,1.0,1.0,1.0,True,False,5,19,5,5,True,Omaha,NE,41.2587459,-95.9383758,onsite,0.0,0.0
34930040,86517267,12,17,personal,4,4,1.333,9180.6,89.0310586176728,2.5501666666666667,1.0,0.7501875468867217,0.7501875468867217,True,False,3,17,4,4,True,Rancho Cordova,CA,38.5890723,-121.302728,onsite,0.0,0.0
96399702,92830955,12,9,personal,4,4,1.333,4478.0,56.55472043267319,1.2438888888888888,1.0,0.7501875468867217,0.7501875468867217,True,False,4,18,4,4,True,Richmond,VA,37.5385087,-77.43428,onsite,0.0,0.0
10134858,96326859,12,16,personal,4,3,8.0,6551.2,80.2517050425515,1.8197777777777777,1.0,0.125,0.125,True,False,5,19,1,3,True,New York,NY,40.7127281,-74.0060152,onsite,0.0,0.0
94671385,68070900,12,8,personal,3,4,0.5,2302.6,21.2982432593653,0.6396111111111111,1.0,2.0,2.0,True,False,2,23,3,4,True,Birmingham,AL,33.5206824,-86.8024326,onsite,0.0,0.0
36916937,25096968,13,1,personal,5,5,4.0,5324.4,53.14364113576711,1.4789999999999999,1.0,0.25,0.25,True,False,7,14,5,5,True,New York,NY,40.7127281,-74.0060152,onsite,0.0,0.0
22286102,25096968,13,1,personal,5,5,4.0,5324.4,53.14364113576711,1.4789999999999999,1.0,0.25,0.25,True,False,7,14,5,5,True,Melville,LA,30.6929653,-91.744004,onsite,0.0,0.0
24186729,25096968,13,1,personal,5,5,4.0,5324.4,53.14364113576711,1.4789999999999999,1.0,0.25,0.25,True,False,7,14,5,5,True,Richmond,VA,37.5385087,-77.43428,onsite,0.0,0.0
55323900,75936333,13,13,personal,5,5,4.0,1792.6,10.44872942018611,0.4979444444444444,1.0,0.25,0.25,True,False,6,13,5,5,True,Chantilly,VA,38.885219,-77.4486772,onsite,0.0,0.0
41627842,75936333,13,13,personal,5,5,4.0,1792.6,10.44872942018611,0.4979444444444444,1.0,0.25,0.25,True,False,6,13,5,5,True,Hartford,CT,41.764582,-72.6908547,onsite,0.0,0.0
44538039,75936333,13,13,personal,5,5,4.0,1792.6,10.44872942018611,0.4979444444444444,1.0,0.25,0.25,True,False,6,13,5,5,True,Hamden,OH,39.1597938,-82.5268259,onsite,0.0,0.0
33914483,66351845,13,15,personal,5,4,8.0,1466.6,7.603843553646703,0.40738888888888886,1.0,0.125,0.125,True,False,7,14,4,4,True,Naperville,IL,41.7728699,-88.1479278,onsite,0.0,0.0
25351257,66351845,13,15,personal,5,4,8.0,1466.6,7.603843553646703,0.40738888888888886,1.0,0.125,0.125,True,False,7,14,4,4,True,Saint Paul,MN,44.9497487,-93.0931028,onsite,0.0,0.0
17897712,74611319,13,13,personal,5,4,8.0,3829.6,30.75998667780164,1.0637777777777777,1.0,0.125,0.125,True,False,10,17,4,4,True,Richmond,VA,37.5385087,-77.43428,onsite,0.0,0.0
20682406,74611319,13,13,personal,5,4,8.0,3829.6,30.75998667780164,1.0637777777777777,1.0,0.125,0.125,True,False,10,17,4,4,True,Chantilly,VA,38.885219,-77.4486772,onsite,0.0,0.0
72859063,89367750,13,7,personal,5,4,8.0,6197.6,67.1532003101885,1.7215555555555557,1.0,0.125,0.125,True,False,9,16,4,4,True,Richardson,TX,32.9481789,-96.7297206,onsite,0.0,0.0
73968848,89367750,13,7,personal,5,4,8.0,6197.6,67.1532003101885,1.7215555555555557,1.0,0.125,0.125,True,False,9,16,4,4,True,Naperville,IL,41.7728699,-88.1479278,onsite,0.0,0.0
52192658,90137660,13,6,personal,5,4,8.0,5687.4,66.27917959118746,1.5798333333333332,1.0,0.125,0.125,True,False,10,17,4,4,True,Albuquerque,NM,35.0841034,-106.650985,onsite,0.0,0.0
61927589,90137660,13,6,personal,5,4,8.0,5687.4,66.27917959118746,1.5798333333333332,1.0,0.125,0.125,True,False,10,17,4,4,True,Franklin,TN,35.925206,-86.8689419,onsite,0.0,0.0
11091566,96670406,13,0,business,5,5,4.0,916.6,7.054551419708901,0.2546111111111111,1.0,0.25,0.25,True,False,7,14,5,5,True,Windsor,CA,38.5471327,-122.8163802,onsite,0.0,0.0
17566082,96670406,13,0,business,5,5,4.0,916.6,7.054551419708901,0.2546111111111111,1.0,0.25,0.25,True,False,7,14,5,5,True,Naperville,IL,41.7728699,-88.1479278,onsite,0.0,0.0
63932904,97834380,13,3,personal,5,4,8.0,8031.8,92.08596794718842,2.231055555555556,1.0,0.125,0.125,True,False,7,14,3,4,True,Buffalo,NY,42.8864163,-78.8781493,onsite,0.0,0.0
70275620,97834380,13,3,personal,5,4,8.0,8031.8,92.08596794718842,2.231055555555556,1.0,0.125,0.125,True,False,7,14,3,4,True,Hartford,CT,41.764582,-72.6908547,onsite,0.0,0.0
12272594,19528147,13,4,personal,4,3,8.0,11710.4,138.7135379384395,3.2528888888888887,0.8,0.125,0.1,True,False,5,19,2,3,True,Alpharetta,GA,34.0755962,-84.2945964,onsite,0.19999999999999996,0.024999999999999994
10541914,19528147,13,4,personal,4,3,8.0,11710.4,138.7135379384395,3.2528888888888887,0.8,0.125,0.1,True,False,5,19,2,3,True,Overland Park,KS,38.9742502,-94.6851702,onsite,0.19999999999999996,0.024999999999999994
10615629,27360664,13,12,personal,4,3,8.0,1766.0,12.73003161536626,0.4905555555555556,1.0,0.125,0.125,True,False,3,17,3,3,True,Virtual,SC,34.1718723,-82.1564776,onsite,0.0,0.0
10925596,27360664,13,12,personal,4,3,8.0,1766.0,12.73003161536626,0.4905555555555556,1.0,0.125,0.125,True,False,3,17,3,3,True,Hartford,CT,41.764582,-72.6908547,onsite,0.0,0.0
31104564,27907071,13,1,personal,4,4,1.333,12294.4,133.2756700866937,3.415111111111111,0.8,0.7501875468867217,0.6001500375093775,True,False,6,20,3,4,True,Alpharetta,GA,34.0755962,-84.2945964,onsite,0.19999999999999996,0.15003750937734428
30456597,27907071,13,1,personal,4,4,1.333,12294.4,133.2756700866937,3.415111111111111,0.8,0.7501875468867217,0.6001500375093775,True,False,6,20,3,4,True,Memphis,TN,35.1460249,-90.0517638,onsite,0.19999999999999996,0.15003750937734428
11788873,31301509,13,0,personal,4,4,1.333,8031.0,106.0622216257059,2.2308333333333334,1.0,0.7501875468867217,0.7501875468867217,True,False,1,15,2,4,True,Richardson,TX,32.9481789,-96.7297206,onsite,0.0,0.0
22143269,31301509,13,0,personal,4,4,1.333,8031.0,106.0622216257059,2.2308333333333334,1.0,0.7501875468867217,0.7501875468867217,True,False,1,15,2,4,True,Brookfield,WI,43.0615578,-88.1260678,onsite,0.0,0.0
27096178,37788556,13,15,personal,4,4,1.333,1466.6,7.603843553646703,0.40738888888888886,1.0,0.7501875468867217,0.7501875468867217,True,False,11,25,4,4,True,Bedford,TX,32.844017,-97.1430671,onsite,0.0,0.0
27328743,37788556,13,15,personal,4,4,1.333,1466.6,7.603843553646703,0.40738888888888886,1.0,0.7501875468867217,0.7501875468867217,True,False,11,25,4,4,True,Buffalo,NY,42.8864163,-78.8781493,onsite,0.0,0.0
18336561,46524537,13,25,personal,4,3,8.0,15730.4,168.1196810625945,4.369555555555555,0.3999999999999999,0.125,0.04999999999999999,True,False,3,17,3,3,True,South Portland,ME,43.6382443,-70.2529189,onsite,0.6000000000000001,0.07500000000000001
19528221,46524537,13,25,personal,4,3,8.0,15730.4,168.1196810625945,4.369555555555555,0.3999999999999999,0.125,0.04999999999999999,True,False,3,17,3,3,True,Glendale,AZ,33.5386858,-112.185994,onsite,0.6000000000000001,0.07500000000000001
81396769,57922365,13,3,personal,4,4,1.333,3152.6,29.38290384156526,0.8757222222222222,1.0,0.7501875468867217,0.7501875468867217,True,False,3,17,3,4,True,Maryland Heights,MO,38.7150511,-90.435999,onsite,0.0,0.0
81400507,57922365,13,3,personal,4,4,1.333,3152.6,29.38290384156526,0.8757222222222222,1.0,0.7501875468867217,0.7501875468867217,True,False,3,17,3,4,True,Maryland Heights,MO,38.7150511,-90.435999,onsite,0.0,0.0
45459060,58094481,13,2,personal,4,4,1.333,4653.8,45.11067863676131,1.2927222222222223,1.0,0.7501875468867217,0.7501875468867217,True,False,3,17,4,4,True,Rancho Cordova,CA,38.5890723,-121.302728,onsite,0.0,0.0
38497269,58094481,13,2,personal,4,4,1.333,4653.8,45.11067863676131,1.2927222222222223,1.0,0.7501875468867217,0.7501875468867217,True,False,3,17,4,4,True,Naperville,IL,41.7728699,-88.1479278,onsite,0.0,0.0
17621023,69194463,13,0,personal,4,4,1.333,1948.2,17.3859659588006,0.5411666666666667,1.0,0.7501875468867217,0.7501875468867217,True,False,2,16,3,4,True,Alpharetta,GA,34.0755962,-84.2945964,onsite,0.0,0.0
18407947,69194463,13,0,personal,4,4,1.333,1948.2,17.3859659588006,0.5411666666666667,1.0,0.7501875468867217,0.7501875468867217,True,False,2,16,3,4,True,Oklahoma City,OK,35.4729886,-97.5170536,onsite,0.0,0.0
11226387,77129325,13,10,personal,4,3,8.0,3675.0,34.80324902568997,1.0208333333333333,1.0,0.125,0.125,True,False,4,18,0,3,True,Hartford,CT,41.764582,-72.6908547,onsite,0.0,0.0
11350447,77129325,13,10,personal,4,3,8.0,3675.0,34.80324902568997,1.0208333333333333,1.0,0.125,0.125,True,False,4,18,0,3,True,Centennial,CO,39.579155,-104.8769227,onsite,0.0,0.0
33113383,92764143,13,15,personal,4,4,1.333,1466.6,7.603843553646703,0.40738888888888886,1.0,0.7501875468867217,0.7501875468867217,True,False,2,16,4,4,True,Independence,MO,39.0924792,-94.4137923,onsite,0.0,0.0
33522459,92764143,13,15,personal,4,4,1.333,1466.6,7.603843553646703,0.40738888888888886,1.0,0.7501875468867217,0.7501875468867217,True,False,2,16,4,4,True,Knoxville,TN,35.9603948,-83.9210261,onsite,0.0,0.0
49546630,93698223,13,17,personal,4,4,1.333,5114.4,56.23123458999443,1.4206666666666665,1.0,0.7501875468867217,0.7501875468867217,True,False,4,18,3,4,True,Alpharetta,GA,34.0755962,-84.2945964,onsite,0.0,0.0
54333554,93698223,13,17,personal,4,4,1.333,5114.4,56.23123458999443,1.4206666666666665,1.0,0.7501875468867217,0.7501875468867217,True,False,4,18,3,4,True,Naperville,IL,41.7728699,-88.1479278,onsite,0.0,0.0
22440928,95190490,13,6,personal,4,3,8.0,2256.0,23.12495029030462,0.6266666666666667,1.0,0.125,0.125,True,False,3,17,3,3,True,Virtual,SC,34.1718723,-82.1564776,onsite,0.0,0.0
23354345,95190490,13,6,personal,4,3,8.0,2256.0,23.12495029030462,0.6266666666666667,1.0,0.125,0.125,True,False,3,17,3,3,True,Centennial,CO,39.579155,-104.8769227,onsite,0.0,0.0
95771836,35091151,13,7,personal,5,5,4.0,5998.4,59.44894317187624,1.666222222222222,1.0,0.25,0.25,True,False,6,13,5,5,True,Rochester,NY,43.157285,-77.615214,onsite,0.0,0.0
79478179,35091151,13,7,personal,5,5,4.0,5998.4,59.44894317187624,1.666222222222222,1.0,0.25,0.25,True,False,6,13,3,5,True,Indianapolis,IN,39.7683331,-86.1583502,onsite,0.0,0.0
45149910,35091151,13,7,personal,5,5,4.0,5998.4,59.44894317187624,1.666222222222222,1.0,0.25,0.25,True,False,6,13,4,5,True,Houston,TX,29.7589382,-95.3676974,onsite,0.0,0.0
17597223,42069937,13,0,personal,5,5,4.0,916.6,7.054551419708901,0.2546111111111111,1.0,0.25,0.25,True,False,9,16,5,5,True,Troy,MI,42.6055893,-83.1499304,onsite,0.0,0.0
33519700,42250196,13,10,personal,5,4,8.0,5227.4,51.6978346456693,1.4520555555555554,1.0,0.125,0.125,True,False,7,14,3,4,True,Flowood,MS,32.3092861,-90.1386811,onsite,0.0,0.0
23257451,42250196,13,10,personal,5,4,8.0,5227.4,51.6978346456693,1.4520555555555554,1.0,0.125,0.125,True,False,7,14,1,4,True,Edison,GA,31.5581741,-84.7381045,onsite,0.0,0.0
54887810,49025991,13,2,personal,5,4,8.0,4282.2,51.66428060128847,1.1895,1.0,0.125,0.125,True,False,8,15,3,4,True,Windsor,CA,38.5471327,-122.8163802,onsite,0.0,0.0
44914866,50924711,13,2,personal,5,4,8.0,5529.2,68.17200051698083,1.5358888888888889,1.0,0.125,0.125,True,False,6,13,4,4,True,West Bridgewater,MA,42.0190922,-71.0079688,onsite,0.0,0.0
61662948,50924711,13,2,personal,5,4,8.0,5529.2,68.17200051698083,1.5358888888888889,1.0,0.125,0.125,True,False,6,13,3,4,True,Maryland Heights,MO,38.7150511,-90.435999,onsite,0.0,0.0
17932464,50924711,13,2,personal,5,5,4.0,5529.2,68.17200051698083,1.5358888888888889,1.0,0.25,0.25,True,False,6,13,4,5,True,White Plains,NY,41.0339862,-73.7629097,onsite,0.0,0.0
99474654,54214608,13,9,personal,5,4,8.0,11291.8,143.9515728147618,3.136611111111111,0.8,0.125,0.1,True,False,9,16,4,4,True,Richmond,VA,37.5385087,-77.43428,onsite,0.19999999999999996,0.024999999999999994
26130629,62556373,13,2,personal,5,5,4.0,1303.8,12.21901594687028,0.36216666666666664,1.0,0.25,0.25,True,False,13,20,4,5,True,Houston,TX,29.7589382,-95.3676974,onsite,0.0,0.0
68291074,66351845,13,15,personal,5,5,4.0,1466.6,7.603843553646703,0.40738888888888886,1.0,0.25,0.25,True,False,7,14,5,5,True,Naperville,IL,41.7728699,-88.1479278,onsite,0.0,0.0
26862623,74609966,13,1,personal,5,5,4.0,5345.6,48.15626739839338,1.484888888888889,1.0,0.25,0.25,True,False,11,18,5,5,True,Overland Park,KS,38.9742502,-94.6851702,onsite,0.0,0.0
46986893,75125571,13,20,personal,5,4,8.0,569.8,5.143213632386861,0.15827777777777777,1.0,0.125,0.125,True,False,13,20,4,4,True,Indianapolis,IN,39.7683331,-86.1583502,onsite,0.0,0.0
16485520,76537848,13,10,personal,5,4,8.0,1880.0,13.14672313688062,0.5222222222222223,1.0,0.125,0.125,True,False,10,17,4,4,True,Richardson,TX,32.9481789,-96.7297206,onsite,0.0,0.0
78272027,78257789,13,6,personal,5,4,8.0,4452.0,42.64619621410959,1.2366666666666666,1.0,0.125,0.125,True,False,6,13,2,4,True,Overland Park,KS,38.9742502,-94.6851702,onsite,0.0,0.0
82687551,78257789,13,6,personal,5,4,8.0,4452.0,42.64619621410959,1.2366666666666666,1.0,0.125,0.125,True,False,6,13,3,4,True,Walnut Creek,CA,37.9020731,-122.0618702,onsite,0.0,0.0
94472986,89367750,13,7,personal,5,4,8.0,6197.6,67.1532003101885,1.7215555555555557,1.0,0.125,0.125,True,False,9,16,2,4,True,Overland Park,KS,38.9742502,-94.6851702,onsite,0.0,0.0
69379844,97834380,13,3,personal,5,5,4.0,8031.8,92.08596794718842,2.231055555555556,1.0,0.25,0.25,True,False,7,14,5,5,True,Chantilly,VA,38.885219,-77.4486772,onsite,0.0,0.0
30721082,10660194,13,1,personal,4,5,1.0,2159.4,18.17784140618786,0.5998333333333333,1.0,1.0,1.0,True,False,3,17,5,5,True,Richardson,TX,32.9481789,-96.7297206,onsite,0.0,0.0
37113544,20471024,13,10,personal,4,4,1.333,6133.0,62.63806867891513,1.7036111111111112,1.0,0.7501875468867217,0.7501875468867217,True,False,4,18,3,4,True,Overland Park,KS,38.9742502,-94.6851702,onsite,0.0,0.0
48417943,21933264,13,13,personal,4,5,1.0,3237.8,19.50732720909886,0.8993888888888889,1.0,1.0,1.0,True,False,4,18,5,5,True,Virtual,SC,34.1718723,-82.1564776,onsite,0.0,0.0
89117598,33870428,13,6,personal,4,4,1.333,2903.8,32.43309075001989,0.8066111111111112,1.0,0.7501875468867217,0.7501875468867217,True,False,3,17,2,4,True,Syracuse,NY,43.0481221,-76.1474244,onsite,0.0,0.0
66643743,37341972,13,5,personal,4,5,1.0,1314.0,12.76830808080808,0.365,1.0,1.0,1.0,True,False,2,16,3,5,True,Chantilly,VA,38.885219,-77.4486772,onsite,0.0,0.0
83212066,38693481,13,7,personal,4,4,1.333,11607.2,132.7288634375248,3.2242222222222225,0.8,0.7501875468867217,0.6001500375093775,True,False,3,17,0,4,True,Virtual,SC,34.1718723,-82.1564776,onsite,0.19999999999999996,0.15003750937734428
38397433,39320303,13,10,personal,4,4,1.333,9167.6,105.6507496222063,2.5465555555555555,1.0,0.7501875468867217,0.7501875468867217,True,False,2,16,3,4,True,Overland Park,KS,38.9742502,-94.6851702,onsite,0.0,0.0
16559402,46524537,13,25,personal,4,3,8.0,15730.4,168.1196810625945,4.369555555555555,0.3999999999999999,0.125,0.04999999999999999,True,False,3,17,0,3,True,Raleigh,NC,35.7803977,-78.6390989,onsite,0.6000000000000001,0.07500000000000001
25458542,50871797,13,6,personal,4,3,8.0,4793.8,55.57108983536148,1.331611111111111,1.0,0.125,0.125,True,False,3,17,3,3,True,Buffalo,NY,42.8864163,-78.8781493,onsite,0.0,0.0
84568374,52235288,13,6,personal,4,4,1.333,2916.8,30.9410542432196,0.8102222222222223,1.0,0.7501875468867217,0.7501875468867217,True,False,3,17,3,4,True,Houston,TX,29.7589382,-95.3676974,onsite,0.0,0.0
95664184,54925606,13,9,business,4,4,1.333,9162.0,96.51261632068719,2.545,1.0,0.7501875468867217,0.7501875468867217,True,False,4,18,4,4,True,Naperville,IL,41.7728699,-88.1479278,onsite,0.0,0.0
84017238,60177649,13,5,personal,4,5,1.0,11216.2,160.3470730931361,3.1156111111111113,0.8,1.0,0.8,True,False,3,17,5,5,True,Rochester,NY,43.157285,-77.615214,onsite,0.19999999999999996,0.19999999999999996
54636222,62687338,13,18,personal,4,4,1.333,5753.0,51.90276286486916,1.5980555555555556,1.0,0.7501875468867217,0.7501875468867217,True,False,3,17,3,4,True,Orlando,FL,28.5421218,-81.379045,onsite,0.0,0.0
39267987,62687338,13,18,personal,4,4,1.333,5753.0,51.90276286486916,1.5980555555555556,1.0,0.7501875468867217,0.7501875468867217,True,False,3,17,1,4,True,Tampa,FL,27.9449854,-82.4583107,onsite,0.0,0.0
50519688,63040634,13,13,personal,4,5,1.0,3829.6,30.75998667780164,1.0637777777777777,1.0,1.0,1.0,True,False,4,18,5,5,True,Charlotte,NC,35.2272086,-80.8430827,onsite,0.0,0.0
15922412,64404919,13,23,personal,4,3,8.0,10702.6,130.6716276942655,2.9729444444444444,1.0,0.125,0.125,True,False,3,17,3,3,True,Hartford,CT,41.764582,-72.6908547,onsite,0.0,0.0
34174328,70483492,13,17,personal,4,4,1.333,3132.4,29.49412928497574,0.8701111111111112,1.0,0.7501875468867217,0.7501875468867217,True,False,3,17,2,4,True,Alpharetta,GA,34.0755962,-84.2945964,onsite,0.0,0.0
95870867,74810352,13,8,personal,4,5,1.0,2302.6,21.2982432593653,0.6396111111111111,1.0,1.0,1.0,True,False,2,16,5,5,True,Virtual,SC,34.1718723,-82.1564776,onsite,0.0,0.0
10402032,80065108,13,0,business,4,4,1.333,2479.4,26.11884096874254,0.6887222222222222,1.0,0.7501875468867217,0.7501875468867217,True,False,2,16,4,4,True,Richardson,TX,32.9481789,-96.7297206,onsite,0.0,0.0
10134858,82908253,13,16,personal,4,3,8.0,6713.6,81.34867374532729,1.864888888888889,1.0,0.125,0.125,True,False,4,18,1,3,True,New York,NY,40.7127281,-74.0060152,onsite,0.0,0.0
96399702,85902201,13,9,personal,4,4,1.333,3869.4,40.41112403563191,1.0748333333333333,1.0,0.7501875468867217,0.7501875468867217,True,False,5,19,4,4,True,Richmond,VA,37.5385087,-77.43428,onsite,0.0,0.0
97120688,85903801,13,8,personal,4,5,1.0,1147.2,11.78815716217291,0.31866666666666665,1.0,1.0,1.0,True,False,2,16,5,5,True,Naperville,IL,41.7728699,-88.1479278,onsite,0.0,0.0
88856717,95175090,13,7,personal,4,4,1.333,5998.4,59.44894317187624,1.666222222222222,1.0,0.7501875468867217,0.7501875468867217,True,False,3,17,3,4,True,Charlotte,NC,35.2272086,-80.8430827,onsite,0.0,0.0
93222266,95190490,13,6,personal,4,4,1.333,2256.0,23.12495029030462,0.6266666666666667,1.0,0.7501875468867217,0.7501875468867217,True,False,3,17,2,4,True,Richmond,VA,37.5385087,-77.43428,onsite,0.0,0.0
93750751,95721396,13,5,personal,4,5,1.0,4824.0,61.22917163763621,1.34,1.0,1.0,1.0,True,False,2,16,5,5,True,Chantilly,VA,38.885219,-77.4486772,onsite,0.0,0.0
53820765,98771101,13,13,personal,4,5,1.0,7298.0,90.92860196452716,2.027222222222222,1.0,1.0,1.0,True,False,3,17,5,5,True,Buffalo,NY,42.8864163,-78.8781493,onsite,0.0,0.0
59321509,24667385,13,15,personal,3,5,0.5,1466.6,7.603843553646703,0.40738888888888886,1.0,2.0,2.0,True,False,6,27,5,5,True,Brookfield,WI,43.0615578,-88.1260678,onsite,0.0,0.0
15483039,94222829,13,1,personal,3,4,0.5,5150.4,53.67242802036109,1.4306666666666665,1.0,2.0,2.0,True,False,3,24,4,4,True,Richardson,TX,32.9481789,-96.7297206,onsite,0.0,0.0
33519700,42250196,14,10,personal,5,4,8.0,5227.4,51.6978346456693,1.4520555555555554,1.0,0.125,0.125,True,False,7,14,3,4,True,Flowood,MS,32.3092861,-90.1386811,onsite,0.0,0.0
37113544,42250196,14,10,personal,5,4,8.0,5227.4,51.6978346456693,1.4520555555555554,1.0,0.125,0.125,True,False,7,14,3,4,True,Overland Park,KS,38.9742502,-94.6851702,onsite,0.0,0.0
38397433,42250196,14,10,personal,5,4,8.0,5227.4,51.6978346456693,1.4520555555555554,1.0,0.125,0.125,True,False,7,14,3,4,True,Overland Park,KS,38.9742502,-94.6851702,onsite,0.0,0.0
45459060,49025991,14,2,personal,5,4,8.0,4282.2,51.66428060128847,1.1895,1.0,0.125,0.125,True,False,8,15,4,4,True,Rancho Cordova,CA,38.5890723,-121.302728,onsite,0.0,0.0
38497269,49025991,14,2,personal,5,4,8.0,4282.2,51.66428060128847,1.1895,1.0,0.125,0.125,True,False,8,15,4,4,True,Naperville,IL,41.7728699,-88.1479278,onsite,0.0,0.0
44914866,49025991,14,2,personal,5,4,8.0,4282.2,51.66428060128847,1.1895,1.0,0.125,0.125,True,False,8,15,4,4,True,West Bridgewater,MA,42.0190922,-71.0079688,onsite,0.0,0.0
78272027,84177662,14,6,personal,5,4,8.0,4769.2,52.69103435934144,1.3247777777777778,1.0,0.125,0.125,True,False,9,16,2,4,True,Overland Park,KS,38.9742502,-94.6851702,onsite,0.0,0.0
89117598,84177662,14,6,personal,5,4,8.0,4769.2,52.69103435934144,1.3247777777777778,1.0,0.125,0.125,True,False,9,16,2,4,True,Syracuse,NY,43.0481221,-76.1474244,onsite,0.0,0.0
93222266,84177662,14,6,personal,5,4,8.0,4769.2,52.69103435934144,1.3247777777777778,1.0,0.125,0.125,True,False,9,16,2,4,True,Richmond,VA,37.5385087,-77.43428,onsite,0.0,0.0
55188485,88071747,14,13,personal,5,5,4.0,4906.6,50.79833770778652,1.3629444444444445,1.0,0.25,0.25,True,False,7,14,5,5,True,Washington,DC,38.8950982,-77.0363849,onsite,0.0,0.0
55323900,88071747,14,13,personal,5,5,4.0,4906.6,50.79833770778652,1.3629444444444445,1.0,0.25,0.25,True,False,7,14,5,5,True,Chantilly,VA,38.885219,-77.4486772,onsite,0.0,0.0
41627842,88071747,14,13,personal,5,5,4.0,4906.6,50.79833770778652,1.3629444444444445,1.0,0.25,0.25,True,False,7,14,5,5,True,Hartford,CT,41.764582,-72.6908547,onsite,0.0,0.0
72859063,45394363,14,7,personal,5,4,8.0,5847.2,67.38534458760836,1.6242222222222222,1.0,0.125,0.125,True,False,10,17,4,4,True,Richardson,TX,32.9481789,-96.7297206,onsite,0.0,0.0
73968848,45394363,14,7,personal,5,4,8.0,5847.2,67.38534458760836,1.6242222222222222,1.0,0.125,0.125,True,False,10,17,4,4,True,Naperville,IL,41.7728699,-88.1479278,onsite,0.0,0.0
63175059,66351845,14,15,personal,5,5,4.0,1466.6,7.603843553646703,0.40738888888888886,1.0,0.25,0.25,True,False,7,14,5,5,True,Naperville,IL,41.7728699,-88.1479278,onsite,0.0,0.0
63418508,66351845,14,15,personal,5,5,4.0,1466.6,7.603843553646703,0.40738888888888886,1.0,0.25,0.25,True,False,7,14,5,5,True,Melville,LA,30.6929653,-91.744004,onsite,0.0,0.0
44538039,74611319,14,13,personal,5,5,4.0,3829.6,30.75998667780164,1.0637777777777777,1.0,0.25,0.25,True,False,10,17,5,5,True,Hamden,OH,39.1597938,-82.5268259,onsite,0.0,0.0
48417943,74611319,14,13,personal,5,5,4.0,3829.6,30.75998667780164,1.0637777777777777,1.0,0.25,0.25,True,False,10,17,5,5,True,Virtual,SC,34.1718723,-82.1564776,onsite,0.0,0.0
63932904,97834380,14,3,personal,5,4,8.0,8031.8,92.08596794718842,2.231055555555556,1.0,0.125,0.125,True,False,7,14,3,4,True,Buffalo,NY,42.8864163,-78.8781493,onsite,0.0,0.0
70275620,97834380,14,3,personal,5,4,8.0,8031.8,92.08596794718842,2.231055555555556,1.0,0.125,0.125,True,False,7,14,3,4,True,Hartford,CT,41.764582,-72.6908547,onsite,0.0,0.0
15688459,99261454,14,1,personal,5,4,8.0,2993.6,26.20409309631751,0.8315555555555555,1.0,0.125,0.125,True,False,10,17,4,4,True,Melville,LA,30.6929653,-91.744004,onsite,0.0,0.0
12272069,99261454,14,1,personal,5,4,8.0,2993.6,26.20409309631751,0.8315555555555555,1.0,0.125,0.125,True,False,10,17,4,4,True,Naperville,IL,41.7728699,-88.1479278,onsite,0.0,0.0
92680761,10147967,14,8,personal,4,4,1.333,1506.0,11.23861647975821,0.41833333333333333,1.0,0.7501875468867217,0.7501875468867217,True,False,7,21,4,4,True,Richardson,TX,32.9481789,-96.7297206,onsite,0.0,0.0
85342366,10147967,14,8,personal,4,4,1.333,1506.0,11.23861647975821,0.41833333333333333,1.0,0.7501875468867217,0.7501875468867217,True,False,7,21,4,4,True,Richardson,TX,32.9481789,-96.7297206,onsite,0.0,0.0
33914483,19806199,14,15,personal,4,4,1.333,1980.2,14.28743637158992,0.5500555555555555,1.0,0.7501875468867217,0.7501875468867217,True,False,1,15,4,4,True,Naperville,IL,41.7728699,-88.1479278,onsite,0.0,0.0
25351257,19806199,14,15,personal,4,4,1.333,1980.2,14.28743637158992,0.5500555555555555,1.0,0.7501875468867217,0.7501875468867217,True,False,1,15,4,4,True,Saint Paul,MN,44.9497487,-93.0931028,onsite,0.0,0.0
10615629,27360664,14,12,personal,4,3,8.0,1766.0,12.73003161536626,0.4905555555555556,1.0,0.125,0.125,True,False,3,17,3,3,True,Virtual,SC,34.1718723,-82.1564776,onsite,0.0,0.0
10925596,27360664,14,12,personal,4,3,8.0,1766.0,12.73003161536626,0.4905555555555556,1.0,0.125,0.125,True,False,3,17,3,3,True,Hartford,CT,41.764582,-72.6908547,onsite,0.0,0.0
54887810,31417627,14,2,personal,4,4,1.333,2288.4,23.35386343752485,0.6356666666666667,1.0,0.7501875468867217,0.7501875468867217,True,False,3,17,3,4,True,Windsor,CA,38.5471327,-122.8163802,onsite,0.0,0.0
61662948,31417627,14,2,personal,4,4,1.333,2288.4,23.35386343752485,0.6356666666666667,1.0,0.7501875468867217,0.7501875468867217,True,False,3,17,3,4,True,Maryland Heights,MO,38.7150511,-90.435999,onsite,0.0,0.0
99474654,37474965,14,9,personal,4,4,1.333,9162.0,96.51261632068719,2.545,1.0,0.7501875468867217,0.7501875468867217,True,False,4,18,4,4,True,Richmond,VA,37.5385087,-77.43428,onsite,0.0,0.0
95664184,37474965,14,9,personal,4,4,1.333,9162.0,96.51261632068719,2.545,1.0,0.7501875468867217,0.7501875468867217,True,False,4,18,4,4,True,Naperville,IL,41.7728699,-88.1479278,onsite,0.0,0.0
22440928,39034200,14,6,personal,4,3,8.0,1945.2,20.61299510856598,0.5403333333333333,1.0,0.125,0.125,True,False,3,17,3,3,True,Virtual,SC,34.1718723,-82.1564776,onsite,0.0,0.0
23354345,39034200,14,6,personal,4,3,8.0,1945.2,20.61299510856598,0.5403333333333333,1.0,0.125,0.125,True,False,3,17,3,3,True,Centennial,CO,39.579155,-104.8769227,onsite,0.0,0.0
18336561,46524537,14,25,personal,4,3,8.0,15730.4,168.1196810625945,4.369555555555555,0.3999999999999999,0.125,0.04999999999999999,True,False,3,17,3,3,True,South Portland,ME,43.6382443,-70.2529189,onsite,0.6000000000000001,0.07500000000000001
19528221,46524537,14,25,personal,4,3,8.0,15730.4,168.1196810625945,4.369555555555555,0.3999999999999999,0.125,0.04999999999999999,True,False,3,17,3,3,True,Glendale,AZ,33.5386858,-112.185994,onsite,0.6000000000000001,0.07500000000000001
17621023,48763537,14,0,personal,4,4,1.333,2668.0,33.89120038972401,0.7411111111111112,1.0,0.7501875468867217,0.7501875468867217,True,False,1,15,3,4,True,Alpharetta,GA,34.0755962,-84.2945964,onsite,0.0,0.0
18407947,48763537,14,0,personal,4,4,1.333,2668.0,33.89120038972401,0.7411111111111112,1.0,0.7501875468867217,0.7501875468867217,True,False,1,15,3,4,True,Oklahoma City,OK,35.4729886,-97.5170536,onsite,0.0,0.0
11788873,51033345,14,0,personal,4,4,1.333,1948.2,17.3859659588006,0.5411666666666667,1.0,0.7501875468867217,0.7501875468867217,True,False,3,17,2,4,True,Richardson,TX,32.9481789,-96.7297206,onsite,0.0,0.0
22143269,51033345,14,0,personal,4,4,1.333,1948.2,17.3859659588006,0.5411666666666667,1.0,0.7501875468867217,0.7501875468867217,True,False,3,17,2,4,True,Brookfield,WI,43.0615578,-88.1260678,onsite,0.0,0.0
11226387,81634710,14,10,personal,4,3,8.0,4364.4,32.97442933269705,1.2123333333333333,1.0,0.125,0.125,True,False,4,18,0,3,True,Hartford,CT,41.764582,-72.6908547,onsite,0.0,0.0
11350447,81634710,14,10,personal,4,3,8.0,4364.4,32.97442933269705,1.2123333333333333,1.0,0.125,0.125,True,False,4,18,0,3,True,Centennial,CO,39.579155,-104.8769227,onsite,0.0,0.0
90334978,84345271,14,7,personal,4,4,1.333,5601.4,65.53974787242504,1.5559444444444444,1.0,0.7501875468867217,0.7501875468867217,True,False,3,17,3,4,True,Franklin,TN,35.925206,-86.8689419,onsite,0.0,0.0
88856717,84345271,14,7,personal,4,4,1.333,5601.4,65.53974787242504,1.5559444444444444,1.0,0.7501875468867217,0.7501875468867217,True,False,3,17,3,4,True,Charlotte,NC,35.2272086,-80.8430827,onsite,0.0,0.0
27096178,99379271,14,15,personal,4,4,1.333,1466.6,7.603843553646703,0.40738888888888886,1.0,0.7501875468867217,0.7501875468867217,True,False,2,16,4,4,True,Bedford,TX,32.844017,-97.1430671,onsite,0.0,0.0
27328743,99379271,14,15,personal,4,4,1.333,1466.6,7.603843553646703,0.40738888888888886,1.0,0.7501875468867217,0.7501875468867217,True,False,2,16,4,4,True,Buffalo,NY,42.8864163,-78.8781493,onsite,0.0,0.0
49546630,99526979,14,17,personal,4,4,1.333,5704.6,62.0536069354967,1.5846111111111112,1.0,0.7501875468867217,0.7501875468867217,True,False,3,17,3,4,True,Alpharetta,GA,34.0755962,-84.2945964,onsite,0.0,0.0
54333554,99526979,14,17,personal,4,4,1.333,5704.6,62.0536069354967,1.5846111111111112,1.0,0.7501875468867217,0.7501875468867217,True,False,3,17,3,4,True,Naperville,IL,41.7728699,-88.1479278,onsite,0.0,0.0
34174328,20075564,14,17,personal,5,4,8.0,5233.6,55.63061719557783,1.4537777777777778,1.0,0.125,0.125,True,False,11,18,2,4,True,Alpharetta,GA,34.0755962,-84.2945964,onsite,0.0,0.0
17932464,50473912,14,2,personal,5,5,4.0,9829.8,134.7714348206474,2.7304999999999997,1.0,0.25,0.25,True,False,9,16,4,5,True,White Plains,NY,41.0339862,-73.7629097,onsite,0.0,0.0
34336521,75087575,14,1,personal,5,5,4.0,13507.2,149.9668187783345,3.7520000000000002,0.6,0.25,0.15,True,False,14,21,5,5,True,Omaha,NE,41.2587459,-95.9383758,onsite,0.4,0.1
46986893,75125571,14,20,personal,5,4,8.0,569.8,5.143213632386861,0.15827777777777777,1.0,0.125,0.125,True,False,13,20,4,4,True,Indianapolis,IN,39.7683331,-86.1583502,onsite,0.0,0.0
16485520,76537848,14,10,personal,5,4,8.0,1880.0,13.14672313688062,0.5222222222222223,1.0,0.125,0.125,True,False,10,17,4,4,True,Richardson,TX,32.9481789,-96.7297206,onsite,0.0,0.0
66643743,81439291,14,5,personal,5,5,4.0,4337.0,53.94545852223018,1.2047222222222222,1.0,0.25,0.25,True,False,10,17,3,5,True,Chantilly,VA,38.885219,-77.4486772,onsite,0.0,0.0
82687551,90137660,14,6,personal,5,4,8.0,5687.4,66.27917959118746,1.5798333333333332,1.0,0.125,0.125,True,False,10,17,3,4,True,Walnut Creek,CA,37.9020731,-122.0618702,onsite,0.0,0.0
11091566,96670406,14,0,business,5,5,4.0,916.6,7.054551419708901,0.2546111111111111,1.0,0.25,0.25,True,False,7,14,5,5,True,Windsor,CA,38.5471327,-122.8163802,onsite,0.0,0.0
69379844,97834380,14,3,personal,5,5,4.0,8031.8,92.08596794718842,2.231055555555556,1.0,0.25,0.25,True,False,7,14,5,5,True,Chantilly,VA,38.885219,-77.4486772,onsite,0.0,0.0
52192658,10892619,14,6,personal,4,4,1.333,3844.6,45.78710331663087,1.0679444444444444,1.0,0.7501875468867217,0.7501875468867217,True,False,3,17,4,4,True,Albuquerque,NM,35.0841034,-106.650985,onsite,0.0,0.0
25458542,14117027,14,6,personal,4,3,8.0,1244.0,12.49341346536228,0.34555555555555556,1.0,0.125,0.125,True,False,3,17,3,3,True,Buffalo,NY,42.8864163,-78.8781493,onsite,0.0,0.0
36916937,15194864,14,1,personal,4,5,1.0,887.4,5.710028433945756,0.2465,1.0,1.0,1.0,True,False,4,18,5,5,True,New York,NY,40.7127281,-74.0060152,onsite,0.0,0.0
22286102,27242419,14,1,personal,4,5,1.0,6924.8,72.98228346456693,1.9235555555555557,1.0,1.0,1.0,True,False,10,24,5,5,True,Melville,LA,30.6929653,-91.744004,onsite,0.0,0.0
17566082,34336286,14,0,personal,4,5,1.0,1948.2,17.3859659588006,0.5411666666666667,1.0,1.0,1.0,True,False,2,16,5,5,True,Naperville,IL,41.7728699,-88.1479278,onsite,0.0,0.0
84568374,36599335,14,6,personal,4,4,1.333,2136.8,18.81611389485405,0.5935555555555556,1.0,0.7501875468867217,0.7501875468867217,True,False,3,17,3,4,True,Houston,TX,29.7589382,-95.3676974,onsite,0.0,0.0
84017238,37341972,14,5,personal,4,5,1.0,1314.0,12.76830808080808,0.365,1.0,1.0,1.0,True,False,2,16,5,5,True,Rochester,NY,43.157285,-77.615214,onsite,0.0,0.0
95870867,38219062,14,8,business,4,5,1.0,1147.2,11.78815716217291,0.31866666666666665,1.0,1.0,1.0,True,False,2,16,5,5,True,Virtual,SC,34.1718723,-82.1564776,onsite,0.0,0.0
16559402,46524537,14,25,personal,4,3,8.0,15730.4,168.1196810625945,4.369555555555555,0.3999999999999999,0.125,0.04999999999999999,True,False,3,17,0,3,True,Raleigh,NC,35.7803977,-78.6390989,onsite,0.6000000000000001,0.07500000000000001
26130629,46571947,14,2,personal,4,5,1.0,4090.6,41.94429531535831,1.1362777777777777,1.0,1.0,1.0,True,False,2,16,4,5,True,Houston,TX,29.7589382,-95.3676974,onsite,0.0,0.0
95771836,56387680,14,7,personal,4,5,1.0,841.6,5.421836474986081,0.23377777777777778,1.0,1.0,1.0,True,False,3,17,5,5,True,Rochester,NY,43.157285,-77.615214,onsite,0.0,0.0
79478179,60436427,14,7,personal,4,5,1.0,2206.0,20.38781018849916,0.6127777777777778,1.0,1.0,1.0,True,False,3,17,3,5,True,Indianapolis,IN,39.7683331,-86.1583502,onsite,0.0,0.0
94472986,63413541,14,7,personal,4,4,1.333,4827.0,46.13420126461465,1.3408333333333333,1.0,0.7501875468867217,0.7501875468867217,True,False,3,17,2,4,True,Overland Park,KS,38.9742502,-94.6851702,onsite,0.0,0.0
45149910,63413541,14,7,personal,4,5,1.0,4827.0,46.13420126461465,1.3408333333333333,1.0,1.0,1.0,True,False,3,17,4,5,True,Houston,TX,29.7589382,-95.3676974,onsite,0.0,0.0
14343602,66327959,14,17,personal,4,3,8.0,6637.4,70.23072755110157,1.843722222222222,1.0,0.125,0.125,True,False,4,18,0,3,True,Naperville,IL,41.7728699,-88.1479278,onsite,0.0,0.0
34930040,66327959,14,17,personal,4,4,1.333,6637.4,70.23072755110157,1.843722222222222,1.0,0.7501875468867217,0.7501875468867217,True,False,4,18,4,4,True,Rancho Cordova,CA,38.5890723,-121.302728,onsite,0.0,0.0
61927589,78405399,14,6,personal,4,4,1.333,2914.0,32.54879006601448,0.8094444444444444,1.0,0.7501875468867217,0.7501875468867217,True,False,3,17,4,4,True,Franklin,TN,35.925206,-86.8689419,onsite,0.0,0.0
10402032,80065108,14,0,business,4,4,1.333,2479.4,26.11884096874254,0.6887222222222222,1.0,0.7501875468867217,0.7501875468867217,True,False,2,16,4,4,True,Richardson,TX,32.9481789,-96.7297206,onsite,0.0,0.0
17597223,80794183,14,0,personal,4,5,1.0,2479.4,26.11884096874254,0.6887222222222222,1.0,1.0,1.0,True,False,2,16,5,5,True,Troy,MI,42.6055893,-83.1499304,onsite,0.0,0.0
24186729,81657921,14,1,personal,4,5,1.0,5767.8,59.60018492006681,1.6021666666666667,1.0,1.0,1.0,True,False,7,21,5,5,True,Richmond,VA,37.5385087,-77.43428,onsite,0.0,0.0
39267987,82528579,14,18,personal,4,4,1.333,9424.8,92.70050405631115,2.618,1.0,0.7501875468867217,0.7501875468867217,True,False,4,18,1,4,True,Tampa,FL,27.9449854,-82.4583107,onsite,0.0,0.0
23257451,84455331,14,10,personal,4,4,1.333,11160.4,118.150376799491,3.100111111111111,0.8,0.7501875468867217,0.6001500375093775,True,False,3,17,1,4,True,Edison,GA,31.5581741,-84.7381045,onsite,0.19999999999999996,0.15003750937734428
26862623,87360077,14,1,personal,4,5,1.0,6279.2,56.96457687107294,1.7442222222222221,1.0,1.0,1.0,True,False,3,17,5,5,True,Overland Park,KS,38.9742502,-94.6851702,onsite,0.0,0.0
93750751,91523808,14,5,personal,4,5,1.0,3158.8,26.55665911079297,0.8774444444444445,1.0,1.0,1.0,True,False,3,17,5,5,True,Chantilly,VA,38.885219,-77.4486772,onsite,0.0,0.0
96399702,92830955,14,9,personal,4,4,1.333,4478.0,56.55472043267319,1.2438888888888888,1.0,0.7501875468867217,0.7501875468867217,True,False,4,18,4,4,True,Richmond,VA,37.5385087,-77.43428,onsite,0.0,0.0
10134858,96326859,14,16,personal,4,3,8.0,6551.2,80.2517050425515,1.8197777777777777,1.0,0.125,0.125,True,False,5,19,1,3,True,New York,NY,40.7127281,-74.0060152,onsite,0.0,0.0
83212066,16376540,14,7,personal,3,4,0.5,6292.0,64.22219239640499,1.7477777777777779,1.0,2.0,2.0,True,False,3,24,0,4,True,Virtual,SC,34.1718723,-82.1564776,onsite,0.0,0.0
68291074,59458268,14,15,personal,3,5,0.5,1980.2,14.28743637158992,0.5500555555555555,1.0,2.0,2.0,True,False,1,22,5,5,True,Naperville,IL,41.7728699,-88.1479278,onsite,0.0,0.0
81396769,63577916,14,3,personal,3,4,0.5,2421.0,22.80320428696413,0.6725,1.0,2.0,2.0,True,False,6,27,3,4,True,Maryland Heights,MO,38.7150511,-90.435999,onsite,0.0,0.0
99766264,17022546,14,0,personal,3,4,0.5,0.0,0.0,0.0,1.0,2.0,2.0,False,True,3,24,3,4,True,Maryland Heights,MO,38.7150511,-90.435999,online,0.0,0.0
42270197,37126672,14,0,personal,3,4,0.5,0.0,0.0,0.0,1.0,2.0,2.0,False,True,3,24,3,4,True,San Antonio,TX,29.4246002,-98.4951405,online,0.0,0.0
42879523,44438241,14,0,personal,3,4,0.5,0.0,0.0,0.0,1.0,2.0,2.0,False,True,3,24,3,4,True,Spokane,WA,47.6571934,-117.42351,online,0.0,0.0
54636222,81613075,14,3,personal,3,4,0.5,0.0,0.0,0.0,1.0,2.0,2.0,False,True,3,24,3,4,True,Orlando,FL,28.5421218,-81.379045,online,0.0,0.0
99474654,54214608,15,9,personal,5,4,8.0,11291.8,143.9515728147618,3.136611111111111,0.8,0.125,0.1,True,False,9,16,4,4,True,Richmond,VA,37.5385087,-77.43428,onsite,0.19999999999999996,0.024999999999999994
95664184,54214608,15,9,personal,5,4,8.0,11291.8,143.9515728147618,3.136611111111111,0.8,0.125,0.1,True,False,9,16,4,4,True,Naperville,IL,41.7728699,-88.1479278,onsite,0.19999999999999996,0.024999999999999994
96399702,54214608,15,9,personal,5,4,8.0,11291.8,143.9515728147618,3.136611111111111,0.8,0.125,0.1,True,False,9,16,4,4,True,Richmond,VA,37.5385087,-77.43428,onsite,0.19999999999999996,0.024999999999999994
49546630,20075564,15,17,personal,5,4,8.0,5233.6,55.63061719557783,1.4537777777777778,1.0,0.125,0.125,True,False,11,18,3,4,True,Alpharetta,GA,34.0755962,-84.2945964,onsite,0.0,0.0
54333554,20075564,15,17,personal,5,4,8.0,5233.6,55.63061719557783,1.4537777777777778,1.0,0.125,0.125,True,False,11,18,3,4,True,Naperville,IL,41.7728699,-88.1479278,onsite,0.0,0.0
17621023,27739886,15,0,personal,5,4,8.0,3496.4,40.66601049868766,0.9712222222222222,1.0,0.125,0.125,True,False,10,17,3,4,True,Alpharetta,GA,34.0755962,-84.2945964,onsite,0.0,0.0
18407947,27739886,15,0,personal,5,4,8.0,3496.4,40.66601049868766,0.9712222222222222,1.0,0.125,0.125,True,False,10,17,3,4,True,Oklahoma City,OK,35.4729886,-97.5170536,onsite,0.0,0.0
54887810,50473912,15,2,personal,5,4,8.0,9829.8,134.7714348206474,2.7304999999999997,1.0,0.125,0.125,True,False,9,16,3,4,True,Windsor,CA,38.5471327,-122.8163802,onsite,0.0,0.0
61662948,50473912,15,2,personal,5,4,8.0,9829.8,134.7714348206474,2.7304999999999997,1.0,0.125,0.125,True,False,9,16,3,4,True,Maryland Heights,MO,38.7150511,-90.435999,onsite,0.0,0.0
33519700,76537848,15,10,personal,5,4,8.0,1880.0,13.14672313688062,0.5222222222222223,1.0,0.125,0.125,True,False,10,17,3,4,True,Flowood,MS,32.3092861,-90.1386811,onsite,0.0,0.0
37113544,76537848,15,10,personal,5,4,8.0,1880.0,13.14672313688062,0.5222222222222223,1.0,0.125,0.125,True,False,10,17,3,4,True,Overland Park,KS,38.9742502,-94.6851702,onsite,0.0,0.0
52192658,84177662,15,6,personal,5,4,8.0,4769.2,52.69103435934144,1.3247777777777778,1.0,0.125,0.125,True,False,9,16,4,4,True,Albuquerque,NM,35.0841034,-106.650985,onsite,0.0,0.0
61927589,84177662,15,6,personal,5,4,8.0,4769.2,52.69103435934144,1.3247777777777778,1.0,0.125,0.125,True,False,9,16,4,4,True,Franklin,TN,35.925206,-86.8689419,onsite,0.0,0.0
22440928,33870428,15,6,personal,4,3,8.0,2903.8,32.43309075001989,0.8066111111111112,1.0,0.125,0.125,True,False,3,17,3,3,True,Virtual,SC,34.1718723,-82.1564776,onsite,0.0,0.0
23354345,33870428,15,6,personal,4,3,8.0,2903.8,32.43309075001989,0.8066111111111112,1.0,0.125,0.125,True,False,3,17,3,3,True,Centennial,CO,39.579155,-104.8769227,onsite,0.0,0.0
11788873,36095364,15,0,personal,4,4,1.333,916.6,7.054551419708901,0.2546111111111111,1.0,0.7501875468867217,0.7501875468867217,True,False,3,17,2,4,True,Richardson,TX,32.9481789,-96.7297206,onsite,0.0,0.0
22143269,36095364,15,0,personal,4,4,1.333,916.6,7.054551419708901,0.2546111111111111,1.0,0.7501875468867217,0.7501875468867217,True,False,3,17,2,4,True,Brookfield,WI,43.0615578,-88.1260678,onsite,0.0,0.0
10615629,37428079,15,12,personal,4,3,8.0,3405.0,30.8994223733397,0.9458333333333333,1.0,0.125,0.125,True,False,3,17,3,3,True,Virtual,SC,34.1718723,-82.1564776,onsite,0.0,0.0
10925596,37428079,15,12,personal,4,3,8.0,3405.0,30.8994223733397,0.9458333333333333,1.0,0.125,0.125,True,False,3,17,3,3,True,Hartford,CT,41.764582,-72.6908547,onsite,0.0,0.0
81400507,41299502,15,3,personal,4,4,1.333,9351.2,128.9602471566054,2.5975555555555556,1.0,0.7501875468867217,0.7501875468867217,True,False,3,17,3,4,True,Maryland Heights,MO,38.7150511,-90.435999,onsite,0.0,0.0
63932904,41299502,15,3,personal,4,4,1.333,9351.2,128.9602471566054,2.5975555555555556,1.0,0.7501875468867217,0.7501875468867217,True,False,3,17,3,4,True,Buffalo,NY,42.8864163,-78.8781493,onsite,0.0,0.0
33113383,41735900,15,15,personal,4,4,1.333,1466.6,7.603843553646703,0.40738888888888886,1.0,0.7501875468867217,0.7501875468867217,True,False,1,15,4,4,True,Independence,MO,39.0924792,-94.4137923,onsite,0.0,0.0
33522459,41735900,15,15,personal,4,4,1.333,1466.6,7.603843553646703,0.40738888888888886,1.0,0.7501875468867217,0.7501875468867217,True,False,1,15,4,4,True,Knoxville,TN,35.9603948,-83.9210261,onsite,0.0,0.0
33914483,45934863,15,15,personal,4,4,1.333,1466.6,7.603843553646703,0.40738888888888886,1.0,0.7501875468867217,0.7501875468867217,True,False,1,15,4,4,True,Naperville,IL,41.7728699,-88.1479278,onsite,0.0,0.0
25351257,45934863,15,15,personal,4,4,1.333,1466.6,7.603843553646703,0.40738888888888886,1.0,0.7501875468867217,0.7501875468867217,True,False,1,15,4,4,True,Saint Paul,MN,44.9497487,-93.0931028,onsite,0.0,0.0
30721082,45989712,15,1,personal,4,5,1.0,11532.6,139.1692515708264,3.2035,0.8,1.0,0.8,True,False,3,17,5,5,True,Richardson,TX,32.9481789,-96.7297206,onsite,0.19999999999999996,0.19999999999999996
34336521,45989712,15,1,personal,4,5,1.0,11532.6,139.1692515708264,3.2035,0.8,1.0,0.8,True,False,3,17,5,5,True,Omaha,NE,41.2587459,-95.9383758,onsite,0.19999999999999996,0.19999999999999996
18336561,46524537,15,25,personal,4,3,8.0,15730.4,168.1196810625945,4.369555555555555,0.3999999999999999,0.125,0.04999999999999999,True,False,3,17,3,3,True,South Portland,ME,43.6382443,-70.2529189,onsite,0.6000000000000001,0.07500000000000001
19528221,46524537,15,25,personal,4,3,8.0,15730.4,168.1196810625945,4.369555555555555,0.3999999999999999,0.125,0.04999999999999999,True,False,3,17,3,3,True,Glendale,AZ,33.5386858,-112.185994,onsite,0.6000000000000001,0.07500000000000001
12272594,58834864,15,4,personal,4,3,8.0,9160.4,101.0973415254911,2.5445555555555552,1.0,0.125,0.125,True,False,3,17,2,3,True,Alpharetta,GA,34.0755962,-84.2945964,onsite,0.0,0.0
10541914,58834864,15,4,personal,4,3,8.0,9160.4,101.0973415254911,2.5445555555555552,1.0,0.125,0.125,True,False,3,17,2,3,True,Overland Park,KS,38.9742502,-94.6851702,onsite,0.0,0.0
15483039,59002596,15,1,personal,4,4,1.333,6987.4,77.74646066968901,1.9409444444444444,1.0,0.7501875468867217,0.7501875468867217,True,False,3,17,4,4,True,Richardson,TX,32.9481789,-96.7297206,onsite,0.0,0.0
15688459,59002596,15,1,personal,4,4,1.333,6987.4,77.74646066968901,1.9409444444444444,1.0,0.7501875468867217,0.7501875468867217,True,False,3,17,4,4,True,Melville,LA,30.6929653,-91.744004,onsite,0.0,0.0
11226387,73344763,15,10,personal,4,3,8.0,4064.4,38.03860454943132,1.129,1.0,0.125,0.125,True,False,4,18,0,3,True,Hartford,CT,41.764582,-72.6908547,onsite,0.0,0.0
11350447,73344763,15,10,personal,4,3,8.0,4064.4,38.03860454943132,1.129,1.0,0.125,0.125,True,False,4,18,0,3,True,Centennial,CO,39.579155,-104.8769227,onsite,0.0,0.0
31104564,76643740,15,1,personal,4,4,1.333,887.4,5.710028433945756,0.2465,1.0,0.7501875468867217,0.7501875468867217,True,False,3,17,3,4,True,Alpharetta,GA,34.0755962,-84.2945964,onsite,0.0,0.0
30456597,76643740,15,1,personal,4,4,1.333,887.4,5.710028433945756,0.2465,1.0,0.7501875468867217,0.7501875468867217,True,False,3,17,3,4,True,Memphis,TN,35.1460249,-90.0517638,onsite,0.0,0.0
45459060,84187455,15,2,personal,4,4,1.333,2193.6,21.80627634613855,0.6093333333333333,1.0,0.7501875468867217,0.7501875468867217,True,False,3,17,4,4,True,Rancho Cordova,CA,38.5890723,-121.302728,onsite,0.0,0.0
38497269,84187455,15,2,personal,4,4,1.333,2193.6,21.80627634613855,0.6093333333333333,1.0,0.7501875468867217,0.7501875468867217,True,False,3,17,4,4,True,Naperville,IL,41.7728699,-88.1479278,onsite,0.0,0.0
94472986,45394363,15,7,personal,5,4,8.0,5847.2,67.38534458760836,1.6242222222222222,1.0,0.125,0.125,True,False,10,17,2,4,True,Overland Park,KS,38.9742502,-94.6851702,onsite,0.0,0.0
17932464,49025991,15,2,personal,5,5,4.0,4282.2,51.66428060128847,1.1895,1.0,0.25,0.25,True,False,8,15,4,5,True,White Plains,NY,41.0339862,-73.7629097,onsite,0.0,0.0
26130629,59183717,15,2,personal,5,5,4.0,2131.4,24.52054998806967,0.5920555555555556,1.0,0.25,0.25,True,False,12,19,4,5,True,Houston,TX,29.7589382,-95.3676974,onsite,0.0,0.0
46986893,75125571,15,20,personal,5,4,8.0,569.8,5.143213632386861,0.15827777777777777,1.0,0.125,0.125,True,False,13,20,4,4,True,Indianapolis,IN,39.7683331,-86.1583502,onsite,0.0,0.0
90334978,89367750,15,7,personal,5,4,8.0,6197.6,67.1532003101885,1.7215555555555557,1.0,0.125,0.125,True,False,9,16,3,4,True,Franklin,TN,35.925206,-86.8689419,onsite,0.0,0.0
79478179,89367750,15,7,personal,5,5,4.0,6197.6,67.1532003101885,1.7215555555555557,1.0,0.25,0.25,True,False,9,16,3,5,True,Indianapolis,IN,39.7683331,-86.1583502,onsite,0.0,0.0
78272027,90137660,15,6,personal,5,4,8.0,5687.4,66.27917959118746,1.5798333333333332,1.0,0.125,0.125,True,False,10,17,2,4,True,Overland Park,KS,38.9742502,-94.6851702,onsite,0.0,0.0
82687551,90137660,15,6,personal,5,4,8.0,5687.4,66.27917959118746,1.5798333333333332,1.0,0.125,0.125,True,False,10,17,3,4,True,Walnut Creek,CA,37.9020731,-122.0618702,onsite,0.0,0.0
72859063,13198214,15,7,personal,4,4,1.333,7951.8,92.56106836077309,2.208833333333333,1.0,0.7501875468867217,0.7501875468867217,True,False,3,17,4,4,True,Richardson,TX,32.9481789,-96.7297206,onsite,0.0,0.0
83212066,13198214,15,7,personal,4,4,1.333,7951.8,92.56106836077309,2.208833333333333,1.0,0.7501875468867217,0.7501875468867217,True,False,3,17,0,4,True,Virtual,SC,34.1718723,-82.1564776,onsite,0.0,0.0
59321509,13851832,15,15,personal,4,5,1.0,1466.6,7.603843553646703,0.40738888888888886,1.0,1.0,1.0,True,False,1,15,5,5,True,Brookfield,WI,43.0615578,-88.1260678,onsite,0.0,0.0
84017238,15522364,15,5,personal,4,5,1.0,2935.8,26.73101586733477,0.8155,1.0,1.0,1.0,True,False,3,17,5,5,True,Rochester,NY,43.157285,-77.615214,onsite,0.0,0.0
11091566,18915815,15,0,personal,4,5,1.0,1948.2,17.3859659588006,0.5411666666666667,1.0,1.0,1.0,True,False,1,15,5,5,True,Windsor,CA,38.5471327,-122.8163802,onsite,0.0,0.0
16559402,21868312,15,25,personal,4,3,8.0,13680.4,138.0957706991172,3.800111111111111,0.6,0.125,0.075,True,False,3,17,0,3,True,Raleigh,NC,35.7803977,-78.6390989,onsite,0.4,0.05
16485520,22453141,15,10,personal,4,4,1.333,8423.6,92.34669529945121,2.339888888888889,1.0,0.7501875468867217,0.7501875468867217,True,False,4,18,4,4,True,Richardson,TX,32.9481789,-96.7297206,onsite,0.0,0.0
95771836,30575611,15,7,personal,4,5,1.0,1420.0,9.85668694822238,0.39444444444444443,1.0,1.0,1.0,True,False,3,17,5,5,True,Rochester,NY,43.157285,-77.615214,onsite,0.0,0.0
36916937,34197891,15,1,personal,4,5,1.0,8457.0,80.47763560804898,2.3491666666666666,1.0,1.0,1.0,True,False,4,18,5,5,True,New York,NY,40.7127281,-74.0060152,onsite,0.0,0.0
63175059,35181090,15,15,personal,4,5,1.0,1466.6,7.603843553646703,0.40738888888888886,1.0,1.0,1.0,True,False,1,15,5,5,True,Naperville,IL,41.7728699,-88.1479278,onsite,0.0,0.0
34930040,38535136,15,17,personal,4,4,1.333,3781.0,39.54567823908375,1.0502777777777779,1.0,0.7501875468867217,0.7501875468867217,True,False,3,17,4,4,True,Rancho Cordova,CA,38.5890723,-121.302728,onsite,0.0,0.0
73968848,38918075,15,7,personal,4,4,1.333,2696.6,26.42343712717728,0.7490555555555556,1.0,0.7501875468867217,0.7501875468867217,True,False,3,17,4,4,True,Naperville,IL,41.7728699,-88.1479278,onsite,0.0,0.0
50519688,50968655,15,13,personal,4,5,1.0,1890.4,14.05578919112384,0.5251111111111111,1.0,1.0,1.0,True,False,7,21,5,5,True,Charlotte,NC,35.2272086,-80.8430827,onsite,0.0,0.0
93750751,60177649,15,5,personal,4,5,1.0,11216.2,160.3470730931361,3.1156111111111113,0.8,1.0,0.8,True,False,3,17,5,5,True,Chantilly,VA,38.885219,-77.4486772,onsite,0.19999999999999996,0.19999999999999996
84568374,61894420,15,6,personal,4,4,1.333,8648.0,113.3301519128291,2.402222222222222,1.0,0.7501875468867217,0.7501875468867217,True,False,3,17,3,4,True,Houston,TX,29.7589382,-95.3676974,onsite,0.0,0.0
89117598,63105228,15,6,personal,4,4,1.333,4728.8,55.97796369203849,1.3135555555555556,1.0,0.7501875468867217,0.7501875468867217,True,False,3,17,2,4,True,Syracuse,NY,43.0481221,-76.1474244,onsite,0.0,0.0
14343602,66327959,15,17,personal,4,3,8.0,6637.4,70.23072755110157,1.843722222222222,1.0,0.125,0.125,True,False,4,18,0,3,True,Naperville,IL,41.7728699,-88.1479278,onsite,0.0,0.0
23257451,70923390,15,10,personal,4,4,1.333,911.8,6.628042233357193,0.25327777777777777,1.0,0.7501875468867217,0.7501875468867217,True,False,4,18,1,4,True,Edison,GA,31.5581741,-84.7381045,onsite,0.0,0.0
38397433,70942690,15,10,personal,4,4,1.333,3385.8,32.44067147856518,0.9405,1.0,0.7501875468867217,0.7501875468867217,True,False,3,17,3,4,True,Overland Park,KS,38.9742502,-94.6851702,onsite,0.0,0.0
93222266,71015832,15,6,personal,4,4,1.333,2275.6,25.3903453829635,0.6321111111111111,1.0,0.7501875468867217,0.7501875468867217,True,False,3,17,2,4,True,Richmond,VA,37.5385087,-77.43428,onsite,0.0,0.0
69379844,74624107,15,3,personal,4,5,1.0,3523.0,41.7361359659588,0.9786111111111111,1.0,1.0,1.0,True,False,7,21,5,5,True,Chantilly,VA,38.885219,-77.4486772,onsite,0.0,0.0
22286102,75623476,15,1,personal,4,5,1.0,7584.0,71.56207746758928,2.1066666666666665,1.0,1.0,1.0,True,False,3,17,5,5,True,Melville,LA,30.6929653,-91.744004,onsite,0.0,0.0
17566082,80881288,15,0,business,4,5,1.0,2479.4,26.11884096874254,0.6887222222222222,1.0,1.0,1.0,True,False,3,17,5,5,True,Naperville,IL,41.7728699,-88.1479278,onsite,0.0,0.0
45149910,85018146,15,7,personal,4,5,1.0,1957.4,16.11936292054402,0.5437222222222222,1.0,1.0,1.0,True,False,3,17,4,5,True,Houston,TX,29.7589382,-95.3676974,onsite,0.0,0.0
25458542,87305335,15,6,personal,4,3,8.0,2216.6,21.70027042074286,0.6157222222222222,1.0,0.125,0.125,True,False,3,17,3,3,True,Buffalo,NY,42.8864163,-78.8781493,onsite,0.0,0.0
17597223,93121434,15,0,personal,4,5,1.0,916.6,7.054551419708901,0.2546111111111111,1.0,1.0,1.0,True,False,1,15,5,5,True,Troy,MI,42.6055893,-83.1499304,onsite,0.0,0.0
10134858,96326859,15,16,personal,4,3,8.0,6551.2,80.2517050425515,1.8197777777777777,1.0,0.125,0.125,True,False,5,19,1,3,True,New York,NY,40.7127281,-74.0060152,onsite,0.0,0.0
63418508,99062635,15,15,personal,4,5,1.0,1466.6,7.603843553646703,0.40738888888888886,1.0,1.0,1.0,True,False,3,17,5,5,True,Melville,LA,30.6929653,-91.744004,onsite,0.0,0.0
34174328,99434458,15,17,personal,4,4,1.333,5510.8,45.18424898592221,1.5307777777777778,1.0,0.7501875468867217,0.7501875468867217,True,False,3,17,2,4,True,Alpharetta,GA,34.0755962,-84.2945964,onsite,0.0,0.0
27096178,62482328,15,15,personal,3,4,0.5,1466.6,7.603843553646703,0.40738888888888886,1.0,2.0,2.0,True,False,5,26,4,4,True,Bedford,TX,32.844017,-97.1430671,onsite,0.0,0.0
88856717,69417955,15,7,personal,3,4,0.5,5584.6,64.08561500835123,1.551277777777778,1.0,2.0,2.0,True,False,5,26,3,4,True,Charlotte,NC,35.2272086,-80.8430827,onsite,0.0,0.0
10312516,53275484,15,4,personal,3,2,0.667,0.0,0.0,0.0,1.0,1.4992503748125936,1.4992503748125936,False,True,2,23,0,2,True,Richardson,TX,32.9481789,-96.7297206,online,0.0,0.0
53820765,73510252,15,8,personal,3,5,0.5,0.0,0.0,0.0,1.0,2.0,2.0,False,True,4,25,5,5,True,Buffalo,NY,42.8864163,-78.8781493,online,0.0,0.0
11091566,42069937,16,0,personal,5,5,4.0,916.6,7.054551419708901,0.2546111111111111,1.0,0.25,0.25,True,False,9,16,5,5,True,Windsor,CA,38.5471327,-122.8163802,onsite,0.0,0.0
17566082,42069937,16,0,personal,5,5,4.0,916.6,7.054551419708901,0.2546111111111111,1.0,0.25,0.25,True,False,9,16,5,5,True,Naperville,IL,41.7728699,-88.1479278,onsite,0.0,0.0
17597223,42069937,16,0,personal,5,5,4.0,916.6,7.054551419708901,0.2546111111111111,1.0,0.25,0.25,True,False,9,16,5,5,True,Troy,MI,42.6055893,-83.1499304,onsite,0.0,0.0
99474654,54214608,16,9,personal,5,4,8.0,11291.8,143.9515728147618,3.136611111111111,0.8,0.125,0.1,True,False,9,16,4,4,True,Richmond,VA,37.5385087,-77.43428,onsite,0.19999999999999996,0.024999999999999994
95664184,54214608,16,9,personal,5,4,8.0,11291.8,143.9515728147618,3.136611111111111,0.8,0.125,0.1,True,False,9,16,4,4,True,Naperville,IL,41.7728699,-88.1479278,onsite,0.19999999999999996,0.024999999999999994
96399702,54214608,16,9,personal,5,4,8.0,11291.8,143.9515728147618,3.136611111111111,0.8,0.125,0.1,True,False,9,16,4,4,True,Richmond,VA,37.5385087,-77.43428,onsite,0.19999999999999996,0.024999999999999994
78272027,84177662,16,6,personal,5,4,8.0,4769.2,52.69103435934144,1.3247777777777778,1.0,0.125,0.125,True,False,9,16,2,4,True,Overland Park,KS,38.9742502,-94.6851702,onsite,0.0,0.0
89117598,84177662,16,6,personal,5,4,8.0,4769.2,52.69103435934144,1.3247777777777778,1.0,0.125,0.125,True,False,9,16,2,4,True,Syracuse,NY,43.0481221,-76.1474244,onsite,0.0,0.0
93222266,84177662,16,6,personal,5,4,8.0,4769.2,52.69103435934144,1.3247777777777778,1.0,0.125,0.125,True,False,9,16,2,4,True,Richmond,VA,37.5385087,-77.43428,onsite,0.0,0.0
49546630,20075564,16,17,personal,5,4,8.0,5233.6,55.63061719557783,1.4537777777777778,1.0,0.125,0.125,True,False,11,18,3,4,True,Alpharetta,GA,34.0755962,-84.2945964,onsite,0.0,0.0
54333554,20075564,16,17,personal,5,4,8.0,5233.6,55.63061719557783,1.4537777777777778,1.0,0.125,0.125,True,False,11,18,3,4,True,Naperville,IL,41.7728699,-88.1479278,onsite,0.0,0.0
17621023,27739886,16,0,personal,5,4,8.0,3496.4,40.66601049868766,0.9712222222222222,1.0,0.125,0.125,True,False,10,17,3,4,True,Alpharetta,GA,34.0755962,-84.2945964,onsite,0.0,0.0
18407947,27739886,16,0,personal,5,4,8.0,3496.4,40.66601049868766,0.9712222222222222,1.0,0.125,0.125,True,False,10,17,3,4,True,Oklahoma City,OK,35.4729886,-97.5170536,onsite,0.0,0.0
17897712,74611319,16,13,personal,5,4,8.0,3829.6,30.75998667780164,1.0637777777777777,1.0,0.125,0.125,True,False,10,17,4,4,True,Richmond,VA,37.5385087,-77.43428,onsite,0.0,0.0
20682406,74611319,16,13,personal,5,4,8.0,3829.6,30.75998667780164,1.0637777777777777,1.0,0.125,0.125,True,False,10,17,4,4,True,Chantilly,VA,38.885219,-77.4486772,onsite,0.0,0.0
82687551,90137660,16,6,personal,5,4,8.0,5687.4,66.27917959118746,1.5798333333333332,1.0,0.125,0.125,True,False,10,17,3,4,True,Walnut Creek,CA,37.9020731,-122.0618702,onsite,0.0,0.0
84568374,90137660,16,6,personal,5,4,8.0,5687.4,66.27917959118746,1.5798333333333332,1.0,0.125,0.125,True,False,10,17,3,4,True,Houston,TX,29.7589382,-95.3676974,onsite,0.0,0.0
90334978,19012650,16,7,personal,4,4,1.333,3441.2,37.33695219915693,0.9558888888888888,1.0,0.7501875468867217,0.7501875468867217,True,False,3,17,3,4,True,Franklin,TN,35.925206,-86.8689419,onsite,0.0,0.0
88856717,19012650,16,7,personal,4,4,1.333,3441.2,37.33695219915693,0.9558888888888888,1.0,0.7501875468867217,0.7501875468867217,True,False,3,17,3,4,True,Charlotte,NC,35.2272086,-80.8430827,onsite,0.0,0.0
27328743,19551080,16,15,personal,4,4,1.333,1466.6,7.603843553646703,0.40738888888888886,1.0,0.7501875468867217,0.7501875468867217,True,False,3,17,4,4,True,Buffalo,NY,42.8864163,-78.8781493,onsite,0.0,0.0
33113383,19551080,16,15,personal,4,4,1.333,1466.6,7.603843553646703,0.40738888888888886,1.0,0.7501875468867217,0.7501875468867217,True,False,3,17,4,4,True,Independence,MO,39.0924792,-94.4137923,onsite,0.0,0.0
18336561,21868312,16,25,personal,4,3,8.0,13680.4,138.0957706991172,3.800111111111111,0.6,0.125,0.075,True,False,3,17,3,3,True,South Portland,ME,43.6382443,-70.2529189,onsite,0.4,0.05
19528221,21868312,16,25,personal,4,3,8.0,13680.4,138.0957706991172,3.800111111111111,0.6,0.125,0.075,True,False,3,17,3,3,True,Glendale,AZ,33.5386858,-112.185994,onsite,0.4,0.05
11226387,22453141,16,10,personal,4,3,8.0,8423.6,92.34669529945121,2.339888888888889,1.0,0.125,0.125,True,False,4,18,0,3,True,Hartford,CT,41.764582,-72.6908547,onsite,0.0,0.0
11350447,22453141,16,10,personal,4,3,8.0,8423.6,92.34669529945121,2.339888888888889,1.0,0.125,0.125,True,False,4,18,0,3,True,Centennial,CO,39.579155,-104.8769227,onsite,0.0,0.0
54887810,27252372,16,2,personal,4,4,1.333,3916.6,40.19351984411039,1.0879444444444444,1.0,0.7501875468867217,0.7501875468867217,True,False,2,16,3,4,True,Windsor,CA,38.5471327,-122.8163802,onsite,0.0,0.0
61662948,27252372,16,2,personal,4,4,1.333,3916.6,40.19351984411039,1.0879444444444444,1.0,0.7501875468867217,0.7501875468867217,True,False,2,16,3,4,True,Maryland Heights,MO,38.7150511,-90.435999,onsite,0.0,0.0
44914866,34480676,16,2,personal,4,4,1.333,4282.2,51.66428060128847,1.1895,1.0,0.7501875468867217,0.7501875468867217,True,False,4,18,4,4,True,West Bridgewater,MA,42.0190922,-71.0079688,onsite,0.0,0.0
45459060,34480676,16,2,personal,4,4,1.333,4282.2,51.66428060128847,1.1895,1.0,0.7501875468867217,0.7501875468867217,True,False,4,18,4,4,True,Rancho Cordova,CA,38.5890723,-121.302728,onsite,0.0,0.0
10615629,37428079,16,12,personal,4,3,8.0,3405.0,30.8994223733397,0.9458333333333333,1.0,0.125,0.125,True,False,3,17,3,3,True,Virtual,SC,34.1718723,-82.1564776,onsite,0.0,0.0
10925596,37428079,16,12,personal,4,3,8.0,3405.0,30.8994223733397,0.9458333333333333,1.0,0.125,0.125,True,False,3,17,3,3,True,Hartford,CT,41.764582,-72.6908547,onsite,0.0,0.0
70275620,51693506,16,3,personal,4,4,1.333,8867.6,124.0587469179989,2.4632222222222224,1.0,0.7501875468867217,0.7501875468867217,True,False,4,18,3,4,True,Hartford,CT,41.764582,-72.6908547,onsite,0.0,0.0
81396769,51693506,16,3,personal,4,4,1.333,8867.6,124.0587469179989,2.4632222222222224,1.0,0.7501875468867217,0.7501875468867217,True,False,4,18,3,4,True,Maryland Heights,MO,38.7150511,-90.435999,onsite,0.0,0.0
22440928,51989309,16,6,personal,4,3,8.0,3799.0,39.29452000318142,1.0552777777777778,1.0,0.125,0.125,True,False,3,17,3,3,True,Virtual,SC,34.1718723,-82.1564776,onsite,0.0,0.0
23354345,51989309,16,6,personal,4,3,8.0,3799.0,39.29452000318142,1.0552777777777778,1.0,0.125,0.125,True,False,3,17,3,3,True,Centennial,CO,39.579155,-104.8769227,onsite,0.0,0.0
72859063,54712848,16,7,personal,4,4,1.333,8345.6,94.73425196850394,2.3182222222222224,1.0,0.7501875468867217,0.7501875468867217,True,False,3,17,4,4,True,Richardson,TX,32.9481789,-96.7297206,onsite,0.0,0.0
73968848,54712848,16,7,personal,4,4,1.333,8345.6,94.73425196850394,2.3182222222222224,1.0,0.7501875468867217,0.7501875468867217,True,False,3,17,4,4,True,Naperville,IL,41.7728699,-88.1479278,onsite,0.0,0.0
33519700,57989492,16,10,personal,4,4,1.333,7404.4,79.14404875526922,2.0567777777777776,1.0,0.7501875468867217,0.7501875468867217,True,False,4,18,3,4,True,Flowood,MS,32.3092861,-90.1386811,onsite,0.0,0.0
37113544,57989492,16,10,personal,4,4,1.333,7404.4,79.14404875526922,2.0567777777777776,1.0,0.7501875468867217,0.7501875468867217,True,False,4,18,3,4,True,Overland Park,KS,38.9742502,-94.6851702,onsite,0.0,0.0
24186729,63933354,16,1,personal,4,5,1.0,13261.4,145.8788177046051,3.6837222222222223,0.6,1.0,0.6,True,False,2,16,5,5,True,Richmond,VA,37.5385087,-77.43428,onsite,0.4,0.4
26862623,63933354,16,1,personal,4,5,1.0,13261.4,145.8788177046051,3.6837222222222223,0.6,1.0,0.6,True,False,2,16,5,5,True,Overland Park,KS,38.9742502,-94.6851702,onsite,0.4,0.4
12272069,64581593,16,1,personal,4,4,1.333,6042.0,62.51665274795196,1.6783333333333332,1.0,0.7501875468867217,0.7501875468867217,True,False,3,17,4,4,True,Naperville,IL,41.7728699,-88.1479278,onsite,0.0,0.0
15483039,64581593,16,1,personal,4,4,1.333,6042.0,62.51665274795196,1.6783333333333332,1.0,0.7501875468867217,0.7501875468867217,True,False,3,17,4,4,True,Richardson,TX,32.9481789,-96.7297206,onsite,0.0,0.0
81400507,65686159,16,3,personal,4,4,1.333,4215.8,50.10066213314244,1.1710555555555555,1.0,0.7501875468867217,0.7501875468867217,True,False,2,16,3,4,True,Maryland Heights,MO,38.7150511,-90.435999,onsite,0.0,0.0
63932904,65686159,16,3,personal,4,4,1.333,4215.8,50.10066213314244,1.1710555555555555,1.0,0.7501875468867217,0.7501875468867217,True,False,2,16,3,4,True,Buffalo,NY,42.8864163,-78.8781493,onsite,0.0,0.0
35386202,70065156,16,19,personal,4,4,1.333,4835.2,44.31930028632785,1.3431111111111111,1.0,0.7501875468867217,0.7501875468867217,True,False,3,17,4,4,True,Phoenix,AZ,33.4484367,-112.074141,onsite,0.0,0.0
38211857,70065156,16,19,personal,4,4,1.333,4835.2,44.31930028632785,1.3431111111111111,1.0,0.7501875468867217,0.7501875468867217,True,False,3,17,4,4,True,San Antonio,TX,29.4246002,-98.4951405,onsite,0.0,0.0
33522459,79204406,16,15,personal,4,4,1.333,1466.6,7.603843553646703,0.40738888888888886,1.0,0.7501875468867217,0.7501875468867217,True,False,8,22,4,4,True,Knoxville,TN,35.9603948,-83.9210261,onsite,0.0,0.0
33914483,79204406,16,15,personal,4,4,1.333,1466.6,7.603843553646703,0.40738888888888886,1.0,0.7501875468867217,0.7501875468867217,True,False,8,22,4,4,True,Naperville,IL,41.7728699,-88.1479278,onsite,0.0,0.0
11788873,86996734,16,0,personal,4,4,1.333,916.6,7.054551419708901,0.2546111111111111,1.0,0.7501875468867217,0.7501875468867217,True,False,3,17,2,4,True,Richardson,TX,32.9481789,-96.7297206,onsite,0.0,0.0
22143269,86996734,16,0,personal,4,4,1.333,916.6,7.054551419708901,0.2546111111111111,1.0,0.7501875468867217,0.7501875468867217,True,False,3,17,2,4,True,Brookfield,WI,43.0615578,-88.1260678,onsite,0.0,0.0
85598668,91148787,16,8,business,4,4,1.333,1147.2,11.78815716217291,0.31866666666666665,1.0,0.7501875468867217,0.7501875468867217,True,False,5,19,4,4,True,Hunt Valley,MD,39.4962709,-76.6542571,onsite,0.0,0.0
85893734,91148787,16,8,business,4,4,1.333,1147.2,11.78815716217291,0.31866666666666665,1.0,0.7501875468867217,0.7501875468867217,True,False,5,19,4,4,True,Centennial,CO,39.579155,-104.8769227,onsite,0.0,0.0
31104564,94917673,16,1,personal,4,4,1.333,9875.6,125.6733178239084,2.7432222222222222,1.0,0.7501875468867217,0.7501875468867217,True,False,3,17,3,4,True,Alpharetta,GA,34.0755962,-84.2945964,onsite,0.0,0.0
30456597,94917673,16,1,personal,4,4,1.333,9875.6,125.6733178239084,2.7432222222222222,1.0,0.7501875468867217,0.7501875468867217,True,False,3,17,3,4,True,Memphis,TN,35.1460249,-90.0517638,onsite,0.0,0.0
94472986,45394363,16,7,personal,5,4,8.0,5847.2,67.38534458760836,1.6242222222222222,1.0,0.125,0.125,True,False,10,17,2,4,True,Overland Park,KS,38.9742502,-94.6851702,onsite,0.0,0.0
45149910,45394363,16,7,personal,5,5,4.0,5847.2,67.38534458760836,1.6242222222222222,1.0,0.25,0.25,True,False,10,17,4,5,True,Houston,TX,29.7589382,-95.3676974,onsite,0.0,0.0
83212066,50324291,16,7,personal,5,4,8.0,6449.6,79.47374830987036,1.7915555555555556,1.0,0.125,0.125,True,False,13,20,0,4,True,Virtual,SC,34.1718723,-82.1564776,onsite,0.0,0.0
17932464,50473912,16,2,personal,5,5,4.0,9829.8,134.7714348206474,2.7304999999999997,1.0,0.25,0.25,True,False,9,16,4,5,True,White Plains,NY,41.0339862,-73.7629097,onsite,0.0,0.0
46986893,75125571,16,20,personal,5,4,8.0,569.8,5.143213632386861,0.15827777777777777,1.0,0.125,0.125,True,False,13,20,4,4,True,Indianapolis,IN,39.7683331,-86.1583502,onsite,0.0,0.0
23257451,76537848,16,10,personal,5,4,8.0,1880.0,13.14672313688062,0.5222222222222223,1.0,0.125,0.125,True,False,10,17,1,4,True,Edison,GA,31.5581741,-84.7381045,onsite,0.0,0.0
66643743,81439291,16,5,personal,5,5,4.0,4337.0,53.94545852223018,1.2047222222222222,1.0,0.25,0.25,True,False,10,17,3,5,True,Chantilly,VA,38.885219,-77.4486772,onsite,0.0,0.0
95771836,89367750,16,7,personal,5,5,4.0,6197.6,67.1532003101885,1.7215555555555557,1.0,0.25,0.25,True,False,9,16,5,5,True,Rochester,NY,43.157285,-77.615214,onsite,0.0,0.0
26130629,13213973,16,2,personal,4,5,1.0,3763.4,48.84014853256979,1.045388888888889,1.0,1.0,1.0,True,False,3,17,4,5,True,Houston,TX,29.7589382,-95.3676974,onsite,0.0,0.0
52192658,14117027,16,6,personal,4,4,1.333,1244.0,12.49341346536228,0.34555555555555556,1.0,0.7501875468867217,0.7501875468867217,True,False,3,17,4,4,True,Albuquerque,NM,35.0841034,-106.650985,onsite,0.0,0.0
55188485,14684874,16,13,personal,4,5,1.0,2676.6,24.37999582438559,0.7434999999999999,1.0,1.0,1.0,True,False,3,17,5,5,True,Washington,DC,38.8950982,-77.0363849,onsite,0.0,0.0
16485520,29249291,16,10,personal,4,4,1.333,7070.6,77.10035890400063,1.9640555555555557,1.0,0.7501875468867217,0.7501875468867217,True,False,3,17,4,4,True,Richardson,TX,32.9481789,-96.7297206,onsite,0.0,0.0
30721082,30414857,16,1,personal,4,5,1.0,6799.8,63.79630458124552,1.8888333333333334,1.0,1.0,1.0,True,False,6,20,5,5,True,Richardson,TX,32.9481789,-96.7297206,onsite,0.0,0.0
79478179,31293454,16,7,personal,4,5,1.0,2696.6,26.42343712717728,0.7490555555555556,1.0,1.0,1.0,True,False,3,17,3,5,True,Indianapolis,IN,39.7683331,-86.1583502,onsite,0.0,0.0
25458542,36513892,16,6,personal,4,3,8.0,3980.8,24.61350711842838,1.1057777777777777,1.0,0.125,0.125,True,False,3,17,3,3,True,Buffalo,NY,42.8864163,-78.8781493,onsite,0.0,0.0
55323900,44203274,16,13,personal,4,5,1.0,2530.4,23.76657818340889,0.7028888888888889,1.0,1.0,1.0,True,False,3,17,5,5,True,Chantilly,VA,38.885219,-77.4486772,onsite,0.0,0.0
34336521,47098597,16,1,personal,4,5,1.0,5968.6,54.56981229619025,1.6579444444444444,1.0,1.0,1.0,True,False,6,20,5,5,True,Omaha,NE,41.2587459,-95.9383758,onsite,0.0,0.0
16559402,52777855,16,25,personal,4,3,8.0,6275.4,76.63159647657679,1.7431666666666665,1.0,0.125,0.125,True,False,6,20,0,3,True,Raleigh,NC,35.7803977,-78.6390989,onsite,0.0,0.0
15922412,64404919,16,23,personal,4,3,8.0,10702.6,130.6716276942655,2.9729444444444444,1.0,0.125,0.125,True,False,3,17,3,3,True,Hartford,CT,41.764582,-72.6908547,onsite,0.0,0.0
41627842,75630135,16,13,personal,4,5,1.0,6062.8,60.77171816591108,1.6841111111111111,1.0,1.0,1.0,True,False,3,17,5,5,True,Hartford,CT,41.764582,-72.6908547,onsite,0.0,0.0
44538039,79943561,16,13,personal,4,5,1.0,6159.6,72.939533126541,1.711,1.0,1.0,1.0,True,False,3,17,5,5,True,Hamden,OH,39.1597938,-82.5268259,onsite,0.0,0.0
39267987,82528579,16,18,personal,4,4,1.333,9424.8,92.70050405631115,2.618,1.0,0.7501875468867217,0.7501875468867217,True,False,4,18,1,4,True,Tampa,FL,27.9449854,-82.4583107,onsite,0.0,0.0
34174328,88878361,16,17,personal,4,4,1.333,10248.6,101.5954326731886,2.8468333333333335,1.0,0.7501875468867217,0.7501875468867217,True,False,3,17,2,4,True,Alpharetta,GA,34.0755962,-84.2945964,onsite,0.0,0.0
48417943,89334143,16,13,personal,4,5,1.0,1763.2,10.72474250377794,0.4897777777777778,1.0,1.0,1.0,True,False,3,17,5,5,True,Virtual,SC,34.1718723,-82.1564776,onsite,0.0,0.0
84017238,89714924,16,5,personal,4,5,1.0,3181.0,35.09243517855722,0.8836111111111111,1.0,1.0,1.0,True,False,3,17,5,5,True,Rochester,NY,43.157285,-77.615214,onsite,0.0,0.0
61927589,94178133,16,6,personal,4,4,1.333,2256.0,23.12495029030462,0.6266666666666667,1.0,0.7501875468867217,0.7501875468867217,True,False,3,17,4,4,True,Franklin,TN,35.925206,-86.8689419,onsite,0.0,0.0
10134858,96326859,16,16,personal,4,3,8.0,6551.2,80.2517050425515,1.8197777777777777,1.0,0.125,0.125,True,False,5,19,1,3,True,New York,NY,40.7127281,-74.0060152,onsite,0.0,0.0
38397433,96467041,16,10,personal,4,4,1.333,6268.2,67.72560745247753,1.7411666666666665,1.0,0.7501875468867217,0.7501875468867217,True,False,3,17,3,4,True,Overland Park,KS,38.9742502,-94.6851702,onsite,0.0,0.0
34930040,99434458,16,17,personal,4,4,1.333,5510.8,45.18424898592221,1.5307777777777778,1.0,0.7501875468867217,0.7501875468867217,True,False,3,17,4,4,True,Rancho Cordova,CA,38.5890723,-121.302728,onsite,0.0,0.0
93750751,99617803,16,5,personal,4,5,1.0,4824.0,61.22917163763621,1.34,1.0,1.0,1.0,True,False,3,17,5,5,True,Chantilly,VA,38.885219,-77.4486772,onsite,0.0,0.0
12272594,34812954,16,4,personal,3,3,0.5,9502.0,86.28944464328322,2.6394444444444445,1.0,2.0,2.0,True,False,4,25,2,3,True,Alpharetta,GA,34.0755962,-84.2945964,onsite,0.0,0.0
90406456,56237691,16,8,personal,3,4,0.5,2254.2,25.69220750815239,0.6261666666666666,1.0,2.0,2.0,True,False,2,23,4,4,True,Albuquerque,NM,35.0841034,-106.650985,onsite,0.0,0.0
70853633,29599524,16,15,personal,3,5,0.5,0.0,0.0,0.0,1.0,2.0,2.0,False,True,3,24,4,5,True,Saint Paul,MN,44.9497487,-93.0931028,online,0.0,0.0
97120688,65526976,16,0,personal,3,5,0.5,0.0,0.0,0.0,1.0,2.0,2.0,False,True,2,23,5,5,True,Naperville,IL,41.7728699,-88.1479278,online,0.0,0.0
36916937,90142511,16,8,personal,3,5,0.5,0.0,0.0,0.0,1.0,2.0,2.0,False,True,2,23,5,5,True,New York,NY,40.7127281,-74.0060152,online,0.0,0.0
22286102,99261454,17,1,personal,5,5,4.0,2993.6,26.20409309631751,0.8315555555555555,1.0,0.25,0.25,True,False,10,17,5,5,True,Melville,LA,30.6929653,-91.744004,onsite,0.0,0.0
24186729,99261454,17,1,personal,5,5,4.0,2993.6,26.20409309631751,0.8315555555555555,1.0,0.25,0.25,True,False,10,17,5,5,True,Richmond,VA,37.5385087,-77.43428,onsite,0.0,0.0
26862623,99261454,17,1,personal,5,5,4.0,2993.6,26.20409309631751,0.8315555555555555,1.0,0.25,0.25,True,False,10,17,5,5,True,Overland Park,KS,38.9742502,-94.6851702,onsite,0.0,0.0
11091566,27739886,17,0,personal,5,5,4.0,3496.4,40.66601049868766,0.9712222222222222,1.0,0.25,0.25,True,False,10,17,5,5,True,Windsor,CA,38.5471327,-122.8163802,onsite,0.0,0.0
17566082,27739886,17,0,personal,5,5,4.0,3496.4,40.66601049868766,0.9712222222222222,1.0,0.25,0.25,True,False,10,17,5,5,True,Naperville,IL,41.7728699,-88.1479278,onsite,0.0,0.0
33519700,76537848,17,10,personal,5,4,8.0,1880.0,13.14672313688062,0.5222222222222223,1.0,0.125,0.125,True,False,10,17,3,4,True,Flowood,MS,32.3092861,-90.1386811,onsite,0.0,0.0
37113544,76537848,17,10,personal,5,4,8.0,1880.0,13.14672313688062,0.5222222222222223,1.0,0.125,0.125,True,False,10,17,3,4,True,Overland Park,KS,38.9742502,-94.6851702,onsite,0.0,0.0
22440928,10892619,17,6,personal,4,3,8.0,3844.6,45.78710331663087,1.0679444444444444,1.0,0.125,0.125,True,False,3,17,3,3,True,Virtual,SC,34.1718723,-82.1564776,onsite,0.0,0.0
23354345,10892619,17,6,personal,4,3,8.0,3844.6,45.78710331663087,1.0679444444444444,1.0,0.125,0.125,True,False,3,17,3,3,True,Centennial,CO,39.579155,-104.8769227,onsite,0.0,0.0
35386202,13766694,17,19,personal,4,4,1.333,4478.0,48.02366678596994,1.2438888888888888,1.0,0.7501875468867217,0.7501875468867217,True,False,3,17,4,4,True,Phoenix,AZ,33.4484367,-112.074141,onsite,0.0,0.0
38211857,13766694,17,19,personal,4,4,1.333,4478.0,48.02366678596994,1.2438888888888888,1.0,0.7501875468867217,0.7501875468867217,True,False,3,17,4,4,True,San Antonio,TX,29.4246002,-98.4951405,onsite,0.0,0.0
38497269,18073606,17,2,personal,4,4,1.333,3087.0,29.66102958721069,0.8575,1.0,0.7501875468867217,0.7501875468867217,True,False,3,17,4,4,True,Naperville,IL,41.7728699,-88.1479278,onsite,0.0,0.0
44914866,18073606,17,2,personal,4,4,1.333,3087.0,29.66102958721069,0.8575,1.0,0.7501875468867217,0.7501875468867217,True,False,3,17,4,4,True,West Bridgewater,MA,42.0190922,-71.0079688,onsite,0.0,0.0
31104564,21590309,17,1,personal,4,4,1.333,5616.4,57.57675176966516,1.560111111111111,1.0,0.7501875468867217,0.7501875468867217,True,False,3,17,3,4,True,Alpharetta,GA,34.0755962,-84.2945964,onsite,0.0,0.0
30456597,21590309,17,1,personal,4,4,1.333,5616.4,57.57675176966516,1.560111111111111,1.0,0.7501875468867217,0.7501875468867217,True,False,3,17,3,4,True,Memphis,TN,35.1460249,-90.0517638,onsite,0.0,0.0
10615629,27360664,17,12,personal,4,3,8.0,1766.0,12.73003161536626,0.4905555555555556,1.0,0.125,0.125,True,False,3,17,3,3,True,Virtual,SC,34.1718723,-82.1564776,onsite,0.0,0.0
10925596,27360664,17,12,personal,4,3,8.0,1766.0,12.73003161536626,0.4905555555555556,1.0,0.125,0.125,True,False,3,17,3,3,True,Hartford,CT,41.764582,-72.6908547,onsite,0.0,0.0
30721082,39391115,17,1,personal,4,5,1.0,11595.6,127.9128638749702,3.221,0.8,1.0,0.8,True,False,3,17,5,5,True,Richardson,TX,32.9481789,-96.7297206,onsite,0.19999999999999996,0.19999999999999996
34336521,39391115,17,1,personal,4,5,1.0,11595.6,127.9128638749702,3.221,0.8,1.0,0.8,True,False,3,17,5,5,True,Omaha,NE,41.2587459,-95.9383758,onsite,0.19999999999999996,0.19999999999999996
15688459,42658946,17,1,personal,4,4,1.333,3549.8,28.35453451841247,0.9860555555555556,1.0,0.7501875468867217,0.7501875468867217,True,False,3,17,4,4,True,Melville,LA,30.6929653,-91.744004,onsite,0.0,0.0
12272069,42658946,17,1,personal,4,4,1.333,3549.8,28.35453451841247,0.9860555555555556,1.0,0.7501875468867217,0.7501875468867217,True,False,3,17,4,4,True,Naperville,IL,41.7728699,-88.1479278,onsite,0.0,0.0
18336561,46524537,17,25,personal,4,3,8.0,15730.4,168.1196810625945,4.369555555555555,0.3999999999999999,0.125,0.04999999999999999,True,False,3,17,3,3,True,South Portland,ME,43.6382443,-70.2529189,onsite,0.6000000000000001,0.07500000000000001
19528221,46524537,17,25,personal,4,3,8.0,15730.4,168.1196810625945,4.369555555555555,0.3999999999999999,0.125,0.04999999999999999,True,False,3,17,3,3,True,Glendale,AZ,33.5386858,-112.185994,onsite,0.6000000000000001,0.07500000000000001
54887810,47872044,17,2,personal,4,4,1.333,2891.2,32.72053706354887,0.8031111111111111,1.0,0.7501875468867217,0.7501875468867217,True,False,4,18,3,4,True,Windsor,CA,38.5471327,-122.8163802,onsite,0.0,0.0
61662948,47872044,17,2,personal,4,4,1.333,2891.2,32.72053706354887,0.8031111111111111,1.0,0.7501875468867217,0.7501875468867217,True,False,4,18,3,4,True,Maryland Heights,MO,38.7150511,-90.435999,onsite,0.0,0.0
90334978,61989344,17,7,personal,4,4,1.333,11165.4,129.246202179273,3.1014999999999997,0.8,0.7501875468867217,0.6001500375093775,True,False,3,17,3,4,True,Franklin,TN,35.925206,-86.8689419,onsite,0.19999999999999996,0.15003750937734428
88856717,61989344,17,7,personal,4,4,1.333,11165.4,129.246202179273,3.1014999999999997,0.8,0.7501875468867217,0.6001500375093775,True,False,3,17,3,4,True,Charlotte,NC,35.2272086,-80.8430827,onsite,0.19999999999999996,0.15003750937734428
99474654,87062115,17,9,personal,4,4,1.333,3190.8,31.24701741827726,0.8863333333333334,1.0,0.7501875468867217,0.7501875468867217,True,False,3,17,4,4,True,Richmond,VA,37.5385087,-77.43428,onsite,0.0,0.0
95664184,87062115,17,9,personal,4,4,1.333,3190.8,31.24701741827726,0.8863333333333334,1.0,0.7501875468867217,0.7501875468867217,True,False,3,17,4,4,True,Naperville,IL,41.7728699,-88.1479278,onsite,0.0,0.0
34930040,20075564,17,17,personal,5,4,8.0,5233.6,55.63061719557783,1.4537777777777778,1.0,0.125,0.125,True,False,11,18,4,4,True,Rancho Cordova,CA,38.5890723,-121.302728,onsite,0.0,0.0
45149910,45394363,17,7,personal,5,5,4.0,5847.2,67.38534458760836,1.6242222222222222,1.0,0.25,0.25,True,False,10,17,4,5,True,Houston,TX,29.7589382,-95.3676974,onsite,0.0,0.0
46986893,75125571,17,20,personal,5,4,8.0,569.8,5.143213632386861,0.15827777777777777,1.0,0.125,0.125,True,False,13,20,4,4,True,Indianapolis,IN,39.7683331,-86.1583502,onsite,0.0,0.0
84017238,81439291,17,5,personal,5,5,4.0,4337.0,53.94545852223018,1.2047222222222222,1.0,0.25,0.25,True,False,10,17,5,5,True,Rochester,NY,43.157285,-77.615214,onsite,0.0,0.0
66643743,81439291,17,5,personal,5,5,4.0,4337.0,53.94545852223018,1.2047222222222222,1.0,0.25,0.25,True,False,10,17,3,5,True,Chantilly,VA,38.885219,-77.4486772,onsite,0.0,0.0
52192658,90137660,17,6,personal,5,4,8.0,5687.4,66.27917959118746,1.5798333333333332,1.0,0.125,0.125,True,False,10,17,4,4,True,Albuquerque,NM,35.0841034,-106.650985,onsite,0.0,0.0
79478179,90403848,17,7,personal,5,5,4.0,3661.4,39.43755965163445,1.0170555555555556,1.0,0.25,0.25,True,False,12,19,3,5,True,Indianapolis,IN,39.7683331,-86.1583502,onsite,0.0,0.0
16559402,21868312,17,25,personal,4,3,8.0,13680.4,138.0957706991172,3.800111111111111,0.6,0.125,0.075,True,False,3,17,0,3,True,Raleigh,NC,35.7803977,-78.6390989,onsite,0.4,0.05
17897712,30073996,17,13,personal,4,4,1.333,12983.6,139.9148970015112,3.6065555555555555,0.6,0.7501875468867217,0.450112528132033,True,False,3,17,4,4,True,Richmond,VA,37.5385087,-77.43428,onsite,0.4,0.3000750187546887
23257451,30145138,17,10,personal,4,4,1.333,4764.4,51.27418376680188,1.3234444444444444,1.0,0.7501875468867217,0.7501875468867217,True,False,3,17,1,4,True,Edison,GA,31.5581741,-84.7381045,onsite,0.0,0.0
72859063,30575611,17,7,personal,4,4,1.333,1420.0,9.85668694822238,0.39444444444444443,1.0,0.7501875468867217,0.7501875468867217,True,False,3,17,4,4,True,Richardson,TX,32.9481789,-96.7297206,onsite,0.0,0.0
61927589,34500973,17,6,personal,4,4,1.333,3837.8,44.07323729420186,1.0660555555555555,1.0,0.7501875468867217,0.7501875468867217,True,False,3,17,4,4,True,Franklin,TN,35.925206,-86.8689419,onsite,0.0,0.0
82687551,36513892,17,6,personal,4,4,1.333,3980.8,24.61350711842838,1.1057777777777777,1.0,0.7501875468867217,0.7501875468867217,True,False,3,17,3,4,True,Walnut Creek,CA,37.9020731,-122.0618702,onsite,0.0,0.0
73968848,38693481,17,7,personal,4,4,1.333,11607.2,132.7288634375248,3.2242222222222225,0.8,0.7501875468867217,0.6001500375093775,True,False,3,17,4,4,True,Naperville,IL,41.7728699,-88.1479278,onsite,0.19999999999999996,0.15003750937734428
83212066,38918075,17,7,personal,4,4,1.333,2696.6,26.42343712717728,0.7490555555555556,1.0,0.7501875468867217,0.7501875468867217,True,False,3,17,0,4,True,Virtual,SC,34.1718723,-82.1564776,onsite,0.0,0.0
78272027,39034200,17,6,personal,4,4,1.333,1945.2,20.61299510856598,0.5403333333333333,1.0,0.7501875468867217,0.7501875468867217,True,False,3,17,2,4,True,Overland Park,KS,38.9742502,-94.6851702,onsite,0.0,0.0
68291074,42054372,17,15,personal,4,5,1.0,1466.6,7.603843553646703,0.40738888888888886,1.0,1.0,1.0,True,False,3,17,5,5,True,Naperville,IL,41.7728699,-88.1479278,onsite,0.0,0.0
50519688,49706612,17,13,personal,4,5,1.0,3169.6,30.42780163843156,0.8804444444444445,1.0,1.0,1.0,True,False,3,17,5,5,True,Charlotte,NC,35.2272086,-80.8430827,onsite,0.0,0.0
84568374,50871797,17,6,personal,4,4,1.333,4793.8,55.57108983536148,1.331611111111111,1.0,0.7501875468867217,0.7501875468867217,True,False,3,17,3,4,True,Houston,TX,29.7589382,-95.3676974,onsite,0.0,0.0
89117598,51989309,17,6,personal,4,4,1.333,3799.0,39.29452000318142,1.0552777777777778,1.0,0.7501875468867217,0.7501875468867217,True,False,3,17,2,4,True,Syracuse,NY,43.0481221,-76.1474244,onsite,0.0,0.0
96399702,54925606,17,9,business,4,4,1.333,9162.0,96.51261632068719,2.545,1.0,0.7501875468867217,0.7501875468867217,True,False,4,18,4,4,True,Richmond,VA,37.5385087,-77.43428,onsite,0.0,0.0
93750751,56052364,17,5,personal,4,5,1.0,5321.4,64.17832359023303,1.4781666666666666,1.0,1.0,1.0,True,False,3,17,5,5,True,Chantilly,VA,38.885219,-77.4486772,onsite,0.0,0.0
69379844,56991996,17,3,personal,4,5,1.0,6609.6,84.82723395371033,1.836,1.0,1.0,1.0,True,False,3,17,5,5,True,Chantilly,VA,38.885219,-77.4486772,onsite,0.0,0.0
53820765,57179563,17,13,personal,4,5,1.0,3169.6,30.42780163843156,0.8804444444444445,1.0,1.0,1.0,True,False,3,17,5,5,True,Buffalo,NY,42.8864163,-78.8781493,onsite,0.0,0.0
17597223,58146778,17,0,personal,4,5,1.0,1948.2,17.3859659588006,0.5411666666666667,1.0,1.0,1.0,True,False,3,17,5,5,True,Troy,MI,42.6055893,-83.1499304,onsite,0.0,0.0
25458542,61894420,17,6,personal,4,3,8.0,8648.0,113.3301519128291,2.402222222222222,1.0,0.125,0.125,True,False,3,17,3,3,True,Buffalo,NY,42.8864163,-78.8781493,onsite,0.0,0.0
15922412,64404919,17,23,personal,4,3,8.0,10702.6,130.6716276942655,2.9729444444444444,1.0,0.125,0.125,True,False,3,17,3,3,True,Hartford,CT,41.764582,-72.6908547,onsite,0.0,0.0
59321509,70479662,17,15,personal,4,5,1.0,1466.6,7.603843553646703,0.40738888888888886,1.0,1.0,1.0,True,False,3,17,5,5,True,Brookfield,WI,43.0615578,-88.1260678,onsite,0.0,0.0
34174328,73104057,17,17,personal,4,4,1.333,6016.4,68.03157062753519,1.6712222222222222,1.0,0.7501875468867217,0.7501875468867217,True,False,3,17,2,4,True,Alpharetta,GA,34.0755962,-84.2945964,onsite,0.0,0.0
95771836,76648186,17,7,personal,4,5,1.0,2696.6,26.42343712717728,0.7490555555555556,1.0,1.0,1.0,True,False,3,17,5,5,True,Rochester,NY,43.157285,-77.615214,onsite,0.0,0.0
16485520,81634710,17,10,personal,4,4,1.333,4364.4,32.97442933269705,1.2123333333333333,1.0,0.7501875468867217,0.7501875468867217,True,False,4,18,4,4,True,Richardson,TX,32.9481789,-96.7297206,onsite,0.0,0.0
38397433,84455331,17,10,personal,4,4,1.333,11160.4,118.150376799491,3.100111111111111,0.8,0.7501875468867217,0.6001500375093775,True,False,3,17,3,4,True,Overland Park,KS,38.9742502,-94.6851702,onsite,0.19999999999999996,0.15003750937734428
17932464,85351662,17,2,personal,4,5,1.0,3087.0,29.66102958721069,0.8575,1.0,1.0,1.0,True,False,3,17,4,5,True,White Plains,NY,41.0339862,-73.7629097,onsite,0.0,0.0
93222266,87305335,17,6,personal,4,4,1.333,2216.6,21.70027042074286,0.6157222222222222,1.0,0.7501875468867217,0.7501875468867217,True,False,3,17,2,4,True,Richmond,VA,37.5385087,-77.43428,onsite,0.0,0.0
49546630,91833791,17,17,personal,4,4,1.333,3366.2,35.0913167104112,0.9350555555555555,1.0,0.7501875468867217,0.7501875468867217,True,False,3,17,3,4,True,Alpharetta,GA,34.0755962,-84.2945964,onsite,0.0,0.0
26130629,92417394,17,2,personal,4,5,1.0,4653.8,45.11067863676131,1.2927222222222223,1.0,1.0,1.0,True,False,3,17,4,5,True,Houston,TX,29.7589382,-95.3676974,onsite,0.0,0.0
54333554,93666596,17,17,personal,4,4,1.333,9844.8,122.1636890559135,2.7346666666666666,1.0,0.7501875468867217,0.7501875468867217,True,False,3,17,3,4,True,Naperville,IL,41.7728699,-88.1479278,onsite,0.0,0.0
94472986,95175090,17,7,personal,4,4,1.333,5998.4,59.44894317187624,1.666222222222222,1.0,0.7501875468867217,0.7501875468867217,True,False,3,17,2,4,True,Overland Park,KS,38.9742502,-94.6851702,onsite,0.0,0.0
10134858,96326859,17,16,personal,4,3,8.0,6551.2,80.2517050425515,1.8197777777777777,1.0,0.125,0.125,True,False,5,19,1,3,True,New York,NY,40.7127281,-74.0060152,onsite,0.0,0.0
11788873,22854179,17,0,business,3,2,0.667,11813.2,168.6585341605027,3.281444444444445,0.8,1.4992503748125936,1.199400299850075,True,False,3,24,2,4,True,Richardson,TX,32.9481789,-96.7297206,onsite,0.19999999999999996,0.2998500749625186
95870867,25266097,17,8,personal,3,5,0.5,1147.2,11.78815716217291,0.31866666666666665,1.0,2.0,2.0,True,False,2,23,5,5,True,Virtual,SC,34.1718723,-82.1564776,onsite,0.0,0.0
10402032,25615616,17,0,personal,3,4,0.5,1948.2,17.3859659588006,0.5411666666666667,1.0,2.0,2.0,True,False,3,24,4,4,True,Richardson,TX,32.9481789,-96.7297206,onsite,0.0,0.0
17621023,68390470,17,0,personal,3,4,0.5,2479.4,26.11884096874254,0.6887222222222222,1.0,2.0,2.0,True,False,2,23,3,4,True,Alpharetta,GA,34.0755962,-84.2945964,onsite,0.0,0.0
18407947,84346161,17,0,personal,3,4,0.5,1948.2,17.3859659588006,0.5411666666666667,1.0,2.0,2.0,True,False,2,23,3,4,True,Oklahoma City,OK,35.4729886,-97.5170536,onsite,0.0,0.0
22143269,87106153,17,0,personal,3,4,0.5,5214.8,55.02589875129245,1.4485555555555556,1.0,2.0,2.0,True,False,2,23,2,4,True,Brookfield,WI,43.0615578,-88.1260678,onsite,0.0,0.0
92680761,90198592,17,8,business,3,4,0.5,1506.0,11.23861647975821,0.41833333333333333,1.0,2.0,2.0,True,False,3,24,4,4,True,Richardson,TX,32.9481789,-96.7297206,onsite,0.0,0.0
36916937,74609966,18,1,personal,5,5,4.0,5345.6,48.15626739839338,1.484888888888889,1.0,0.25,0.25,True,False,11,18,5,5,True,New York,NY,40.7127281,-74.0060152,onsite,0.0,0.0
22286102,74609966,18,1,personal,5,5,4.0,5345.6,48.15626739839338,1.484888888888889,1.0,0.25,0.25,True,False,11,18,5,5,True,Melville,LA,30.6929653,-91.744004,onsite,0.0,0.0
24186729,74609966,18,1,personal,5,5,4.0,5345.6,48.15626739839338,1.484888888888889,1.0,0.25,0.25,True,False,11,18,5,5,True,Richmond,VA,37.5385087,-77.43428,onsite,0.0,0.0
10541914,19528147,18,4,personal,4,3,8.0,11710.4,138.7135379384395,3.2528888888888887,0.8,0.125,0.1,True,False,5,19,2,3,True,Overland Park,KS,38.9742502,-94.6851702,onsite,0.19999999999999996,0.024999999999999994
12272594,19528147,18,4,personal,4,3,8.0,11710.4,138.7135379384395,3.2528888888888887,0.8,0.125,0.1,True,False,5,19,2,3,True,Alpharetta,GA,34.0755962,-84.2945964,onsite,0.19999999999999996,0.024999999999999994
35386202,25393624,18,19,personal,4,4,1.333,1410.8,9.940447784935975,0.3918888888888889,1.0,0.7501875468867217,0.7501875468867217,True,False,5,19,4,4,True,Phoenix,AZ,33.4484367,-112.074141,onsite,0.0,0.0
38211857,25393624,18,19,personal,4,4,1.333,1410.8,9.940447784935975,0.3918888888888889,1.0,0.7501875468867217,0.7501875468867217,True,False,5,19,4,4,True,San Antonio,TX,29.4246002,-98.4951405,onsite,0.0,0.0
54887810,30478428,18,2,personal,4,4,1.333,2523.0,23.48323291974867,0.7008333333333333,1.0,0.7501875468867217,0.7501875468867217,True,False,4,18,3,4,True,Windsor,CA,38.5471327,-122.8163802,onsite,0.0,0.0
61662948,30478428,18,2,personal,4,4,1.333,2523.0,23.48323291974867,0.7008333333333333,1.0,0.7501875468867217,0.7501875468867217,True,False,4,18,3,4,True,Maryland Heights,MO,38.7150511,-90.435999,onsite,0.0,0.0
72859063,33875686,18,7,personal,4,4,1.333,5327.0,52.41154159707309,1.4797222222222222,1.0,0.7501875468867217,0.7501875468867217,True,False,4,18,4,4,True,Richardson,TX,32.9481789,-96.7297206,onsite,0.0,0.0
73968848,33875686,18,7,personal,4,4,1.333,5327.0,52.41154159707309,1.4797222222222222,1.0,0.7501875468867217,0.7501875468867217,True,False,4,18,4,4,True,Naperville,IL,41.7728699,-88.1479278,onsite,0.0,0.0
45459060,37884703,18,2,personal,4,4,1.333,4533.8,47.50469756621331,1.259388888888889,1.0,0.7501875468867217,0.7501875468867217,True,False,4,18,4,4,True,Rancho Cordova,CA,38.5890723,-121.302728,onsite,0.0,0.0
38497269,37884703,18,2,personal,4,4,1.333,4533.8,47.50469756621331,1.259388888888889,1.0,0.7501875468867217,0.7501875468867217,True,False,4,18,4,4,True,Naperville,IL,41.7728699,-88.1479278,onsite,0.0,0.0
10615629,45819546,18,12,personal,4,3,8.0,3740.4,30.19789429730375,1.039,1.0,0.125,0.125,True,False,4,18,3,3,True,Virtual,SC,34.1718723,-82.1564776,onsite,0.0,0.0
10925596,45819546,18,12,personal,4,3,8.0,3740.4,30.19789429730375,1.039,1.0,0.125,0.125,True,False,4,18,3,3,True,Hartford,CT,41.764582,-72.6908547,onsite,0.0,0.0
11226387,52711433,18,10,personal,4,3,8.0,4905.6,49.32357532013044,1.3626666666666667,1.0,0.125,0.125,True,False,4,18,0,3,True,Hartford,CT,41.764582,-72.6908547,onsite,0.0,0.0
11350447,52711433,18,10,personal,4,3,8.0,4905.6,49.32357532013044,1.3626666666666667,1.0,0.125,0.125,True,False,4,18,0,3,True,Centennial,CO,39.579155,-104.8769227,onsite,0.0,0.0
18336561,52777855,18,25,personal,4,3,8.0,6275.4,76.63159647657679,1.7431666666666665,1.0,0.125,0.125,True,False,6,20,3,3,True,South Portland,ME,43.6382443,-70.2529189,onsite,0.0,0.0
19528221,52777855,18,25,personal,4,3,8.0,6275.4,76.63159647657679,1.7431666666666665,1.0,0.125,0.125,True,False,6,20,3,3,True,Glendale,AZ,33.5386858,-112.185994,onsite,0.0,0.0
22440928,58916221,18,6,personal,4,3,8.0,8648.0,113.3301519128291,2.402222222222222,1.0,0.125,0.125,True,False,4,18,3,3,True,Virtual,SC,34.1718723,-82.1564776,onsite,0.0,0.0
23354345,58916221,18,6,personal,4,3,8.0,8648.0,113.3301519128291,2.402222222222222,1.0,0.125,0.125,True,False,4,18,3,3,True,Centennial,CO,39.579155,-104.8769227,onsite,0.0,0.0
49546630,59493682,18,17,personal,4,4,1.333,5839.0,65.23403324584427,1.6219444444444444,1.0,0.7501875468867217,0.7501875468867217,True,False,4,18,3,4,True,Alpharetta,GA,34.0755962,-84.2945964,onsite,0.0,0.0
54333554,59493682,18,17,personal,4,4,1.333,5839.0,65.23403324584427,1.6219444444444444,1.0,0.7501875468867217,0.7501875468867217,True,False,4,18,3,4,True,Naperville,IL,41.7728699,-88.1479278,onsite,0.0,0.0
11494435,63187573,18,22,personal,4,3,8.0,14836.6,149.8881531853973,4.121277777777778,0.3999999999999999,0.125,0.04999999999999999,True,False,18,32,3,3,True,Charlotte,NC,35.2272086,-80.8430827,onsite,0.6000000000000001,0.07500000000000001
14582357,63187573,18,22,personal,4,3,8.0,14836.6,149.8881531853973,4.121277777777778,0.3999999999999999,0.125,0.04999999999999999,True,False,18,32,3,3,True,Charlotte,NC,35.2272086,-80.8430827,onsite,0.6000000000000001,0.07500000000000001
90334978,68360513,18,7,personal,4,4,1.333,5327.0,52.41154159707309,1.4797222222222222,1.0,0.7501875468867217,0.7501875468867217,True,False,4,18,3,4,True,Franklin,TN,35.925206,-86.8689419,onsite,0.0,0.0
88856717,68360513,18,7,personal,4,4,1.333,5327.0,52.41154159707309,1.4797222222222222,1.0,0.7501875468867217,0.7501875468867217,True,False,4,18,3,4,True,Charlotte,NC,35.2272086,-80.8430827,onsite,0.0,0.0
99474654,96832037,18,9,personal,4,4,1.333,4901.8,65.98800505050504,1.361611111111111,1.0,0.7501875468867217,0.7501875468867217,True,False,6,20,4,4,True,Richmond,VA,37.5385087,-77.43428,onsite,0.0,0.0
95664184,96832037,18,9,personal,4,4,1.333,4901.8,65.98800505050504,1.361611111111111,1.0,0.7501875468867217,0.7501875468867217,True,False,6,20,4,4,True,Naperville,IL,41.7728699,-88.1479278,onsite,0.0,0.0
34930040,20075564,18,17,personal,5,4,8.0,5233.6,55.63061719557783,1.4537777777777778,1.0,0.125,0.125,True,False,11,18,4,4,True,Rancho Cordova,CA,38.5890723,-121.302728,onsite,0.0,0.0
34174328,20075564,18,17,personal,5,4,8.0,5233.6,55.63061719557783,1.4537777777777778,1.0,0.125,0.125,True,False,11,18,2,4,True,Alpharetta,GA,34.0755962,-84.2945964,onsite,0.0,0.0
94472986,20243729,18,7,personal,5,4,8.0,5998.4,59.44894317187624,1.666222222222222,1.0,0.125,0.125,True,False,15,22,2,4,True,Overland Park,KS,38.9742502,-94.6851702,onsite,0.0,0.0
83212066,50324291,18,7,personal,5,4,8.0,6449.6,79.47374830987036,1.7915555555555556,1.0,0.125,0.125,True,False,13,20,0,4,True,Virtual,SC,34.1718723,-82.1564776,onsite,0.0,0.0
17932464,59183717,18,2,personal,5,5,4.0,2131.4,24.52054998806967,0.5920555555555556,1.0,0.25,0.25,True,False,12,19,4,5,True,White Plains,NY,41.0339862,-73.7629097,onsite,0.0,0.0
26130629,62556373,18,2,personal,5,5,4.0,1303.8,12.21901594687028,0.36216666666666664,1.0,0.25,0.25,True,False,13,20,4,5,True,Houston,TX,29.7589382,-95.3676974,onsite,0.0,0.0
46986893,75125571,18,20,personal,5,4,8.0,569.8,5.143213632386861,0.15827777777777777,1.0,0.125,0.125,True,False,13,20,4,4,True,Indianapolis,IN,39.7683331,-86.1583502,onsite,0.0,0.0
95771836,90403848,18,7,personal,5,5,4.0,3661.4,39.43755965163445,1.0170555555555556,1.0,0.25,0.25,True,False,12,19,5,5,True,Rochester,NY,43.157285,-77.615214,onsite,0.0,0.0
45149910,90403848,18,7,personal,5,5,4.0,3661.4,39.43755965163445,1.0170555555555556,1.0,0.25,0.25,True,False,12,19,4,5,True,Houston,TX,29.7589382,-95.3676974,onsite,0.0,0.0
26862623,12909340,18,1,personal,4,5,1.0,6183.6,69.20397379304859,1.7176666666666667,1.0,1.0,1.0,True,False,4,18,5,5,True,Overland Park,KS,38.9742502,-94.6851702,onsite,0.0,0.0
23257451,20471024,18,10,personal,4,4,1.333,6133.0,62.63806867891513,1.7036111111111112,1.0,0.7501875468867217,0.7501875468867217,True,False,4,18,1,4,True,Edison,GA,31.5581741,-84.7381045,onsite,0.0,0.0
52192658,24073253,18,6,business,4,4,1.333,4146.4,49.17792591267001,1.1517777777777776,1.0,0.7501875468867217,0.7501875468867217,True,False,4,18,4,4,True,Albuquerque,NM,35.0841034,-106.650985,onsite,0.0,0.0
55188485,25429903,18,13,personal,4,5,1.0,6346.6,77.86166288872981,1.7629444444444446,1.0,1.0,1.0,True,False,6,20,5,5,True,Washington,DC,38.8950982,-77.0363849,onsite,0.0,0.0
11091566,25554645,18,0,personal,4,5,1.0,5240.2,56.93847928099897,1.455611111111111,1.0,1.0,1.0,True,False,5,19,5,5,True,Windsor,CA,38.5471327,-122.8163802,onsite,0.0,0.0
79478179,25952259,18,7,personal,4,5,1.0,4512.8,47.272429014555,1.2535555555555555,1.0,1.0,1.0,True,False,4,18,3,5,True,Indianapolis,IN,39.7683331,-86.1583502,onsite,0.0,0.0
33519700,33540615,18,10,personal,4,4,1.333,8055.0,88.23756760518572,2.2375,1.0,0.7501875468867217,0.7501875468867217,True,False,4,18,3,4,True,Flowood,MS,32.3092861,-90.1386811,onsite,0.0,0.0
25458542,47254755,18,6,personal,4,3,8.0,3448.4,33.84646166388292,0.9578888888888889,1.0,0.125,0.125,True,False,4,18,3,3,True,Buffalo,NY,42.8864163,-78.8781493,onsite,0.0,0.0
78272027,47254755,18,6,personal,4,4,1.333,3448.4,33.84646166388292,0.9578888888888889,1.0,0.7501875468867217,0.7501875468867217,True,False,4,18,2,4,True,Overland Park,KS,38.9742502,-94.6851702,onsite,0.0,0.0
82687551,47555912,18,6,personal,4,4,1.333,2175.4,24.32668217609162,0.6042777777777778,1.0,0.7501875468867217,0.7501875468867217,True,False,4,18,3,4,True,Walnut Creek,CA,37.9020731,-122.0618702,onsite,0.0,0.0
37113544,52711433,18,10,personal,4,4,1.333,4905.6,49.32357532013044,1.3626666666666667,1.0,0.7501875468867217,0.7501875468867217,True,False,4,18,3,4,True,Overland Park,KS,38.9742502,-94.6851702,onsite,0.0,0.0
16559402,52777855,18,25,personal,4,3,8.0,6275.4,76.63159647657679,1.7431666666666665,1.0,0.125,0.125,True,False,6,20,0,3,True,Raleigh,NC,35.7803977,-78.6390989,onsite,0.0,0.0
89117598,54070382,18,6,personal,4,4,1.333,4488.8,51.27853336514754,1.246888888888889,1.0,0.7501875468867217,0.7501875468867217,True,False,4,18,2,4,True,Syracuse,NY,43.0481221,-76.1474244,onsite,0.0,0.0
84568374,54359883,18,6,personal,4,4,1.333,3799.0,39.29452000318142,1.0552777777777778,1.0,0.7501875468867217,0.7501875468867217,True,False,4,18,3,4,True,Houston,TX,29.7589382,-95.3676974,onsite,0.0,0.0
84017238,58114394,18,5,personal,4,5,1.0,13210.0,149.3941630875686,3.6694444444444443,0.6,1.0,0.6,True,False,6,20,5,5,True,Rochester,NY,43.157285,-77.615214,onsite,0.4,0.4
93222266,58916221,18,6,personal,4,4,1.333,8648.0,113.3301519128291,2.402222222222222,1.0,0.7501875468867217,0.7501875468867217,True,False,4,18,2,4,True,Richmond,VA,37.5385087,-77.43428,onsite,0.0,0.0
93750751,60306763,18,5,personal,4,5,1.0,7947.4,93.16280422333571,2.207611111111111,1.0,1.0,1.0,True,False,4,18,5,5,True,Chantilly,VA,38.885219,-77.4486772,onsite,0.0,0.0
39267987,63385788,18,18,personal,4,4,1.333,6221.8,68.01541497653702,1.7282777777777778,1.0,0.7501875468867217,0.7501875468867217,True,False,4,18,1,4,True,Tampa,FL,27.9449854,-82.4583107,onsite,0.0,0.0
14343602,66327959,18,17,personal,4,3,8.0,6637.4,70.23072755110157,1.843722222222222,1.0,0.125,0.125,True,False,4,18,0,3,True,Naperville,IL,41.7728699,-88.1479278,onsite,0.0,0.0
38397433,73344763,18,10,personal,4,4,1.333,4064.4,38.03860454943132,1.129,1.0,0.7501875468867217,0.7501875468867217,True,False,4,18,3,4,True,Overland Park,KS,38.9742502,-94.6851702,onsite,0.0,0.0
17566082,74419280,18,0,personal,4,5,1.0,5229.6,62.50124274238447,1.4526666666666668,1.0,1.0,1.0,True,False,4,18,5,5,True,Naperville,IL,41.7728699,-88.1479278,onsite,0.0,0.0
61927589,75931096,18,6,personal,4,4,1.333,7508.4,87.77091783981548,2.0856666666666666,1.0,0.7501875468867217,0.7501875468867217,True,False,4,18,4,4,True,Franklin,TN,35.925206,-86.8689419,onsite,0.0,0.0
16485520,77129325,18,10,personal,4,4,1.333,3675.0,34.80324902568997,1.0208333333333333,1.0,0.7501875468867217,0.7501875468867217,True,False,4,18,4,4,True,Richardson,TX,32.9481789,-96.7297206,onsite,0.0,0.0
96399702,85902201,18,9,personal,4,4,1.333,3869.4,40.41112403563191,1.0748333333333333,1.0,0.7501875468867217,0.7501875468867217,True,False,5,19,4,4,True,Richmond,VA,37.5385087,-77.43428,onsite,0.0,0.0
10134858,96326859,18,16,personal,4,3,8.0,6551.2,80.2517050425515,1.8197777777777777,1.0,0.125,0.125,True,False,5,19,1,3,True,New York,NY,40.7127281,-74.0060152,onsite,0.0,0.0
17597223,10941562,18,0,personal,3,5,0.5,2479.4,26.11884096874254,0.6887222222222222,1.0,2.0,2.0,True,False,2,23,5,5,True,Troy,MI,42.6055893,-83.1499304,onsite,0.0,0.0
17621023,15822139,18,0,personal,3,4,0.5,1948.2,17.3859659588006,0.5411666666666667,1.0,2.0,2.0,True,False,2,23,3,4,True,Alpharetta,GA,34.0755962,-84.2945964,onsite,0.0,0.0
63175059,44633479,18,15,personal,3,5,0.5,1980.2,14.28743637158992,0.5500555555555555,1.0,2.0,2.0,True,False,2,23,5,5,True,Naperville,IL,41.7728699,-88.1479278,onsite,0.0,0.0
69379844,47158309,18,3,personal,3,5,0.5,4807.8,47.86621132585699,1.3355000000000001,1.0,2.0,2.0,True,False,3,24,5,5,True,Chantilly,VA,38.885219,-77.4486772,onsite,0.0,0.0
63418508,53310059,18,15,personal,3,5,0.5,1466.6,7.603843553646703,0.40738888888888886,1.0,2.0,2.0,True,False,2,23,5,5,True,Melville,LA,30.6929653,-91.744004,onsite,0.0,0.0
11788873,68066256,18,0,personal,3,4,0.5,3496.4,40.66601049868766,0.9712222222222222,1.0,2.0,2.0,True,False,3,24,2,4,True,Richardson,TX,32.9481789,-96.7297206,onsite,0.0,0.0
10402032,70087922,18,0,personal,3,4,0.5,1948.2,17.3859659588006,0.5411666666666667,1.0,2.0,2.0,True,False,3,24,4,4,True,Richardson,TX,32.9481789,-96.7297206,onsite,0.0,0.0
22143269,77519781,18,0,personal,3,4,0.5,2479.4,26.11884096874254,0.6887222222222222,1.0,2.0,2.0,True,False,3,24,2,4,True,Brookfield,WI,43.0615578,-88.1260678,onsite,0.0,0.0
66643743,80976162,18,5,personal,3,5,0.5,3177.4,35.92606677006283,0.8826111111111111,1.0,2.0,2.0,True,False,2,23,3,5,True,Chantilly,VA,38.885219,-77.4486772,onsite,0.0,0.0
18407947,87020892,18,0,personal,3,4,0.5,1948.2,17.3859659588006,0.5411666666666667,1.0,2.0,2.0,True,False,2,23,3,4,True,Oklahoma City,OK,35.4729886,-97.5170536,onsite,0.0,0.0
68291074,87178272,18,15,personal,3,5,0.5,1466.6,7.603843553646703,0.40738888888888886,1.0,2.0,2.0,True,False,1,22,5,5,True,Naperville,IL,41.7728699,-88.1479278,onsite,0.0,0.0
55323900,36865649,18,15,personal,1,5,0.333,0.0,0.0,0.0,1.0,3.003003003003003,3.003003003003003,False,True,3,31,5,5,True,Chantilly,VA,38.885219,-77.4486772,online,0.0,0.0
49267899,38545745,18,0,personal,1,4,0.333,0.0,0.0,0.0,1.0,3.003003003003003,3.003003003003003,False,True,3,31,4,4,True,Phoenix,AZ,33.4484367,-112.074141,online,0.0,0.0
97120688,46680058,18,10,personal,1,5,0.333,0.0,0.0,0.0,1.0,3.003003003003003,3.003003003003003,False,True,3,31,5,5,True,Naperville,IL,41.7728699,-88.1479278,online,0.0,0.0
59321509,77585273,19,15,personal,5,5,4.0,1980.2,14.28743637158992,0.5500555555555555,1.0,0.25,0.25,True,False,19,26,5,5,True,Brookfield,WI,43.0615578,-88.1260678,onsite,0.0,0.0
63175059,77585273,19,15,personal,5,5,4.0,1980.2,14.28743637158992,0.5500555555555555,1.0,0.25,0.25,True,False,19,26,5,5,True,Naperville,IL,41.7728699,-88.1479278,onsite,0.0,0.0
63418508,77585273,19,15,personal,5,5,4.0,1980.2,14.28743637158992,0.5500555555555555,1.0,0.25,0.25,True,False,19,26,5,5,True,Melville,LA,30.6929653,-91.744004,onsite,0.0,0.0
54887810,59183717,19,2,personal,5,4,8.0,2131.4,24.52054998806967,0.5920555555555556,1.0,0.125,0.125,True,False,12,19,3,4,True,Windsor,CA,38.5471327,-122.8163802,onsite,0.0,0.0
61662948,59183717,19,2,personal,5,4,8.0,2131.4,24.52054998806967,0.5920555555555556,1.0,0.125,0.125,True,False,12,19,3,4,True,Maryland Heights,MO,38.7150511,-90.435999,onsite,0.0,0.0
82687551,16728333,19,6,personal,4,4,1.333,4502.8,48.43153483655452,1.2507777777777778,1.0,0.7501875468867217,0.7501875468867217,True,False,5,19,3,4,True,Walnut Creek,CA,37.9020731,-122.0618702,onsite,0.0,0.0
84568374,16728333,19,6,personal,4,4,1.333,4502.8,48.43153483655452,1.2507777777777778,1.0,0.7501875468867217,0.7501875468867217,True,False,5,19,3,4,True,Houston,TX,29.7589382,-95.3676974,onsite,0.0,0.0
44914866,23258833,19,2,personal,4,4,1.333,4090.6,41.94429531535831,1.1362777777777777,1.0,0.7501875468867217,0.7501875468867217,True,False,5,19,4,4,True,West Bridgewater,MA,42.0190922,-71.0079688,onsite,0.0,0.0
45459060,23258833,19,2,personal,4,4,1.333,4090.6,41.94429531535831,1.1362777777777777,1.0,0.7501875468867217,0.7501875468867217,True,False,5,19,4,4,True,Rancho Cordova,CA,38.5890723,-121.302728,onsite,0.0,0.0
33519700,29582688,19,10,personal,4,4,1.333,6585.6,65.49712180863754,1.8293333333333335,1.0,0.7501875468867217,0.7501875468867217,True,False,5,19,3,4,True,Flowood,MS,32.3092861,-90.1386811,onsite,0.0,0.0
37113544,29582688,19,10,personal,4,4,1.333,6585.6,65.49712180863754,1.8293333333333335,1.0,0.7501875468867217,0.7501875468867217,True,False,5,19,3,4,True,Overland Park,KS,38.9742502,-94.6851702,onsite,0.0,0.0
90334978,39449946,19,7,personal,4,4,1.333,3092.6,29.51239759802752,0.8590555555555556,1.0,0.7501875468867217,0.7501875468867217,True,False,6,20,3,4,True,Franklin,TN,35.925206,-86.8689419,onsite,0.0,0.0
88856717,39449946,19,7,personal,4,4,1.333,3092.6,29.51239759802752,0.8590555555555556,1.0,0.7501875468867217,0.7501875468867217,True,False,6,20,3,4,True,Charlotte,NC,35.2272086,-80.8430827,onsite,0.0,0.0
18336561,52777855,19,25,personal,4,3,8.0,6275.4,76.63159647657679,1.7431666666666665,1.0,0.125,0.125,True,False,6,20,3,3,True,South Portland,ME,43.6382443,-70.2529189,onsite,0.0,0.0
19528221,52777855,19,25,personal,4,3,8.0,6275.4,76.63159647657679,1.7431666666666665,1.0,0.125,0.125,True,False,6,20,3,3,True,Glendale,AZ,33.5386858,-112.185994,onsite,0.0,0.0
49546630,57664984,19,17,personal,4,4,1.333,6423.8,63.57223812932475,1.784388888888889,1.0,0.7501875468867217,0.7501875468867217,True,False,5,19,3,4,True,Alpharetta,GA,34.0755962,-84.2945964,onsite,0.0,0.0
54333554,57664984,19,17,personal,4,4,1.333,6423.8,63.57223812932475,1.784388888888889,1.0,0.7501875468867217,0.7501875468867217,True,False,5,19,3,4,True,Naperville,IL,41.7728699,-88.1479278,onsite,0.0,0.0
72859063,62377651,19,7,personal,4,4,1.333,2848.0,30.73525610435059,0.7911111111111111,1.0,0.7501875468867217,0.7501875468867217,True,False,8,22,4,4,True,Richardson,TX,32.9481789,-96.7297206,onsite,0.0,0.0
73968848,62377651,19,7,personal,4,4,1.333,2848.0,30.73525610435059,0.7911111111111111,1.0,0.7501875468867217,0.7501875468867217,True,False,8,22,4,4,True,Naperville,IL,41.7728699,-88.1479278,onsite,0.0,0.0
11494435,63187573,19,22,personal,4,3,8.0,14836.6,149.8881531853973,4.121277777777778,0.3999999999999999,0.125,0.04999999999999999,True,False,18,32,3,3,True,Charlotte,NC,35.2272086,-80.8430827,onsite,0.6000000000000001,0.07500000000000001
14582357,63187573,19,22,personal,4,3,8.0,14836.6,149.8881531853973,4.121277777777778,0.3999999999999999,0.125,0.04999999999999999,True,False,18,32,3,3,True,Charlotte,NC,35.2272086,-80.8430827,onsite,0.6000000000000001,0.07500000000000001
70275620,72904514,19,3,personal,4,4,1.333,10565.0,120.337230573451,2.9347222222222222,1.0,0.7501875468867217,0.7501875468867217,True,False,5,19,3,4,True,Hartford,CT,41.764582,-72.6908547,onsite,0.0,0.0
81396769,72904514,19,3,personal,4,4,1.333,10565.0,120.337230573451,2.9347222222222222,1.0,0.7501875468867217,0.7501875468867217,True,False,5,19,3,4,True,Maryland Heights,MO,38.7150511,-90.435999,onsite,0.0,0.0
78272027,92883991,19,6,personal,4,4,1.333,2503.8,20.17654398313847,0.6955,1.0,0.7501875468867217,0.7501875468867217,True,False,5,19,2,4,True,Overland Park,KS,38.9742502,-94.6851702,onsite,0.0,0.0
89117598,92883991,19,6,personal,4,4,1.333,2503.8,20.17654398313847,0.6955,1.0,0.7501875468867217,0.7501875468867217,True,False,5,19,2,4,True,Syracuse,NY,43.0481221,-76.1474244,onsite,0.0,0.0
83212066,50324291,19,7,personal,5,4,8.0,6449.6,79.47374830987036,1.7915555555555556,1.0,0.125,0.125,True,False,13,20,0,4,True,Virtual,SC,34.1718723,-82.1564776,onsite,0.0,0.0
30721082,58352549,19,1,personal,5,5,4.0,4492.2,43.31914121530263,1.2478333333333333,1.0,0.25,0.25,True,False,19,26,5,5,True,Richardson,TX,32.9481789,-96.7297206,onsite,0.0,0.0
17932464,59183717,19,2,personal,5,5,4.0,2131.4,24.52054998806967,0.5920555555555556,1.0,0.25,0.25,True,False,12,19,4,5,True,White Plains,NY,41.0339862,-73.7629097,onsite,0.0,0.0
46986893,75125571,19,20,personal,5,4,8.0,569.8,5.143213632386861,0.15827777777777777,1.0,0.125,0.125,True,False,13,20,4,4,True,Indianapolis,IN,39.7683331,-86.1583502,onsite,0.0,0.0
95771836,90403848,19,7,personal,5,5,4.0,3661.4,39.43755965163445,1.0170555555555556,1.0,0.25,0.25,True,False,12,19,5,5,True,Rochester,NY,43.157285,-77.615214,onsite,0.0,0.0
10541914,19528147,19,4,personal,4,3,8.0,11710.4,138.7135379384395,3.2528888888888887,0.8,0.125,0.1,True,False,5,19,2,3,True,Overland Park,KS,38.9742502,-94.6851702,onsite,0.19999999999999996,0.024999999999999994
11091566,24965377,19,0,personal,4,5,1.0,1948.2,17.3859659588006,0.5411666666666667,1.0,1.0,1.0,True,False,6,20,5,5,True,Windsor,CA,38.5471327,-122.8163802,onsite,0.0,0.0
26130629,30871913,19,2,personal,4,5,1.0,2288.4,23.35386343752485,0.6356666666666667,1.0,1.0,1.0,True,False,5,19,4,5,True,Houston,TX,29.7589382,-95.3676974,onsite,0.0,0.0
34930040,38682789,19,17,personal,4,4,1.333,3141.4,31.99477551101567,0.8726111111111111,1.0,0.7501875468867217,0.7501875468867217,True,False,5,19,4,4,True,Rancho Cordova,CA,38.5890723,-121.302728,onsite,0.0,0.0
34174328,38682789,19,17,personal,4,4,1.333,3141.4,31.99477551101567,0.8726111111111111,1.0,0.7501875468867217,0.7501875468867217,True,False,5,19,2,4,True,Alpharetta,GA,34.0755962,-84.2945964,onsite,0.0,0.0
95870867,45251105,19,8,business,4,5,1.0,1437.6,16.65461206553726,0.3993333333333333,1.0,1.0,1.0,True,False,5,19,5,5,True,Virtual,SC,34.1718723,-82.1564776,onsite,0.0,0.0
94472986,49989156,19,7,personal,4,4,1.333,13533.2,153.2402022190408,3.7592222222222222,0.6,0.7501875468867217,0.450112528132033,True,False,5,19,2,4,True,Overland Park,KS,38.9742502,-94.6851702,onsite,0.4,0.3000750187546887
79478179,49989156,19,7,personal,4,5,1.0,13533.2,153.2402022190408,3.7592222222222222,0.6,1.0,0.6,True,False,5,19,3,5,True,Indianapolis,IN,39.7683331,-86.1583502,onsite,0.4,0.4
16559402,52777855,19,25,personal,4,3,8.0,6275.4,76.63159647657679,1.7431666666666665,1.0,0.125,0.125,True,False,6,20,0,3,True,Raleigh,NC,35.7803977,-78.6390989,onsite,0.0,0.0
45149910,68531044,19,7,personal,4,5,1.0,4512.8,47.272429014555,1.2535555555555555,1.0,1.0,1.0,True,False,5,19,4,5,True,Houston,TX,29.7589382,-95.3676974,onsite,0.0,0.0
16485520,76146197,19,10,personal,4,4,1.333,8094.6,92.58144933587846,2.2485,1.0,0.7501875468867217,0.7501875468867217,True,False,5,19,4,4,True,Richardson,TX,32.9481789,-96.7297206,onsite,0.0,0.0
23257451,76146197,19,10,personal,4,4,1.333,8094.6,92.58144933587846,2.2485,1.0,0.7501875468867217,0.7501875468867217,True,False,5,19,1,4,True,Edison,GA,31.5581741,-84.7381045,onsite,0.0,0.0
84017238,85992267,19,5,personal,4,5,1.0,4817.2,55.8502097749145,1.338111111111111,1.0,1.0,1.0,True,False,7,21,5,5,True,Rochester,NY,43.157285,-77.615214,onsite,0.0,0.0
10134858,96326859,19,16,personal,4,3,8.0,6551.2,80.2517050425515,1.8197777777777777,1.0,0.125,0.125,True,False,5,19,1,3,True,New York,NY,40.7127281,-74.0060152,onsite,0.0,0.0
10402032,10419250,19,0,business,3,4,0.5,2479.4,26.11884096874254,0.6887222222222222,1.0,2.0,2.0,True,False,3,24,4,4,True,Richardson,TX,32.9481789,-96.7297206,onsite,0.0,0.0
11788873,11738311,19,0,personal,3,4,0.5,1948.2,17.3859659588006,0.5411666666666667,1.0,2.0,2.0,True,False,2,23,2,4,True,Richardson,TX,32.9481789,-96.7297206,onsite,0.0,0.0
25351257,12656013,19,15,personal,3,4,0.5,1980.2,14.28743637158992,0.5500555555555555,1.0,2.0,2.0,True,False,2,23,4,4,True,Saint Paul,MN,44.9497487,-93.0931028,onsite,0.0,0.0
27096178,16403894,19,15,personal,3,4,0.5,1980.2,14.28743637158992,0.5500555555555555,1.0,2.0,2.0,True,False,2,23,4,4,True,Bedford,TX,32.844017,-97.1430671,onsite,0.0,0.0
17621023,18186790,19,0,personal,3,4,0.5,2479.4,26.11884096874254,0.6887222222222222,1.0,2.0,2.0,True,False,2,23,3,4,True,Alpharetta,GA,34.0755962,-84.2945964,onsite,0.0,0.0
27328743,27935826,19,15,personal,3,4,0.5,1466.6,7.603843553646703,0.40738888888888886,1.0,2.0,2.0,True,False,2,23,4,4,True,Buffalo,NY,42.8864163,-78.8781493,onsite,0.0,0.0
18407947,37712464,19,0,personal,3,4,0.5,2479.4,26.11884096874254,0.6887222222222222,1.0,2.0,2.0,True,False,3,24,3,4,True,Oklahoma City,OK,35.4729886,-97.5170536,onsite,0.0,0.0
33113383,41585723,19,15,personal,3,4,0.5,1466.6,7.603843553646703,0.40738888888888886,1.0,2.0,2.0,True,False,2,23,4,4,True,Independence,MO,39.0924792,-94.4137923,onsite,0.0,0.0
22440928,41740920,19,6,personal,3,3,0.5,8648.0,113.3301519128291,2.402222222222222,1.0,2.0,2.0,True,False,6,27,3,3,True,Virtual,SC,34.1718723,-82.1564776,onsite,0.0,0.0
17566082,45058397,19,0,personal,3,5,0.5,1948.2,17.3859659588006,0.5411666666666667,1.0,2.0,2.0,True,False,3,24,5,5,True,Naperville,IL,41.7728699,-88.1479278,onsite,0.0,0.0
66643743,47562933,19,5,personal,3,5,0.5,5920.0,68.35368945359103,1.6444444444444444,1.0,2.0,2.0,True,False,1,22,3,5,True,Chantilly,VA,38.885219,-77.4486772,onsite,0.0,0.0
15922412,49689566,19,23,personal,3,3,0.5,16254.8,209.3936411357671,4.515222222222222,0.19999999999999996,2.0,0.3999999999999999,True,False,3,24,3,3,True,Hartford,CT,41.764582,-72.6908547,onsite,0.8,1.6
22143269,51082650,19,0,personal,3,4,0.5,2479.4,26.11884096874254,0.6887222222222222,1.0,2.0,2.0,True,False,2,23,2,4,True,Brookfield,WI,43.0615578,-88.1260678,onsite,0.0,0.0
59430808,53803182,19,29,personal,3,4,0.5,864.2,7.63292372544341,0.24005555555555558,1.0,2.0,2.0,True,False,11,32,2,4,True,Albany,NY,42.6511674,-73.754968,onsite,0.0,0.0
12272594,54997493,19,4,personal,3,3,0.5,8300.4,75.91677105702696,2.3056666666666668,1.0,2.0,2.0,True,False,5,26,2,3,True,Alpharetta,GA,34.0755962,-84.2945964,onsite,0.0,0.0
33522459,61261482,19,15,personal,3,4,0.5,1466.6,7.603843553646703,0.40738888888888886,1.0,2.0,2.0,True,False,2,23,4,4,True,Knoxville,TN,35.9603948,-83.9210261,onsite,0.0,0.0
69379844,82372071,19,3,personal,3,5,0.5,4514.2,59.33423804978923,1.2539444444444443,1.0,2.0,2.0,True,False,9,30,5,5,True,Chantilly,VA,38.885219,-77.4486772,onsite,0.0,0.0
17597223,90880063,19,0,personal,3,5,0.5,1948.2,17.3859659588006,0.5411666666666667,1.0,2.0,2.0,True,False,2,23,5,5,True,Troy,MI,42.6055893,-83.1499304,onsite,0.0,0.0
33914483,96626645,19,15,personal,3,4,0.5,1466.6,7.603843553646703,0.40738888888888886,1.0,2.0,2.0,True,False,2,23,4,4,True,Naperville,IL,41.7728699,-88.1479278,onsite,0.0,0.0
93750751,97764976,19,5,personal,3,5,0.5,4824.0,61.22917163763621,1.34,1.0,2.0,2.0,True,False,3,24,5,5,True,Chantilly,VA,38.885219,-77.4486772,onsite,0.0,0.0
11226387,60578367,19,10,personal,2,3,0.4,8014.2,92.51968503937007,2.2261666666666664,1.0,2.5,2.5,True,False,5,33,0,3,True,Hartford,CT,41.764582,-72.6908547,onsite,0.0,0.0
94671385,22986408,19,14,personal,3,4,0.5,0.0,0.0,0.0,1.0,2.0,2.0,False,True,4,25,3,4,True,Birmingham,AL,33.5206824,-86.8024326,online,0.0,0.0
81400507,31160423,20,3,personal,5,4,8.0,5056.4,51.37521872265966,1.4045555555555556,1.0,0.125,0.125,True,False,20,27,3,4,True,Maryland Heights,MO,38.7150511,-90.435999,onsite,0.0,0.0
63932904,31160423,20,3,personal,5,4,8.0,5056.4,51.37521872265966,1.4045555555555556,1.0,0.125,0.125,True,False,20,27,3,4,True,Buffalo,NY,42.8864163,-78.8781493,onsite,0.0,0.0
70275620,31160423,20,3,personal,5,4,8.0,5056.4,51.37521872265966,1.4045555555555556,1.0,0.125,0.125,True,False,20,27,3,4,True,Hartford,CT,41.764582,-72.6908547,onsite,0.0,0.0
34336521,75087575,20,1,personal,5,5,4.0,13507.2,149.9668187783345,3.7520000000000002,0.6,0.25,0.15,True,False,14,21,5,5,True,Omaha,NE,41.2587459,-95.9383758,onsite,0.4,0.1
36916937,75087575,20,1,personal,5,5,4.0,13507.2,149.9668187783345,3.7520000000000002,0.6,0.25,0.15,True,False,14,21,5,5,True,New York,NY,40.7127281,-74.0060152,onsite,0.4,0.1
22286102,75087575,20,1,personal,5,5,4.0,13507.2,149.9668187783345,3.7520000000000002,0.6,0.25,0.15,True,False,14,21,5,5,True,Melville,LA,30.6929653,-91.744004,onsite,0.4,0.1
17932464,62556373,20,2,personal,5,5,4.0,1303.8,12.21901594687028,0.36216666666666664,1.0,0.25,0.25,True,False,13,20,4,5,True,White Plains,NY,41.0339862,-73.7629097,onsite,0.0,0.0
26130629,62556373,20,2,personal,5,5,4.0,1303.8,12.21901594687028,0.36216666666666664,1.0,0.25,0.25,True,False,13,20,4,5,True,Houston,TX,29.7589382,-95.3676974,onsite,0.0,0.0
52192658,29524718,20,6,personal,4,4,1.333,3168.0,33.23652370158275,0.88,1.0,0.7501875468867217,0.7501875468867217,True,False,6,20,4,4,True,Albuquerque,NM,35.0841034,-106.650985,onsite,0.0,0.0
61927589,29524718,20,6,personal,4,4,1.333,3168.0,33.23652370158275,0.88,1.0,0.7501875468867217,0.7501875468867217,True,False,6,20,4,4,True,Franklin,TN,35.925206,-86.8689419,onsite,0.0,0.0
93222266,44545163,20,6,personal,4,4,1.333,7944.4,95.10831742623081,2.2067777777777775,1.0,0.7501875468867217,0.7501875468867217,True,False,10,24,2,4,True,Richmond,VA,37.5385087,-77.43428,onsite,0.0,0.0
78272027,44545163,20,6,personal,4,4,1.333,7944.4,95.10831742623081,2.2067777777777775,1.0,0.7501875468867217,0.7501875468867217,True,False,10,24,2,4,True,Overland Park,KS,38.9742502,-94.6851702,onsite,0.0,0.0
54887810,63571597,20,2,personal,4,4,1.333,3488.6,42.42610653781913,0.9690555555555556,1.0,0.7501875468867217,0.7501875468867217,True,False,6,20,3,4,True,Windsor,CA,38.5471327,-122.8163802,onsite,0.0,0.0
61662948,63571597,20,2,personal,4,4,1.333,3488.6,42.42610653781913,0.9690555555555556,1.0,0.7501875468867217,0.7501875468867217,True,False,6,20,3,4,True,Maryland Heights,MO,38.7150511,-90.435999,onsite,0.0,0.0
90334978,70926162,20,7,personal,4,4,1.333,4649.8,53.21000357909806,1.2916111111111113,1.0,0.7501875468867217,0.7501875468867217,True,False,6,20,3,4,True,Franklin,TN,35.925206,-86.8689419,onsite,0.0,0.0
88856717,70926162,20,7,personal,4,4,1.333,4649.8,53.21000357909806,1.2916111111111113,1.0,0.7501875468867217,0.7501875468867217,True,False,6,20,3,4,True,Charlotte,NC,35.2272086,-80.8430827,onsite,0.0,0.0
72859063,93087428,20,7,personal,4,4,1.333,5003.4,56.30853316630876,1.3898333333333333,1.0,0.7501875468867217,0.7501875468867217,True,False,7,21,4,4,True,Richardson,TX,32.9481789,-96.7297206,onsite,0.0,0.0
73968848,93087428,20,7,personal,4,4,1.333,5003.4,56.30853316630876,1.3898333333333333,1.0,0.7501875468867217,0.7501875468867217,True,False,7,21,4,4,True,Naperville,IL,41.7728699,-88.1479278,onsite,0.0,0.0
38397433,94895483,20,10,personal,4,4,1.333,3041.0,28.92681738646305,0.8447222222222223,1.0,0.7501875468867217,0.7501875468867217,True,False,6,20,3,4,True,Overland Park,KS,38.9742502,-94.6851702,onsite,0.0,0.0
33519700,94895483,20,10,personal,4,4,1.333,3041.0,28.92681738646305,0.8447222222222223,1.0,0.7501875468867217,0.7501875468867217,True,False,6,20,3,4,True,Flowood,MS,32.3092861,-90.1386811,onsite,0.0,0.0
79478179,50324291,20,7,personal,5,5,4.0,6449.6,79.47374830987036,1.7915555555555556,1.0,0.25,0.25,True,False,13,20,3,5,True,Indianapolis,IN,39.7683331,-86.1583502,onsite,0.0,0.0
45149910,50324291,20,7,personal,5,5,4.0,6449.6,79.47374830987036,1.7915555555555556,1.0,0.25,0.25,True,False,13,20,4,5,True,Houston,TX,29.7589382,-95.3676974,onsite,0.0,0.0
83212066,50324291,20,7,personal,5,4,8.0,6449.6,79.47374830987036,1.7915555555555556,1.0,0.125,0.125,True,False,13,20,0,4,True,Virtual,SC,34.1718723,-82.1564776,onsite,0.0,0.0
46986893,75125571,20,20,personal,5,4,8.0,569.8,5.143213632386861,0.15827777777777777,1.0,0.125,0.125,True,False,13,20,4,4,True,Indianapolis,IN,39.7683331,-86.1583502,onsite,0.0,0.0
54636222,94141142,20,18,personal,5,4,8.0,11948.0,144.6790742066333,3.318888888888889,0.8,0.125,0.1,True,False,20,27,3,4,True,Orlando,FL,28.5421218,-81.379045,onsite,0.19999999999999996,0.024999999999999994
39267987,94141142,20,18,personal,5,4,8.0,11948.0,144.6790742066333,3.318888888888889,0.8,0.125,0.1,True,False,20,27,1,4,True,Tampa,FL,27.9449854,-82.4583107,onsite,0.19999999999999996,0.024999999999999994
69379844,17128602,20,3,personal,4,5,1.0,6064.2,61.8548924282192,1.6844999999999999,1.0,1.0,1.0,True,False,18,32,5,5,True,Chantilly,VA,38.885219,-77.4486772,onsite,0.0,0.0
11091566,46099406,20,0,personal,4,5,1.0,6121.8,70.64356657122406,1.7005000000000001,1.0,1.0,1.0,True,False,7,21,5,5,True,Windsor,CA,38.5471327,-122.8163802,onsite,0.0,0.0
16559402,52777855,20,25,personal,4,3,8.0,6275.4,76.63159647657679,1.7431666666666665,1.0,0.125,0.125,True,False,6,20,0,3,True,Raleigh,NC,35.7803977,-78.6390989,onsite,0.0,0.0
84017238,58114394,20,5,personal,4,5,1.0,13210.0,149.3941630875686,3.6694444444444443,0.6,1.0,0.6,True,False,6,20,5,5,True,Rochester,NY,43.157285,-77.615214,onsite,0.4,0.4
16485520,66909259,20,10,personal,4,4,1.333,4830.0,38.73031496062992,1.3416666666666666,1.0,0.7501875468867217,0.7501875468867217,True,False,6,20,4,4,True,Richardson,TX,32.9481789,-96.7297206,onsite,0.0,0.0
23257451,66909259,20,10,personal,4,4,1.333,4830.0,38.73031496062992,1.3416666666666666,1.0,0.7501875468867217,0.7501875468867217,True,False,6,20,1,4,True,Edison,GA,31.5581741,-84.7381045,onsite,0.0,0.0
15922412,92065055,20,23,personal,4,3,8.0,5248.8,54.19388272488666,1.458,1.0,0.125,0.125,True,False,20,34,3,3,True,Hartford,CT,41.764582,-72.6908547,onsite,0.0,0.0
93750751,99688016,20,5,personal,4,5,1.0,3759.6,40.37036208542114,1.0443333333333333,1.0,1.0,1.0,True,False,19,33,5,5,True,Chantilly,VA,38.885219,-77.4486772,onsite,0.0,0.0
11350447,18091603,20,10,personal,3,3,0.5,13257.6,160.0124025689971,3.682666666666667,0.6,2.0,1.2,True,False,2,23,0,3,True,Centennial,CO,39.579155,-104.8769227,onsite,0.4,0.8
10402032,19106941,20,0,personal,3,4,0.5,3859.2,45.40148035472839,1.0719999999999998,1.0,2.0,2.0,True,False,3,24,4,4,True,Richardson,TX,32.9481789,-96.7297206,onsite,0.0,0.0
23354345,22815074,20,6,personal,3,3,0.5,8367.2,94.34999602322436,2.3242222222222226,1.0,2.0,2.0,True,False,6,27,3,3,True,Centennial,CO,39.579155,-104.8769227,onsite,0.0,0.0
10541914,22882269,20,4,personal,3,3,0.5,6232.4,54.82581722739203,1.7312222222222222,1.0,2.0,2.0,True,False,3,24,2,3,True,Overland Park,KS,38.9742502,-94.6851702,onsite,0.0,0.0
17621023,32699004,20,0,personal,3,4,0.5,1948.2,17.3859659588006,0.5411666666666667,1.0,2.0,2.0,True,False,3,24,3,4,True,Alpharetta,GA,34.0755962,-84.2945964,onsite,0.0,0.0
20682406,32895625,20,13,personal,3,4,0.5,4923.2,44.50198341684562,1.3675555555555554,1.0,2.0,2.0,True,False,3,24,4,4,True,Chantilly,VA,38.885219,-77.4486772,onsite,0.0,0.0
42270197,38660125,20,15,personal,3,4,0.5,1466.6,7.603843553646703,0.40738888888888886,1.0,2.0,2.0,True,False,1,22,3,4,True,San Antonio,TX,29.4246002,-98.4951405,onsite,0.0,0.0
56083320,41647560,20,3,personal,3,4,0.5,2748.6,29.30548099101248,0.7635,1.0,2.0,2.0,True,False,20,41,1,4,True,Marlton,NJ,39.9005585,-74.9338911,onsite,0.0,0.0
85342366,42537717,20,8,personal,3,4,0.5,1664.0,17.93935914260717,0.4622222222222222,1.0,2.0,2.0,True,False,2,23,4,4,True,Richardson,TX,32.9481789,-96.7297206,onsite,0.0,0.0
99474654,53136113,20,9,personal,3,4,0.5,10476.8,137.9431619343037,2.910222222222222,1.0,2.0,2.0,True,False,4,25,4,4,True,Richmond,VA,37.5385087,-77.43428,onsite,0.0,0.0
17566082,58421234,20,0,personal,3,5,0.5,1948.2,17.3859659588006,0.5411666666666667,1.0,2.0,2.0,True,False,1,22,5,5,True,Naperville,IL,41.7728699,-88.1479278,onsite,0.0,0.0
25351257,60375227,20,15,personal,3,4,0.5,1466.6,7.603843553646703,0.40738888888888886,1.0,2.0,2.0,True,False,10,31,4,4,True,Saint Paul,MN,44.9497487,-93.0931028,onsite,0.0,0.0
11788873,62177143,20,0,personal,3,4,0.5,916.6,7.054551419708901,0.2546111111111111,1.0,2.0,2.0,True,False,2,23,2,4,True,Richardson,TX,32.9481789,-96.7297206,onsite,0.0,0.0
68291074,65463716,20,15,personal,3,5,0.5,1466.6,7.603843553646703,0.40738888888888886,1.0,2.0,2.0,True,False,2,23,5,5,True,Naperville,IL,41.7728699,-88.1479278,onsite,0.0,0.0
59321509,67251615,20,15,personal,3,5,0.5,1466.6,7.603843553646703,0.40738888888888886,1.0,2.0,2.0,True,False,3,24,5,5,True,Brookfield,WI,43.0615578,-88.1260678,onsite,0.0,0.0
22143269,67975870,20,0,personal,3,4,0.5,916.6,7.054551419708901,0.2546111111111111,1.0,2.0,2.0,True,False,2,23,2,4,True,Brookfield,WI,43.0615578,-88.1260678,onsite,0.0,0.0
31104564,68152603,20,1,personal,3,4,0.5,4045.6,35.94073113019963,1.1237777777777778,1.0,2.0,2.0,True,False,4,25,3,4,True,Alpharetta,GA,34.0755962,-84.2945964,onsite,0.0,0.0
38497269,68550850,20,2,personal,3,4,0.5,1303.8,12.21901594687028,0.36216666666666664,1.0,2.0,2.0,True,False,3,24,4,4,True,Naperville,IL,41.7728699,-88.1479278,onsite,0.0,0.0
18407947,75728900,20,0,personal,3,4,0.5,1948.2,17.3859659588006,0.5411666666666667,1.0,2.0,2.0,True,False,1,22,3,4,True,Oklahoma City,OK,35.4729886,-97.5170536,onsite,0.0,0.0
63175059,76765208,20,15,personal,3,5,0.5,1980.2,14.28743637158992,0.5500555555555555,1.0,2.0,2.0,True,False,3,24,5,5,True,Naperville,IL,41.7728699,-88.1479278,onsite,0.0,0.0
44914866,78896470,20,2,personal,3,4,0.5,2282.4,21.35603078024338,0.634,1.0,2.0,2.0,True,False,3,24,4,4,True,West Bridgewater,MA,42.0190922,-71.0079688,onsite,0.0,0.0
17597223,80386487,20,0,business,3,5,0.5,916.6,7.054551419708901,0.2546111111111111,1.0,2.0,2.0,True,False,3,24,5,5,True,Troy,MI,42.6055893,-83.1499304,onsite,0.0,0.0
95664184,91214143,20,9,personal,3,4,0.5,4478.0,56.55472043267319,1.2438888888888888,1.0,2.0,2.0,True,False,4,25,4,4,True,Naperville,IL,41.7728699,-88.1479278,onsite,0.0,0.0
85598668,93155186,20,8,personal,3,4,0.5,2302.6,21.2982432593653,0.6396111111111111,1.0,2.0,2.0,True,False,10,31,4,4,True,Hunt Valley,MD,39.4962709,-76.6542571,onsite,0.0,0.0
49267899,17573177,20,8,personal,3,4,0.5,0.0,0.0,0.0,1.0,2.0,2.0,False,True,3,24,4,4,True,Phoenix,AZ,33.4484367,-112.074141,online,0.0,0.0
70853633,42866005,20,5,personal,3,5,0.5,0.0,0.0,0.0,1.0,2.0,2.0,False,True,14,35,4,5,True,Saint Paul,MN,44.9497487,-93.0931028,online,0.0,0.0
11355772,60702931,20,15,personal,3,3,0.5,0.0,0.0,0.0,1.0,2.0,2.0,False,True,1,22,3,3,True,Diamond Bar,CA,34.0286226,-117.8103367,online,0.0,0.0
85893734,84606193,20,9,personal,3,4,0.5,0.0,0.0,0.0,1.0,2.0,2.0,False,True,2,23,4,4,True,Centennial,CO,39.579155,-104.8769227,online,0.0,0.0
90406456,89095133,20,0,personal,3,4,0.5,0.0,0.0,0.0,1.0,2.0,2.0,False,True,2,23,4,4,True,Albuquerque,NM,35.0841034,-106.650985,online,0.0,0.0
59430808,94084217,20,0,business,2,2,0.5,0.0,0.0,0.0,1.0,2.0,2.0,False,True,2,30,2,4,True,Albany,NY,42.6511674,-73.754968,online,0.0,0.0
24186729,75087575,21,1,personal,5,5,4.0,13507.2,149.9668187783345,3.7520000000000002,0.6,0.25,0.15,True,False,14,21,5,5,True,Richmond,VA,37.5385087,-77.43428,onsite,0.4,0.1
26862623,75087575,21,1,personal,5,5,4.0,13507.2,149.9668187783345,3.7520000000000002,0.6,0.25,0.15,True,False,14,21,5,5,True,Overland Park,KS,38.9742502,-94.6851702,onsite,0.4,0.1
30721082,75087575,21,1,personal,5,5,4.0,13507.2,149.9668187783345,3.7520000000000002,0.6,0.25,0.15,True,False,14,21,5,5,True,Richardson,TX,32.9481789,-96.7297206,onsite,0.4,0.1
63418508,93756859,21,15,personal,5,5,4.0,1466.6,7.603843553646703,0.40738888888888886,1.0,0.25,0.25,True,False,21,28,5,5,True,Melville,LA,30.6929653,-91.744004,onsite,0.0,0.0
68291074,93756859,21,15,personal,5,5,4.0,1466.6,7.603843553646703,0.40738888888888886,1.0,0.25,0.25,True,False,21,28,5,5,True,Naperville,IL,41.7728699,-88.1479278,onsite,0.0,0.0
59321509,93756859,21,15,personal,5,5,4.0,1466.6,7.603843553646703,0.40738888888888886,1.0,0.25,0.25,True,False,21,28,5,5,True,Brookfield,WI,43.0615578,-88.1260678,onsite,0.0,0.0
90334978,20243729,21,7,personal,5,4,8.0,5998.4,59.44894317187624,1.666222222222222,1.0,0.125,0.125,True,False,15,22,3,4,True,Franklin,TN,35.925206,-86.8689419,onsite,0.0,0.0
88856717,20243729,21,7,personal,5,4,8.0,5998.4,59.44894317187624,1.666222222222222,1.0,0.125,0.125,True,False,15,22,3,4,True,Charlotte,NC,35.2272086,-80.8430827,onsite,0.0,0.0
34336521,58352549,21,1,personal,5,5,4.0,4492.2,43.31914121530263,1.2478333333333333,1.0,0.25,0.25,True,False,19,26,5,5,True,Omaha,NE,41.2587459,-95.9383758,onsite,0.0,0.0
36916937,58352549,21,1,personal,5,5,4.0,4492.2,43.31914121530263,1.2478333333333333,1.0,0.25,0.25,True,False,19,26,5,5,True,New York,NY,40.7127281,-74.0060152,onsite,0.0,0.0
89117598,34312761,21,6,personal,4,4,1.333,3324.8,29.68066491688539,0.9235555555555556,1.0,0.7501875468867217,0.7501875468867217,True,False,10,24,2,4,True,Syracuse,NY,43.0481221,-76.1474244,onsite,0.0,0.0
93222266,34312761,21,6,personal,4,4,1.333,3324.8,29.68066491688539,0.9235555555555556,1.0,0.7501875468867217,0.7501875468867217,True,False,10,24,2,4,True,Richmond,VA,37.5385087,-77.43428,onsite,0.0,0.0
72859063,54327101,21,7,business,4,4,1.333,1389.8,12.929367493836,0.38605555555555554,1.0,0.7501875468867217,0.7501875468867217,True,False,7,21,4,4,True,Richardson,TX,32.9481789,-96.7297206,onsite,0.0,0.0
73968848,54327101,21,7,business,4,4,1.333,1389.8,12.929367493836,0.38605555555555554,1.0,0.7501875468867217,0.7501875468867217,True,False,7,21,4,4,True,Naperville,IL,41.7728699,-88.1479278,onsite,0.0,0.0
11494435,63187573,21,22,personal,4,3,8.0,14836.6,149.8881531853973,4.121277777777778,0.3999999999999999,0.125,0.04999999999999999,True,False,18,32,3,3,True,Charlotte,NC,35.2272086,-80.8430827,onsite,0.6000000000000001,0.07500000000000001
14582357,63187573,21,22,personal,4,3,8.0,14836.6,149.8881531853973,4.121277777777778,0.3999999999999999,0.125,0.04999999999999999,True,False,18,32,3,3,True,Charlotte,NC,35.2272086,-80.8430827,onsite,0.6000000000000001,0.07500000000000001
12272594,76163732,21,4,personal,4,3,8.0,5197.8,47.45896464646464,1.4438333333333333,1.0,0.125,0.125,True,False,13,27,2,3,True,Alpharetta,GA,34.0755962,-84.2945964,onsite,0.0,0.0
10541914,76163732,21,4,personal,4,3,8.0,5197.8,47.45896464646464,1.4438333333333333,1.0,0.125,0.125,True,False,13,27,2,3,True,Overland Park,KS,38.9742502,-94.6851702,onsite,0.0,0.0
52192658,80636212,21,6,personal,4,4,1.333,4163.2,44.32501690129642,1.1564444444444444,1.0,0.7501875468867217,0.7501875468867217,True,False,11,25,4,4,True,Albuquerque,NM,35.0841034,-106.650985,onsite,0.0,0.0
61927589,80636212,21,6,personal,4,4,1.333,4163.2,44.32501690129642,1.1564444444444444,1.0,0.7501875468867217,0.7501875468867217,True,False,11,25,4,4,True,Franklin,TN,35.925206,-86.8689419,onsite,0.0,0.0
82687551,88730886,21,6,personal,4,4,1.333,4146.4,49.17792591267001,1.1517777777777776,1.0,0.7501875468867217,0.7501875468867217,True,False,8,22,3,4,True,Walnut Creek,CA,37.9020731,-122.0618702,onsite,0.0,0.0
84568374,88730886,21,6,personal,4,4,1.333,4146.4,49.17792591267001,1.1517777777777776,1.0,0.7501875468867217,0.7501875468867217,True,False,8,22,3,4,True,Houston,TX,29.7589382,-95.3676974,onsite,0.0,0.0
45149910,18979824,21,7,personal,5,5,4.0,5998.4,59.44894317187624,1.666222222222222,1.0,0.25,0.25,True,False,15,22,4,5,True,Houston,TX,29.7589382,-95.3676974,onsite,0.0,0.0
95771836,20243729,21,7,personal,5,5,4.0,5998.4,59.44894317187624,1.666222222222222,1.0,0.25,0.25,True,False,15,22,5,5,True,Rochester,NY,43.157285,-77.615214,onsite,0.0,0.0
69379844,31160423,21,3,personal,5,5,4.0,5056.4,51.37521872265966,1.4045555555555556,1.0,0.25,0.25,True,False,20,27,5,5,True,Chantilly,VA,38.885219,-77.4486772,onsite,0.0,0.0
39267987,94141142,21,18,personal,5,4,8.0,11948.0,144.6790742066333,3.318888888888889,0.8,0.125,0.1,True,False,20,27,1,4,True,Tampa,FL,27.9449854,-82.4583107,onsite,0.19999999999999996,0.024999999999999994
79478179,37020735,21,7,personal,4,5,1.0,2848.0,30.73525610435059,0.7911111111111111,1.0,1.0,1.0,True,False,7,21,3,5,True,Indianapolis,IN,39.7683331,-86.1583502,onsite,0.0,0.0
15922412,92065055,21,23,personal,4,3,8.0,5248.8,54.19388272488666,1.458,1.0,0.125,0.125,True,False,20,34,3,3,True,Hartford,CT,41.764582,-72.6908547,onsite,0.0,0.0
70853633,92804299,21,8,personal,4,5,1.0,3904.2,42.64619621410959,1.0845,1.0,1.0,1.0,True,False,11,25,4,5,True,Saint Paul,MN,44.9497487,-93.0931028,onsite,0.0,0.0
11788873,10391891,21,0,personal,3,4,0.5,1948.2,17.3859659588006,0.5411666666666667,1.0,2.0,2.0,True,False,2,23,2,4,True,Richardson,TX,32.9481789,-96.7297206,onsite,0.0,0.0
54887810,14182432,21,2,personal,3,4,0.5,3916.6,40.19351984411039,1.0879444444444444,1.0,2.0,2.0,True,False,2,23,3,4,True,Windsor,CA,38.5471327,-122.8163802,onsite,0.0,0.0
92680761,18220423,21,8,personal,3,4,0.5,931.2,6.525018889684244,0.25866666666666666,1.0,2.0,2.0,True,False,3,24,4,4,True,Richardson,TX,32.9481789,-96.7297206,onsite,0.0,0.0
84017238,23977331,21,5,personal,3,5,0.5,4286.0,50.70525630318937,1.1905555555555556,1.0,2.0,2.0,True,False,5,26,5,5,True,Rochester,NY,43.157285,-77.615214,onsite,0.0,0.0
85342366,24373649,21,8,personal,3,4,0.5,1147.2,11.78815716217291,0.31866666666666665,1.0,2.0,2.0,True,False,3,24,4,4,True,Richardson,TX,32.9481789,-96.7297206,onsite,0.0,0.0
22143269,25881538,21,0,personal,3,4,0.5,1948.2,17.3859659588006,0.5411666666666667,1.0,2.0,2.0,True,False,2,23,2,4,True,Brookfield,WI,43.0615578,-88.1260678,onsite,0.0,0.0
11091566,28699898,21,0,personal,3,5,0.5,1948.2,17.3859659588006,0.5411666666666667,1.0,2.0,2.0,True,False,2,23,5,5,True,Windsor,CA,38.5471327,-122.8163802,onsite,0.0,0.0
99766264,33931618,21,8,personal,3,4,0.5,1147.2,11.78815716217291,0.31866666666666665,1.0,2.0,2.0,True,False,2,23,3,4,True,Maryland Heights,MO,38.7150511,-90.435999,onsite,0.0,0.0
46986893,33988441,21,20,personal,3,4,0.5,571.4,5.382938638352024,0.1587222222222222,1.0,2.0,2.0,True,False,13,34,4,4,True,Indianapolis,IN,39.7683331,-86.1583502,onsite,0.0,0.0
85598668,39278652,21,8,personal,3,4,0.5,1664.0,17.93935914260717,0.4622222222222222,1.0,2.0,2.0,True,False,2,23,4,4,True,Hunt Valley,MD,39.4962709,-76.6542571,onsite,0.0,0.0
17621023,40228476,21,0,personal,3,4,0.5,1948.2,17.3859659588006,0.5411666666666667,1.0,2.0,2.0,True,False,3,24,3,4,True,Alpharetta,GA,34.0755962,-84.2945964,onsite,0.0,0.0
11355772,42671302,21,14,personal,3,3,0.5,12926.8,106.626053845542,3.5907777777777774,0.6,2.0,1.2,True,False,10,31,3,3,True,Diamond Bar,CA,34.0286226,-117.8103367,onsite,0.4,0.8
45459060,44492783,21,2,personal,3,4,0.5,13921.0,183.4528851507198,3.8669444444444445,0.6,2.0,1.2,True,False,7,28,4,4,True,Rancho Cordova,CA,38.5890723,-121.302728,onsite,0.4,0.8
17566082,53853343,21,0,personal,3,5,0.5,2479.4,26.11884096874254,0.6887222222222222,1.0,2.0,2.0,True,False,2,23,5,5,True,Naperville,IL,41.7728699,-88.1479278,onsite,0.0,0.0
16485520,57191549,21,10,personal,3,4,0.5,7933.0,85.59773423208463,2.203611111111111,1.0,2.0,2.0,True,False,3,24,4,4,True,Richardson,TX,32.9481789,-96.7297206,onsite,0.0,0.0
18407947,70059778,21,0,personal,3,4,0.5,1948.2,17.3859659588006,0.5411666666666667,1.0,2.0,2.0,True,False,3,24,3,4,True,Oklahoma City,OK,35.4729886,-97.5170536,onsite,0.0,0.0
30456597,74188885,21,1,personal,3,4,0.5,9788.8,118.2429611071343,2.719111111111111,1.0,2.0,2.0,True,False,3,24,3,4,True,Memphis,TN,35.1460249,-90.0517638,onsite,0.0,0.0
85893734,76247345,21,8,personal,3,4,0.5,931.2,6.525018889684244,0.25866666666666666,1.0,2.0,2.0,True,False,2,23,4,4,True,Centennial,CO,39.579155,-104.8769227,onsite,0.0,0.0
94472986,84044230,21,7,personal,3,4,0.5,3183.4,31.94320170205997,0.8842777777777778,1.0,2.0,2.0,True,False,2,23,2,4,True,Overland Park,KS,38.9742502,-94.6851702,onsite,0.0,0.0
96399702,84530048,21,9,personal,3,4,0.5,548.6,3.786387497017418,0.1523888888888889,1.0,2.0,2.0,True,False,4,25,4,4,True,Richmond,VA,37.5385087,-77.43428,onsite,0.0,0.0
10402032,86723437,21,0,personal,3,4,0.5,2479.4,26.11884096874254,0.6887222222222222,1.0,2.0,2.0,True,False,2,23,4,4,True,Richardson,TX,32.9481789,-96.7297206,onsite,0.0,0.0
25458542,89700308,21,6,personal,3,3,0.5,7081.8,87.02813071661497,1.9671666666666667,1.0,2.0,2.0,True,False,3,24,3,3,True,Buffalo,NY,42.8864163,-78.8781493,onsite,0.0,0.0
10615629,90997564,21,12,personal,3,3,0.5,5012.0,57.99779288952517,1.3922222222222222,1.0,2.0,2.0,True,False,3,24,3,3,True,Virtual,SC,34.1718723,-82.1564776,onsite,0.0,0.0
93750751,94982348,21,5,personal,3,5,0.5,2406.8,23.61782191998727,0.6685555555555556,1.0,2.0,2.0,True,False,5,26,5,5,True,Chantilly,VA,38.885219,-77.4486772,onsite,0.0,0.0
17597223,95647390,21,0,personal,3,5,0.5,1948.2,17.3859659588006,0.5411666666666667,1.0,2.0,2.0,True,False,2,23,5,5,True,Troy,MI,42.6055893,-83.1499304,onsite,0.0,0.0
83212066,96966689,21,7,personal,3,4,0.5,2233.2,20.95487353853495,0.6203333333333333,1.0,2.0,2.0,True,False,6,27,0,4,True,Virtual,SC,34.1718723,-82.1564776,onsite,0.0,0.0
97120688,14829022,21,8,personal,2,5,0.4,2254.2,25.69220750815239,0.6261666666666666,1.0,2.5,2.5,True,False,2,30,5,5,True,Naperville,IL,41.7728699,-88.1479278,onsite,0.0,0.0
10925596,85163935,21,12,personal,2,3,0.4,2614.6,19.46308558021156,0.7262777777777778,1.0,2.5,2.5,True,False,2,30,3,3,True,Hartford,CT,41.764582,-72.6908547,onsite,0.0,0.0
49267899,37788034,21,10,personal,3,4,0.5,0.0,0.0,0.0,1.0,2.0,2.0,False,True,3,24,4,4,True,Phoenix,AZ,33.4484367,-112.074141,online,0.0,0.0
35386202,51967161,21,15,personal,3,4,0.5,0.0,0.0,0.0,1.0,2.0,2.0,False,True,2,23,4,4,True,Phoenix,AZ,33.4484367,-112.074141,online,0.0,0.0
95561381,72197177,21,2,personal,3,4,0.5,0.0,0.0,0.0,1.0,2.0,2.0,False,True,3,24,1,4,True,Boston,MA,42.3588336,-71.0578303,online,0.0,0.0
59430808,82019812,21,0,personal,3,4,0.5,0.0,0.0,0.0,1.0,2.0,2.0,False,True,2,23,2,4,True,Albany,NY,42.6511674,-73.754968,online,0.0,0.0
37113544,34382975,22,10,personal,5,4,8.0,4159.2,36.84706315119701,1.1553333333333333,1.0,0.125,0.125,True,False,20,27,3,4,True,Overland Park,KS,38.9742502,-94.6851702,onsite,0.0,0.0
38397433,34382975,22,10,personal,5,4,8.0,4159.2,36.84706315119701,1.1553333333333333,1.0,0.125,0.125,True,False,20,27,3,4,True,Overland Park,KS,38.9742502,-94.6851702,onsite,0.0,0.0
33519700,34382975,22,10,personal,5,4,8.0,4159.2,36.84706315119701,1.1553333333333333,1.0,0.125,0.125,True,False,20,27,3,4,True,Flowood,MS,32.3092861,-90.1386811,onsite,0.0,0.0
72859063,20243729,22,7,personal,5,4,8.0,5998.4,59.44894317187624,1.666222222222222,1.0,0.125,0.125,True,False,15,22,4,4,True,Richardson,TX,32.9481789,-96.7297206,onsite,0.0,0.0
73968848,20243729,22,7,personal,5,4,8.0,5998.4,59.44894317187624,1.666222222222222,1.0,0.125,0.125,True,False,15,22,4,4,True,Naperville,IL,41.7728699,-88.1479278,onsite,0.0,0.0
78272027,34670293,22,6,personal,4,4,1.333,8648.0,113.3301519128291,2.402222222222222,1.0,0.7501875468867217,0.7501875468867217,True,False,11,25,2,4,True,Overland Park,KS,38.9742502,-94.6851702,onsite,0.0,0.0
89117598,34670293,22,6,personal,4,4,1.333,8648.0,113.3301519128291,2.402222222222222,1.0,0.7501875468867217,0.7501875468867217,True,False,11,25,2,4,True,Syracuse,NY,43.0481221,-76.1474244,onsite,0.0,0.0
11494435,63187573,22,22,personal,4,3,8.0,14836.6,149.8881531853973,4.121277777777778,0.3999999999999999,0.125,0.04999999999999999,True,False,18,32,3,3,True,Charlotte,NC,35.2272086,-80.8430827,onsite,0.6000000000000001,0.07500000000000001
14582357,63187573,22,22,personal,4,3,8.0,14836.6,149.8881531853973,4.121277777777778,0.3999999999999999,0.125,0.04999999999999999,True,False,18,32,3,3,True,Charlotte,NC,35.2272086,-80.8430827,onsite,0.6000000000000001,0.07500000000000001
95771836,18979824,22,7,personal,5,5,4.0,5998.4,59.44894317187624,1.666222222222222,1.0,0.25,0.25,True,False,15,22,5,5,True,Rochester,NY,43.157285,-77.615214,onsite,0.0,0.0
79478179,18979824,22,7,personal,5,5,4.0,5998.4,59.44894317187624,1.666222222222222,1.0,0.25,0.25,True,False,15,22,3,5,True,Indianapolis,IN,39.7683331,-86.1583502,onsite,0.0,0.0
45149910,18979824,22,7,personal,5,5,4.0,5998.4,59.44894317187624,1.666222222222222,1.0,0.25,0.25,True,False,15,22,4,5,True,Houston,TX,29.7589382,-95.3676974,onsite,0.0,0.0
90334978,20243729,22,7,personal,5,4,8.0,5998.4,59.44894317187624,1.666222222222222,1.0,0.125,0.125,True,False,15,22,3,4,True,Franklin,TN,35.925206,-86.8689419,onsite,0.0,0.0
69379844,31160423,22,3,personal,5,5,4.0,5056.4,51.37521872265966,1.4045555555555556,1.0,0.25,0.25,True,False,20,27,5,5,True,Chantilly,VA,38.885219,-77.4486772,onsite,0.0,0.0
39267987,94141142,22,18,personal,5,4,8.0,11948.0,144.6790742066333,3.318888888888889,0.8,0.125,0.1,True,False,20,27,1,4,True,Tampa,FL,27.9449854,-82.4583107,onsite,0.19999999999999996,0.024999999999999994
21204478,22920771,22,28,personal,4,3,8.0,13772.8,181.6336345740873,3.8257777777777777,0.6,0.125,0.075,True,False,21,35,3,3,True,Knoxville,TN,35.9603948,-83.9210261,onsite,0.4,0.05
84017238,99762147,22,5,personal,4,5,1.0,2810.4,34.73452537182852,0.7806666666666667,1.0,1.0,1.0,True,False,8,22,5,5,True,Rochester,NY,43.157285,-77.615214,onsite,0.0,0.0
18441771,11928999,22,21,personal,3,2,0.667,0.0,0.0,0.0,1.0,1.4992503748125936,1.4992503748125936,True,False,2,23,2,2,True,Walnut Creek,CA,37.9020731,-122.0618702,onsite,0.0,0.0
93750751,15132122,22,5,personal,3,5,0.5,3614.0,39.396052055993,1.0038888888888888,1.0,2.0,2.0,True,False,2,23,5,5,True,Chantilly,VA,38.885219,-77.4486772,onsite,0.0,0.0
49546630,16536910,22,17,personal,3,4,0.5,4181.2,48.5184025292293,1.1614444444444445,1.0,2.0,2.0,True,False,4,25,3,4,True,Alpharetta,GA,34.0755962,-84.2945964,onsite,0.0,0.0
11355772,17398355,22,14,personal,3,3,0.5,12926.8,106.626053845542,3.5907777777777774,0.6,2.0,1.2,True,False,6,27,3,3,True,Diamond Bar,CA,34.0286226,-117.8103367,onsite,0.4,0.8
99474654,22265186,22,9,personal,3,4,0.5,7475.8,96.92222421061004,2.076611111111111,1.0,2.0,2.0,True,False,3,24,4,4,True,Richmond,VA,37.5385087,-77.43428,onsite,0.0,0.0
63175059,25168299,22,15,personal,3,5,0.5,1466.6,7.603843553646703,0.40738888888888886,1.0,2.0,2.0,True,False,2,23,5,5,True,Naperville,IL,41.7728699,-88.1479278,onsite,0.0,0.0
63418508,26043468,22,15,personal,3,5,0.5,1466.6,7.603843553646703,0.40738888888888886,1.0,2.0,2.0,True,False,4,25,5,5,True,Melville,LA,30.6929653,-91.744004,onsite,0.0,0.0
23257451,26974473,22,10,personal,3,4,0.5,4514.2,41.53804282987354,1.2539444444444443,1.0,2.0,2.0,True,False,3,24,1,4,True,Edison,GA,31.5581741,-84.7381045,onsite,0.0,0.0
83212066,35370322,22,7,personal,3,4,0.5,7362.4,80.71189254752247,2.045111111111111,1.0,2.0,2.0,True,False,3,24,0,4,True,Virtual,SC,34.1718723,-82.1564776,onsite,0.0,0.0
12272594,35699035,22,4,business,3,2,0.667,9502.0,86.28944464328322,2.6394444444444445,1.0,1.4992503748125936,1.4992503748125936,True,False,5,26,2,3,True,Alpharetta,GA,34.0755962,-84.2945964,onsite,0.0,0.0
38497269,38345481,22,2,personal,3,4,0.5,3729.2,37.41748190567088,1.0358888888888889,1.0,2.0,2.0,True,False,6,27,4,4,True,Naperville,IL,41.7728699,-88.1479278,onsite,0.0,0.0
27096178,44997027,22,15,personal,3,4,0.5,1466.6,7.603843553646703,0.40738888888888886,1.0,2.0,2.0,True,False,1,22,4,4,True,Bedford,TX,32.844017,-97.1430671,onsite,0.0,0.0
31104564,45481156,22,1,personal,3,4,0.5,5117.2,46.10561818977173,1.4214444444444443,1.0,2.0,2.0,True,False,3,24,3,4,True,Alpharetta,GA,34.0755962,-84.2945964,onsite,0.0,0.0
11091566,47273118,22,0,personal,3,5,0.5,916.6,7.054551419708901,0.2546111111111111,1.0,2.0,2.0,True,False,3,24,5,5,True,Windsor,CA,38.5471327,-122.8163802,onsite,0.0,0.0
90406456,48663814,22,8,personal,3,4,0.5,1664.0,17.93935914260717,0.4622222222222222,1.0,2.0,2.0,True,False,6,27,4,4,True,Albuquerque,NM,35.0841034,-106.650985,onsite,0.0,0.0
15922412,49689566,22,23,personal,3,3,0.5,16254.8,209.3936411357671,4.515222222222222,0.19999999999999996,2.0,0.3999999999999999,True,False,3,24,3,3,True,Hartford,CT,41.764582,-72.6908547,onsite,0.8,1.6
94472986,50699514,22,7,personal,3,4,0.5,5673.6,70.32119919669132,1.576,1.0,2.0,2.0,True,False,3,24,2,4,True,Overland Park,KS,38.9742502,-94.6851702,onsite,0.0,0.0
30456597,54489273,22,1,personal,3,4,0.5,6279.2,56.96457687107294,1.7442222222222221,1.0,2.0,2.0,True,False,3,24,3,4,True,Memphis,TN,35.1460249,-90.0517638,onsite,0.0,0.0
17621023,55007093,22,0,business,3,3,0.5,916.6,7.054551419708901,0.2546111111111111,1.0,2.0,2.0,True,False,2,23,3,4,True,Alpharetta,GA,34.0755962,-84.2945964,onsite,0.0,0.0
27328743,55612037,22,15,personal,3,4,0.5,1980.2,14.28743637158992,0.5500555555555555,1.0,2.0,2.0,True,False,1,22,4,4,True,Buffalo,NY,42.8864163,-78.8781493,onsite,0.0,0.0
33113383,55698297,22,15,personal,3,4,0.5,1466.6,7.603843553646703,0.40738888888888886,1.0,2.0,2.0,True,False,1,22,4,4,True,Independence,MO,39.0924792,-94.4137923,onsite,0.0,0.0
33522459,58386645,22,15,personal,3,4,0.5,1980.2,14.28743637158992,0.5500555555555555,1.0,2.0,2.0,True,False,1,22,4,4,True,Knoxville,TN,35.9603948,-83.9210261,onsite,0.0,0.0
92680761,65254349,22,8,personal,3,4,0.5,931.2,6.525018889684244,0.25866666666666666,1.0,2.0,2.0,True,False,6,27,4,4,True,Richardson,TX,32.9481789,-96.7297206,onsite,0.0,0.0
33914483,65692182,22,15,personal,3,4,0.5,1466.6,7.603843553646703,0.40738888888888886,1.0,2.0,2.0,True,False,1,22,4,4,True,Naperville,IL,41.7728699,-88.1479278,onsite,0.0,0.0
17566082,67235920,22,0,personal,3,5,0.5,916.6,7.054551419708901,0.2546111111111111,1.0,2.0,2.0,True,False,1,22,5,5,True,Naperville,IL,41.7728699,-88.1479278,onsite,0.0,0.0
85342366,75245436,22,8,personal,3,4,0.5,1147.2,11.78815716217291,0.31866666666666665,1.0,2.0,2.0,True,False,6,27,4,4,True,Richardson,TX,32.9481789,-96.7297206,onsite,0.0,0.0
18407947,78858418,22,0,personal,3,4,0.5,1948.2,17.3859659588006,0.5411666666666667,1.0,2.0,2.0,True,False,3,24,3,4,True,Oklahoma City,OK,35.4729886,-97.5170536,onsite,0.0,0.0
68291074,79890536,22,15,personal,3,5,0.5,1466.6,7.603843553646703,0.40738888888888886,1.0,2.0,2.0,True,False,4,25,5,5,True,Naperville,IL,41.7728699,-88.1479278,onsite,0.0,0.0
11788873,81401247,22,0,personal,3,4,0.5,2479.4,26.11884096874254,0.6887222222222222,1.0,2.0,2.0,True,False,2,23,2,4,True,Richardson,TX,32.9481789,-96.7297206,onsite,0.0,0.0
54333554,85293779,22,17,personal,3,4,0.5,4375.8,40.05694245605663,1.2155,1.0,2.0,2.0,True,False,4,25,3,4,True,Naperville,IL,41.7728699,-88.1479278,onsite,0.0,0.0
85598668,85614782,22,8,personal,3,4,0.5,3646.6,47.63481269386781,1.0129444444444444,1.0,2.0,2.0,True,False,2,23,4,4,True,Hunt Valley,MD,39.4962709,-76.6542571,onsite,0.0,0.0
59321509,88103198,22,15,personal,3,5,0.5,1466.6,7.603843553646703,0.40738888888888886,1.0,2.0,2.0,True,False,4,25,5,5,True,Brookfield,WI,43.0615578,-88.1260678,onsite,0.0,0.0
82687551,88891728,22,6,personal,3,4,0.5,5875.6,64.13358486439195,1.6321111111111113,1.0,2.0,2.0,True,False,4,25,3,4,True,Walnut Creek,CA,37.9020731,-122.0618702,onsite,0.0,0.0
17597223,89949894,22,0,personal,3,5,0.5,916.6,7.054551419708901,0.2546111111111111,1.0,2.0,2.0,True,False,3,24,5,5,True,Troy,MI,42.6055893,-83.1499304,onsite,0.0,0.0
95664184,91460140,22,9,personal,3,4,0.5,2416.0,22.90871311540603,0.6711111111111111,1.0,2.0,2.0,True,False,3,24,4,4,True,Naperville,IL,41.7728699,-88.1479278,onsite,0.0,0.0
22143269,93775756,22,0,personal,3,4,0.5,1948.2,17.3859659588006,0.5411666666666667,1.0,2.0,2.0,True,False,3,24,2,4,True,Brookfield,WI,43.0615578,-88.1260678,onsite,0.0,0.0
25351257,95801842,22,15,personal,3,4,0.5,1466.6,7.603843553646703,0.40738888888888886,1.0,2.0,2.0,True,False,1,22,4,4,True,Saint Paul,MN,44.9497487,-93.0931028,onsite,0.0,0.0
10402032,98389919,22,0,personal,3,4,0.5,916.6,7.054551419708901,0.2546111111111111,1.0,2.0,2.0,True,False,3,24,4,4,True,Richardson,TX,32.9481789,-96.7297206,onsite,0.0,0.0
95870867,98815343,22,8,personal,3,5,0.5,1147.2,11.78815716217291,0.31866666666666665,1.0,2.0,2.0,True,False,2,23,5,5,True,Virtual,SC,34.1718723,-82.1564776,onsite,0.0,0.0
96399702,98832561,22,9,personal,3,4,0.5,8672.8,102.4728087966277,2.4091111111111108,1.0,2.0,2.0,True,False,3,24,4,4,True,Richmond,VA,37.5385087,-77.43428,onsite,0.0,0.0
42879523,29744388,22,0,business,3,3,0.5,0.0,0.0,0.0,1.0,2.0,2.0,False,True,3,24,3,4,True,Spokane,WA,47.6571934,-117.42351,online,0.0,0.0
14343602,34607809,22,8,personal,3,3,0.5,0.0,0.0,0.0,1.0,2.0,2.0,False,True,3,24,0,3,True,Naperville,IL,41.7728699,-88.1479278,online,0.0,0.0
94671385,34785007,22,0,business,3,3,0.5,0.0,0.0,0.0,1.0,2.0,2.0,False,True,3,24,3,4,True,Birmingham,AL,33.5206824,-86.8024326,online,0.0,0.0
99766264,52750269,22,14,business,3,3,0.5,0.0,0.0,0.0,1.0,2.0,2.0,False,True,3,24,3,4,True,Maryland Heights,MO,38.7150511,-90.435999,online,0.0,0.0
42270197,54922553,22,0,business,3,3,0.5,0.0,0.0,0.0,1.0,2.0,2.0,False,True,3,24,3,4,True,San Antonio,TX,29.4246002,-98.4951405,online,0.0,0.0
70853633,56710653,22,5,personal,3,5,0.5,0.0,0.0,0.0,1.0,2.0,2.0,False,True,4,25,4,5,True,Saint Paul,MN,44.9497487,-93.0931028,online,0.0,0.0
17932464,65347973,22,17,personal,3,5,0.5,0.0,0.0,0.0,1.0,2.0,2.0,False,True,4,25,4,5,True,White Plains,NY,41.0339862,-73.7629097,online,0.0,0.0
54636222,66223766,22,8,business,3,3,0.5,0.0,0.0,0.0,1.0,2.0,2.0,False,True,3,24,3,4,True,Orlando,FL,28.5421218,-81.379045,online,0.0,0.0
31104564,58352549,23,1,personal,5,4,8.0,4492.2,43.31914121530263,1.2478333333333333,1.0,0.125,0.125,True,False,19,26,3,4,True,Alpharetta,GA,34.0755962,-84.2945964,onsite,0.0,0.0
30456597,58352549,23,1,personal,5,4,8.0,4492.2,43.31914121530263,1.2478333333333333,1.0,0.125,0.125,True,False,19,26,3,4,True,Memphis,TN,35.1460249,-90.0517638,onsite,0.0,0.0
81396769,29852852,23,3,personal,4,4,1.333,3872.2,49.81781396643601,1.075611111111111,1.0,0.7501875468867217,0.7501875468867217,True,False,11,25,3,4,True,Maryland Heights,MO,38.7150511,-90.435999,onsite,0.0,0.0
81400507,29852852,23,3,personal,4,4,1.333,3872.2,49.81781396643601,1.075611111111111,1.0,0.7501875468867217,0.7501875468867217,True,False,11,25,3,4,True,Maryland Heights,MO,38.7150511,-90.435999,onsite,0.0,0.0
18336561,27929077,23,25,business,3,3,0.5,14879.2,166.371266801877,4.133111111111111,0.3999999999999999,2.0,0.7999999999999998,True,False,3,24,3,3,True,South Portland,ME,43.6382443,-70.2529189,onsite,0.6000000000000001,1.2000000000000002
19528221,27929077,23,25,business,3,3,0.5,14879.2,166.371266801877,4.133111111111111,0.3999999999999999,2.0,0.7999999999999998,True,False,3,24,3,3,True,Glendale,AZ,33.5386858,-112.185994,onsite,0.6000000000000001,1.2000000000000002
63932904,31160423,23,3,personal,5,4,8.0,5056.4,51.37521872265966,1.4045555555555556,1.0,0.125,0.125,True,False,20,27,3,4,True,Buffalo,NY,42.8864163,-78.8781493,onsite,0.0,0.0
54636222,94141142,23,18,personal,5,4,8.0,11948.0,144.6790742066333,3.318888888888889,0.8,0.125,0.1,True,False,20,27,3,4,True,Orlando,FL,28.5421218,-81.379045,onsite,0.19999999999999996,0.024999999999999994
39267987,94141142,23,18,personal,5,4,8.0,11948.0,144.6790742066333,3.318888888888889,0.8,0.125,0.1,True,False,20,27,1,4,True,Tampa,FL,27.9449854,-82.4583107,onsite,0.19999999999999996,0.024999999999999994
45149910,19300824,23,7,personal,4,5,1.0,6763.2,86.32859102839417,1.8786666666666667,1.0,1.0,1.0,True,False,10,24,4,5,True,Houston,TX,29.7589382,-95.3676974,onsite,0.0,0.0
21204478,22920771,23,28,personal,4,3,8.0,13772.8,181.6336345740873,3.8257777777777777,0.6,0.125,0.075,True,False,21,35,3,3,True,Knoxville,TN,35.9603948,-83.9210261,onsite,0.4,0.05
95771836,85897165,23,7,personal,4,5,1.0,6403.6,73.89458064900978,1.7787777777777778,1.0,1.0,1.0,True,False,10,24,5,5,True,Rochester,NY,43.157285,-77.615214,onsite,0.0,0.0
27096178,13828931,23,15,personal,3,4,0.5,1466.6,7.603843553646703,0.40738888888888886,1.0,2.0,2.0,True,False,3,24,4,4,True,Bedford,TX,32.844017,-97.1430671,onsite,0.0,0.0
22440928,16182279,23,6,personal,3,3,0.5,8917.2,109.7601258649487,2.4770000000000003,1.0,2.0,2.0,True,False,4,25,3,3,True,Virtual,SC,34.1718723,-82.1564776,onsite,0.0,0.0
11091566,18664311,23,0,business,3,5,0.5,916.6,7.054551419708901,0.2546111111111111,1.0,2.0,2.0,True,False,3,24,5,5,True,Windsor,CA,38.5471327,-122.8163802,onsite,0.0,0.0
17566082,24005038,23,0,personal,3,5,0.5,2479.4,26.11884096874254,0.6887222222222222,1.0,2.0,2.0,True,False,3,24,5,5,True,Naperville,IL,41.7728699,-88.1479278,onsite,0.0,0.0
11788873,30291491,23,0,personal,3,4,0.5,1948.2,17.3859659588006,0.5411666666666667,1.0,2.0,2.0,True,False,2,23,2,4,True,Richardson,TX,32.9481789,-96.7297206,onsite,0.0,0.0
63175059,30460395,23,15,personal,3,5,0.5,1980.2,14.28743637158992,0.5500555555555555,1.0,2.0,2.0,True,False,3,24,5,5,True,Naperville,IL,41.7728699,-88.1479278,onsite,0.0,0.0
61662948,30618787,23,2,personal,3,4,0.5,2193.6,21.80627634613855,0.6093333333333333,1.0,2.0,2.0,True,False,3,24,3,4,True,Maryland Heights,MO,38.7150511,-90.435999,onsite,0.0,0.0
84017238,32028183,23,5,personal,3,5,0.5,6628.0,70.5429044380816,1.8411111111111111,1.0,2.0,2.0,True,False,2,23,5,5,True,Rochester,NY,43.157285,-77.615214,onsite,0.0,0.0
42879523,34721191,23,15,personal,3,4,0.5,1980.2,14.28743637158992,0.5500555555555555,1.0,2.0,2.0,True,False,3,24,3,4,True,Spokane,WA,47.6571934,-117.42351,onsite,0.0,0.0
97120688,36464638,23,8,personal,3,5,0.5,1147.2,11.78815716217291,0.31866666666666665,1.0,2.0,2.0,True,False,3,24,5,5,True,Naperville,IL,41.7728699,-88.1479278,onsite,0.0,0.0
85893734,39112945,23,8,personal,3,4,0.5,1147.2,11.78815716217291,0.31866666666666665,1.0,2.0,2.0,True,False,2,23,4,4,True,Centennial,CO,39.579155,-104.8769227,onsite,0.0,0.0
83212066,45600752,23,7,personal,3,4,0.5,5064.0,49.6198451045892,1.4066666666666667,1.0,2.0,2.0,True,False,3,24,0,4,True,Virtual,SC,34.1718723,-82.1564776,onsite,0.0,0.0
10402032,48135440,23,0,personal,3,4,0.5,2479.4,26.11884096874254,0.6887222222222222,1.0,2.0,2.0,True,False,2,23,4,4,True,Richardson,TX,32.9481789,-96.7297206,onsite,0.0,0.0
22143269,48169659,23,0,personal,3,4,0.5,916.6,7.054551419708901,0.2546111111111111,1.0,2.0,2.0,True,False,3,24,2,4,True,Brookfield,WI,43.0615578,-88.1260678,onsite,0.0,0.0
17621023,49078084,23,0,business,3,3,0.5,916.6,7.054551419708901,0.2546111111111111,1.0,2.0,2.0,True,False,2,23,3,4,True,Alpharetta,GA,34.0755962,-84.2945964,onsite,0.0,0.0
93750751,50814161,23,5,personal,3,5,0.5,3177.4,35.92606677006283,0.8826111111111111,1.0,2.0,2.0,True,False,2,23,5,5,True,Chantilly,VA,38.885219,-77.4486772,onsite,0.0,0.0
84568374,52947904,23,6,personal,3,4,0.5,7102.2,85.6351407778573,1.9728333333333332,1.0,2.0,2.0,True,False,3,24,3,4,True,Houston,TX,29.7589382,-95.3676974,onsite,0.0,0.0
37113544,62429135,23,10,personal,3,4,0.5,8065.2,88.875591545375,2.240333333333333,1.0,2.0,2.0,True,False,4,25,3,4,True,Overland Park,KS,38.9742502,-94.6851702,onsite,0.0,0.0
23257451,66984466,23,10,personal,3,4,0.5,2739.0,27.40284240038177,0.7608333333333334,1.0,2.0,2.0,True,False,3,24,1,4,True,Edison,GA,31.5581741,-84.7381045,onsite,0.0,0.0
90406456,67091841,23,8,personal,3,4,0.5,1147.2,11.78815716217291,0.31866666666666665,1.0,2.0,2.0,True,False,2,23,4,4,True,Albuquerque,NM,35.0841034,-106.650985,onsite,0.0,0.0
63418508,69618328,23,15,personal,3,5,0.5,1466.6,7.603843553646703,0.40738888888888886,1.0,2.0,2.0,True,False,2,23,5,5,True,Melville,LA,30.6929653,-91.744004,onsite,0.0,0.0
82687551,72828702,23,6,personal,3,4,0.5,3272.4,33.51850194862006,0.909,1.0,2.0,2.0,True,False,3,24,3,4,True,Walnut Creek,CA,37.9020731,-122.0618702,onsite,0.0,0.0
10312516,74987065,23,11,personal,3,2,0.667,12971.4,129.1257804422174,3.6031666666666666,0.6,1.4992503748125936,0.8995502248875561,True,False,3,24,0,2,True,Richardson,TX,32.9481789,-96.7297206,onsite,0.4,0.5997001499250375
72859063,79748541,23,7,personal,3,4,0.5,4294.4,49.70248747315676,1.1928888888888889,1.0,2.0,2.0,True,False,2,23,4,4,True,Richardson,TX,32.9481789,-96.7297206,onsite,0.0,0.0
18407947,82280556,23,0,personal,3,4,0.5,2479.4,26.11884096874254,0.6887222222222222,1.0,2.0,2.0,True,False,3,24,3,4,True,Oklahoma City,OK,35.4729886,-97.5170536,onsite,0.0,0.0
73968848,84465955,23,7,personal,3,4,0.5,5847.2,67.38534458760836,1.6242222222222222,1.0,2.0,2.0,True,False,2,23,4,4,True,Naperville,IL,41.7728699,-88.1479278,onsite,0.0,0.0
88856717,87459649,23,7,personal,3,4,0.5,11607.2,132.7288634375248,3.2242222222222225,0.8,2.0,1.6,True,False,4,25,3,4,True,Charlotte,NC,35.2272086,-80.8430827,onsite,0.19999999999999996,0.3999999999999999
17597223,89284617,23,0,personal,3,5,0.5,1948.2,17.3859659588006,0.5411666666666667,1.0,2.0,2.0,True,False,3,24,5,5,True,Troy,MI,42.6055893,-83.1499304,onsite,0.0,0.0
15483039,91982757,23,1,personal,3,4,0.5,6702.6,61.55079336673824,1.8618333333333335,1.0,2.0,2.0,True,False,4,25,4,4,True,Richardson,TX,32.9481789,-96.7297206,onsite,0.0,0.0
68291074,95886590,23,15,personal,3,5,0.5,1980.2,14.28743637158992,0.5500555555555555,1.0,2.0,2.0,True,False,2,23,5,5,True,Naperville,IL,41.7728699,-88.1479278,onsite,0.0,0.0
90334978,98153648,23,7,personal,3,4,0.5,771.6,5.210694543863835,0.21433333333333335,1.0,2.0,2.0,True,False,3,24,3,4,True,Franklin,TN,35.925206,-86.8689419,onsite,0.0,0.0
99474654,49066894,23,9,personal,2,4,0.4,4478.0,56.55472043267319,1.2438888888888888,1.0,2.5,2.5,True,False,13,41,4,4,True,Richmond,VA,37.5385087,-77.43428,onsite,0.0,0.0
27328743,78685358,23,15,personal,2,4,0.4,1466.6,7.603843553646703,0.40738888888888886,1.0,2.5,2.5,True,False,20,48,4,4,True,Buffalo,NY,42.8864163,-78.8781493,onsite,0.0,0.0
11355772,10290631,23,10,personal,3,3,0.5,0.0,0.0,0.0,1.0,2.0,2.0,False,True,4,25,3,3,True,Diamond Bar,CA,34.0286226,-117.8103367,online,0.0,0.0
11494435,12562183,23,0,personal,3,3,0.5,0.0,0.0,0.0,1.0,2.0,2.0,False,True,4,25,3,3,True,Charlotte,NC,35.2272086,-80.8430827,online,0.0,0.0
14582357,17641361,23,8,personal,3,3,0.5,0.0,0.0,0.0,1.0,2.0,2.0,False,True,4,25,3,3,True,Charlotte,NC,35.2272086,-80.8430827,online,0.0,0.0
49267899,19769869,23,1,personal,3,4,0.5,0.0,0.0,0.0,1.0,2.0,2.0,False,True,3,24,4,4,True,Phoenix,AZ,33.4484367,-112.074141,online,0.0,0.0
15922412,26054055,23,0,personal,3,3,0.5,0.0,0.0,0.0,1.0,2.0,2.0,False,True,4,25,3,3,True,Hartford,CT,41.764582,-72.6908547,online,0.0,0.0
94671385,34289454,23,0,personal,3,4,0.5,0.0,0.0,0.0,1.0,2.0,2.0,False,True,2,23,3,4,True,Birmingham,AL,33.5206824,-86.8024326,online,0.0,0.0
99766264,38498257,23,14,personal,3,4,0.5,0.0,0.0,0.0,1.0,2.0,2.0,False,True,12,33,3,4,True,Maryland Heights,MO,38.7150511,-90.435999,online,0.0,0.0
46986893,43685517,23,15,personal,3,4,0.5,0.0,0.0,0.0,1.0,2.0,2.0,False,True,3,24,4,4,True,Indianapolis,IN,39.7683331,-86.1583502,online,0.0,0.0
10615629,51440708,23,13,personal,3,3,0.5,0.0,0.0,0.0,1.0,2.0,2.0,False,True,4,25,3,3,True,Virtual,SC,34.1718723,-82.1564776,online,0.0,0.0
38211857,51594690,23,5,personal,3,4,0.5,0.0,0.0,0.0,1.0,2.0,2.0,False,True,3,24,4,4,True,San Antonio,TX,29.4246002,-98.4951405,online,0.0,0.0
15688459,53702340,23,0,personal,3,4,0.5,0.0,0.0,0.0,1.0,2.0,2.0,False,True,2,23,4,4,True,Melville,LA,30.6929653,-91.744004,online,0.0,0.0
35386202,54610468,23,0,personal,3,4,0.5,0.0,0.0,0.0,1.0,2.0,2.0,False,True,2,23,4,4,True,Phoenix,AZ,33.4484367,-112.074141,online,0.0,0.0
92680761,54816181,23,2,personal,3,4,0.5,0.0,0.0,0.0,1.0,2.0,2.0,False,True,3,24,4,4,True,Richardson,TX,32.9481789,-96.7297206,online,0.0,0.0
12272069,56814124,23,0,personal,3,4,0.5,0.0,0.0,0.0,1.0,2.0,2.0,False,True,3,24,4,4,True,Naperville,IL,41.7728699,-88.1479278,online,0.0,0.0
17897712,58768390,23,0,personal,3,4,0.5,0.0,0.0,0.0,1.0,2.0,2.0,False,True,2,23,4,4,True,Richmond,VA,37.5385087,-77.43428,online,0.0,0.0
20682406,63197914,23,8,personal,3,4,0.5,0.0,0.0,0.0,1.0,2.0,2.0,False,True,3,24,4,4,True,Chantilly,VA,38.885219,-77.4486772,online,0.0,0.0
85342366,66516590,23,7,personal,3,4,0.5,0.0,0.0,0.0,1.0,2.0,2.0,False,True,3,24,4,4,True,Richardson,TX,32.9481789,-96.7297206,online,0.0,0.0
85598668,68184818,23,0,personal,3,4,0.5,0.0,0.0,0.0,1.0,2.0,2.0,False,True,3,24,4,4,True,Hunt Valley,MD,39.4962709,-76.6542571,online,0.0,0.0
33113383,79719922,23,0,personal,3,4,0.5,0.0,0.0,0.0,1.0,2.0,2.0,False,True,2,23,4,4,True,Independence,MO,39.0924792,-94.4137923,online,0.0,0.0
33522459,90390571,23,15,personal,3,4,0.5,0.0,0.0,0.0,1.0,2.0,2.0,False,True,3,24,4,4,True,Knoxville,TN,35.9603948,-83.9210261,online,0.0,0.0
33914483,94436633,23,0,personal,3,4,0.5,0.0,0.0,0.0,1.0,2.0,2.0,False,True,3,24,4,4,True,Naperville,IL,41.7728699,-88.1479278,online,0.0,0.0
41627842,99061701,23,8,personal,3,5,0.5,0.0,0.0,0.0,1.0,2.0,2.0,False,True,2,23,5,5,True,Hartford,CT,41.764582,-72.6908547,online,0.0,0.0
34930040,99615756,23,0,personal,3,4,0.5,0.0,0.0,0.0,1.0,2.0,2.0,False,True,2,23,4,4,True,Rancho Cordova,CA,38.5890723,-121.302728,online,0.0,0.0
14343602,29535293,23,0,personal,2,3,0.4,0.0,0.0,0.0,1.0,2.5,2.5,False,True,2,30,0,3,True,Naperville,IL,41.7728699,-88.1479278,online,0.0,0.0
25351257,40232358,24,15,personal,4,4,1.333,1980.2,14.28743637158992,0.5500555555555555,1.0,0.7501875468867217,0.7501875468867217,True,False,20,34,4,4,True,Saint Paul,MN,44.9497487,-93.0931028,onsite,0.0,0.0
27096178,40232358,24,15,personal,4,4,1.333,1980.2,14.28743637158992,0.5500555555555555,1.0,0.7501875468867217,0.7501875468867217,True,False,20,34,4,4,True,Bedford,TX,32.844017,-97.1430671,onsite,0.0,0.0
11494435,63187573,24,22,personal,4,3,8.0,14836.6,149.8881531853973,4.121277777777778,0.3999999999999999,0.125,0.04999999999999999,True,False,18,32,3,3,True,Charlotte,NC,35.2272086,-80.8430827,onsite,0.6000000000000001,0.07500000000000001
14582357,63187573,24,22,personal,4,3,8.0,14836.6,149.8881531853973,4.121277777777778,0.3999999999999999,0.125,0.04999999999999999,True,False,18,32,3,3,True,Charlotte,NC,35.2272086,-80.8430827,onsite,0.6000000000000001,0.07500000000000001
95664184,72040199,24,9,personal,4,4,1.333,5607.2,68.30050007953551,1.5575555555555556,1.0,0.7501875468867217,0.7501875468867217,True,False,22,36,4,4,True,Naperville,IL,41.7728699,-88.1479278,onsite,0.0,0.0
96399702,72040199,24,9,personal,4,4,1.333,5607.2,68.30050007953551,1.5575555555555556,1.0,0.7501875468867217,0.7501875468867217,True,False,22,36,4,4,True,Richmond,VA,37.5385087,-77.43428,onsite,0.0,0.0
10541914,76163732,24,4,personal,4,3,8.0,5197.8,47.45896464646464,1.4438333333333333,1.0,0.125,0.125,True,False,13,27,2,3,True,Overland Park,KS,38.9742502,-94.6851702,onsite,0.0,0.0
12272594,76163732,24,4,personal,4,3,8.0,5197.8,47.45896464646464,1.4438333333333333,1.0,0.125,0.125,True,False,13,27,2,3,True,Alpharetta,GA,34.0755962,-84.2945964,onsite,0.0,0.0
79478179,38244721,24,7,personal,5,5,4.0,3447.2,40.21539211007715,0.9575555555555555,1.0,0.25,0.25,True,False,18,25,3,5,True,Indianapolis,IN,39.7683331,-86.1583502,onsite,0.0,0.0
45149910,38244721,24,7,personal,5,5,4.0,3447.2,40.21539211007715,0.9575555555555555,1.0,0.25,0.25,True,False,18,25,4,5,True,Houston,TX,29.7589382,-95.3676974,onsite,0.0,0.0
39267987,94141142,24,18,personal,5,4,8.0,11948.0,144.6790742066333,3.318888888888889,0.8,0.125,0.1,True,False,20,27,1,4,True,Tampa,FL,27.9449854,-82.4583107,onsite,0.19999999999999996,0.024999999999999994
21204478,22920771,24,28,personal,4,3,8.0,13772.8,181.6336345740873,3.8257777777777777,0.6,0.125,0.075,True,False,21,35,3,3,True,Knoxville,TN,35.9603948,-83.9210261,onsite,0.4,0.05
11788873,12509957,24,0,personal,3,4,0.5,1948.2,17.3859659588006,0.5411666666666667,1.0,2.0,2.0,True,False,3,24,2,4,True,Richardson,TX,32.9481789,-96.7297206,onsite,0.0,0.0
17621023,15670276,24,0,personal,3,4,0.5,1948.2,17.3859659588006,0.5411666666666667,1.0,2.0,2.0,True,False,3,24,3,4,True,Alpharetta,GA,34.0755962,-84.2945964,onsite,0.0,0.0
70275620,16791897,24,3,personal,3,4,0.5,3152.6,29.38290384156526,0.8757222222222222,1.0,2.0,2.0,True,False,3,24,3,4,True,Hartford,CT,41.764582,-72.6908547,onsite,0.0,0.0
72859063,16849071,24,7,personal,3,4,0.5,1857.8,15.5268233516265,0.5160555555555555,1.0,2.0,2.0,True,False,3,24,4,4,True,Richardson,TX,32.9481789,-96.7297206,onsite,0.0,0.0
81396769,20767237,24,3,personal,3,4,0.5,3872.2,49.81781396643601,1.075611111111111,1.0,2.0,2.0,True,False,3,24,3,4,True,Maryland Heights,MO,38.7150511,-90.435999,onsite,0.0,0.0
84568374,23539645,24,6,personal,3,4,0.5,7944.4,95.10831742623081,2.2067777777777775,1.0,2.0,2.0,True,False,3,24,3,4,True,Houston,TX,29.7589382,-95.3676974,onsite,0.0,0.0
59321509,23573807,24,15,business,3,5,0.5,2471.2,19.59941441978843,0.6864444444444444,1.0,2.0,2.0,True,False,3,24,5,5,True,Brookfield,WI,43.0615578,-88.1260678,onsite,0.0,0.0
10402032,23584752,24,0,personal,3,4,0.5,2479.4,26.11884096874254,0.6887222222222222,1.0,2.0,2.0,True,False,3,24,4,4,True,Richardson,TX,32.9481789,-96.7297206,onsite,0.0,0.0
11355772,23604942,24,14,personal,3,3,0.5,12926.8,106.626053845542,3.5907777777777774,0.6,2.0,1.2,True,False,20,41,3,3,True,Diamond Bar,CA,34.0286226,-117.8103367,onsite,0.4,0.8
18407947,27132449,24,0,personal,3,4,0.5,2479.4,26.11884096874254,0.6887222222222222,1.0,2.0,2.0,True,False,3,24,3,4,True,Oklahoma City,OK,35.4729886,-97.5170536,onsite,0.0,0.0
22143269,28229164,24,0,personal,3,4,0.5,1948.2,17.3859659588006,0.5411666666666667,1.0,2.0,2.0,True,False,3,24,2,4,True,Brookfield,WI,43.0615578,-88.1260678,onsite,0.0,0.0
31104564,28952002,24,1,personal,3,4,0.5,6799.8,63.79630458124552,1.8888333333333334,1.0,2.0,2.0,True,False,4,25,3,4,True,Alpharetta,GA,34.0755962,-84.2945964,onsite,0.0,0.0
81400507,30244614,24,3,personal,3,4,0.5,5829.6,73.79677682335162,1.6193333333333335,1.0,2.0,2.0,True,False,3,24,3,4,True,Maryland Heights,MO,38.7150511,-90.435999,onsite,0.0,0.0
52192658,33010398,24,6,personal,3,4,0.5,3799.0,39.29452000318142,1.0552777777777778,1.0,2.0,2.0,True,False,4,25,4,4,True,Albuquerque,NM,35.0841034,-106.650985,onsite,0.0,0.0
63932904,38659539,24,3,personal,3,4,0.5,7415.4,87.61656923566373,2.059833333333333,1.0,2.0,2.0,True,False,3,24,3,4,True,Buffalo,NY,42.8864163,-78.8781493,onsite,0.0,0.0
44538039,40418753,24,13,personal,3,5,0.5,1061.6,5.683309472679551,0.29488888888888887,1.0,2.0,2.0,True,False,3,24,5,5,True,Hamden,OH,39.1597938,-82.5268259,onsite,0.0,0.0
27328743,45779025,24,15,personal,3,4,0.5,1980.2,14.28743637158992,0.5500555555555555,1.0,2.0,2.0,True,False,6,27,4,4,True,Buffalo,NY,42.8864163,-78.8781493,onsite,0.0,0.0
15922412,49689566,24,23,personal,3,3,0.5,16254.8,209.3936411357671,4.515222222222222,0.19999999999999996,2.0,0.3999999999999999,True,False,3,24,3,3,True,Hartford,CT,41.764582,-72.6908547,onsite,0.8,1.6
22286102,53044579,24,1,personal,3,5,0.5,13218.2,139.7677563031894,3.6717222222222223,0.6,2.0,1.2,True,False,4,25,5,5,True,Melville,LA,30.6929653,-91.744004,onsite,0.4,0.8
38397433,53548677,24,10,business,3,3,0.5,3463.0,26.13947049232482,0.9619444444444445,1.0,2.0,2.0,True,False,11,32,3,4,True,Overland Park,KS,38.9742502,-94.6851702,onsite,0.0,0.0
11091566,54470931,24,0,business,3,5,0.5,916.6,7.054551419708901,0.2546111111111111,1.0,2.0,2.0,True,False,3,24,5,5,True,Windsor,CA,38.5471327,-122.8163802,onsite,0.0,0.0
17566082,58588247,24,0,personal,3,5,0.5,1948.2,17.3859659588006,0.5411666666666667,1.0,2.0,2.0,True,False,3,24,5,5,True,Naperville,IL,41.7728699,-88.1479278,onsite,0.0,0.0
17597223,61059101,24,0,business,3,5,0.5,2479.4,26.11884096874254,0.6887222222222222,1.0,2.0,2.0,True,False,3,24,5,5,True,Troy,MI,42.6055893,-83.1499304,onsite,0.0,0.0
95771836,63521777,24,7,personal,3,5,0.5,5584.6,64.08561500835123,1.551277777777778,1.0,2.0,2.0,True,False,3,24,5,5,True,Rochester,NY,43.157285,-77.615214,onsite,0.0,0.0
24186729,67594486,24,1,personal,3,5,0.5,13927.4,150.5342549510856,3.868722222222222,0.6,2.0,1.2,True,False,4,25,5,5,True,Richmond,VA,37.5385087,-77.43428,onsite,0.4,0.8
84017238,68299199,24,5,personal,3,5,0.5,213.4,1.116604032450489,0.059277777777777776,1.0,2.0,2.0,True,False,4,25,5,5,True,Rochester,NY,43.157285,-77.615214,onsite,0.0,0.0
44914866,74333754,24,2,personal,3,4,0.5,11318.4,154.0111995943689,3.1439999999999997,0.8,2.0,1.6,True,False,3,24,4,4,True,West Bridgewater,MA,42.0190922,-71.0079688,onsite,0.19999999999999996,0.3999999999999999
10312516,74987065,24,11,personal,3,2,0.667,12971.4,129.1257804422174,3.6031666666666666,0.6,1.4992503748125936,0.8995502248875561,True,False,3,24,0,2,True,Richardson,TX,32.9481789,-96.7297206,onsite,0.4,0.5997001499250375
54887810,75078387,24,2,personal,3,4,0.5,2282.4,21.35603078024338,0.634,1.0,2.0,2.0,True,False,3,24,3,4,True,Windsor,CA,38.5471327,-122.8163802,onsite,0.0,0.0
85893734,80622748,24,8,business,3,4,0.5,2235.8,27.69600532887934,0.6210555555555556,1.0,2.0,2.0,True,False,3,24,4,4,True,Centennial,CO,39.579155,-104.8769227,onsite,0.0,0.0
23354345,82661340,24,6,personal,3,3,0.5,4502.8,48.43153483655452,1.2507777777777778,1.0,2.0,2.0,True,False,5,26,3,3,True,Centennial,CO,39.579155,-104.8769227,onsite,0.0,0.0
26862623,83629478,24,1,personal,3,5,0.5,7407.2,76.19079575280362,2.0575555555555556,1.0,2.0,2.0,True,False,4,25,5,5,True,Overland Park,KS,38.9742502,-94.6851702,onsite,0.0,0.0
45459060,85510849,24,2,personal,3,4,0.5,4834.2,40.29579754235266,1.3428333333333333,1.0,2.0,2.0,True,False,5,26,4,4,True,Rancho Cordova,CA,38.5890723,-121.302728,onsite,0.0,0.0
83212066,87223908,24,7,personal,3,4,0.5,9271.2,112.1573759246003,2.5753333333333335,1.0,2.0,2.0,True,False,3,24,0,4,True,Virtual,SC,34.1718723,-82.1564776,onsite,0.0,0.0
48417943,89143237,24,13,business,3,5,0.5,2286.0,15.34438876958562,0.635,1.0,2.0,2.0,True,False,3,24,5,5,True,Virtual,SC,34.1718723,-82.1564776,onsite,0.0,0.0
99474654,89683809,24,9,personal,3,4,0.5,7750.8,98.95932752724092,2.153,1.0,2.0,2.0,True,False,3,24,4,4,True,Richmond,VA,37.5385087,-77.43428,onsite,0.0,0.0
88856717,90226321,24,7,personal,3,4,0.5,2206.0,20.38781018849916,0.6127777777777778,1.0,2.0,2.0,True,False,4,25,3,4,True,Charlotte,NC,35.2272086,-80.8430827,onsite,0.0,0.0
73968848,93076070,24,7,personal,3,4,0.5,2991.8,22.53489620615605,0.8310555555555557,1.0,2.0,2.0,True,False,3,24,4,4,True,Naperville,IL,41.7728699,-88.1479278,onsite,0.0,0.0
15483039,32723844,24,1,personal,2,4,0.4,9711.0,109.4181231607413,2.6975,1.0,2.5,2.5,True,False,5,33,4,4,True,Richardson,TX,32.9481789,-96.7297206,onsite,0.0,0.0
70853633,21571015,24,6,personal,3,5,0.5,0.0,0.0,0.0,1.0,2.0,2.0,False,True,3,24,4,5,True,Saint Paul,MN,44.9497487,-93.0931028,online,0.0,0.0
14343602,31727016,24,0,personal,3,3,0.5,0.0,0.0,0.0,1.0,2.0,2.0,False,True,10,31,0,3,True,Naperville,IL,41.7728699,-88.1479278,online,0.0,0.0
49267899,38858223,24,8,personal,3,4,0.5,0.0,0.0,0.0,1.0,2.0,2.0,False,True,4,25,4,4,True,Phoenix,AZ,33.4484367,-112.074141,online,0.0,0.0
46986893,41690950,24,7,personal,3,4,0.5,0.0,0.0,0.0,1.0,2.0,2.0,False,True,3,24,4,4,True,Indianapolis,IN,39.7683331,-86.1583502,online,0.0,0.0
11226387,47678249,24,4,personal,3,3,0.5,0.0,0.0,0.0,1.0,2.0,2.0,False,True,10,31,0,3,True,Hartford,CT,41.764582,-72.6908547,online,0.0,0.0
66643743,62840533,24,10,personal,3,5,0.5,0.0,0.0,0.0,1.0,2.0,2.0,False,True,5,26,3,5,True,Chantilly,VA,38.885219,-77.4486772,online,0.0,0.0
26130629,79303757,24,0,personal,3,5,0.5,0.0,0.0,0.0,1.0,2.0,2.0,False,True,3,24,4,5,True,Houston,TX,29.7589382,-95.3676974,online,0.0,0.0
56083320,86006374,24,1,personal,3,4,0.5,0.0,0.0,0.0,1.0,2.0,2.0,False,True,3,24,1,4,True,Marlton,NJ,39.9005585,-74.9338911,online,0.0,0.0
42270197,91456579,24,8,personal,3,4,0.5,0.0,0.0,0.0,1.0,2.0,2.0,False,True,3,24,3,4,True,San Antonio,TX,29.4246002,-98.4951405,online,0.0,0.0
18336561,19093483,24,5,business,2,3,0.4,0.0,0.0,0.0,1.0,2.5,2.5,False,True,4,32,3,3,True,South Portland,ME,43.6382443,-70.2529189,online,0.0,0.0
38211857,90352127,24,0,personal,2,4,0.4,0.0,0.0,0.0,1.0,2.5,2.5,False,True,2,30,4,4,True,San Antonio,TX,29.4246002,-98.4951405,online,0.0,0.0
10134858,39487175,24,15,personal,1,3,0.333,0.0,0.0,0.0,1.0,3.003003003003003,3.003003003003003,False,True,2,30,1,3,True,New York,NY,40.7127281,-74.0060152,online,0.0,0.0
33519700,34382975,25,10,personal,5,4,8.0,4159.2,36.84706315119701,1.1553333333333333,1.0,0.125,0.125,True,False,20,27,3,4,True,Flowood,MS,32.3092861,-90.1386811,onsite,0.0,0.0
37113544,34382975,25,10,personal,5,4,8.0,4159.2,36.84706315119701,1.1553333333333333,1.0,0.125,0.125,True,False,20,27,3,4,True,Overland Park,KS,38.9742502,-94.6851702,onsite,0.0,0.0
38397433,34382975,25,10,personal,5,4,8.0,4159.2,36.84706315119701,1.1553333333333333,1.0,0.125,0.125,True,False,20,27,3,4,True,Overland Park,KS,38.9742502,-94.6851702,onsite,0.0,0.0
33113383,93756859,25,15,personal,5,4,8.0,1466.6,7.603843553646703,0.40738888888888886,1.0,0.125,0.125,True,False,21,28,4,4,True,Independence,MO,39.0924792,-94.4137923,onsite,0.0,0.0
33522459,93756859,25,15,personal,5,4,8.0,1466.6,7.603843553646703,0.40738888888888886,1.0,0.125,0.125,True,False,21,28,4,4,True,Knoxville,TN,35.9603948,-83.9210261,onsite,0.0,0.0
93750751,54172692,25,5,personal,4,5,1.0,11050.2,144.9793207667223,3.0695,0.8,1.0,0.8,True,False,13,27,5,5,True,Chantilly,VA,38.885219,-77.4486772,onsite,0.19999999999999996,0.19999999999999996
84017238,54172692,25,5,personal,4,5,1.0,11050.2,144.9793207667223,3.0695,0.8,1.0,0.8,True,False,13,27,5,5,True,Rochester,NY,43.157285,-77.615214,onsite,0.19999999999999996,0.19999999999999996
11494435,63187573,25,22,personal,4,3,8.0,14836.6,149.8881531853973,4.121277777777778,0.3999999999999999,0.125,0.04999999999999999,True,False,18,32,3,3,True,Charlotte,NC,35.2272086,-80.8430827,onsite,0.6000000000000001,0.07500000000000001
14582357,63187573,25,22,personal,4,3,8.0,14836.6,149.8881531853973,4.121277777777778,0.3999999999999999,0.125,0.04999999999999999,True,False,18,32,3,3,True,Charlotte,NC,35.2272086,-80.8430827,onsite,0.6000000000000001,0.07500000000000001
10541914,76163732,25,4,personal,4,3,8.0,5197.8,47.45896464646464,1.4438333333333333,1.0,0.125,0.125,True,False,13,27,2,3,True,Overland Park,KS,38.9742502,-94.6851702,onsite,0.0,0.0
12272594,76163732,25,4,personal,4,3,8.0,5197.8,47.45896464646464,1.4438333333333333,1.0,0.125,0.125,True,False,13,27,2,3,True,Alpharetta,GA,34.0755962,-84.2945964,onsite,0.0,0.0
38497269,77941716,25,2,personal,4,4,1.333,4834.2,40.29579754235266,1.3428333333333333,1.0,0.7501875468867217,0.7501875468867217,True,False,19,33,4,4,True,Naperville,IL,41.7728699,-88.1479278,onsite,0.0,0.0
44914866,77941716,25,2,personal,4,4,1.333,4834.2,40.29579754235266,1.3428333333333333,1.0,0.7501875468867217,0.7501875468867217,True,False,19,33,4,4,True,West Bridgewater,MA,42.0190922,-71.0079688,onsite,0.0,0.0
95771836,38244721,25,7,personal,5,5,4.0,3447.2,40.21539211007715,0.9575555555555555,1.0,0.25,0.25,True,False,18,25,5,5,True,Rochester,NY,43.157285,-77.615214,onsite,0.0,0.0
79478179,38244721,25,7,personal,5,5,4.0,3447.2,40.21539211007715,0.9575555555555555,1.0,0.25,0.25,True,False,18,25,3,5,True,Indianapolis,IN,39.7683331,-86.1583502,onsite,0.0,0.0
39267987,94141142,25,18,personal,5,4,8.0,11948.0,144.6790742066333,3.318888888888889,0.8,0.125,0.1,True,False,20,27,1,4,True,Tampa,FL,27.9449854,-82.4583107,onsite,0.19999999999999996,0.024999999999999994
21204478,22920771,25,28,personal,4,3,8.0,13772.8,181.6336345740873,3.8257777777777777,0.6,0.125,0.075,True,False,21,35,3,3,True,Knoxville,TN,35.9603948,-83.9210261,onsite,0.4,0.05
45149910,28143961,25,7,personal,4,5,1.0,4294.4,49.70248747315676,1.1928888888888889,1.0,1.0,1.0,True,False,11,25,4,5,True,Houston,TX,29.7589382,-95.3676974,onsite,0.0,0.0
30721082,62272443,25,1,personal,4,5,1.0,3062.8,27.50723276067764,0.8507777777777779,1.0,1.0,1.0,True,False,11,25,5,5,True,Richardson,TX,32.9481789,-96.7297206,onsite,0.0,0.0
69379844,68034750,25,3,personal,4,5,1.0,3455.8,38.55160860574247,0.9599444444444445,1.0,1.0,1.0,True,False,20,34,5,5,True,Chantilly,VA,38.885219,-77.4486772,onsite,0.0,0.0
15922412,92065055,25,23,personal,4,3,8.0,5248.8,54.19388272488666,1.458,1.0,0.125,0.125,True,False,20,34,3,3,True,Hartford,CT,41.764582,-72.6908547,onsite,0.0,0.0
94671385,12044608,25,8,personal,3,4,0.5,1506.0,11.23861647975821,0.41833333333333333,1.0,2.0,2.0,True,False,11,32,3,4,True,Birmingham,AL,33.5206824,-86.8024326,onsite,0.0,0.0
72859063,19109947,25,7,personal,3,4,0.5,860.8,9.854450011930327,0.2391111111111111,1.0,2.0,2.0,True,False,7,28,4,4,True,Richardson,TX,32.9481789,-96.7297206,onsite,0.0,0.0
70275620,21545804,25,3,personal,3,4,0.5,3152.6,29.38290384156526,0.8757222222222222,1.0,2.0,2.0,True,False,4,25,3,4,True,Hartford,CT,41.764582,-72.6908547,onsite,0.0,0.0
17621023,26978722,25,0,personal,3,4,0.5,2479.4,26.11884096874254,0.6887222222222222,1.0,2.0,2.0,True,False,5,26,3,4,True,Alpharetta,GA,34.0755962,-84.2945964,onsite,0.0,0.0
34336521,36741976,25,1,personal,3,5,0.5,2309.8,19.23118985126859,0.6416111111111111,1.0,2.0,2.0,True,False,10,31,5,5,True,Omaha,NE,41.2587459,-95.9383758,onsite,0.0,0.0
10402032,39922836,25,0,personal,3,4,0.5,1948.2,17.3859659588006,0.5411666666666667,1.0,2.0,2.0,True,False,4,25,4,4,True,Richardson,TX,32.9481789,-96.7297206,onsite,0.0,0.0
95664184,44218312,25,9,personal,3,4,0.5,3147.4,30.01545971526286,0.8742777777777778,1.0,2.0,2.0,True,False,5,26,4,4,True,Naperville,IL,41.7728699,-88.1479278,onsite,0.0,0.0
11091566,44297641,25,0,personal,3,5,0.5,3925.8,36.01281018849917,1.0905,1.0,2.0,2.0,True,False,4,25,5,5,True,Windsor,CA,38.5471327,-122.8163802,onsite,0.0,0.0
63175059,45174426,25,15,personal,3,5,0.5,1466.6,7.603843553646703,0.40738888888888886,1.0,2.0,2.0,True,False,4,25,5,5,True,Naperville,IL,41.7728699,-88.1479278,onsite,0.0,0.0
17897712,50919094,25,13,personal,3,4,0.5,4552.2,45.62206712797264,1.2645,1.0,2.0,2.0,True,False,4,25,4,4,True,Richmond,VA,37.5385087,-77.43428,onsite,0.0,0.0
83212066,51681149,25,7,personal,3,4,0.5,3183.4,31.94320170205997,0.8842777777777778,1.0,2.0,2.0,True,False,5,26,0,4,True,Virtual,SC,34.1718723,-82.1564776,onsite,0.0,0.0
96399702,54827899,25,9,personal,3,4,0.5,7028.2,92.73492802036108,1.9522777777777778,1.0,2.0,2.0,True,False,4,25,4,4,True,Richmond,VA,37.5385087,-77.43428,onsite,0.0,0.0
17566082,57005518,25,0,personal,3,5,0.5,916.6,7.054551419708901,0.2546111111111111,1.0,2.0,2.0,True,False,4,25,5,5,True,Naperville,IL,41.7728699,-88.1479278,onsite,0.0,0.0
33914483,57381509,25,15,business,3,4,0.5,1466.6,7.603843553646703,0.40738888888888886,1.0,2.0,2.0,True,False,7,28,4,4,True,Naperville,IL,41.7728699,-88.1479278,onsite,0.0,0.0
63418508,57986793,25,15,personal,3,5,0.5,1980.2,14.28743637158992,0.5500555555555555,1.0,2.0,2.0,True,False,4,25,5,5,True,Melville,LA,30.6929653,-91.744004,onsite,0.0,0.0
99474654,58994033,25,9,personal,3,4,0.5,4664.2,56.23222878390201,1.295611111111111,1.0,2.0,2.0,True,False,5,26,4,4,True,Richmond,VA,37.5385087,-77.43428,onsite,0.0,0.0
90334978,66458608,25,7,personal,3,4,0.5,2848.0,30.73525610435059,0.7911111111111111,1.0,2.0,2.0,True,False,4,25,3,4,True,Franklin,TN,35.925206,-86.8689419,onsite,0.0,0.0
11788873,70000816,25,0,personal,3,4,0.5,916.6,7.054551419708901,0.2546111111111111,1.0,2.0,2.0,True,False,7,28,2,4,True,Richardson,TX,32.9481789,-96.7297206,onsite,0.0,0.0
19528221,86054113,25,25,personal,3,3,0.5,12364.4,131.7677264773722,3.4345555555555554,0.8,2.0,1.6,True,False,4,25,3,3,True,Glendale,AZ,33.5386858,-112.185994,onsite,0.19999999999999996,0.3999999999999999
73968848,91153989,25,7,personal,3,4,0.5,7599.4,94.14046965720193,2.1109444444444443,1.0,2.0,2.0,True,False,5,26,4,4,True,Naperville,IL,41.7728699,-88.1479278,onsite,0.0,0.0
22143269,94797444,25,0,personal,3,4,0.5,1948.2,17.3859659588006,0.5411666666666667,1.0,2.0,2.0,True,False,4,25,2,4,True,Brookfield,WI,43.0615578,-88.1260678,onsite,0.0,0.0
95870867,36436985,25,8,business,2,5,0.4,8329.2,115.2335361488905,2.3136666666666668,1.0,2.5,2.5,True,False,13,41,5,5,True,Virtual,SC,34.1718723,-82.1564776,onsite,0.0,0.0
49546630,62221895,25,17,personal,2,4,0.4,3282.8,28.47383778732204,0.911888888888889,1.0,2.5,2.5,True,False,5,33,3,4,True,Alpharetta,GA,34.0755962,-84.2945964,onsite,0.0,0.0
95561381,22163654,25,9,personal,3,4,0.5,0.0,0.0,0.0,1.0,2.0,2.0,False,True,4,25,1,4,True,Boston,MA,42.3588336,-71.0578303,online,0.0,0.0
87025921,84574331,25,15,personal,3,2,0.667,0.0,0.0,0.0,1.0,1.4992503748125936,1.4992503748125936,False,True,5,26,3,2,True,Knoxville,TN,35.9603948,-83.9210261,online,0.0,0.0
49267899,24915230,25,13,personal,2,4,0.4,0.0,0.0,0.0,1.0,2.5,2.5,False,True,4,32,4,4,True,Phoenix,AZ,33.4484367,-112.074141,online,0.0,0.0
10134858,38283677,25,8,personal,2,3,0.4,0.0,0.0,0.0,1.0,2.5,2.5,False,True,2,30,1,3,True,New York,NY,40.7127281,-74.0060152,online,0.0,0.0
46986893,60942014,25,2,personal,2,4,0.4,0.0,0.0,0.0,1.0,2.5,2.5,False,True,4,32,4,4,True,Indianapolis,IN,39.7683331,-86.1583502,online,0.0,0.0
15688459,61866275,25,6,personal,2,4,0.4,0.0,0.0,0.0,1.0,2.5,2.5,False,True,4,32,4,4,True,Melville,LA,30.6929653,-91.744004,online,0.0,0.0
50519688,15620237,25,15,personal,1,5,0.333,0.0,0.0,0.0,1.0,3.003003003003003,3.003003003003003,False,True,3,31,5,5,True,Charlotte,NC,35.2272086,-80.8430827,online,0.0,0.0
53820765,52797566,25,15,personal,1,5,0.333,0.0,0.0,0.0,1.0,3.003003003003003,3.003003003003003,False,True,3,31,5,5,True,Buffalo,NY,42.8864163,-78.8781493,online,0.0,0.0
25351257,77585273,26,15,personal,5,4,8.0,1980.2,14.28743637158992,0.5500555555555555,1.0,0.125,0.125,True,False,19,26,4,4,True,Saint Paul,MN,44.9497487,-93.0931028,onsite,0.0,0.0
27096178,77585273,26,15,personal,5,4,8.0,1980.2,14.28743637158992,0.5500555555555555,1.0,0.125,0.125,True,False,19,26,4,4,True,Bedford,TX,32.844017,-97.1430671,onsite,0.0,0.0
11494435,63187573,26,22,personal,4,3,8.0,14836.6,149.8881531853973,4.121277777777778,0.3999999999999999,0.125,0.04999999999999999,True,False,18,32,3,3,True,Charlotte,NC,35.2272086,-80.8430827,onsite,0.6000000000000001,0.07500000000000001
14582357,63187573,26,22,personal,4,3,8.0,14836.6,149.8881531853973,4.121277777777778,0.3999999999999999,0.125,0.04999999999999999,True,False,18,32,3,3,True,Charlotte,NC,35.2272086,-80.8430827,onsite,0.6000000000000001,0.07500000000000001
95771836,15011884,26,7,personal,5,5,4.0,5344.8,57.65218623240276,1.4846666666666668,1.0,0.25,0.25,True,False,20,27,5,5,True,Rochester,NY,43.157285,-77.615214,onsite,0.0,0.0
79478179,15011884,26,7,personal,5,5,4.0,5344.8,57.65218623240276,1.4846666666666668,1.0,0.25,0.25,True,False,20,27,3,5,True,Indianapolis,IN,39.7683331,-86.1583502,onsite,0.0,0.0
39267987,94141142,26,18,personal,5,4,8.0,11948.0,144.6790742066333,3.318888888888889,0.8,0.125,0.1,True,False,20,27,1,4,True,Tampa,FL,27.9449854,-82.4583107,onsite,0.19999999999999996,0.024999999999999994
21204478,22920771,26,28,personal,4,3,8.0,13772.8,181.6336345740873,3.8257777777777777,0.6,0.125,0.075,True,False,21,35,3,3,True,Knoxville,TN,35.9603948,-83.9210261,onsite,0.4,0.05
93750751,46932570,26,5,personal,4,5,1.0,6241.8,76.40579018531774,1.7338333333333333,1.0,1.0,1.0,True,False,14,28,5,5,True,Chantilly,VA,38.885219,-77.4486772,onsite,0.0,0.0
90406456,14733569,26,8,personal,3,4,0.5,3910.8,30.86760816829714,1.0863333333333334,1.0,2.0,2.0,True,False,5,26,4,4,True,Albuquerque,NM,35.0841034,-106.650985,onsite,0.0,0.0
82687551,27290956,26,6,personal,3,4,0.5,8200.0,101.0109709297701,2.2777777777777777,1.0,2.0,2.0,True,False,6,27,3,4,True,Walnut Creek,CA,37.9020731,-122.0618702,onsite,0.0,0.0
17597223,34532795,26,0,personal,3,5,0.5,2479.4,26.11884096874254,0.6887222222222222,1.0,2.0,2.0,True,False,6,27,5,5,True,Troy,MI,42.6055893,-83.1499304,onsite,0.0,0.0
92680761,35327743,26,8,personal,3,4,0.5,2966.2,34.08631094408653,0.8239444444444444,1.0,2.0,2.0,True,False,7,28,4,4,True,Richardson,TX,32.9481789,-96.7297206,onsite,0.0,0.0
11788873,37996477,26,0,personal,3,4,0.5,1948.2,17.3859659588006,0.5411666666666667,1.0,2.0,2.0,True,False,5,26,2,4,True,Richardson,TX,32.9481789,-96.7297206,onsite,0.0,0.0
11091566,45346385,26,0,business,3,5,0.5,916.6,7.054551419708901,0.2546111111111111,1.0,2.0,2.0,True,False,5,26,5,5,True,Windsor,CA,38.5471327,-122.8163802,onsite,0.0,0.0
72859063,51132137,26,7,personal,3,4,0.5,4985.4,55.3886552533206,1.3848333333333331,1.0,2.0,2.0,True,False,10,31,4,4,True,Richardson,TX,32.9481789,-96.7297206,onsite,0.0,0.0
84568374,68161694,26,6,personal,3,4,0.5,2325.6,25.74676389883083,0.646,1.0,2.0,2.0,True,False,7,28,3,4,True,Houston,TX,29.7589382,-95.3676974,onsite,0.0,0.0
10402032,68938414,26,0,personal,3,4,0.5,916.6,7.054551419708901,0.2546111111111111,1.0,2.0,2.0,True,False,5,26,4,4,True,Richardson,TX,32.9481789,-96.7297206,onsite,0.0,0.0
36916937,88344608,26,1,personal,3,5,0.5,9733.6,93.79983396961744,2.703777777777778,1.0,2.0,2.0,True,False,5,26,5,5,True,New York,NY,40.7127281,-74.0060152,onsite,0.0,0.0
17566082,89453595,26,0,personal,3,5,0.5,1948.2,17.3859659588006,0.5411666666666667,1.0,2.0,2.0,True,False,6,27,5,5,True,Naperville,IL,41.7728699,-88.1479278,onsite,0.0,0.0
33519700,99154748,26,10,personal,3,4,0.5,5773.6,60.38261552533206,1.603777777777778,1.0,2.0,2.0,True,False,6,27,3,4,True,Flowood,MS,32.3092861,-90.1386811,onsite,0.0,0.0
22143269,99656328,26,0,personal,3,4,0.5,6913.8,81.65413982343117,1.9205,1.0,2.0,2.0,True,False,5,26,2,4,True,Brookfield,WI,43.0615578,-88.1260678,onsite,0.0,0.0
68291074,45594890,26,15,personal,2,5,0.4,1466.6,7.603843553646703,0.40738888888888886,1.0,2.5,2.5,True,False,2,30,5,5,True,Naperville,IL,41.7728699,-88.1479278,onsite,0.0,0.0
12272069,70117027,26,1,personal,2,4,0.4,11271.0,125.9304412232562,3.1308333333333334,0.8,2.5,2.0,True,False,3,31,4,4,True,Naperville,IL,41.7728699,-88.1479278,onsite,0.19999999999999996,0.5
23257451,72878418,26,10,personal,2,4,0.4,2577.2,15.97532907818341,0.7158888888888888,1.0,2.5,2.5,True,False,3,31,1,4,True,Edison,GA,31.5581741,-84.7381045,onsite,0.0,0.0
42879523,15591198,26,4,personal,3,4,0.5,0.0,0.0,0.0,1.0,2.0,2.0,False,True,8,29,3,4,True,Spokane,WA,47.6571934,-117.42351,online,0.0,0.0
99766264,17594035,26,4,personal,3,4,0.5,0.0,0.0,0.0,1.0,2.0,2.0,False,True,8,29,3,4,True,Maryland Heights,MO,38.7150511,-90.435999,online,0.0,0.0
56083320,26561557,26,9,personal,3,4,0.5,0.0,0.0,0.0,1.0,2.0,2.0,False,True,6,27,1,4,True,Marlton,NJ,39.9005585,-74.9338911,online,0.0,0.0
49267899,53663111,26,8,personal,3,4,0.5,0.0,0.0,0.0,1.0,2.0,2.0,False,True,5,26,4,4,True,Phoenix,AZ,33.4484367,-112.074141,online,0.0,0.0
95561381,70787117,26,7,personal,3,4,0.5,0.0,0.0,0.0,1.0,2.0,2.0,False,True,6,27,1,4,True,Boston,MA,42.3588336,-71.0578303,online,0.0,0.0
46986893,82005893,26,8,personal,3,4,0.5,0.0,0.0,0.0,1.0,2.0,2.0,False,True,5,26,4,4,True,Indianapolis,IN,39.7683331,-86.1583502,online,0.0,0.0
35386202,90758095,26,14,personal,3,4,0.5,0.0,0.0,0.0,1.0,2.0,2.0,False,True,5,26,4,4,True,Phoenix,AZ,33.4484367,-112.074141,online,0.0,0.0
38211857,93347427,26,4,personal,3,4,0.5,0.0,0.0,0.0,1.0,2.0,2.0,False,True,5,26,4,4,True,San Antonio,TX,29.4246002,-98.4951405,online,0.0,0.0
42270197,94040332,26,0,personal,3,4,0.5,0.0,0.0,0.0,1.0,2.0,2.0,False,True,6,27,3,4,True,San Antonio,TX,29.4246002,-98.4951405,online,0.0,0.0
15483039,97077356,26,7,personal,3,4,0.5,0.0,0.0,0.0,1.0,2.0,2.0,False,True,5,26,4,4,True,Richardson,TX,32.9481789,-96.7297206,online,0.0,0.0
10134858,98338244,26,0,personal,3,3,0.5,0.0,0.0,0.0,1.0,2.0,2.0,False,True,6,27,1,3,True,New York,NY,40.7127281,-74.0060152,online,0.0,0.0
54636222,11367941,26,8,personal,2,4,0.4,0.0,0.0,0.0,1.0,2.5,2.5,False,True,5,33,3,4,True,Orlando,FL,28.5421218,-81.379045,online,0.0,0.0
70853633,16864876,26,12,personal,2,5,0.4,0.0,0.0,0.0,1.0,2.5,2.5,False,True,6,34,4,5,True,Saint Paul,MN,44.9497487,-93.0931028,online,0.0,0.0
94671385,20628615,26,5,personal,2,4,0.4,0.0,0.0,0.0,1.0,2.5,2.5,False,True,5,33,3,4,True,Birmingham,AL,33.5206824,-86.8024326,online,0.0,0.0
81396769,52917637,26,15,personal,2,4,0.4,0.0,0.0,0.0,1.0,2.5,2.5,False,True,5,33,3,4,True,Maryland Heights,MO,38.7150511,-90.435999,online,0.0,0.0
66643743,61420255,26,8,personal,2,5,0.4,0.0,0.0,0.0,1.0,2.5,2.5,False,True,2,30,3,5,True,Chantilly,VA,38.885219,-77.4486772,online,0.0,0.0
17932464,62831133,26,8,personal,2,5,0.4,0.0,0.0,0.0,1.0,2.5,2.5,False,True,6,34,4,5,True,White Plains,NY,41.0339862,-73.7629097,online,0.0,0.0
55188485,71714404,26,6,personal,2,5,0.4,0.0,0.0,0.0,1.0,2.5,2.5,False,True,3,31,5,5,True,Washington,DC,38.8950982,-77.0363849,online,0.0,0.0
15688459,74544121,26,9,personal,2,4,0.4,0.0,0.0,0.0,1.0,2.5,2.5,False,True,4,32,4,4,True,Melville,LA,30.6929653,-91.744004,online,0.0,0.0
55323900,97803185,26,0,personal,2,5,0.4,0.0,0.0,0.0,1.0,2.5,2.5,False,True,3,31,5,5,True,Chantilly,VA,38.885219,-77.4486772,online,0.0,0.0
37113544,34382975,27,10,personal,5,4,8.0,4159.2,36.84706315119701,1.1553333333333333,1.0,0.125,0.125,True,False,20,27,3,4,True,Overland Park,KS,38.9742502,-94.6851702,onsite,0.0,0.0
38397433,34382975,27,10,personal,5,4,8.0,4159.2,36.84706315119701,1.1553333333333333,1.0,0.125,0.125,True,False,20,27,3,4,True,Overland Park,KS,38.9742502,-94.6851702,onsite,0.0,0.0
11494435,63187573,27,22,personal,4,3,8.0,14836.6,149.8881531853973,4.121277777777778,0.3999999999999999,0.125,0.04999999999999999,True,False,18,32,3,3,True,Charlotte,NC,35.2272086,-80.8430827,onsite,0.6000000000000001,0.07500000000000001
14582357,63187573,27,22,personal,4,3,8.0,14836.6,149.8881531853973,4.121277777777778,0.3999999999999999,0.125,0.04999999999999999,True,False,18,32,3,3,True,Charlotte,NC,35.2272086,-80.8430827,onsite,0.6000000000000001,0.07500000000000001
10541914,76163732,27,4,personal,4,3,8.0,5197.8,47.45896464646464,1.4438333333333333,1.0,0.125,0.125,True,False,13,27,2,3,True,Overland Park,KS,38.9742502,-94.6851702,onsite,0.0,0.0
12272594,76163732,27,4,personal,4,3,8.0,5197.8,47.45896464646464,1.4438333333333333,1.0,0.125,0.125,True,False,13,27,2,3,True,Alpharetta,GA,34.0755962,-84.2945964,onsite,0.0,0.0
95771836,15011884,27,7,personal,5,5,4.0,5344.8,57.65218623240276,1.4846666666666668,1.0,0.25,0.25,True,False,20,27,5,5,True,Rochester,NY,43.157285,-77.615214,onsite,0.0,0.0
45149910,15011884,27,7,personal,5,5,4.0,5344.8,57.65218623240276,1.4846666666666668,1.0,0.25,0.25,True,False,20,27,4,5,True,Houston,TX,29.7589382,-95.3676974,onsite,0.0,0.0
39267987,94141142,27,18,personal,5,4,8.0,11948.0,144.6790742066333,3.318888888888889,0.8,0.125,0.1,True,False,20,27,1,4,True,Tampa,FL,27.9449854,-82.4583107,onsite,0.19999999999999996,0.024999999999999994
21204478,22920771,27,28,personal,4,3,8.0,13772.8,181.6336345740873,3.8257777777777777,0.6,0.125,0.075,True,False,21,35,3,3,True,Knoxville,TN,35.9603948,-83.9210261,onsite,0.4,0.05
15922412,92065055,27,23,personal,4,3,8.0,5248.8,54.19388272488666,1.458,1.0,0.125,0.125,True,False,20,34,3,3,True,Hartford,CT,41.764582,-72.6908547,onsite,0.0,0.0
84017238,15438252,27,5,personal,3,5,0.5,4824.0,61.22917163763621,1.34,1.0,2.0,2.0,True,False,6,27,5,5,True,Rochester,NY,43.157285,-77.615214,onsite,0.0,0.0
17597223,18373836,27,0,business,3,5,0.5,1948.2,17.3859659588006,0.5411666666666667,1.0,2.0,2.0,True,False,6,27,5,5,True,Troy,MI,42.6055893,-83.1499304,onsite,0.0,0.0
10402032,20865042,27,0,personal,3,4,0.5,916.6,7.054551419708901,0.2546111111111111,1.0,2.0,2.0,True,False,6,27,4,4,True,Richardson,TX,32.9481789,-96.7297206,onsite,0.0,0.0
27328743,51962308,27,15,personal,3,4,0.5,1466.6,7.603843553646703,0.40738888888888886,1.0,2.0,2.0,True,False,20,41,4,4,True,Buffalo,NY,42.8864163,-78.8781493,onsite,0.0,0.0
11091566,62915506,27,0,personal,3,5,0.5,916.6,7.054551419708901,0.2546111111111111,1.0,2.0,2.0,True,False,8,29,5,5,True,Windsor,CA,38.5471327,-122.8163802,onsite,0.0,0.0
11788873,64732138,27,0,personal,3,4,0.5,2668.0,33.89120038972401,0.7411111111111112,1.0,2.0,2.0,True,False,8,29,2,4,True,Richardson,TX,32.9481789,-96.7297206,onsite,0.0,0.0
12272069,85097498,27,1,personal,3,4,0.5,2309.8,19.23118985126859,0.6416111111111111,1.0,2.0,2.0,True,False,6,27,4,4,True,Naperville,IL,41.7728699,-88.1479278,onsite,0.0,0.0
82687551,14427676,27,6,personal,2,4,0.4,4452.0,42.64619621410959,1.2366666666666666,1.0,2.5,2.5,True,False,3,31,3,4,True,Walnut Creek,CA,37.9020731,-122.0618702,onsite,0.0,0.0
33113383,16947841,27,15,personal,2,4,0.4,1466.6,7.603843553646703,0.40738888888888886,1.0,2.5,2.5,True,False,3,31,4,4,True,Independence,MO,39.0924792,-94.4137923,onsite,0.0,0.0
33519700,25603839,27,10,personal,2,4,0.4,13336.4,160.9488089556987,3.7045555555555554,0.6,2.5,1.5,True,False,3,31,3,4,True,Flowood,MS,32.3092861,-90.1386811,onsite,0.4,1.0
33522459,48618286,27,15,personal,2,4,0.4,1466.6,7.603843553646703,0.40738888888888886,1.0,2.5,2.5,True,False,3,31,4,4,True,Knoxville,TN,35.9603948,-83.9210261,onsite,0.0,0.0
54333554,68110823,27,17,personal,2,4,0.4,5430.4,48.52225503062117,1.5084444444444443,1.0,2.5,2.5,True,False,3,31,3,4,True,Naperville,IL,41.7728699,-88.1479278,onsite,0.0,0.0
22143269,72237706,27,0,personal,2,4,0.4,1948.2,17.3859659588006,0.5411666666666667,1.0,2.5,2.5,True,False,1,29,2,4,True,Brookfield,WI,43.0615578,-88.1260678,onsite,0.0,0.0
81400507,76939180,27,3,personal,2,4,0.4,8621.8,102.4458412868846,2.394944444444444,1.0,2.5,2.5,True,False,8,36,3,4,True,Maryland Heights,MO,38.7150511,-90.435999,onsite,0.0,0.0
56083320,14421545,27,0,personal,3,4,0.5,0.0,0.0,0.0,1.0,2.0,2.0,False,True,11,32,1,4,True,Marlton,NJ,39.9005585,-74.9338911,online,0.0,0.0
49267899,20604531,27,9,personal,3,4,0.5,0.0,0.0,0.0,1.0,2.0,2.0,False,True,6,27,4,4,True,Phoenix,AZ,33.4484367,-112.074141,online,0.0,0.0
70853633,60957172,27,7,personal,3,5,0.5,0.0,0.0,0.0,1.0,2.0,2.0,False,True,6,27,4,5,True,Saint Paul,MN,44.9497487,-93.0931028,online,0.0,0.0
26130629,72956433,27,3,personal,3,5,0.5,0.0,0.0,0.0,1.0,2.0,2.0,False,True,6,27,4,5,True,Houston,TX,29.7589382,-95.3676974,online,0.0,0.0
42879523,57838340,27,2,personal,2,4,0.4,0.0,0.0,0.0,1.0,2.5,2.5,False,True,3,31,3,4,True,Spokane,WA,47.6571934,-117.42351,online,0.0,0.0
33914483,21990170,28,15,personal,4,4,1.333,1466.6,7.603843553646703,0.40738888888888886,1.0,0.7501875468867217,0.7501875468867217,True,False,14,28,4,4,True,Naperville,IL,41.7728699,-88.1479278,onsite,0.0,0.0
25351257,21990170,28,15,personal,4,4,1.333,1466.6,7.603843553646703,0.40738888888888886,1.0,0.7501875468867217,0.7501875468867217,True,False,14,28,4,4,True,Saint Paul,MN,44.9497487,-93.0931028,onsite,0.0,0.0
37113544,39314202,28,10,personal,4,4,1.333,10208.6,111.3993030700708,2.8357222222222225,1.0,0.7501875468867217,0.7501875468867217,True,False,18,32,3,4,True,Overland Park,KS,38.9742502,-94.6851702,onsite,0.0,0.0
38397433,39314202,28,10,personal,4,4,1.333,10208.6,111.3993030700708,2.8357222222222225,1.0,0.7501875468867217,0.7501875468867217,True,False,18,32,3,4,True,Overland Park,KS,38.9742502,-94.6851702,onsite,0.0,0.0
11494435,63187573,28,22,personal,4,3,8.0,14836.6,149.8881531853973,4.121277777777778,0.3999999999999999,0.125,0.04999999999999999,True,False,18,32,3,3,True,Charlotte,NC,35.2272086,-80.8430827,onsite,0.6000000000000001,0.07500000000000001
14582357,63187573,28,22,personal,4,3,8.0,14836.6,149.8881531853973,4.121277777777778,0.3999999999999999,0.125,0.04999999999999999,True,False,18,32,3,3,True,Charlotte,NC,35.2272086,-80.8430827,onsite,0.6000000000000001,0.07500000000000001
69379844,17128602,28,3,personal,4,5,1.0,6064.2,61.8548924282192,1.6844999999999999,1.0,1.0,1.0,True,False,18,32,5,5,True,Chantilly,VA,38.885219,-77.4486772,onsite,0.0,0.0
21204478,22920771,28,28,personal,4,3,8.0,13772.8,181.6336345740873,3.8257777777777777,0.6,0.125,0.075,True,False,21,35,3,3,True,Knoxville,TN,35.9603948,-83.9210261,onsite,0.4,0.05
95771836,34052085,28,7,personal,3,5,0.5,6408.4,74.20812455261273,1.780111111111111,1.0,2.0,2.0,True,False,7,28,5,5,True,Rochester,NY,43.157285,-77.615214,onsite,0.0,0.0
18407947,38490624,28,0,personal,3,4,0.5,1948.2,17.3859659588006,0.5411666666666667,1.0,2.0,2.0,True,False,7,28,3,4,True,Oklahoma City,OK,35.4729886,-97.5170536,onsite,0.0,0.0
73968848,46902838,28,7,personal,3,4,0.5,6418.6,73.19553805774278,1.7829444444444444,1.0,2.0,2.0,True,False,8,29,4,4,True,Naperville,IL,41.7728699,-88.1479278,onsite,0.0,0.0
17566082,51008414,28,0,personal,3,5,0.5,2668.0,33.89120038972401,0.7411111111111112,1.0,2.0,2.0,True,False,7,28,5,5,True,Naperville,IL,41.7728699,-88.1479278,onsite,0.0,0.0
11788873,61544233,28,0,personal,3,4,0.5,916.6,7.054551419708901,0.2546111111111111,1.0,2.0,2.0,True,False,11,32,2,4,True,Richardson,TX,32.9481789,-96.7297206,onsite,0.0,0.0
17597223,64518651,28,0,personal,3,5,0.5,916.6,7.054551419708901,0.2546111111111111,1.0,2.0,2.0,True,False,7,28,5,5,True,Troy,MI,42.6055893,-83.1499304,onsite,0.0,0.0
59321509,78176410,28,15,personal,3,5,0.5,3086.6,27.56365326493279,0.8573888888888889,1.0,2.0,2.0,True,False,14,35,5,5,True,Brookfield,WI,43.0615578,-88.1260678,onsite,0.0,0.0
10541914,85162092,28,4,personal,3,3,0.5,9502.0,86.28944464328322,2.6394444444444445,1.0,2.0,2.0,True,False,10,31,2,3,True,Overland Park,KS,38.9742502,-94.6851702,onsite,0.0,0.0
10402032,68435739,28,0,personal,2,4,0.4,1948.2,17.3859659588006,0.5411666666666667,1.0,2.5,2.5,True,False,2,30,4,4,True,Richardson,TX,32.9481789,-96.7297206,onsite,0.0,0.0
10925596,73439021,28,12,personal,2,3,0.4,12533.0,167.2219239640499,3.481388888888889,0.8,2.5,2.0,True,False,8,36,3,3,True,Hartford,CT,41.764582,-72.6908547,onsite,0.19999999999999996,0.5
22143269,80640362,28,0,personal,2,4,0.4,916.6,7.054551419708901,0.2546111111111111,1.0,2.5,2.5,True,False,3,31,2,4,True,Brookfield,WI,43.0615578,-88.1260678,onsite,0.0,0.0
85342366,91518992,28,8,personal,2,4,0.4,3627.6,42.89138928656645,1.0076666666666667,1.0,2.5,2.5,True,False,2,30,4,4,True,Richardson,TX,32.9481789,-96.7297206,onsite,0.0,0.0
41627842,12903742,28,0,personal,3,5,0.5,0.0,0.0,0.0,1.0,2.0,2.0,False,True,7,28,5,5,True,Hartford,CT,41.764582,-72.6908547,online,0.0,0.0
11355772,27789940,28,4,personal,3,3,0.5,0.0,0.0,0.0,1.0,2.0,2.0,False,True,7,28,3,3,True,Diamond Bar,CA,34.0286226,-117.8103367,online,0.0,0.0
66643743,31783300,28,4,personal,3,5,0.5,0.0,0.0,0.0,1.0,2.0,2.0,False,True,7,28,3,5,True,Chantilly,VA,38.885219,-77.4486772,online,0.0,0.0
49267899,40887256,28,4,personal,3,4,0.5,0.0,0.0,0.0,1.0,2.0,2.0,False,True,10,31,4,4,True,Phoenix,AZ,33.4484367,-112.074141,online,0.0,0.0
15922412,54515224,28,15,personal,3,3,0.5,0.0,0.0,0.0,1.0,2.0,2.0,False,True,7,28,3,3,True,Hartford,CT,41.764582,-72.6908547,online,0.0,0.0
83212066,55633404,28,0,personal,3,4,0.5,0.0,0.0,0.0,1.0,2.0,2.0,False,True,10,31,0,4,True,Virtual,SC,34.1718723,-82.1564776,online,0.0,0.0
79478179,54532624,28,15,personal,2,5,0.4,0.0,0.0,0.0,1.0,2.5,2.5,False,True,2,30,3,5,True,Indianapolis,IN,39.7683331,-86.1583502,online,0.0,0.0
87025921,85514574,28,3,personal,2,2,0.5,0.0,0.0,0.0,1.0,2.0,2.0,False,True,2,30,3,2,True,Knoxville,TN,35.9603948,-83.9210261,online,0.0,0.0
46986893,33943820,28,12,personal,1,4,0.333,0.0,0.0,0.0,1.0,3.003003003003003,3.003003003003003,False,True,2,30,4,4,True,Indianapolis,IN,39.7683331,-86.1583502,online,0.0,0.0
70853633,35054537,28,15,personal,1,5,0.333,0.0,0.0,0.0,1.0,3.003003003003003,3.003003003003003,False,True,1,29,4,5,True,Saint Paul,MN,44.9497487,-93.0931028,online,0.0,0.0
20682406,42093983,28,15,personal,1,4,0.333,0.0,0.0,0.0,1.0,3.003003003003003,3.003003003003003,False,True,3,31,4,4,True,Chantilly,VA,38.885219,-77.4486772,online,0.0,0.0
44538039,43018985,28,12,personal,1,5,0.333,0.0,0.0,0.0,1.0,3.003003003003003,3.003003003003003,False,True,2,30,5,5,True,Hamden,OH,39.1597938,-82.5268259,online,0.0,0.0
35386202,43901627,28,0,personal,1,4,0.333,0.0,0.0,0.0,1.0,3.003003003003003,3.003003003003003,False,True,2,30,4,4,True,Phoenix,AZ,33.4484367,-112.074141,online,0.0,0.0
99766264,69038390,28,15,personal,1,4,0.333,0.0,0.0,0.0,1.0,3.003003003003003,3.003003003003003,False,True,3,31,3,4,True,Maryland Heights,MO,38.7150511,-90.435999,online,0.0,0.0
42270197,82368108,28,0,personal,1,4,0.333,0.0,0.0,0.0,1.0,3.003003003003003,3.003003003003003,False,True,2,30,3,4,True,San Antonio,TX,29.4246002,-98.4951405,online,0.0,0.0
48417943,94816267,28,15,personal,1,5,0.333,0.0,0.0,0.0,1.0,3.003003003003003,3.003003003003003,False,True,3,31,5,5,True,Virtual,SC,34.1718723,-82.1564776,online,0.0,0.0
11494435,63187573,29,22,personal,4,3,8.0,14836.6,149.8881531853973,4.121277777777778,0.3999999999999999,0.125,0.04999999999999999,True,False,18,32,3,3,True,Charlotte,NC,35.2272086,-80.8430827,onsite,0.6000000000000001,0.07500000000000001
14582357,63187573,29,22,personal,4,3,8.0,14836.6,149.8881531853973,4.121277777777778,0.3999999999999999,0.125,0.04999999999999999,True,False,18,32,3,3,True,Charlotte,NC,35.2272086,-80.8430827,onsite,0.6000000000000001,0.07500000000000001
72859063,83144084,29,7,personal,4,4,1.333,5683.8,66.85780044539887,1.5788333333333333,1.0,0.7501875468867217,0.7501875468867217,True,False,20,34,4,4,True,Richardson,TX,32.9481789,-96.7297206,onsite,0.0,0.0
73968848,83144084,29,7,personal,4,4,1.333,5683.8,66.85780044539887,1.5788333333333333,1.0,0.7501875468867217,0.7501875468867217,True,False,20,34,4,4,True,Naperville,IL,41.7728699,-88.1479278,onsite,0.0,0.0
21204478,22920771,29,28,personal,4,3,8.0,13772.8,181.6336345740873,3.8257777777777777,0.6,0.125,0.075,True,False,21,35,3,3,True,Knoxville,TN,35.9603948,-83.9210261,onsite,0.4,0.05
15922412,92065055,29,23,personal,4,3,8.0,5248.8,54.19388272488666,1.458,1.0,0.125,0.125,True,False,20,34,3,3,True,Hartford,CT,41.764582,-72.6908547,onsite,0.0,0.0
12272594,19454340,29,4,personal,3,3,0.5,9502.0,86.28944464328322,2.6394444444444445,1.0,2.0,2.0,True,False,12,33,2,3,True,Alpharetta,GA,34.0755962,-84.2945964,onsite,0.0,0.0
10541914,23426286,29,4,personal,3,3,0.5,5197.8,47.45896464646464,1.4438333333333333,1.0,2.0,2.0,True,False,10,31,2,3,True,Overland Park,KS,38.9742502,-94.6851702,onsite,0.0,0.0
63175059,35859743,29,15,personal,3,5,0.5,11900.4,156.4581593493995,3.3056666666666668,0.8,2.0,1.6,True,False,11,32,5,5,True,Naperville,IL,41.7728699,-88.1479278,onsite,0.19999999999999996,0.3999999999999999
93750751,38796223,29,5,personal,3,5,0.5,6551.2,82.43309075001989,1.8197777777777777,1.0,2.0,2.0,True,False,10,31,5,5,True,Chantilly,VA,38.885219,-77.4486772,onsite,0.0,0.0
17621023,45785981,29,0,personal,3,4,0.5,1948.2,17.3859659588006,0.5411666666666667,1.0,2.0,2.0,True,False,9,30,3,4,True,Alpharetta,GA,34.0755962,-84.2945964,onsite,0.0,0.0
95664184,61111300,29,9,personal,3,4,0.5,3869.4,40.41112403563191,1.0748333333333333,1.0,2.0,2.0,True,False,8,29,4,4,True,Naperville,IL,41.7728699,-88.1479278,onsite,0.0,0.0
11091566,84003540,29,0,personal,3,5,0.5,5214.8,55.02589875129245,1.4485555555555556,1.0,2.0,2.0,True,False,10,31,5,5,True,Windsor,CA,38.5471327,-122.8163802,onsite,0.0,0.0
11788873,89722181,29,0,personal,3,4,0.5,916.6,7.054551419708901,0.2546111111111111,1.0,2.0,2.0,True,False,8,29,2,4,True,Richardson,TX,32.9481789,-96.7297206,onsite,0.0,0.0
10402032,20775919,29,0,personal,2,4,0.4,916.6,7.054551419708901,0.2546111111111111,1.0,2.5,2.5,True,False,3,31,4,4,True,Richardson,TX,32.9481789,-96.7297206,onsite,0.0,0.0
11350447,35654326,29,10,personal,2,3,0.4,3463.0,26.13947049232482,0.9619444444444445,1.0,2.5,2.5,True,False,5,33,0,3,True,Centennial,CO,39.579155,-104.8769227,onsite,0.0,0.0
83212066,37622453,29,7,personal,2,4,0.4,6292.0,64.22219239640499,1.7477777777777779,1.0,2.5,2.5,True,False,4,32,0,4,True,Virtual,SC,34.1718723,-82.1564776,onsite,0.0,0.0
85598668,43013345,29,8,personal,2,4,0.4,1147.2,11.78815716217291,0.31866666666666665,1.0,2.5,2.5,True,False,3,31,4,4,True,Hunt Valley,MD,39.4962709,-76.6542571,onsite,0.0,0.0
84017238,73036050,29,5,personal,2,5,0.4,11296.4,123.6877883162332,3.137888888888889,0.8,2.5,2.0,True,False,3,31,5,5,True,Rochester,NY,43.157285,-77.615214,onsite,0.19999999999999996,0.5
17566082,85158978,29,0,business,2,5,0.4,916.6,7.054551419708901,0.2546111111111111,1.0,2.5,2.5,True,False,2,30,5,5,True,Naperville,IL,41.7728699,-88.1479278,onsite,0.0,0.0
17932464,93417103,29,2,personal,2,5,0.4,1303.8,12.21901594687028,0.36216666666666664,1.0,2.5,2.5,True,False,3,31,4,5,True,White Plains,NY,41.0339862,-73.7629097,onsite,0.0,0.0
66643743,21378986,29,13,personal,3,5,0.5,0.0,0.0,0.0,1.0,2.0,2.0,False,True,13,34,3,5,True,Chantilly,VA,38.885219,-77.4486772,online,0.0,0.0
50519688,31477599,29,15,personal,2,5,0.4,0.0,0.0,0.0,1.0,2.5,2.5,False,True,3,31,5,5,True,Charlotte,NC,35.2272086,-80.8430827,online,0.0,0.0
42879523,19453686,29,8,personal,1,4,0.333,0.0,0.0,0.0,1.0,3.003003003003003,3.003003003003003,False,True,2,30,3,4,True,Spokane,WA,47.6571934,-117.42351,online,0.0,0.0
95561381,73035281,29,15,personal,1,4,0.333,0.0,0.0,0.0,1.0,3.003003003003003,3.003003003003003,False,True,3,31,1,4,True,Boston,MA,42.3588336,-71.0578303,online,0.0,0.0
54636222,75276484,29,11,personal,1,4,0.333,0.0,0.0,0.0,1.0,3.003003003003003,3.003003003003003,False,True,3,31,3,4,True,Orlando,FL,28.5421218,-81.379045,online,0.0,0.0
56083320,76845443,29,0,personal,1,4,0.333,0.0,0.0,0.0,1.0,3.003003003003003,3.003003003003003,False,True,2,30,1,4,True,Marlton,NJ,39.9005585,-74.9338911,online,0.0,0.0
49267899,87944301,29,8,personal,1,4,0.333,0.0,0.0,0.0,1.0,3.003003003003003,3.003003003003003,False,True,2,30,4,4,True,Phoenix,AZ,33.4484367,-112.074141,online,0.0,0.0
87025921,88835179,29,0,personal,1,2,0.333,0.0,0.0,0.0,1.0,3.003003003003003,3.003003003003003,False,True,2,30,3,2,True,Knoxville,TN,35.9603948,-83.9210261,online,0.0,0.0
21204478,22920771,30,28,personal,4,3,8.0,13772.8,181.6336345740873,3.8257777777777777,0.6,0.125,0.075,True,False,21,35,3,3,True,Knoxville,TN,35.9603948,-83.9210261,onsite,0.4,0.05
69379844,56953807,30,3,personal,4,5,1.0,2748.6,29.30548099101248,0.7635,1.0,1.0,1.0,True,False,18,32,5,5,True,Chantilly,VA,38.885219,-77.4486772,onsite,0.0,0.0
15922412,92065055,30,23,personal,4,3,8.0,5248.8,54.19388272488666,1.458,1.0,0.125,0.125,True,False,20,34,3,3,True,Hartford,CT,41.764582,-72.6908547,onsite,0.0,0.0
10402032,38868304,30,0,personal,3,4,0.5,916.6,7.054551419708901,0.2546111111111111,1.0,2.0,2.0,True,False,15,36,4,4,True,Richardson,TX,32.9481789,-96.7297206,onsite,0.0,0.0
12272594,55699161,30,4,personal,3,3,0.5,10329.2,108.7467937246481,2.8692222222222226,1.0,2.0,2.0,True,False,10,31,2,3,True,Alpharetta,GA,34.0755962,-84.2945964,onsite,0.0,0.0
93750751,83320199,30,5,personal,3,5,0.5,7288.4,89.93788773562396,2.0245555555555557,1.0,2.0,2.0,True,False,13,34,5,5,True,Chantilly,VA,38.885219,-77.4486772,onsite,0.0,0.0
85893734,85977664,30,8,personal,3,4,0.5,2302.6,21.2982432593653,0.6396111111111111,1.0,2.0,2.0,True,False,11,32,4,4,True,Centennial,CO,39.579155,-104.8769227,onsite,0.0,0.0
22143269,41832880,30,0,personal,2,4,0.4,1948.2,17.3859659588006,0.5411666666666667,1.0,2.5,2.5,True,False,3,31,2,4,True,Brookfield,WI,43.0615578,-88.1260678,onsite,0.0,0.0
63418508,43809509,30,15,business,2,5,0.4,3086.6,27.56365326493279,0.8573888888888889,1.0,2.5,2.5,True,False,2,30,5,5,True,Melville,LA,30.6929653,-91.744004,onsite,0.0,0.0
17597223,53915976,30,0,personal,2,5,0.4,2479.4,26.11884096874254,0.6887222222222222,1.0,2.5,2.5,True,False,3,31,5,5,True,Troy,MI,42.6055893,-83.1499304,onsite,0.0,0.0
27096178,85559919,30,15,personal,2,4,0.4,1466.6,7.603843553646703,0.40738888888888886,1.0,2.5,2.5,True,False,3,31,4,4,True,Bedford,TX,32.844017,-97.1430671,onsite,0.0,0.0
18407947,93410999,30,0,personal,2,4,0.4,2479.4,26.11884096874254,0.6887222222222222,1.0,2.5,2.5,True,False,3,31,3,4,True,Oklahoma City,OK,35.4729886,-97.5170536,onsite,0.0,0.0
14343602,95279447,30,13,personal,3,3,0.5,0.0,0.0,0.0,1.0,2.0,2.0,False,True,14,35,0,3,True,Naperville,IL,41.7728699,-88.1479278,online,0.0,0.0
49267899,25350710,30,1,personal,2,4,0.4,0.0,0.0,0.0,1.0,2.5,2.5,False,True,3,31,4,4,True,Phoenix,AZ,33.4484367,-112.074141,online,0.0,0.0
38211857,20670989,30,15,personal,1,4,0.333,0.0,0.0,0.0,1.0,3.003003003003003,3.003003003003003,False,True,3,31,4,4,True,San Antonio,TX,29.4246002,-98.4951405,online,0.0,0.0
94671385,26258354,30,15,personal,1,4,0.333,0.0,0.0,0.0,1.0,3.003003003003003,3.003003003003003,False,True,4,32,3,4,True,Birmingham,AL,33.5206824,-86.8024326,online,0.0,0.0
46986893,34379279,30,15,personal,1,4,0.333,0.0,0.0,0.0,1.0,3.003003003003003,3.003003003003003,False,True,4,32,4,4,True,Indianapolis,IN,39.7683331,-86.1583502,online,0.0,0.0
87025921,36849606,30,15,personal,1,2,0.333,0.0,0.0,0.0,1.0,3.003003003003003,3.003003003003003,False,True,2,30,3,2,True,Knoxville,TN,35.9603948,-83.9210261,online,0.0,0.0
11494435,63187573,31,22,personal,4,3,8.0,14836.6,149.8881531853973,4.121277777777778,0.3999999999999999,0.125,0.04999999999999999,True,False,18,32,3,3,True,Charlotte,NC,35.2272086,-80.8430827,onsite,0.6000000000000001,0.07500000000000001
14582357,63187573,31,22,personal,4,3,8.0,14836.6,149.8881531853973,4.121277777777778,0.3999999999999999,0.125,0.04999999999999999,True,False,18,32,3,3,True,Charlotte,NC,35.2272086,-80.8430827,onsite,0.6000000000000001,0.07500000000000001
21204478,22920771,31,28,personal,4,3,8.0,13772.8,181.6336345740873,3.8257777777777777,0.6,0.125,0.075,True,False,21,35,3,3,True,Knoxville,TN,35.9603948,-83.9210261,onsite,0.4,0.05
15922412,92065055,31,23,personal,4,3,8.0,5248.8,54.19388272488666,1.458,1.0,0.125,0.125,True,False,20,34,3,3,True,Hartford,CT,41.764582,-72.6908547,onsite,0.0,0.0
11091566,32211722,31,0,personal,3,5,0.5,916.6,7.054551419708901,0.2546111111111111,1.0,2.0,2.0,True,False,10,31,5,5,True,Windsor,CA,38.5471327,-122.8163802,onsite,0.0,0.0
10541914,41807405,31,4,personal,3,3,0.5,9502.0,86.28944464328322,2.6394444444444445,1.0,2.0,2.0,True,False,10,31,2,3,True,Overland Park,KS,38.9742502,-94.6851702,onsite,0.0,0.0
11788873,69621229,31,0,personal,3,4,0.5,916.6,7.054551419708901,0.2546111111111111,1.0,2.0,2.0,True,False,15,36,2,4,True,Richardson,TX,32.9481789,-96.7297206,onsite,0.0,0.0
72859063,72621526,31,7,personal,3,4,0.5,4512.8,47.272429014555,1.2535555555555555,1.0,2.0,2.0,True,False,11,32,4,4,True,Richardson,TX,32.9481789,-96.7297206,onsite,0.0,0.0
96399702,14912519,31,9,personal,2,4,0.4,4478.0,56.55472043267319,1.2438888888888888,1.0,2.5,2.5,True,False,3,31,4,4,True,Richmond,VA,37.5385087,-77.43428,onsite,0.0,0.0
27328743,48114411,31,15,personal,2,4,0.4,1980.2,14.28743637158992,0.5500555555555555,1.0,2.5,2.5,True,False,4,32,4,4,True,Buffalo,NY,42.8864163,-78.8781493,onsite,0.0,0.0
87025921,84080874,31,24,personal,2,2,0.5,10351.8,105.9089914897001,2.8754999999999997,1.0,2.0,2.0,True,False,3,31,3,2,True,Knoxville,TN,35.9603948,-83.9210261,onsite,0.0,0.0
99474654,88517106,31,9,personal,2,4,0.4,9474.2,127.8416547363398,2.6317222222222223,1.0,2.5,2.5,True,False,3,31,4,4,True,Richmond,VA,37.5385087,-77.43428,onsite,0.0,0.0
10402032,90275645,31,0,personal,2,4,0.4,2479.4,26.11884096874254,0.6887222222222222,1.0,2.5,2.5,True,False,3,31,4,4,True,Richardson,TX,32.9481789,-96.7297206,onsite,0.0,0.0
53820765,17685121,31,17,personal,2,5,0.4,0.0,0.0,0.0,1.0,2.5,2.5,False,True,3,31,5,5,True,Buffalo,NY,42.8864163,-78.8781493,online,0.0,0.0
55188485,21167710,31,11,personal,2,5,0.4,0.0,0.0,0.0,1.0,2.5,2.5,False,True,3,31,5,5,True,Washington,DC,38.8950982,-77.0363849,online,0.0,0.0
55323900,23601340,31,8,personal,2,5,0.4,0.0,0.0,0.0,1.0,2.5,2.5,False,True,3,31,5,5,True,Chantilly,VA,38.885219,-77.4486772,online,0.0,0.0
41627842,27646906,31,7,personal,2,5,0.4,0.0,0.0,0.0,1.0,2.5,2.5,False,True,3,31,5,5,True,Hartford,CT,41.764582,-72.6908547,online,0.0,0.0
44538039,27711633,31,3,personal,2,5,0.4,0.0,0.0,0.0,1.0,2.5,2.5,False,True,3,31,5,5,True,Hamden,OH,39.1597938,-82.5268259,online,0.0,0.0
48417943,33147205,31,9,personal,2,5,0.4,0.0,0.0,0.0,1.0,2.5,2.5,False,True,3,31,5,5,True,Virtual,SC,34.1718723,-82.1564776,online,0.0,0.0
49267899,40809082,31,1,personal,2,4,0.4,0.0,0.0,0.0,1.0,2.5,2.5,False,True,3,31,4,4,True,Phoenix,AZ,33.4484367,-112.074141,online,0.0,0.0
50519688,43420345,31,6,personal,2,5,0.4,0.0,0.0,0.0,1.0,2.5,2.5,False,True,3,31,5,5,True,Charlotte,NC,35.2272086,-80.8430827,online,0.0,0.0
97120688,50341364,31,2,personal,2,5,0.4,0.0,0.0,0.0,1.0,2.5,2.5,False,True,3,31,5,5,True,Naperville,IL,41.7728699,-88.1479278,online,0.0,0.0
99766264,50960672,31,9,personal,2,4,0.4,0.0,0.0,0.0,1.0,2.5,2.5,False,True,3,31,3,4,True,Maryland Heights,MO,38.7150511,-90.435999,online,0.0,0.0
95870867,60462289,31,1,personal,2,5,0.4,0.0,0.0,0.0,1.0,2.5,2.5,False,True,3,31,5,5,True,Virtual,SC,34.1718723,-82.1564776,online,0.0,0.0
22286102,68068737,31,0,personal,2,5,0.4,0.0,0.0,0.0,1.0,2.5,2.5,False,True,3,31,5,5,True,Melville,LA,30.6929653,-91.744004,online,0.0,0.0
24186729,74465705,31,0,personal,2,5,0.4,0.0,0.0,0.0,1.0,2.5,2.5,False,True,3,31,5,5,True,Richmond,VA,37.5385087,-77.43428,online,0.0,0.0
26862623,95900829,31,2,personal,2,5,0.4,0.0,0.0,0.0,1.0,2.5,2.5,False,True,3,31,5,5,True,Overland Park,KS,38.9742502,-94.6851702,online,0.0,0.0
30721082,97394220,31,0,personal,2,5,0.4,0.0,0.0,0.0,1.0,2.5,2.5,False,True,3,31,5,5,True,Richardson,TX,32.9481789,-96.7297206,online,0.0,0.0
66643743,98828318,31,10,personal,2,5,0.4,0.0,0.0,0.0,1.0,2.5,2.5,False,True,3,31,3,5,True,Chantilly,VA,38.885219,-77.4486772,online,0.0,0.0
95561381,10341659,31,15,personal,1,4,0.333,0.0,0.0,0.0,1.0,3.003003003003003,3.003003003003003,False,True,3,31,1,4,True,Boston,MA,42.3588336,-71.0578303,online,0.0,0.0
90406456,40123897,31,9,personal,1,4,0.333,0.0,0.0,0.0,1.0,3.003003003003003,3.003003003003003,False,True,3,31,4,4,True,Albuquerque,NM,35.0841034,-106.650985,online,0.0,0.0
83212066,63650990,31,8,personal,1,4,0.333,0.0,0.0,0.0,1.0,3.003003003003003,3.003003003003003,False,True,3,31,0,4,True,Virtual,SC,34.1718723,-82.1564776,online,0.0,0.0
42270197,67520033,31,1,personal,1,4,0.333,0.0,0.0,0.0,1.0,3.003003003003003,3.003003003003003,False,True,3,31,3,4,True,San Antonio,TX,29.4246002,-98.4951405,online,0.0,0.0
34336521,70724497,31,8,personal,1,5,0.333,0.0,0.0,0.0,1.0,3.003003003003003,3.003003003003003,False,True,3,31,5,5,True,Omaha,NE,41.2587459,-95.9383758,online,0.0,0.0
42879523,84810658,31,8,personal,1,4,0.333,0.0,0.0,0.0,1.0,3.003003003003003,3.003003003003003,False,True,3,31,3,4,True,Spokane,WA,47.6571934,-117.42351,online,0.0,0.0
11494435,63187573,32,22,personal,4,3,8.0,14836.6,149.8881531853973,4.121277777777778,0.3999999999999999,0.125,0.04999999999999999,True,False,18,32,3,3,True,Charlotte,NC,35.2272086,-80.8430827,onsite,0.6000000000000001,0.07500000000000001
14582357,63187573,32,22,personal,4,3,8.0,14836.6,149.8881531853973,4.121277777777778,0.3999999999999999,0.125,0.04999999999999999,True,False,18,32,3,3,True,Charlotte,NC,35.2272086,-80.8430827,onsite,0.6000000000000001,0.07500000000000001
21204478,22920771,32,28,personal,4,3,8.0,13772.8,181.6336345740873,3.8257777777777777,0.6,0.125,0.075,True,False,21,35,3,3,True,Knoxville,TN,35.9603948,-83.9210261,onsite,0.4,0.05
17566082,65282607,32,0,personal,4,5,1.0,2479.4,26.11884096874254,0.6887222222222222,1.0,1.0,1.0,True,False,19,33,5,5,True,Naperville,IL,41.7728699,-88.1479278,onsite,0.0,0.0
17897712,13989168,32,13,personal,3,4,0.5,2544.4,15.32127376123439,0.7067777777777778,1.0,2.0,2.0,True,False,20,41,4,4,True,Richmond,VA,37.5385087,-77.43428,onsite,0.0,0.0
12272594,20177713,32,4,personal,3,3,0.5,6232.4,54.82581722739203,1.7312222222222222,1.0,2.0,2.0,True,False,13,34,2,3,True,Alpharetta,GA,34.0755962,-84.2945964,onsite,0.0,0.0
33519700,80870666,32,10,personal,3,4,0.5,4008.4,29.75485663723853,1.1134444444444445,1.0,2.0,2.0,True,False,18,39,3,4,True,Flowood,MS,32.3092861,-90.1386811,onsite,0.0,0.0
66643743,87249450,32,5,personal,3,5,0.5,5308.2,59.07823311858745,1.4745,1.0,2.0,2.0,True,False,11,32,3,5,True,Chantilly,VA,38.885219,-77.4486772,onsite,0.0,0.0
17597223,97569558,32,0,personal,3,5,0.5,916.6,7.054551419708901,0.2546111111111111,1.0,2.0,2.0,True,False,12,33,5,5,True,Troy,MI,42.6055893,-83.1499304,onsite,0.0,0.0
68291074,75395824,32,15,personal,2,5,0.4,1466.6,7.603843553646703,0.40738888888888886,1.0,2.5,2.5,True,False,4,32,5,5,True,Naperville,IL,41.7728699,-88.1479278,onsite,0.0,0.0
54636222,75719762,32,18,personal,2,4,0.4,7216.2,64.98672751133381,2.0045,1.0,2.5,2.5,True,False,4,32,3,4,True,Orlando,FL,28.5421218,-81.379045,onsite,0.0,0.0
69379844,84607862,32,3,personal,2,5,0.4,8586.8,122.0248747315676,2.385222222222222,1.0,2.5,2.5,True,False,4,32,5,5,True,Chantilly,VA,38.885219,-77.4486772,onsite,0.0,0.0
37113544,86576632,32,10,personal,2,4,0.4,7368.4,75.36872166547363,2.046777777777778,1.0,2.5,2.5,True,False,4,32,3,4,True,Overland Park,KS,38.9742502,-94.6851702,onsite,0.0,0.0
53820765,26347945,32,0,personal,3,5,0.5,0.0,0.0,0.0,1.0,2.0,2.0,False,True,11,32,5,5,True,Buffalo,NY,42.8864163,-78.8781493,online,0.0,0.0
55188485,34926876,32,0,personal,2,5,0.4,0.0,0.0,0.0,1.0,2.5,2.5,False,True,12,40,5,5,True,Washington,DC,38.8950982,-77.0363849,online,0.0,0.0
59430808,11928202,32,15,personal,1,4,0.333,0.0,0.0,0.0,1.0,3.003003003003003,3.003003003003003,False,True,6,34,2,4,True,Albany,NY,42.6511674,-73.754968,online,0.0,0.0
34174328,25193138,32,15,personal,1,4,0.333,0.0,0.0,0.0,1.0,3.003003003003003,3.003003003003003,False,True,6,34,2,4,True,Alpharetta,GA,34.0755962,-84.2945964,online,0.0,0.0
55323900,33007303,32,0,personal,1,5,0.333,0.0,0.0,0.0,1.0,3.003003003003003,3.003003003003003,False,True,4,32,5,5,True,Chantilly,VA,38.885219,-77.4486772,online,0.0,0.0
92680761,45882137,32,0,personal,1,4,0.333,0.0,0.0,0.0,1.0,3.003003003003003,3.003003003003003,False,True,4,32,4,4,True,Richardson,TX,32.9481789,-96.7297206,online,0.0,0.0
93222266,50173728,32,15,personal,1,4,0.333,0.0,0.0,0.0,1.0,3.003003003003003,3.003003003003003,False,True,6,34,2,4,True,Richmond,VA,37.5385087,-77.43428,online,0.0,0.0
15483039,51730988,32,4,personal,1,4,0.333,0.0,0.0,0.0,1.0,3.003003003003003,3.003003003003003,False,True,4,32,4,4,True,Richardson,TX,32.9481789,-96.7297206,online,0.0,0.0
15688459,58949952,32,15,personal,1,4,0.333,0.0,0.0,0.0,1.0,3.003003003003003,3.003003003003003,False,True,4,32,4,4,True,Melville,LA,30.6929653,-91.744004,online,0.0,0.0
94671385,71499375,32,15,personal,1,4,0.333,0.0,0.0,0.0,1.0,3.003003003003003,3.003003003003003,False,True,4,32,3,4,True,Birmingham,AL,33.5206824,-86.8024326,online,0.0,0.0
20682406,74345842,32,8,personal,1,4,0.333,0.0,0.0,0.0,1.0,3.003003003003003,3.003003003003003,False,True,4,32,4,4,True,Chantilly,VA,38.885219,-77.4486772,online,0.0,0.0
99766264,77583238,32,15,personal,1,4,0.333,0.0,0.0,0.0,1.0,3.003003003003003,3.003003003003003,False,True,4,32,3,4,True,Maryland Heights,MO,38.7150511,-90.435999,online,0.0,0.0
35386202,83921644,32,15,personal,1,4,0.333,0.0,0.0,0.0,1.0,3.003003003003003,3.003003003003003,False,True,4,32,4,4,True,Phoenix,AZ,33.4484367,-112.074141,online,0.0,0.0
42270197,85713053,32,15,personal,1,4,0.333,0.0,0.0,0.0,1.0,3.003003003003003,3.003003003003003,False,True,4,32,3,4,True,San Antonio,TX,29.4246002,-98.4951405,online,0.0,0.0
42879523,88414660,32,3,personal,1,4,0.333,0.0,0.0,0.0,1.0,3.003003003003003,3.003003003003003,False,True,4,32,3,4,True,Spokane,WA,47.6571934,-117.42351,online,0.0,0.0
38211857,98475746,32,15,personal,1,4,0.333,0.0,0.0,0.0,1.0,3.003003003003003,3.003003003003003,False,True,4,32,4,4,True,San Antonio,TX,29.4246002,-98.4951405,online,0.0,0.0
95664184,24031181,33,9,personal,4,4,1.333,4478.0,56.55472043267319,1.2438888888888888,1.0,0.7501875468867217,0.7501875468867217,True,False,22,36,4,4,True,Naperville,IL,41.7728699,-88.1479278,onsite,0.0,0.0
96399702,24031181,33,9,personal,4,4,1.333,4478.0,56.55472043267319,1.2438888888888888,1.0,0.7501875468867217,0.7501875468867217,True,False,22,36,4,4,True,Richmond,VA,37.5385087,-77.43428,onsite,0.0,0.0
21204478,22920771,33,28,personal,4,3,8.0,13772.8,181.6336345740873,3.8257777777777777,0.6,0.125,0.075,True,False,21,35,3,3,True,Knoxville,TN,35.9603948,-83.9210261,onsite,0.4,0.05
15922412,92065055,33,23,personal,4,3,8.0,5248.8,54.19388272488666,1.458,1.0,0.125,0.125,True,False,20,34,3,3,True,Hartford,CT,41.764582,-72.6908547,onsite,0.0,0.0
10541914,16556769,33,4,personal,3,3,0.5,9502.0,86.28944464328322,2.6394444444444445,1.0,2.0,2.0,True,False,12,33,2,3,True,Overland Park,KS,38.9742502,-94.6851702,onsite,0.0,0.0
99474654,18407150,33,9,personal,3,4,0.5,3010.4,39.4256293247435,0.8362222222222222,1.0,2.0,2.0,True,False,21,42,4,4,True,Richmond,VA,37.5385087,-77.43428,onsite,0.0,0.0
85342366,49788980,33,8,personal,3,4,0.5,2278.8,27.19704426151277,0.633,1.0,2.0,2.0,True,False,12,33,4,4,True,Richardson,TX,32.9481789,-96.7297206,onsite,0.0,0.0
84017238,68639486,33,5,personal,3,5,0.5,6952.8,76.93644118348843,1.9313333333333333,1.0,2.0,2.0,True,False,20,41,5,5,True,Rochester,NY,43.157285,-77.615214,onsite,0.0,0.0
17621023,79604516,33,0,personal,3,4,0.5,7011.2,80.21504414220949,1.9475555555555555,1.0,2.0,2.0,True,False,12,33,3,4,True,Alpharetta,GA,34.0755962,-84.2945964,onsite,0.0,0.0
18336561,98966942,33,25,business,3,3,0.5,12055.8,155.2525749622206,3.3488333333333333,0.8,2.0,1.6,True,False,13,34,3,3,True,South Portland,ME,43.6382443,-70.2529189,onsite,0.19999999999999996,0.3999999999999999
46986893,14016899,33,0,personal,3,4,0.5,0.0,0.0,0.0,1.0,2.0,2.0,False,True,12,33,4,4,True,Indianapolis,IN,39.7683331,-86.1583502,online,0.0,0.0
41627842,49316395,33,15,personal,2,5,0.4,0.0,0.0,0.0,1.0,2.5,2.5,False,True,8,36,5,5,True,Hartford,CT,41.764582,-72.6908547,online,0.0,0.0
44538039,92521157,33,11,personal,2,5,0.4,0.0,0.0,0.0,1.0,2.5,2.5,False,True,7,35,5,5,True,Hamden,OH,39.1597938,-82.5268259,online,0.0,0.0
49267899,23641394,33,15,personal,1,4,0.333,0.0,0.0,0.0,1.0,3.003003003003003,3.003003003003003,False,True,5,33,4,4,True,Phoenix,AZ,33.4484367,-112.074141,online,0.0,0.0
85598668,33042420,33,9,personal,1,4,0.333,0.0,0.0,0.0,1.0,3.003003003003003,3.003003003003003,False,True,5,33,4,4,True,Hunt Valley,MD,39.4962709,-76.6542571,online,0.0,0.0
56083320,75219971,33,0,personal,1,4,0.333,0.0,0.0,0.0,1.0,3.003003003003003,3.003003003003003,False,True,5,33,1,4,True,Marlton,NJ,39.9005585,-74.9338911,online,0.0,0.0
85893734,75944436,33,15,personal,1,4,0.333,0.0,0.0,0.0,1.0,3.003003003003003,3.003003003003003,False,True,6,34,4,4,True,Centennial,CO,39.579155,-104.8769227,online,0.0,0.0
95561381,79028590,33,0,personal,1,4,0.333,0.0,0.0,0.0,1.0,3.003003003003003,3.003003003003003,False,True,5,33,1,4,True,Boston,MA,42.3588336,-71.0578303,online,0.0,0.0
90406456,82499615,33,8,personal,1,4,0.333,0.0,0.0,0.0,1.0,3.003003003003003,3.003003003003003,False,True,5,33,4,4,True,Albuquerque,NM,35.0841034,-106.650985,online,0.0,0.0
48417943,88384460,33,15,personal,1,5,0.333,0.0,0.0,0.0,1.0,3.003003003003003,3.003003003003003,False,True,5,33,5,5,True,Virtual,SC,34.1718723,-82.1564776,online,0.0,0.0
21204478,22920771,34,28,personal,4,3,8.0,13772.8,181.6336345740873,3.8257777777777777,0.6,0.125,0.075,True,False,21,35,3,3,True,Knoxville,TN,35.9603948,-83.9210261,onsite,0.4,0.05
45459060,39643871,34,2,personal,3,4,0.5,7326.8,92.47954446035153,2.0352222222222225,1.0,2.0,2.0,True,False,14,35,4,4,True,Rancho Cordova,CA,38.5890723,-121.302728,onsite,0.0,0.0
33113383,55953788,34,15,personal,3,4,0.5,1466.6,7.603843553646703,0.40738888888888886,1.0,2.0,2.0,True,False,19,40,4,4,True,Independence,MO,39.0924792,-94.4137923,onsite,0.0,0.0
63932904,88548885,34,3,personal,3,4,0.5,8867.6,124.0587469179989,2.4632222222222224,1.0,2.0,2.0,True,False,14,35,3,4,True,Buffalo,NY,42.8864163,-78.8781493,onsite,0.0,0.0
10615629,94636605,34,12,personal,3,3,0.5,2513.6,23.47092977014237,0.6982222222222222,1.0,2.0,2.0,True,False,20,41,3,3,True,Virtual,SC,34.1718723,-82.1564776,onsite,0.0,0.0
93750751,10611609,34,5,personal,2,5,0.4,4890.4,53.34484112781357,1.3584444444444443,1.0,2.5,2.5,True,False,6,34,5,5,True,Chantilly,VA,38.885219,-77.4486772,onsite,0.0,0.0
18407947,28941777,34,0,personal,2,4,0.4,1948.2,17.3859659588006,0.5411666666666667,1.0,2.5,2.5,True,False,6,34,3,4,True,Oklahoma City,OK,35.4729886,-97.5170536,onsite,0.0,0.0
84017238,68076342,34,5,personal,2,5,0.4,3177.4,35.92606677006283,0.8826111111111111,1.0,2.5,2.5,True,False,7,35,5,5,True,Rochester,NY,43.157285,-77.615214,onsite,0.0,0.0
70853633,18870797,34,0,personal,2,5,0.4,0.0,0.0,0.0,1.0,2.5,2.5,False,True,20,48,4,5,True,Saint Paul,MN,44.9497487,-93.0931028,online,0.0,0.0
26130629,16273803,34,14,personal,1,5,0.333,0.0,0.0,0.0,1.0,3.003003003003003,3.003003003003003,False,True,12,40,4,5,True,Houston,TX,29.7589382,-95.3676974,online,0.0,0.0
21204478,22920771,35,28,personal,4,3,8.0,13772.8,181.6336345740873,3.8257777777777777,0.6,0.125,0.075,True,False,21,35,3,3,True,Knoxville,TN,35.9603948,-83.9210261,onsite,0.4,0.05
12272594,43125894,35,4,personal,3,3,0.5,5197.8,47.45896464646464,1.4438333333333333,1.0,2.0,2.0,True,False,18,39,2,3,True,Alpharetta,GA,34.0755962,-84.2945964,onsite,0.0,0.0
10402032,49946138,35,0,business,3,4,0.5,916.6,7.054551419708901,0.2546111111111111,1.0,2.0,2.0,True,False,14,35,4,4,True,Richardson,TX,32.9481789,-96.7297206,onsite,0.0,0.0
93750751,77500327,35,5,personal,3,5,0.5,2674.2,28.65875785413187,0.7428333333333332,1.0,2.0,2.0,True,False,14,35,5,5,True,Chantilly,VA,38.885219,-77.4486772,onsite,0.0,0.0
70275620,90268490,35,3,personal,3,4,0.5,4311.2,53.77408434741112,1.1975555555555555,1.0,2.0,2.0,True,False,22,43,3,4,True,Hartford,CT,41.764582,-72.6908547,onsite,0.0,0.0
84017238,95649856,35,5,personal,3,5,0.5,7234.0,99.68471625705877,2.0094444444444446,1.0,2.0,2.0,True,False,19,40,5,5,True,Rochester,NY,43.157285,-77.615214,onsite,0.0,0.0
83212066,77519131,35,5,personal,3,4,0.5,0.0,0.0,0.0,1.0,2.0,2.0,False,True,20,41,0,4,True,Virtual,SC,34.1718723,-82.1564776,online,0.0,0.0
66643743,35027658,35,2,personal,2,5,0.4,0.0,0.0,0.0,1.0,2.5,2.5,False,True,10,38,3,5,True,Chantilly,VA,38.885219,-77.4486772,online,0.0,0.0
54636222,26561241,35,1,personal,1,4,0.333,0.0,0.0,0.0,1.0,3.003003003003003,3.003003003003003,False,True,7,35,3,4,True,Orlando,FL,28.5421218,-81.379045,online,0.0,0.0
50519688,50634251,35,0,personal,1,5,0.333,0.0,0.0,0.0,1.0,3.003003003003003,3.003003003003003,False,True,7,35,5,5,True,Charlotte,NC,35.2272086,-80.8430827,online,0.0,0.0
10541914,70749121,36,4,personal,3,3,0.5,6232.4,54.82581722739203,1.7312222222222222,1.0,2.0,2.0,True,False,21,42,2,3,True,Overland Park,KS,38.9742502,-94.6851702,onsite,0.0,0.0
83212066,12088234,36,14,personal,3,4,0.5,0.0,0.0,0.0,1.0,2.0,2.0,False,True,19,40,0,4,True,Virtual,SC,34.1718723,-82.1564776,online,0.0,0.0
53820765,15735237,36,8,personal,2,5,0.4,0.0,0.0,0.0,1.0,2.5,2.5,False,True,13,41,5,5,True,Buffalo,NY,42.8864163,-78.8781493,online,0.0,0.0
55188485,46023767,36,0,personal,2,5,0.4,0.0,0.0,0.0,1.0,2.5,2.5,False,True,13,41,5,5,True,Washington,DC,38.8950982,-77.0363849,online,0.0,0.0
55323900,27266096,36,0,personal,1,5,0.333,0.0,0.0,0.0,1.0,3.003003003003003,3.003003003003003,False,True,8,36,5,5,True,Chantilly,VA,38.885219,-77.4486772,online,0.0,0.0
95664184,71140260,37,9,personal,3,4,0.5,14627.8,176.473892467987,4.0632777777777775,0.3999999999999999,2.0,0.7999999999999998,True,False,22,43,4,4,True,Naperville,IL,41.7728699,-88.1479278,onsite,0.6000000000000001,1.2000000000000002
96399702,71140260,37,9,personal,3,4,0.5,14627.8,176.473892467987,4.0632777777777775,0.3999999999999999,2.0,0.7999999999999998,True,False,22,43,4,4,True,Richmond,VA,37.5385087,-77.43428,onsite,0.6000000000000001,1.2000000000000002
10402032,66233106,37,0,personal,3,4,0.5,4092.2,50.24544162093375,1.1367222222222222,1.0,2.0,2.0,True,False,20,41,4,4,True,Richardson,TX,32.9481789,-96.7297206,onsite,0.0,0.0
12272594,71958391,37,4,personal,3,3,0.5,9502.0,86.28944464328322,2.6394444444444445,1.0,2.0,2.0,True,False,19,40,2,3,True,Alpharetta,GA,34.0755962,-84.2945964,onsite,0.0,0.0
33522459,99544326,37,15,personal,2,4,0.4,1943.0,17.70932752724091,0.5397222222222222,1.0,2.5,2.5,True,False,20,48,4,4,True,Knoxville,TN,35.9603948,-83.9210261,onsite,0.0,0.0
83212066,43229515,37,7,personal,2,4,0.4,0.0,0.0,0.0,1.0,2.5,2.5,False,True,18,46,0,4,True,Virtual,SC,34.1718723,-82.1564776,online,0.0,0.0
97120688,44191158,37,5,personal,2,5,0.4,0.0,0.0,0.0,1.0,2.5,2.5,False,True,9,37,5,5,True,Naperville,IL,41.7728699,-88.1479278,online,0.0,0.0
81396769,11098869,37,0,personal,1,4,0.333,0.0,0.0,0.0,1.0,3.003003003003003,3.003003003003003,False,True,10,38,3,4,True,Maryland Heights,MO,38.7150511,-90.435999,online,0.0,0.0
81400507,42074158,37,15,personal,1,4,0.333,0.0,0.0,0.0,1.0,3.003003003003003,3.003003003003003,False,True,10,38,3,4,True,Maryland Heights,MO,38.7150511,-90.435999,online,0.0,0.0
94671385,46779660,37,0,personal,1,4,0.333,0.0,0.0,0.0,1.0,3.003003003003003,3.003003003003003,False,True,10,38,3,4,True,Birmingham,AL,33.5206824,-86.8024326,online,0.0,0.0
93750751,65520411,38,5,personal,3,5,0.5,6628.0,70.5429044380816,1.8411111111111111,1.0,2.0,2.0,True,False,21,42,5,5,True,Chantilly,VA,38.885219,-77.4486772,onsite,0.0,0.0
17621023,67219441,38,0,personal,3,4,0.5,916.6,7.054551419708901,0.2546111111111111,1.0,2.0,2.0,True,False,18,39,3,4,True,Alpharetta,GA,34.0755962,-84.2945964,onsite,0.0,0.0
66643743,70104926,38,9,personal,3,5,0.5,0.0,0.0,0.0,1.0,2.0,2.0,False,True,20,41,3,5,True,Chantilly,VA,38.885219,-77.4486772,online,0.0,0.0
70853633,75203309,38,0,personal,3,5,0.5,0.0,0.0,0.0,1.0,2.0,2.0,False,True,21,42,4,5,True,Saint Paul,MN,44.9497487,-93.0931028,online,0.0,0.0
79478179,83429720,38,14,personal,3,5,0.5,0.0,0.0,0.0,1.0,2.0,2.0,False,True,20,41,3,5,True,Indianapolis,IN,39.7683331,-86.1583502,online,0.0,0.0
99766264,89592983,38,3,personal,3,4,0.5,0.0,0.0,0.0,1.0,2.0,2.0,False,True,18,39,3,4,True,Maryland Heights,MO,38.7150511,-90.435999,online,0.0,0.0
42270197,71615680,39,17,personal,1,4,0.333,0.0,0.0,0.0,1.0,3.003003003003003,3.003003003003003,False,True,21,49,3,4,True,San Antonio,TX,29.4246002,-98.4951405,online,0.0,0.0
10541914,34612411,40,4,personal,3,3,0.5,9502.0,86.28944464328322,2.6394444444444445,1.0,2.0,2.0,True,False,19,40,2,3,True,Overland Park,KS,38.9742502,-94.6851702,onsite,0.0,0.0
18407947,50403060,40,0,personal,3,4,0.5,2479.4,26.11884096874254,0.6887222222222222,1.0,2.0,2.0,True,False,19,40,3,4,True,Oklahoma City,OK,35.4729886,-97.5170536,onsite,0.0,0.0
49546630,68714832,40,17,personal,3,4,0.5,4508.2,47.35184025292293,1.2522777777777778,1.0,2.0,2.0,True,False,20,41,3,4,True,Alpharetta,GA,34.0755962,-84.2945964,onsite,0.0,0.0
59430808,90092190,40,10,personal,3,4,0.5,0.0,0.0,0.0,1.0,2.0,2.0,False,True,19,40,2,4,True,Albany,NY,42.6511674,-73.754968,online,0.0,0.0
83212066,84318564,40,11,personal,1,4,0.333,0.0,0.0,0.0,1.0,3.003003003003003,3.003003003003003,False,True,13,41,0,4,True,Virtual,SC,34.1718723,-82.1564776,online,0.0,0.0
10402032,53619360,41,0,business,3,4,0.5,916.6,7.054551419708901,0.2546111111111111,1.0,2.0,2.0,True,False,20,41,4,4,True,Richardson,TX,32.9481789,-96.7297206,onsite,0.0,0.0
17932464,52201538,42,2,personal,3,5,0.5,1303.8,12.21901594687028,0.36216666666666664,1.0,2.0,2.0,True,False,21,42,4,5,True,White Plains,NY,41.0339862,-73.7629097,onsite,0.0,0.0
59321509,92812584,46,15,personal,2,5,0.4,1466.6,7.603843553646703,0.40738888888888886,1.0,2.5,2.5,True,False,18,46,5,5,True,Brookfield,WI,43.0615578,-88.1260678,onsite,0.0,0.0
