claim_id,claim_type,severity,arrival_date,arrival_day,due_date,due_day,sla_days,onsite,online,lat,lon,cluster_id,completed,completion_day,days_to_complete,completed_on_time,total_workdays,n_adjusters_used,total_effective_progress
25266097,personal,3,2023-12-10,2,2023-12-31,23,21,True,False,33.4653,-86.8082,8,True,17.0,16.0,True,1.0,1.0,2.0
86498344,personal,5,2023-12-10,2,2023-12-17,9,7,True,False,33.4653,-86.8082,8,True,9.0,8.0,True,5.0,4.0,1.0
11851998,personal,5,2023-12-11,3,2023-12-18,10,7,True,False,33.4459,-86.7502,8,True,10.0,8.0,True,8.0,4.0,1.0
15735237,personal,2,2023-12-21,13,2024-01-18,41,28,False,True,34.7561,-87.6304,8,True,36.0,24.0,True,1.0,1.0,2.5
50814161,personal,3,2023-12-10,2,2023-12-31,23,21,True,False,33.9382,-84.5403,5,True,23.0,22.0,True,1.0,1.0,2.0
77500327,personal,3,2023-12-22,14,2024-01-12,35,21,True,False,33.8796,-84.5023,5,True,35.0,22.0,True,1.0,1.0,2.0
16556769,personal,3,2023-12-20,12,2024-01-10,33,21,True,False,34.256,-90.6348,4,True,33.0,22.0,True,1.0,1.0,2.0
34612411,personal,3,2023-12-27,19,2024-01-17,40,21,True,False,34.256,-90.6348,4,True,40.0,22.0,True,1.0,1.0,2.0
70724497,personal,1,2023-12-11,3,2024-01-08,31,28,False,True,33.468,-87.0924,8,True,31.0,29.0,True,1.0,1.0,3.003003003003003
91148787,business,4,2023-12-13,5,2023-12-27,19,14,True,False,33.4653,-86.8082,8,True,16.0,12.0,True,2.0,2.0,1.5003750937734435
38219062,business,4,2023-12-10,2,2023-12-24,16,14,True,False,33.4653,-86.8082,8,True,14.0,13.0,True,1.0,1.0,1.0
80622748,business,3,2023-12-11,3,2024-01-01,24,21,True,False,33.506,-86.893,8,True,24.0,22.0,True,1.0,1.0,2.0
68884875,personal,5,2023-12-11,3,2023-12-18,10,7,True,False,33.5066,-86.7428,8,True,10.0,8.0,True,5.0,4.0,1.125
39099817,personal,5,2023-12-10,2,2023-12-17,9,7,True,False,33.4459,-86.7502,8,True,9.0,8.0,True,6.0,5.0,1.0
61420255,personal,2,2023-12-10,2,2024-01-07,30,28,False,True,33.3967,-86.8346,8,True,26.0,25.0,True,1.0,1.0,2.5
91518992,personal,2,2023-12-10,2,2024-01-07,30,28,True,False,33.1934,-86.7944,8,True,28.0,27.0,True,1.0,1.0,2.5
87944301,personal,1,2023-12-10,2,2024-01-07,30,28,False,True,33.4653,-86.8082,8,True,29.0,28.0,True,1.0,1.0,3.003003003003003
56237691,personal,3,2023-12-10,2,2023-12-31,23,21,True,False,33.3813,-86.7046,8,True,16.0,15.0,True,1.0,1.0,2.0
23601340,personal,2,2023-12-11,3,2024-01-08,31,28,False,True,33.4995,-86.7268,8,True,31.0,29.0,True,1.0,1.0,2.5
21927237,personal,4,2023-12-11,3,2023-12-25,17,14,True,False,33.5283,-86.5748,8,True,12.0,10.0,True,1.0,1.0,1.0
16490446,personal,5,2023-12-11,3,2023-12-18,10,7,True,False,33.4653,-86.8082,8,True,10.0,8.0,True,8.0,6.0,1.0
28507914,personal,5,2023-12-11,3,2023-12-18,10,7,True,False,33.5179,-86.8372,8,True,10.0,8.0,True,8.0,4.0,1.0
18220423,personal,3,2023-12-11,3,2024-01-01,24,21,True,False,33.4188,-86.7867,8,True,21.0,19.0,True,1.0,1.0,2.0
24373649,personal,3,2023-12-11,3,2024-01-01,24,21,True,False,33.4653,-86.8082,8,True,21.0,19.0,True,1.0,1.0,2.0
17641361,personal,3,2023-12-12,4,2024-01-02,25,21,False,True,34.048,-85.9246,8,True,23.0,20.0,True,1.0,1.0,2.0
85132818,personal,5,2023-12-12,4,2023-12-19,11,7,True,False,33.4523,-86.8935,8,True,11.0,8.0,True,5.0,4.0,1.125
74345842,personal,1,2023-12-12,4,2024-01-09,32,28,False,True,33.4188,-86.7867,8,True,32.0,29.0,True,1.0,1.0,3.003003003003003
73510252,personal,3,2023-12-12,4,2024-01-02,25,21,False,True,33.4653,-86.8082,8,True,15.0,12.0,True,1.0,1.0,2.0
38858223,personal,3,2023-12-12,4,2024-01-02,25,21,False,True,33.4995,-86.7268,8,True,24.0,21.0,True,1.0,1.0,2.0
14733569,personal,3,2023-12-13,5,2024-01-03,26,21,True,False,33.2663,-86.902,8,True,26.0,22.0,True,1.0,1.0,2.0
82499615,personal,1,2023-12-13,5,2024-01-10,33,28,False,True,33.3967,-86.8346,8,True,33.0,29.0,True,1.0,1.0,3.003003003003003
46063759,personal,4,2023-12-13,5,2023-12-27,19,14,True,False,33.3813,-86.7046,8,True,12.0,8.0,True,1.0,1.0,1.0
82005893,personal,3,2023-12-13,5,2024-01-03,26,21,False,True,33.4653,-86.8082,8,True,26.0,22.0,True,1.0,1.0,2.0
53663111,personal,3,2023-12-13,5,2024-01-03,26,21,False,True,33.5887,-86.765,8,True,26.0,22.0,True,1.0,1.0,2.0
11367941,personal,2,2023-12-13,5,2024-01-10,33,28,False,True,33.4188,-86.7867,8,True,26.0,22.0,True,1.0,1.0,2.5
48663814,personal,3,2023-12-14,6,2024-01-04,27,21,True,False,33.4459,-86.7502,8,True,22.0,17.0,True,1.0,1.0,2.0
65254349,personal,3,2023-12-14,6,2024-01-04,27,21,True,False,33.4188,-86.7867,8,True,22.0,17.0,True,1.0,1.0,2.0
62831133,personal,2,2023-12-14,6,2024-01-11,34,28,False,True,33.4653,-86.8082,8,True,26.0,21.0,True,1.0,1.0,2.5
75245436,personal,3,2023-12-14,6,2024-01-04,27,21,True,False,33.4653,-86.8082,8,True,22.0,17.0,True,1.0,1.0,2.0
35327743,personal,3,2023-12-15,7,2024-01-05,28,21,True,False,33.5452,-86.6655,8,True,26.0,20.0,True,1.0,1.0,2.0
10147967,personal,4,2023-12-15,7,2023-12-29,21,14,True,False,33.3967,-86.8346,8,True,14.0,8.0,True,2.0,2.0,1.5003750937734435
93155186,personal,3,2023-12-18,10,2024-01-08,31,21,True,False,33.4995,-86.7268,8,True,20.0,11.0,True,1.0,1.0,2.0
92804299,personal,4,2023-12-19,11,2024-01-02,25,14,True,False,33.2317,-86.8727,8,True,21.0,11.0,True,1.0,1.0,1.0
85977664,personal,3,2023-12-19,11,2024-01-09,32,21,True,False,33.4995,-86.7268,8,True,30.0,20.0,True,1.0,1.0,2.0
49788980,personal,3,2023-12-20,12,2024-01-10,33,21,True,False,33.5409,-86.7495,8,True,33.0,22.0,True,1.0,1.0,2.0
84810658,personal,1,2023-12-11,3,2024-01-08,31,28,False,True,33.5066,-86.7428,8,True,31.0,29.0,True,1.0,1.0,3.003003003003003
38283677,personal,2,2023-12-10,2,2024-01-07,30,28,False,True,33.4995,-86.7268,8,True,25.0,24.0,True,1.0,1.0,2.5
86054113,personal,3,2023-12-12,4,2024-01-02,25,21,True,False,34.7561,-87.6304,25,True,25.0,22.0,True,1.0,1.0,1.6
21868312,personal,4,2023-12-11,3,2023-12-25,17,14,True,False,34.9186,-87.6136,25,True,17.0,15.0,True,14.0,3.0,1.05
74536715,personal,5,2023-12-10,2,2023-12-17,9,7,True,False,32.8101,-84.696,5,True,9.0,8.0,True,5.0,3.0,1.0
59197831,personal,5,2023-12-12,4,2023-12-19,11,7,True,False,32.5768,-85.312,22,False,,,False,,,
58114394,personal,4,2023-12-14,6,2023-12-28,20,14,True,False,32.79,-84.5654,5,True,20.0,15.0,True,2.0,1.0,1.2
63187573,personal,4,2023-12-26,18,2024-01-09,32,14,True,False,32.5161,-84.9785,22,True,32.0,15.0,True,24.0,2.0,1.1999999999999997
60766474,personal,5,2023-12-12,4,2023-12-19,11,7,True,False,34.5299,-83.9798,5,True,11.0,8.0,True,4.0,3.0,1.0
20628615,personal,2,2023-12-13,5,2024-01-10,33,28,False,True,34.2897,-84.1796,5,True,26.0,22.0,True,1.0,1.0,2.5
54172692,personal,4,2023-12-21,13,2024-01-04,27,14,True,False,33.9321,-83.3525,5,True,25.0,13.0,True,2.0,2.0,1.6
46932570,personal,4,2023-12-22,14,2024-01-05,28,14,True,False,33.9883,-83.8795,5,True,26.0,13.0,True,1.0,1.0,1.0
77519131,personal,3,2023-12-28,20,2024-01-18,41,21,False,True,33.9883,-83.8795,5,True,35.0,16.0,True,1.0,1.0,2.0
74987065,personal,3,2023-12-11,3,2024-01-01,24,21,True,False,31.2137,-82.3557,11,True,24.0,22.0,True,2.0,1.0,1.7991004497751122
86736844,personal,5,2023-12-12,4,2023-12-19,11,7,True,False,32.296,-81.2354,11,,,,,,,
23422253,personal,4,2023-12-13,5,2023-12-27,19,14,True,False,32.296,-81.2354,11,,,,,,,
84318564,personal,1,2023-12-21,13,2024-01-18,41,28,False,True,32.1491,-81.1632,11,True,40.0,28.0,True,1.0,1.0,3.003003003003003
22920771,personal,4,2023-12-29,21,2024-01-12,35,14,True,False,32.546,-83.6047,28,True,35.0,15.0,True,14.0,1.0,1.05
60657955,personal,3,2023-12-10,2,2023-12-31,23,21,True,False,30.9913,-83.3727,28,True,5.0,4.0,True,1.0,1.0,2.0
11928999,personal,3,2023-12-10,2,2023-12-31,23,21,True,False,33.4737,-82.0131,21,True,22.0,21.0,True,1.0,1.0,1.4992503748125936
29844145,personal,5,2023-12-19,11,2023-12-26,18,7,True,False,31.8513,-81.6072,11,False,,,False,,,
47562933,personal,3,2023-12-09,1,2023-12-30,22,21,True,False,33.9367,-83.9573,5,True,19.0,19.0,True,1.0,1.0,2.0
10611609,personal,2,2023-12-14,6,2024-01-11,34,28,True,False,34.0268,-84.2422,5,True,34.0,29.0,True,1.0,1.0,2.5
87249450,personal,3,2023-12-19,11,2024-01-09,32,21,True,False,34.1124,-84.302,5,True,32.0,22.0,True,1.0,1.0,2.0
37341972,personal,4,2023-12-10,2,2023-12-24,16,14,True,False,33.832,-84.3851,5,True,14.0,13.0,True,2.0,2.0,2.0
86588848,personal,5,2023-12-11,3,2023-12-18,10,7,True,False,33.6954,-84.2489,5,True,5.0,3.0,True,4.0,3.0,1.0
68299199,personal,3,2023-12-12,4,2024-01-02,25,21,True,False,33.7467,-84.3781,5,True,24.0,21.0,True,1.0,1.0,2.0
51594690,personal,3,2023-12-11,3,2024-01-01,24,21,False,True,33.7498,-84.3169,5,True,23.0,21.0,True,1.0,1.0,2.0
15132122,personal,3,2023-12-10,2,2023-12-31,23,21,True,False,33.4944,-84.3797,5,True,22.0,21.0,True,1.0,1.0,2.0
73036050,personal,2,2023-12-11,3,2024-01-08,31,28,True,False,32.9978,-84.4558,5,True,29.0,27.0,True,1.0,1.0,2.0
89714924,personal,4,2023-12-11,3,2023-12-25,17,14,True,False,33.5242,-84.359,5,True,16.0,14.0,True,1.0,1.0,1.0
15522364,personal,4,2023-12-11,3,2023-12-25,17,14,True,False,33.6166,-84.2939,5,True,15.0,13.0,True,1.0,1.0,1.0
60306763,personal,4,2023-12-12,4,2023-12-26,18,14,True,False,33.7883,-83.7013,5,True,18.0,15.0,True,1.0,1.0,1.0
72644250,personal,5,2023-12-13,5,2023-12-20,12,7,True,False,33.5531,-84.4003,5,True,12.0,8.0,True,4.0,3.0,1.0
94982348,personal,3,2023-12-13,5,2024-01-03,26,21,True,False,33.6115,-84.3745,5,True,21.0,17.0,True,1.0,1.0,2.0
44191158,personal,2,2023-12-17,9,2024-01-14,37,28,False,True,33.3915,-84.5635,5,True,37.0,29.0,True,1.0,1.0,2.5
38796223,personal,3,2023-12-18,10,2024-01-08,31,21,True,False,33.5146,-83.8626,5,True,29.0,20.0,True,1.0,1.0,2.0
83320199,personal,3,2023-12-21,13,2024-01-11,34,21,True,False,33.2845,-84.5918,5,True,30.0,18.0,True,1.0,1.0,2.0
42866005,personal,3,2023-12-22,14,2024-01-12,35,21,False,True,33.2845,-84.5918,5,True,20.0,7.0,True,1.0,1.0,2.0
68639486,personal,3,2023-12-28,20,2024-01-18,41,21,True,False,33.2404,-84.2734,5,True,33.0,14.0,True,1.0,1.0,2.0
19093483,business,2,2023-12-12,4,2024-01-09,32,28,False,True,33.9382,-84.5403,5,True,24.0,21.0,True,1.0,1.0,2.5
80976162,personal,3,2023-12-10,2,2023-12-31,23,21,True,False,33.9382,-84.5403,5,True,18.0,17.0,True,1.0,1.0,2.0
32028183,personal,3,2023-12-10,2,2023-12-31,23,21,True,False,34.1993,-84.4199,5,True,23.0,22.0,True,1.0,1.0,2.0
23143461,personal,5,2023-12-10,2,2023-12-17,9,7,True,False,34.0408,-84.3859,5,True,8.0,7.0,True,4.0,3.0,1.0
59112774,personal,5,2023-12-10,2,2023-12-17,9,7,True,False,34.0025,-84.4633,5,True,9.0,8.0,True,4.0,2.0,1.0
95721396,personal,4,2023-12-10,2,2023-12-24,16,14,True,False,34.106,-84.5117,5,True,13.0,12.0,True,1.0,1.0,1.0
97764976,personal,3,2023-12-11,3,2024-01-01,24,21,True,False,34.106,-84.5117,5,True,19.0,17.0,True,1.0,1.0,2.0
21428246,personal,3,2023-12-11,3,2024-01-01,24,21,False,True,33.7655,-84.6469,5,True,6.0,4.0,True,1.0,1.0,2.0
91633982,personal,5,2023-12-11,3,2023-12-18,10,7,True,False,34.3393,-84.3758,5,True,10.0,8.0,True,4.0,3.0,1.0
83834084,personal,5,2023-12-11,3,2023-12-18,10,7,True,False,34.1993,-84.4199,5,True,10.0,8.0,True,4.0,2.0,1.0
99617803,personal,4,2023-12-11,3,2023-12-25,17,14,True,False,34.106,-84.5117,5,True,16.0,14.0,True,1.0,1.0,1.0
56710653,personal,3,2023-12-12,4,2024-01-02,25,21,False,True,33.9335,-84.3958,5,True,22.0,19.0,True,1.0,1.0,2.0
23977331,personal,3,2023-12-13,5,2024-01-03,26,21,True,False,33.6989,-84.7454,5,True,21.0,17.0,True,1.0,1.0,2.0
15438252,personal,3,2023-12-14,6,2024-01-04,27,21,True,False,34.106,-84.5117,5,True,27.0,22.0,True,1.0,1.0,2.0
85992267,personal,4,2023-12-15,7,2023-12-29,21,14,True,False,33.9951,-84.6544,5,True,19.0,13.0,True,1.0,1.0,1.0
99762147,personal,4,2023-12-16,8,2023-12-30,22,14,True,False,33.7655,-84.6469,5,True,22.0,15.0,True,1.0,1.0,1.0
81439291,personal,5,2023-12-18,10,2023-12-25,17,7,True,False,34.0707,-84.5894,5,True,17.0,8.0,True,4.0,2.0,1.0
99688016,personal,4,2023-12-27,19,2024-01-10,33,14,True,False,33.8369,-84.6307,5,True,20.0,2.0,True,1.0,1.0,1.0
95649856,personal,3,2023-12-27,19,2024-01-17,40,21,True,False,34.3393,-84.3758,5,True,35.0,17.0,True,1.0,1.0,2.0
65520411,personal,3,2023-12-29,21,2024-01-19,42,21,True,False,34.1993,-84.4199,5,True,38.0,18.0,True,1.0,1.0,2.0
35699035,business,3,2023-12-13,5,2024-01-03,26,21,True,False,34.256,-90.6348,4,True,22.0,18.0,True,1.0,1.0,1.4992503748125936
16431008,personal,2,2023-12-09,1,2024-01-06,29,28,True,False,34.256,-90.6348,4,True,1.0,1.0,True,1.0,1.0,2.5
34812954,personal,3,2023-12-12,4,2024-01-02,25,21,True,False,34.256,-90.6348,4,True,16.0,13.0,True,1.0,1.0,2.0
39971385,personal,3,2023-12-13,5,2024-01-03,26,21,True,False,34.256,-90.6348,4,True,10.0,6.0,True,1.0,1.0,2.0
93347427,personal,3,2023-12-13,5,2024-01-03,26,21,False,True,34.256,-90.6348,4,True,26.0,22.0,True,1.0,1.0,2.0
54997493,personal,3,2023-12-13,5,2024-01-03,26,21,True,False,34.1906,-90.0027,4,True,19.0,15.0,True,1.0,1.0,2.0
27789940,personal,3,2023-12-15,7,2024-01-05,28,21,False,True,34.256,-90.6348,4,True,28.0,22.0,True,1.0,1.0,2.0
17594035,personal,3,2023-12-16,8,2024-01-06,29,21,False,True,34.3115,-89.9443,4,True,26.0,19.0,True,1.0,1.0,2.0
23426286,personal,3,2023-12-18,10,2024-01-08,31,21,True,False,34.3115,-89.9443,4,True,29.0,20.0,True,1.0,1.0,2.0
85162092,personal,3,2023-12-18,10,2024-01-08,31,21,True,False,34.256,-90.6348,4,True,28.0,19.0,True,1.0,1.0,2.0
41807405,personal,3,2023-12-18,10,2024-01-08,31,21,True,False,34.256,-90.6348,4,True,31.0,22.0,True,1.0,1.0,2.0
40887256,personal,3,2023-12-18,10,2024-01-08,31,21,False,True,34.256,-90.6348,4,True,28.0,19.0,True,1.0,1.0,2.0
47678249,personal,3,2023-12-18,10,2024-01-08,31,21,False,True,34.2474,-90.4981,4,True,24.0,15.0,True,1.0,1.0,2.0
19454340,personal,3,2023-12-20,12,2024-01-10,33,21,True,False,34.256,-90.6348,4,True,29.0,18.0,True,1.0,1.0,2.0
76163732,personal,4,2023-12-21,13,2024-01-04,27,14,True,False,34.3115,-89.9443,4,True,27.0,15.0,True,8.0,2.0,1.0
43125894,personal,3,2023-12-26,18,2024-01-16,39,21,True,False,34.3115,-89.9443,4,True,35.0,18.0,True,1.0,1.0,2.0
71958391,personal,3,2023-12-27,19,2024-01-17,40,21,True,False,34.256,-90.6348,4,True,37.0,19.0,True,1.0,1.0,2.0
27390118,business,3,2023-12-11,3,2024-01-01,24,21,True,False,32.8158,-90.2815,14,True,10.0,8.0,True,1.0,1.0,1.2
58896848,business,5,2023-12-12,4,2023-12-19,11,7,True,False,33.0446,-89.5724,26,False,,,False,,,
98966942,business,3,2023-12-21,13,2024-01-11,34,21,True,False,34.2823,-88.6715,25,True,33.0,21.0,True,1.0,1.0,1.6
53275484,personal,3,2023-12-10,2,2023-12-31,23,21,False,True,34.6924,-89.9869,4,True,15.0,14.0,True,1.0,1.0,1.4992503748125936
58834864,personal,4,2023-12-11,3,2023-12-25,17,14,True,False,34.9474,-89.9258,4,True,15.0,13.0,True,8.0,2.0,1.0
22882269,personal,3,2023-12-11,3,2024-01-01,24,21,True,False,34.6924,-89.9869,4,True,20.0,18.0,True,1.0,1.0,2.0
30806356,personal,3,2023-12-12,4,2024-01-02,25,21,True,False,32.8594,-90.4031,14,True,4.0,1.0,True,1.0,1.0,1.2
22986408,personal,3,2023-12-12,4,2024-01-02,25,21,False,True,32.8594,-90.4031,14,True,19.0,16.0,True,1.0,1.0,2.0
90758095,personal,3,2023-12-13,5,2024-01-03,26,21,False,True,32.8158,-90.2815,14,True,26.0,22.0,True,1.0,1.0,2.0
17398355,personal,3,2023-12-14,6,2024-01-04,27,21,True,False,32.8594,-90.4031,14,True,22.0,17.0,True,1.0,1.0,1.2
31783300,personal,3,2023-12-15,7,2024-01-05,28,21,False,True,34.6924,-89.9869,4,True,28.0,22.0,True,1.0,1.0,2.0
15591198,personal,3,2023-12-16,8,2024-01-06,29,21,False,True,34.7471,-89.4897,4,True,26.0,19.0,True,1.0,1.0,2.0
55699161,personal,3,2023-12-18,10,2024-01-08,31,21,True,False,34.9441,-89.8544,4,True,30.0,21.0,True,1.0,1.0,2.0
42671302,personal,3,2023-12-18,10,2024-01-08,31,21,True,False,32.8594,-90.4031,14,True,21.0,12.0,True,1.0,1.0,1.2
38498257,personal,3,2023-12-20,12,2024-01-10,33,21,False,True,32.8594,-90.4031,14,True,23.0,12.0,True,1.0,1.0,2.0
16273803,personal,1,2023-12-20,12,2024-01-17,40,28,False,True,32.8594,-90.4031,14,True,34.0,23.0,True,1.0,1.0,3.003003003003003
20177713,personal,3,2023-12-21,13,2024-01-11,34,21,True,False,34.6924,-89.9869,4,True,32.0,20.0,True,1.0,1.0,2.0
12088234,personal,3,2023-12-27,19,2024-01-17,40,21,False,True,32.8594,-90.4031,14,True,36.0,18.0,True,1.0,1.0,2.0
83429720,personal,3,2023-12-28,20,2024-01-18,41,21,False,True,32.8594,-90.4031,14,True,38.0,19.0,True,1.0,1.0,2.0
23604942,personal,3,2023-12-28,20,2024-01-18,41,21,True,False,32.8594,-90.4031,14,True,24.0,5.0,True,1.0,1.0,1.2
70749121,personal,3,2023-12-29,21,2024-01-19,42,21,True,False,34.6924,-89.9869,4,True,36.0,16.0,True,1.0,1.0,2.0
26902668,personal,5,2023-12-18,10,2023-12-25,17,7,True,False,31.3146,-89.3065,26,False,,,False,,,
88071747,personal,5,2023-12-15,7,2023-12-22,14,7,True,False,39.1077,-76.872,13,True,14.0,8.0,True,4.0,4.0,1.0
54489273,personal,3,2023-12-11,3,2024-01-01,24,21,True,False,39.9218,-75.2876,1,True,22.0,20.0,True,1.0,1.0,2.0
50919094,personal,3,2023-12-12,4,2024-01-02,25,21,True,False,39.0811,-76.5577,13,True,25.0,22.0,True,1.0,1.0,2.0
89143237,business,3,2023-12-11,3,2024-01-01,24,21,True,False,39.3446,-76.6794,13,True,24.0,22.0,True,1.0,1.0,2.0
50659826,personal,5,2023-12-11,3,2023-12-18,10,7,True,False,39.3265,-76.6048,13,True,10.0,8.0,True,5.0,5.0,1.0
94297623,personal,3,2023-12-10,2,2023-12-31,23,21,False,True,39.6422,-76.6737,13,True,2.0,1.0,True,1.0,1.0,2.0
45148681,personal,5,2023-12-10,2,2023-12-17,9,7,True,False,39.3086,-76.4533,13,True,5.0,4.0,True,6.0,3.0,1.0
14684874,personal,4,2023-12-11,3,2023-12-25,17,14,True,False,39.401,-76.451,13,True,16.0,14.0,True,1.0,1.0,1.0
25678177,personal,5,2023-12-11,3,2023-12-18,10,7,True,False,39.2655,-76.4935,13,True,9.0,7.0,True,5.0,5.0,1.0
32895625,personal,3,2023-12-11,3,2024-01-01,24,21,True,False,39.46,-76.8135,13,True,20.0,18.0,True,1.0,1.0,2.0
44203274,personal,4,2023-12-11,3,2023-12-25,17,14,True,False,39.3923,-76.4132,13,True,16.0,14.0,True,1.0,1.0,1.0
24114873,personal,5,2023-12-11,3,2023-12-18,10,7,True,False,39.2782,-76.7401,13,True,10.0,8.0,True,4.0,4.0,1.0
28832313,personal,5,2023-12-11,3,2023-12-18,10,7,True,False,39.2876,-76.5568,13,True,9.0,7.0,True,4.0,4.0,1.0
43699187,personal,5,2023-12-11,3,2023-12-18,10,7,True,False,39.6264,-75.8458,13,True,8.0,6.0,True,4.0,4.0,1.0
39331989,personal,5,2023-12-11,3,2023-12-18,10,7,True,False,39.2645,-76.6224,13,True,9.0,7.0,True,4.0,4.0,1.0
89334143,personal,4,2023-12-11,3,2023-12-25,17,14,True,False,39.287,-76.6476,13,True,16.0,14.0,True,1.0,1.0,1.0
87223908,personal,3,2023-12-11,3,2024-01-01,24,21,True,False,39.3647,-77.4636,7,True,24.0,22.0,True,1.0,1.0,2.0
40418753,personal,3,2023-12-11,3,2024-01-01,24,21,True,False,39.3365,-76.5411,13,True,24.0,22.0,True,1.0,1.0,2.0
12102960,personal,5,2023-12-12,4,2023-12-19,11,7,True,False,39.46,-76.8135,13,True,11.0,8.0,True,6.0,4.0,1.0
98404929,personal,5,2023-12-12,4,2023-12-19,11,7,True,False,39.2645,-76.6224,13,True,6.0,3.0,True,4.0,4.0,1.0
21933264,personal,4,2023-12-12,4,2023-12-26,18,14,True,False,39.3296,-76.7341,13,True,13.0,10.0,True,1.0,1.0,1.0
67021537,personal,4,2023-12-14,6,2023-12-28,20,14,True,False,39.2876,-76.5568,13,True,12.0,7.0,True,1.0,1.0,1.0
25429903,personal,4,2023-12-14,6,2023-12-28,20,14,True,False,39.5649,-76.0592,13,True,18.0,13.0,True,1.0,1.0,1.0
75936333,personal,5,2023-12-14,6,2023-12-21,13,7,True,False,39.3093,-76.6699,13,True,13.0,8.0,True,4.0,4.0,1.0
50968655,personal,4,2023-12-15,7,2023-12-29,21,14,True,False,39.2655,-76.4935,13,True,15.0,9.0,True,1.0,1.0,1.0
63040634,personal,4,2023-12-12,4,2023-12-26,18,14,True,False,39.1702,-76.5798,13,True,13.0,10.0,True,1.0,1.0,1.0
74611319,personal,5,2023-12-18,10,2023-12-25,17,7,True,False,39.1702,-76.5798,13,True,16.0,7.0,True,6.0,4.0,1.0
99523059,personal,5,2023-12-11,3,2023-12-18,10,7,True,False,39.3876,-76.5418,13,True,10.0,8.0,True,6.0,3.0,1.0
67832939,personal,5,2023-12-11,3,2023-12-18,10,7,True,False,39.3064,-76.6393,13,True,8.0,6.0,True,4.0,4.0,1.0
17992581,personal,5,2023-12-11,3,2023-12-18,10,7,True,False,39.3265,-76.6048,13,True,10.0,8.0,True,5.0,4.0,1.0
15194864,personal,4,2023-12-12,4,2023-12-26,18,14,True,False,40.2378,-75.2955,1,True,14.0,11.0,True,1.0,1.0,1.0
89165170,personal,5,2023-12-10,2,2023-12-17,9,7,True,False,40.4025,-75.9046,1,True,4.0,3.0,True,4.0,3.0,1.0
97541237,personal,5,2023-12-11,3,2023-12-18,10,7,True,False,40.1809,-75.2156,1,True,10.0,8.0,True,5.0,5.0,1.0
10660194,personal,4,2023-12-11,3,2023-12-25,17,14,True,False,40.2464,-75.1354,1,True,13.0,11.0,True,1.0,1.0,1.0
76643740,personal,4,2023-12-11,3,2023-12-25,17,14,True,False,40.2378,-75.2955,1,True,15.0,13.0,True,2.0,2.0,1.5003750937734435
45924388,personal,5,2023-12-11,3,2023-12-18,10,7,True,False,40.1496,-75.3796,1,True,9.0,7.0,True,6.0,5.0,1.0
28373297,personal,5,2023-12-11,3,2023-12-18,10,7,True,False,40.3054,-75.1489,1,True,6.0,4.0,True,4.0,4.0,1.0
60307932,personal,5,2023-12-11,3,2023-12-18,10,7,True,False,40.2892,-75.2149,1,True,10.0,8.0,True,4.0,3.0,1.0
42658946,personal,4,2023-12-11,3,2023-12-25,17,14,True,False,40.1913,-75.4373,1,True,17.0,15.0,True,2.0,2.0,1.5003750937734435
86006374,personal,3,2023-12-11,3,2024-01-01,24,21,False,True,40.2635,-75.6172,1,True,24.0,22.0,True,1.0,1.0,2.0
74188885,personal,3,2023-12-11,3,2024-01-01,24,21,True,False,40.2584,-75.9833,1,True,21.0,19.0,True,1.0,1.0,2.0
61074242,personal,5,2023-12-11,3,2023-12-18,10,7,True,False,40.0236,-75.3295,1,True,8.0,6.0,True,5.0,5.0,1.0
20381941,personal,5,2023-12-11,3,2023-12-18,10,7,True,False,40.2635,-75.6172,1,True,8.0,6.0,True,4.0,3.0,1.0
82539754,personal,5,2023-12-12,4,2023-12-19,11,7,True,False,40.3054,-75.1489,1,True,11.0,8.0,True,4.0,3.0,1.0
68152603,personal,3,2023-12-12,4,2024-01-02,25,21,True,False,40.0399,-75.3459,1,True,20.0,17.0,True,1.0,1.0,2.0
69429129,personal,4,2023-12-13,5,2023-12-27,19,14,True,False,40.1245,-75.3304,1,True,12.0,8.0,True,1.0,1.0,1.0
88344608,personal,3,2023-12-13,5,2024-01-03,26,21,True,False,40.328,-75.9908,1,True,26.0,22.0,True,1.0,1.0,2.0
85097498,personal,3,2023-12-14,6,2024-01-04,27,21,True,False,40.1245,-75.3304,1,True,27.0,22.0,True,1.0,1.0,2.0
99261454,personal,5,2023-12-18,10,2023-12-25,17,7,True,False,40.3765,-75.2648,1,True,17.0,8.0,True,5.0,5.0,1.0
36741976,personal,3,2023-12-18,10,2024-01-08,31,21,True,False,40.1245,-75.3304,1,True,25.0,16.0,True,1.0,1.0,2.0
62272443,personal,4,2023-12-19,11,2024-01-02,25,14,True,False,40.2945,-75.0649,1,True,25.0,15.0,True,1.0,1.0,1.0
58352549,personal,5,2023-12-27,19,2024-01-03,26,7,True,False,40.263,-74.9555,1,True,23.0,5.0,True,5.0,5.0,1.0
44236869,personal,5,2023-12-10,2,2023-12-17,9,7,True,False,40.0161,-75.7183,1,True,9.0,8.0,True,5.0,5.0,1.0
94222829,personal,3,2023-12-11,3,2024-01-01,24,21,True,False,40.0468,-75.531,1,True,13.0,11.0,True,1.0,1.0,2.0
64583244,personal,5,2023-12-11,3,2023-12-18,10,7,True,False,39.8643,-75.4332,1,True,10.0,8.0,True,5.0,5.0,1.0
34353940,personal,5,2023-12-11,3,2023-12-18,10,7,True,False,39.8643,-75.4332,1,True,10.0,8.0,True,8.0,3.0,1.0
45481156,personal,3,2023-12-11,3,2024-01-01,24,21,True,False,39.9863,-75.407,1,True,22.0,20.0,True,1.0,1.0,2.0
15202372,personal,4,2023-12-11,3,2023-12-25,17,14,True,False,39.9845,-75.5962,1,True,12.0,10.0,True,2.0,2.0,1.5003750937734435
87360077,personal,4,2023-12-11,3,2023-12-25,17,14,True,False,39.9218,-75.2876,1,True,14.0,12.0,True,1.0,1.0,1.0
27242419,personal,4,2023-12-18,10,2024-01-01,24,14,True,False,39.8295,-75.4354,1,True,14.0,5.0,True,1.0,1.0,1.0
94917673,personal,4,2023-12-11,3,2023-12-25,17,14,True,False,40.2194,-76.1626,1,True,16.0,14.0,True,2.0,2.0,1.5003750937734435
79069516,personal,5,2023-12-11,3,2023-12-18,10,7,True,False,40.0062,-76.8555,13,True,4.0,2.0,True,4.0,2.0,1.0
11479317,personal,5,2023-12-13,5,2023-12-20,12,7,True,False,40.2122,-77.0265,13,True,12.0,8.0,True,7.0,4.0,1.05
30073996,personal,4,2023-12-11,3,2023-12-25,17,14,True,False,39.9982,-76.3566,13,True,17.0,15.0,True,3.0,2.0,1.350337584396099
79748541,personal,3,2023-12-10,2,2023-12-31,23,21,True,False,39.0496,-77.1204,7,True,23.0,22.0,True,1.0,1.0,2.0
10703530,personal,5,2023-12-10,2,2023-12-17,9,7,True,False,39.0763,-77.1234,7,True,9.0,8.0,True,7.0,3.0,1.0
65498132,personal,5,2023-12-11,3,2023-12-18,10,7,True,False,39.2387,-77.2794,7,True,8.0,6.0,True,7.0,4.0,1.0
93524977,personal,5,2023-12-12,4,2023-12-19,11,7,True,False,39.21,-77.3167,7,True,11.0,8.0,True,6.0,5.0,1.0
93087428,personal,4,2023-12-15,7,2023-12-29,21,14,True,False,39.0763,-77.1234,7,True,20.0,14.0,True,2.0,2.0,1.5003750937734435
85897165,personal,4,2023-12-18,10,2024-01-01,24,14,True,False,39.1148,-77.0059,7,True,23.0,14.0,True,1.0,1.0,1.0
63521777,personal,3,2023-12-11,3,2024-01-01,24,21,True,False,39.1125,-77.2515,7,True,24.0,22.0,True,1.0,1.0,2.0
62609802,personal,5,2023-12-10,2,2023-12-17,9,7,True,False,39.9362,-75.1563,1,True,9.0,8.0,True,8.0,5.0,1.0
29586110,personal,5,2023-12-10,2,2023-12-17,9,7,True,False,39.9772,-75.2545,1,True,3.0,2.0,True,4.0,4.0,1.0
21590309,personal,4,2023-12-11,3,2023-12-25,17,14,True,False,39.9227,-75.1812,1,True,17.0,15.0,True,2.0,2.0,1.5003750937734435
11689329,personal,5,2023-12-11,3,2023-12-18,10,7,True,False,39.9207,-75.1595,1,True,10.0,8.0,True,4.0,4.0,1.0
87278356,personal,5,2023-12-11,3,2023-12-18,10,7,True,False,39.978,-75.1459,1,True,9.0,7.0,True,4.0,3.0,1.0
79193020,personal,5,2023-12-13,5,2023-12-20,12,7,True,False,39.9207,-75.1595,1,True,12.0,8.0,True,5.0,5.0,1.0
25096968,personal,5,2023-12-15,7,2023-12-22,14,7,True,False,39.9379,-75.1794,1,True,13.0,7.0,True,4.0,4.0,1.0
27962354,personal,5,2023-12-11,3,2023-12-18,10,7,True,False,39.978,-75.1459,1,True,7.0,5.0,True,6.0,6.0,1.0
98705285,personal,5,2023-12-11,3,2023-12-18,10,7,True,False,40.4001,-80.0462,27,False,,,False,,,
31691472,personal,5,2023-12-10,2,2023-12-17,9,7,True,False,40.6068,-75.4781,1,True,9.0,8.0,True,7.0,6.0,1.0
13766694,personal,4,2023-12-11,3,2023-12-25,17,14,True,False,41.2689,-75.8453,19,True,17.0,15.0,True,2.0,2.0,1.5003750937734435
67520033,personal,1,2023-12-11,3,2024-01-08,31,28,False,True,40.6957,-75.2865,1,True,31.0,29.0,True,1.0,1.0,3.003003003003003
70065156,personal,4,2023-12-11,3,2023-12-25,17,14,True,False,41.4395,-75.4313,19,True,16.0,14.0,True,2.0,2.0,1.5003750937734435
45989712,personal,4,2023-12-11,3,2023-12-25,17,14,True,False,40.8219,-75.9104,1,True,15.0,13.0,True,2.0,2.0,1.6
39391115,personal,4,2023-12-11,3,2023-12-25,17,14,True,False,40.9877,-75.2485,1,True,17.0,15.0,True,2.0,2.0,1.6
55122358,personal,4,2023-12-11,3,2023-12-25,17,14,True,False,41.4395,-75.4313,19,True,4.0,2.0,True,2.0,2.0,1.5003750937734435
64581593,personal,4,2023-12-11,3,2023-12-25,17,14,True,False,40.6068,-75.4781,1,True,16.0,14.0,True,2.0,2.0,1.5003750937734435
53044579,personal,3,2023-12-12,4,2024-01-02,25,21,True,False,41.0367,-75.1735,1,True,24.0,21.0,True,1.0,1.0,1.2
62800650,personal,5,2023-12-12,4,2023-12-19,11,7,True,False,40.7345,-75.6186,1,True,11.0,8.0,True,8.0,5.0,1.0
67594486,personal,3,2023-12-12,4,2024-01-02,25,21,True,False,41.0936,-75.1187,1,True,24.0,21.0,True,1.0,1.0,1.2
25393624,personal,4,2023-12-13,5,2023-12-27,19,14,True,False,41.4389,-75.6625,19,True,18.0,14.0,True,2.0,2.0,1.5003750937734435
32550898,personal,5,2023-12-13,5,2023-12-20,12,7,True,False,41.2742,-75.8903,19,True,12.0,8.0,True,8.0,2.0,1.0
81657921,personal,4,2023-12-15,7,2023-12-29,21,14,True,False,40.5891,-75.4645,1,True,14.0,8.0,True,1.0,1.0,1.0
38693481,personal,4,2023-12-11,3,2023-12-25,17,14,True,False,38.2495,-76.4529,7,True,17.0,15.0,True,2.0,2.0,1.200300075018755
75222772,personal,5,2023-12-10,2,2023-12-17,9,7,True,False,39.1618,-76.6297,13,True,9.0,8.0,True,4.0,3.0,1.0
69076779,personal,5,2023-12-10,2,2023-12-17,9,7,True,False,38.9374,-76.6375,13,True,3.0,2.0,True,4.0,4.0,1.0
79943561,personal,4,2023-12-11,3,2023-12-25,17,14,True,False,38.9374,-76.6375,13,True,16.0,14.0,True,1.0,1.0,1.0
79359054,personal,5,2023-12-11,3,2023-12-18,10,7,True,False,38.4952,-76.5349,7,True,10.0,8.0,True,6.0,4.0,1.0
49706612,personal,4,2023-12-11,3,2023-12-25,17,14,True,False,39.1618,-76.6297,13,True,17.0,15.0,True,1.0,1.0,1.0
35370322,personal,3,2023-12-11,3,2024-01-01,24,21,True,False,38.7119,-76.5367,7,True,22.0,20.0,True,1.0,1.0,2.0
31293454,personal,4,2023-12-11,3,2023-12-25,17,14,True,False,38.7587,-76.9835,7,True,16.0,14.0,True,1.0,1.0,1.0
41690950,personal,3,2023-12-11,3,2024-01-01,24,21,False,True,38.9194,-76.7871,7,True,24.0,22.0,True,1.0,1.0,2.0
10771991,personal,5,2023-12-11,3,2023-12-18,10,7,True,False,38.9223,-76.8755,7,True,10.0,8.0,True,6.0,4.0,1.0
88494322,personal,5,2023-12-11,3,2023-12-18,10,7,True,False,38.9223,-76.8755,7,True,10.0,8.0,True,8.0,6.0,1.125
13198214,personal,4,2023-12-11,3,2023-12-25,17,14,True,False,38.4293,-76.7254,7,True,15.0,13.0,True,2.0,2.0,1.5003750937734435
95175090,personal,4,2023-12-11,3,2023-12-25,17,14,True,False,38.584,-76.8942,7,True,17.0,15.0,True,2.0,2.0,1.5003750937734435
61989344,personal,4,2023-12-11,3,2023-12-25,17,14,True,False,38.3661,-76.4346,7,True,17.0,15.0,True,2.0,2.0,1.200300075018755
75630135,personal,4,2023-12-11,3,2023-12-25,17,14,True,False,39.0416,-76.4377,13,True,16.0,14.0,True,1.0,1.0,1.0
17532639,personal,5,2023-12-11,3,2023-12-18,10,7,True,False,39.1077,-76.872,13,True,8.0,6.0,True,5.0,5.0,1.0
63413541,personal,4,2023-12-11,3,2023-12-25,17,14,True,False,38.6294,-76.9769,7,True,14.0,12.0,True,2.0,2.0,1.7501875468867216
37622453,personal,2,2023-12-12,4,2024-01-09,32,28,True,False,38.5257,-76.9865,7,True,29.0,26.0,True,1.0,1.0,2.5
13109340,personal,5,2023-12-12,4,2023-12-19,11,7,True,False,38.9394,-76.3371,13,True,11.0,8.0,True,4.0,4.0,1.0
68360513,personal,4,2023-12-12,4,2023-12-26,18,14,True,False,38.5974,-76.9903,7,True,18.0,15.0,True,2.0,2.0,1.5003750937734435
68531044,personal,4,2023-12-13,5,2023-12-27,19,14,True,False,38.8377,-76.798,7,True,19.0,15.0,True,1.0,1.0,1.0
78796822,personal,5,2023-12-13,5,2023-12-20,12,7,True,False,38.2495,-76.4529,7,True,12.0,8.0,True,6.0,4.0,1.0
70787117,personal,3,2023-12-14,6,2024-01-04,27,21,False,True,38.2495,-76.4529,7,True,26.0,21.0,True,1.0,1.0,2.0
35091151,personal,5,2023-12-14,6,2023-12-21,13,7,True,False,38.584,-76.8942,7,True,13.0,8.0,True,5.0,5.0,1.0
51132137,personal,3,2023-12-18,10,2024-01-08,31,21,True,False,38.6371,-76.8778,7,True,26.0,17.0,True,1.0,1.0,2.0
21378986,personal,3,2023-12-21,13,2024-01-11,34,21,False,True,39.1041,-76.619,13,True,29.0,17.0,True,1.0,1.0,2.0
66516590,personal,3,2023-12-11,3,2024-01-01,24,21,False,True,38.6371,-76.8778,7,True,23.0,21.0,True,1.0,1.0,2.0
54254268,personal,5,2023-12-11,3,2023-12-18,10,7,True,False,38.9149,-76.5424,13,True,10.0,8.0,True,4.0,4.0,1.0
57179563,personal,4,2023-12-11,3,2023-12-25,17,14,True,False,39.1618,-76.6297,13,True,17.0,15.0,True,1.0,1.0,1.0
38918075,personal,4,2023-12-11,3,2023-12-25,17,14,True,False,38.7587,-76.9835,7,True,17.0,15.0,True,2.0,2.0,1.5003750937734435
57664984,personal,4,2023-12-13,5,2023-12-27,19,14,True,False,42.2395,-70.8128,17,True,19.0,15.0,True,2.0,2.0,1.5003750937734435
62221895,personal,2,2023-12-13,5,2024-01-10,33,28,True,False,42.219,-71.5302,17,True,25.0,21.0,True,1.0,1.0,2.5
16182279,personal,3,2023-12-12,4,2024-01-02,25,21,True,False,42.202,-72.6262,6,True,23.0,20.0,True,1.0,1.0,2.0
59493682,personal,4,2023-12-12,4,2023-12-26,18,14,True,False,42.2541,-71.7746,17,True,18.0,15.0,True,2.0,2.0,1.5003750937734435
91833791,personal,4,2023-12-11,3,2023-12-25,17,14,True,False,41.9775,-71.3298,17,True,17.0,15.0,True,3.0,2.0,1.0001875468867216
99526979,personal,4,2023-12-11,3,2023-12-25,17,14,True,False,42.4829,-71.1574,17,True,14.0,12.0,True,2.0,2.0,1.5003750937734435
75100937,personal,5,2023-12-11,3,2023-12-18,10,7,True,False,42.4138,-71.0052,17,True,9.0,7.0,True,8.0,4.0,1.0
14256954,personal,4,2023-12-11,3,2023-12-25,17,14,True,False,42.3647,-71.1042,17,True,10.0,8.0,True,2.0,2.0,1.5003750937734435
70360438,personal,5,2023-12-11,3,2023-12-18,10,7,True,False,42.2373,-71.875,17,True,10.0,8.0,True,8.0,4.0,1.0
99434458,personal,4,2023-12-11,3,2023-12-25,17,14,True,False,42.3907,-71.0929,17,True,16.0,14.0,True,2.0,2.0,1.5003750937734435
73104057,personal,4,2023-12-11,3,2023-12-25,17,14,True,False,42.2303,-71.7938,17,True,17.0,15.0,True,2.0,2.0,1.5003750937734435
17685121,personal,2,2023-12-11,3,2024-01-08,31,28,False,True,41.9296,-71.3009,17,True,31.0,29.0,True,1.0,1.0,2.5
65347973,personal,3,2023-12-12,4,2024-01-02,25,21,False,True,42.219,-71.5302,17,True,22.0,19.0,True,1.0,1.0,2.0
16536910,personal,3,2023-12-12,4,2024-01-02,25,21,True,False,41.9296,-71.3009,17,True,22.0,19.0,True,1.0,1.0,2.0
85293779,personal,3,2023-12-12,4,2024-01-02,25,21,True,False,42.0794,-71.04,17,True,22.0,19.0,True,1.0,1.0,2.0
66327959,personal,4,2023-12-12,4,2023-12-26,18,14,True,False,42.5581,-71.1723,17,True,18.0,15.0,True,6.0,2.0,1.3751875468867216
12449108,personal,5,2023-12-12,4,2023-12-19,11,7,True,False,42.4633,-71.0111,17,True,11.0,8.0,True,8.0,4.0,1.0
93698223,personal,4,2023-12-12,4,2023-12-26,18,14,True,False,42.3347,-71.0375,17,True,13.0,10.0,True,2.0,2.0,1.5003750937734435
66217422,personal,5,2023-12-13,5,2023-12-20,12,7,True,False,42.0212,-71.2178,17,True,12.0,8.0,True,8.0,3.0,1.0
38682789,personal,4,2023-12-13,5,2023-12-27,19,14,True,False,42.0212,-71.2178,17,True,19.0,15.0,True,2.0,2.0,1.5003750937734435
22815074,personal,3,2023-12-14,6,2024-01-04,27,21,True,False,42.0672,-72.5056,6,True,20.0,15.0,True,1.0,1.0,2.0
27290956,personal,3,2023-12-14,6,2024-01-04,27,21,True,False,42.1487,-72.6079,6,True,26.0,21.0,True,1.0,1.0,2.0
70483492,personal,4,2023-12-11,3,2023-12-25,17,14,True,False,42.1253,-71.1074,17,True,13.0,11.0,True,2.0,1.0,1.5003750937734435
57191549,personal,3,2023-12-11,3,2024-01-01,24,21,True,False,41.205,-73.7299,10,True,21.0,19.0,True,1.0,1.0,2.0
60578367,personal,2,2023-12-13,5,2024-01-10,33,28,True,False,41.136,-73.7009,10,True,19.0,15.0,True,1.0,1.0,2.5
67599722,personal,5,2023-12-11,3,2023-12-18,10,7,True,False,40.8143,-73.3634,10,True,9.0,7.0,True,8.0,5.0,1.0
46680058,personal,1,2023-12-11,3,2024-01-08,31,28,False,True,40.7692,-74.2355,10,True,18.0,16.0,True,1.0,1.0,3.003003003003003
62429135,personal,3,2023-12-12,4,2024-01-02,25,21,True,False,40.8456,-74.5725,10,True,23.0,20.0,True,1.0,1.0,2.0
76537848,personal,5,2023-12-18,10,2023-12-25,17,7,True,False,40.7229,-73.8473,10,True,17.0,8.0,True,8.0,5.0,1.0
70923390,personal,4,2023-12-12,4,2023-12-26,18,14,True,False,40.679,-73.9644,10,True,15.0,12.0,True,3.0,3.0,1.0001875468867216
11362451,business,5,2023-12-11,3,2023-12-18,10,7,True,False,40.2418,-74.6962,1,True,7.0,5.0,True,4.0,4.0,1.0
39320303,personal,4,2023-12-10,2,2023-12-24,16,14,True,False,40.3192,-74.4285,10,True,13.0,12.0,True,3.0,3.0,1.0001875468867216
11637019,personal,5,2023-12-10,2,2023-12-17,9,7,True,False,40.4538,-74.4823,10,True,9.0,8.0,True,8.0,4.0,1.0
19769869,personal,3,2023-12-11,3,2024-01-01,24,21,False,True,40.6437,-75.0966,1,True,23.0,21.0,True,1.0,1.0,2.0
37788034,personal,3,2023-12-11,3,2024-01-01,24,21,False,True,40.7789,-74.6,10,True,21.0,19.0,True,1.0,1.0,2.0
40809082,personal,2,2023-12-11,3,2024-01-08,31,28,False,True,40.2377,-74.7821,1,True,31.0,29.0,True,1.0,1.0,2.5
25350710,personal,2,2023-12-11,3,2024-01-08,31,28,False,True,40.7162,-74.8152,1,True,30.0,28.0,True,1.0,1.0,2.5
52711433,personal,4,2023-12-12,4,2023-12-26,18,14,True,False,40.6354,-74.2556,10,True,18.0,15.0,True,3.0,3.0,1.0001875468867216
22453141,personal,4,2023-12-12,4,2023-12-26,18,14,True,False,40.3182,-74.2639,10,True,16.0,13.0,True,3.0,3.0,1.0001875468867216
83629478,personal,3,2023-12-12,4,2024-01-02,25,21,True,False,40.2336,-74.6576,1,True,24.0,21.0,True,1.0,1.0,2.0
57989492,personal,4,2023-12-12,4,2023-12-26,18,14,True,False,40.6789,-74.5605,10,True,16.0,13.0,True,2.0,2.0,1.5003750937734435
76146197,personal,4,2023-12-13,5,2023-12-27,19,14,True,False,40.5904,-74.6267,10,True,19.0,15.0,True,2.0,2.0,1.5003750937734435
32723844,personal,2,2023-12-13,5,2024-01-10,33,28,True,False,40.6466,-74.829,1,True,24.0,20.0,True,1.0,1.0,2.5
99154748,personal,3,2023-12-14,6,2024-01-04,27,21,True,False,40.5176,-74.2754,10,True,26.0,21.0,True,1.0,1.0,2.0
23389870,personal,5,2023-12-10,2,2023-12-17,9,7,True,False,40.8817,-73.5927,10,True,8.0,7.0,True,8.0,4.0,1.0
86777142,personal,5,2023-12-11,3,2023-12-18,10,7,True,False,40.685,-73.5103,10,True,10.0,8.0,True,8.0,5.0,1.0
96467041,personal,4,2023-12-11,3,2023-12-25,17,14,True,False,40.8143,-73.3634,10,True,16.0,14.0,True,2.0,2.0,1.5003750937734435
70942690,personal,4,2023-12-11,3,2023-12-25,17,14,True,False,40.7294,-73.6828,10,True,15.0,13.0,True,3.0,3.0,1.0001875468867216
30145138,personal,4,2023-12-11,3,2023-12-25,17,14,True,False,40.6685,-73.5536,10,True,17.0,15.0,True,3.0,3.0,1.0001875468867216
29249291,personal,4,2023-12-11,3,2023-12-25,17,14,True,False,40.857,-73.3146,10,True,16.0,14.0,True,2.0,2.0,1.5003750937734435
42102320,personal,5,2023-12-11,3,2023-12-18,10,7,True,False,40.6205,-73.7474,10,True,10.0,8.0,True,8.0,3.0,1.0
77129325,personal,4,2023-12-12,4,2023-12-26,18,14,True,False,40.701,-73.6758,10,True,18.0,15.0,True,3.0,3.0,1.0001875468867216
73344763,personal,4,2023-12-12,4,2023-12-26,18,14,True,False,40.6929,-73.6539,10,True,18.0,15.0,True,3.0,3.0,1.0001875468867216
20471024,personal,4,2023-12-12,4,2023-12-26,18,14,True,False,40.7315,-73.4327,10,True,18.0,15.0,True,2.0,2.0,1.5003750937734435
94895483,personal,4,2023-12-14,6,2023-12-28,20,14,True,False,40.6645,-73.7559,10,True,20.0,15.0,True,2.0,2.0,1.5003750937734435
38535136,personal,4,2023-12-11,3,2023-12-25,17,14,True,False,41.9718,-71.1894,17,True,15.0,13.0,True,2.0,1.0,1.5003750937734435
68110823,personal,2,2023-12-11,3,2024-01-08,31,28,True,False,42.0255,-71.0161,17,True,27.0,25.0,True,1.0,1.0,2.5
53548677,business,3,2023-12-19,11,2024-01-09,32,21,True,False,40.6664,-74.1192,10,True,24.0,14.0,True,1.0,1.0,2.0
22816481,personal,4,2023-12-11,3,2023-12-25,17,14,True,False,40.7149,-74.3642,10,True,12.0,10.0,True,3.0,3.0,1.0001875468867216
72878418,personal,2,2023-12-11,3,2024-01-08,31,28,True,False,40.7482,-74.0498,10,True,26.0,24.0,True,1.0,1.0,2.5
26974473,personal,3,2023-12-11,3,2024-01-01,24,21,True,False,40.8789,-74.1425,10,True,22.0,20.0,True,1.0,1.0,2.0
81634710,personal,4,2023-12-12,4,2023-12-26,18,14,True,False,40.7696,-74.2077,10,True,17.0,14.0,True,3.0,3.0,1.0001875468867216
10290631,personal,3,2023-12-12,4,2024-01-02,25,21,False,True,41.0495,-74.0384,10,True,23.0,20.0,True,1.0,1.0,2.0
35654326,personal,2,2023-12-13,5,2024-01-10,33,28,True,False,40.6664,-74.1192,10,True,29.0,25.0,True,1.0,1.0,2.5
66909259,personal,4,2023-12-14,6,2023-12-28,20,14,True,False,40.7859,-74.2568,10,True,20.0,15.0,True,2.0,2.0,1.5003750937734435
80870666,personal,3,2023-12-26,18,2024-01-16,39,21,True,False,40.7946,-74.1631,10,True,32.0,15.0,True,1.0,1.0,2.0
34382975,personal,5,2023-12-28,20,2024-01-04,27,7,True,False,40.8943,-73.9772,10,True,27.0,8.0,True,8.0,3.0,1.0
66984466,personal,3,2023-12-11,3,2024-01-01,24,21,True,False,40.709,-73.7401,10,True,23.0,21.0,True,1.0,1.0,2.0
98828318,personal,2,2023-12-11,3,2024-01-08,31,28,False,True,40.7142,-73.7677,10,True,31.0,29.0,True,1.0,1.0,2.5
80534914,personal,5,2023-12-12,4,2023-12-19,11,7,True,False,40.728,-73.8195,10,True,11.0,8.0,True,8.0,4.0,1.0
59002596,personal,4,2023-12-11,3,2023-12-25,17,14,True,False,40.0086,-74.7896,1,True,15.0,13.0,True,2.0,2.0,1.5003750937734435
63933354,personal,4,2023-12-10,2,2023-12-24,16,14,True,False,39.8444,-74.1973,1,True,16.0,15.0,True,2.0,2.0,1.2
18091603,personal,3,2023-12-10,2,2023-12-31,23,21,True,False,39.9715,-74.2512,10,True,20.0,19.0,True,1.0,1.0,1.2
83678710,personal,5,2023-12-10,2,2023-12-17,9,7,True,False,39.9683,-74.9533,1,True,4.0,3.0,True,5.0,5.0,1.0
70117027,personal,2,2023-12-11,3,2024-01-08,31,28,True,False,39.537,-74.8895,1,True,26.0,24.0,True,1.0,1.0,2.0
25603839,personal,2,2023-12-11,3,2024-01-08,31,28,True,False,39.9515,-74.1521,10,True,27.0,25.0,True,1.0,1.0,1.5
75623476,personal,4,2023-12-11,3,2023-12-25,17,14,True,False,39.84,-75.0309,1,True,15.0,13.0,True,1.0,1.0,1.0
84455331,personal,4,2023-12-11,3,2023-12-25,17,14,True,False,40.1481,-74.2137,10,True,17.0,15.0,True,2.0,2.0,1.200300075018755
62889091,personal,5,2023-12-12,4,2023-12-19,11,7,True,False,39.76,-74.8665,1,True,11.0,8.0,True,4.0,4.0,1.0
12909340,personal,4,2023-12-12,4,2023-12-26,18,14,True,False,40.1431,-74.7032,1,True,18.0,15.0,True,1.0,1.0,1.0
34197891,personal,4,2023-12-12,4,2023-12-26,18,14,True,False,39.8637,-74.8223,1,True,15.0,12.0,True,1.0,1.0,1.0
28952002,personal,3,2023-12-12,4,2024-01-02,25,21,True,False,39.9074,-75.0008,1,True,24.0,21.0,True,1.0,1.0,2.0
91982757,personal,3,2023-12-12,4,2024-01-02,25,21,True,False,39.8954,-75.0417,1,True,23.0,20.0,True,1.0,1.0,2.0
30414857,personal,4,2023-12-14,6,2023-12-28,20,14,True,False,39.9074,-75.0008,1,True,16.0,11.0,True,1.0,1.0,1.0
27907071,personal,4,2023-12-14,6,2023-12-28,20,14,True,False,39.4655,-74.9653,1,True,13.0,8.0,True,2.0,2.0,1.200300075018755
47098597,personal,4,2023-12-14,6,2023-12-28,20,14,True,False,39.9186,-75.1078,1,True,16.0,11.0,True,1.0,1.0,1.0
26561241,personal,1,2023-12-15,7,2024-01-12,35,28,False,True,39.8444,-74.1973,1,True,35.0,29.0,True,1.0,1.0,3.003003003003003
74609966,personal,5,2023-12-19,11,2023-12-26,18,7,True,False,40.0037,-75.0257,1,True,18.0,8.0,True,4.0,4.0,1.0
75087575,personal,5,2023-12-22,14,2023-12-29,21,7,True,False,39.705,-74.2604,1,True,21.0,8.0,True,7.0,6.0,1.05
42250196,personal,5,2023-12-15,7,2023-12-22,14,7,True,False,41.0118,-73.8665,10,True,14.0,8.0,True,8.0,4.0,1.0
86426359,personal,3,2023-12-10,2,2023-12-31,23,21,False,True,35.6813,-78.5975,9,True,7.0,6.0,True,1.0,1.0,2.0
60957172,personal,3,2023-12-14,6,2024-01-04,27,21,False,True,38.9252,-77.3928,7,True,27.0,22.0,True,1.0,1.0,2.0
21545804,personal,3,2023-12-12,4,2024-01-02,25,21,True,False,35.4011,-80.8695,3,True,25.0,22.0,True,1.0,1.0,2.0
65686159,personal,4,2023-12-10,2,2023-12-24,16,14,True,False,35.1714,-80.9084,3,True,16.0,15.0,True,2.0,2.0,1.5003750937734435
85514574,personal,2,2023-12-10,2,2024-01-07,30,28,False,True,35.22,-80.7881,3,True,28.0,27.0,True,1.0,1.0,2.0
74903311,personal,5,2023-12-11,3,2023-12-18,10,7,True,False,35.3716,-80.53,3,True,10.0,8.0,True,8.0,4.0,1.0
57922365,personal,4,2023-12-11,3,2023-12-25,17,14,True,False,35.4011,-80.8695,3,True,13.0,11.0,True,2.0,2.0,1.5003750937734435
51375328,personal,5,2023-12-11,3,2023-12-18,10,7,True,False,35.2358,-80.8964,3,True,8.0,6.0,True,6.0,4.0,1.125
38659539,personal,3,2023-12-11,3,2024-01-01,24,21,True,False,34.9251,-80.7278,3,True,24.0,22.0,True,1.0,1.0,2.0
79092121,personal,5,2023-12-11,3,2023-12-18,10,7,True,False,35.2731,-80.9571,3,True,5.0,3.0,True,8.0,3.0,1.0
16791897,personal,3,2023-12-11,3,2024-01-01,24,21,True,False,35.4011,-80.8695,3,True,24.0,22.0,True,1.0,1.0,2.0
20767237,personal,3,2023-12-11,3,2024-01-01,24,21,True,False,35.2731,-80.9571,3,True,24.0,22.0,True,1.0,1.0,2.0
88414660,personal,1,2023-12-12,4,2024-01-09,32,28,False,True,35.0604,-80.6958,3,True,32.0,29.0,True,1.0,1.0,3.003003003003003
66367478,personal,5,2023-12-13,5,2023-12-20,12,7,True,False,35.1936,-80.6846,3,True,12.0,8.0,True,7.0,7.0,1.0
70843522,personal,5,2023-12-13,5,2023-12-20,12,7,True,False,35.0552,-80.8195,3,True,12.0,8.0,True,7.0,5.0,1.0
86519548,personal,5,2023-12-13,5,2023-12-20,12,7,True,False,34.8946,-80.554,3,True,12.0,8.0,True,7.0,5.0,1.0
58644811,personal,5,2023-12-13,5,2023-12-20,12,7,True,False,34.8946,-80.554,3,True,12.0,8.0,True,6.0,4.0,1.0
72956433,personal,3,2023-12-14,6,2024-01-04,27,21,False,True,35.3716,-80.53,3,True,27.0,22.0,True,1.0,1.0,2.0
74624107,personal,4,2023-12-15,7,2023-12-29,21,14,True,False,35.2358,-80.8964,3,True,15.0,9.0,True,1.0,1.0,1.0
97834380,personal,5,2023-12-15,7,2023-12-22,14,7,True,False,34.8946,-80.554,3,True,14.0,8.0,True,6.0,3.0,1.0
82372071,personal,3,2023-12-17,9,2024-01-07,30,21,True,False,35.0831,-80.6597,3,True,19.0,11.0,True,1.0,1.0,2.0
29852852,personal,4,2023-12-19,11,2024-01-02,25,14,True,False,35.2731,-80.9571,3,True,23.0,13.0,True,2.0,2.0,1.5003750937734435
56953807,personal,4,2023-12-26,18,2024-01-09,32,14,True,False,35.2886,-80.8209,3,True,30.0,13.0,True,1.0,1.0,1.0
17128602,personal,4,2023-12-26,18,2024-01-09,32,14,True,False,35.3573,-80.2044,3,True,28.0,11.0,True,2.0,1.0,2.0
41647560,personal,3,2023-12-28,20,2024-01-18,41,21,True,False,35.2886,-80.8209,3,True,20.0,1.0,True,1.0,1.0,2.0
68034750,personal,4,2023-12-28,20,2024-01-11,34,14,True,False,35.2834,-80.8702,3,True,25.0,6.0,True,1.0,1.0,1.0
31160423,personal,5,2023-12-28,20,2024-01-04,27,7,True,False,35.1316,-80.8577,3,True,23.0,4.0,True,6.0,4.0,1.0
30244614,personal,3,2023-12-11,3,2024-01-01,24,21,True,False,35.0178,-80.5372,3,True,24.0,22.0,True,1.0,1.0,2.0
75161670,personal,5,2023-12-11,3,2023-12-18,10,7,True,False,35.9149,-81.5398,3,False,,,False,,,
76939180,personal,2,2023-12-16,8,2024-01-13,36,28,True,False,35.3747,-81.3509,3,True,27.0,20.0,True,1.0,1.0,2.5
58818815,business,4,2023-12-12,4,2023-12-26,18,14,True,False,35.6813,-78.5975,9,True,12.0,9.0,True,2.0,2.0,1.5003750937734435
54925606,business,4,2023-12-12,4,2023-12-26,18,14,True,False,35.2276,-78.8004,9,True,17.0,14.0,True,2.0,2.0,1.5003750937734435
84606193,personal,3,2023-12-10,2,2023-12-31,23,21,False,True,35.6813,-78.5975,9,True,20.0,19.0,True,1.0,1.0,2.0
50960672,personal,2,2023-12-11,3,2024-01-08,31,28,False,True,35.6813,-78.5975,9,True,31.0,29.0,True,1.0,1.0,2.5
64620323,personal,5,2023-12-11,3,2023-12-18,10,7,True,False,35.6263,-78.8458,9,True,10.0,8.0,True,8.0,3.0,1.0
56067446,personal,5,2023-12-11,3,2023-12-18,10,7,True,False,35.0742,-78.965,9,False,,,False,,,
14912519,personal,2,2023-12-11,3,2024-01-08,31,28,True,False,35.6813,-78.5975,9,True,31.0,29.0,True,1.0,1.0,2.5
98832561,personal,3,2023-12-11,3,2024-01-01,24,21,True,False,36.0578,-78.2586,9,True,22.0,20.0,True,1.0,1.0,2.0
58445260,personal,5,2023-12-11,3,2023-12-18,10,7,True,False,35.8344,-78.8466,9,True,9.0,7.0,True,8.0,3.0,1.0
95400612,personal,5,2023-12-11,3,2023-12-18,10,7,True,False,35.6813,-78.5975,9,True,9.0,7.0,True,8.0,3.0,1.0
88517106,personal,2,2023-12-11,3,2024-01-08,31,28,True,False,35.9843,-77.9595,9,True,31.0,29.0,True,1.0,1.0,2.5
91460140,personal,3,2023-12-11,3,2024-01-01,24,21,True,False,35.7299,-78.7735,9,True,22.0,20.0,True,1.0,1.0,2.0
87062115,personal,4,2023-12-11,3,2023-12-25,17,14,True,False,35.8077,-78.6463,9,True,17.0,15.0,True,2.0,2.0,1.5003750937734435
54827899,personal,3,2023-12-12,4,2024-01-02,25,21,True,False,35.5068,-78.3479,9,True,25.0,22.0,True,1.0,1.0,2.0
84530048,personal,3,2023-12-12,4,2024-01-02,25,21,True,False,35.8072,-78.887,9,True,21.0,18.0,True,1.0,1.0,2.0
22163654,personal,3,2023-12-12,4,2024-01-02,25,21,False,True,35.6813,-78.5975,9,True,25.0,22.0,True,1.0,1.0,2.0
12868813,personal,5,2023-12-12,4,2023-12-19,11,7,True,False,35.0914,-79.7524,3,True,11.0,8.0,True,10.0,4.0,1.1
91214143,personal,3,2023-12-12,4,2024-01-02,25,21,True,False,35.6813,-78.5975,9,True,20.0,17.0,True,1.0,1.0,2.0
37474965,personal,4,2023-12-12,4,2023-12-26,18,14,True,False,35.2276,-78.8004,9,True,14.0,11.0,True,2.0,2.0,1.5003750937734435
44218312,personal,3,2023-12-13,5,2024-01-03,26,21,True,False,35.9182,-79.0035,9,True,25.0,21.0,True,1.0,1.0,2.0
20604531,personal,3,2023-12-14,6,2024-01-04,27,21,False,True,35.58,-78.7908,9,True,27.0,22.0,True,1.0,1.0,2.0
26561557,personal,3,2023-12-14,6,2024-01-04,27,21,False,True,35.8673,-78.5381,9,True,26.0,21.0,True,1.0,1.0,2.0
61111300,personal,3,2023-12-16,8,2024-01-06,29,21,True,False,35.7667,-78.6008,9,True,29.0,22.0,True,1.0,1.0,2.0
49066894,personal,2,2023-12-21,13,2024-01-18,41,28,True,False,35.6813,-78.5975,9,True,23.0,11.0,True,1.0,1.0,2.5
18407150,personal,3,2023-12-29,21,2024-01-19,42,21,True,False,35.9457,-78.6433,9,True,33.0,13.0,True,1.0,1.0,2.0
72040199,personal,4,2023-12-30,22,2024-01-13,36,14,True,False,35.4897,-78.7249,9,True,24.0,3.0,True,2.0,2.0,1.5003750937734435
85902201,personal,4,2023-12-13,5,2023-12-27,19,14,True,False,35.7667,-78.6008,9,True,18.0,14.0,True,2.0,1.0,1.5003750937734435
96832037,personal,4,2023-12-14,6,2023-12-28,20,14,True,False,35.7789,-78.4898,9,True,18.0,13.0,True,2.0,2.0,1.5003750937734435
70104926,personal,3,2023-12-28,20,2024-01-18,41,21,False,True,36.3539,-78.1594,9,True,38.0,19.0,True,1.0,1.0,2.0
24031181,personal,4,2023-12-30,22,2024-01-13,36,14,True,False,35.6813,-78.5975,9,True,33.0,12.0,True,2.0,2.0,1.5003750937734435
33147205,personal,2,2023-12-11,3,2024-01-08,31,28,False,True,35.8673,-78.5381,9,True,31.0,29.0,True,1.0,1.0,2.5
92071903,personal,5,2023-12-11,3,2023-12-18,10,7,True,False,35.8231,-80.262,3,True,10.0,8.0,True,8.0,4.0,1.0
41299502,personal,4,2023-12-11,3,2023-12-25,17,14,True,False,36.092,-80.3224,3,True,15.0,13.0,True,2.0,2.0,1.5003750937734435
81613075,personal,3,2023-12-11,3,2024-01-01,24,21,False,True,36.0065,-80.4463,3,True,14.0,12.0,True,1.0,1.0,2.0
38244579,personal,5,2023-12-11,3,2023-12-18,10,7,True,False,36.1824,-79.806,9,False,,,False,,,
74544121,personal,2,2023-12-12,4,2024-01-09,32,28,False,True,35.7354,-79.4566,9,True,26.0,23.0,True,1.0,1.0,2.5
51693506,personal,4,2023-12-12,4,2023-12-26,18,14,True,False,36.0671,-80.3025,3,True,16.0,13.0,True,2.0,2.0,1.5003750937734435
58994033,personal,3,2023-12-13,5,2024-01-03,26,21,True,False,36.0756,-79.0914,9,True,25.0,21.0,True,1.0,1.0,2.0
54214608,personal,5,2023-12-17,9,2023-12-24,16,7,True,False,36.1824,-79.806,9,True,16.0,8.0,True,10.0,3.0,1.0
88548885,personal,3,2023-12-22,14,2024-01-12,35,21,True,False,36.0671,-80.3025,3,True,34.0,21.0,True,1.0,1.0,2.0
89592983,personal,3,2023-12-26,18,2024-01-16,39,21,False,True,36.092,-80.3224,3,True,38.0,21.0,True,1.0,1.0,2.0
90268490,personal,3,2023-12-30,22,2024-01-20,43,21,True,False,35.6187,-80.4022,3,True,35.0,14.0,True,1.0,1.0,2.0
72904514,personal,4,2023-12-13,5,2023-12-27,19,14,True,False,36.1277,-80.653,3,True,19.0,15.0,True,2.0,2.0,1.5003750937734435
89683809,personal,3,2023-12-11,3,2024-01-01,24,21,True,False,36.1029,-79.5067,9,True,24.0,22.0,True,1.0,1.0,2.0
64404919,personal,4,2023-12-11,3,2023-12-25,17,14,True,False,35.2157,-82.2394,23,True,17.0,15.0,True,8.0,1.0,1.0
27711633,personal,2,2023-12-11,3,2024-01-08,31,28,False,True,35.8684,-80.315,3,True,31.0,29.0,True,1.0,1.0,2.5
42511533,personal,5,2023-12-11,3,2023-12-18,10,7,True,False,35.6396,-79.8509,3,True,9.0,7.0,True,7.0,4.0,1.0
53136113,personal,3,2023-12-12,4,2024-01-02,25,21,True,False,36.0334,-79.8626,9,True,20.0,17.0,True,1.0,1.0,2.0
33042420,personal,1,2023-12-13,5,2024-01-10,33,28,False,True,35.852,-78.6841,9,True,33.0,29.0,True,1.0,1.0,3.003003003003003
58097723,personal,5,2023-12-10,2,2023-12-17,9,7,True,False,37.7284,-77.5544,2,True,8.0,7.0,True,6.0,6.0,1.0
46571947,personal,4,2023-12-10,2,2023-12-24,16,14,True,False,37.2333,-77.2747,2,True,14.0,13.0,True,1.0,1.0,1.0
45640997,personal,5,2023-12-10,2,2023-12-17,9,7,True,False,38.2688,-77.5476,7,True,9.0,8.0,True,6.0,5.0,1.0
14182432,personal,3,2023-12-10,2,2023-12-31,23,21,True,False,37.4782,-77.5854,2,True,21.0,20.0,True,1.0,1.0,2.0
31417627,personal,4,2023-12-11,3,2023-12-25,17,14,True,False,37.4373,-77.4788,2,True,14.0,12.0,True,2.0,2.0,1.5003750937734435
45067916,personal,5,2023-12-11,3,2023-12-18,10,7,True,False,37.5498,-77.4588,2,True,6.0,4.0,True,4.0,2.0,1.0
57838340,personal,2,2023-12-11,3,2024-01-08,31,28,False,True,37.3923,-77.5668,2,True,27.0,25.0,True,1.0,1.0,2.5
50933551,personal,5,2023-12-11,3,2023-12-18,10,7,True,False,37.52,-77.4369,2,True,10.0,8.0,True,4.0,2.0,1.0
30618787,personal,3,2023-12-11,3,2024-01-01,24,21,True,False,37.5157,-77.2758,2,True,23.0,21.0,True,1.0,1.0,2.0
58094481,personal,4,2023-12-11,3,2023-12-25,17,14,True,False,37.6628,-77.534,2,True,13.0,11.0,True,2.0,2.0,1.5003750937734435
12024718,personal,5,2023-12-11,3,2023-12-18,10,7,True,False,37.6247,-77.4351,2,True,9.0,7.0,True,7.0,6.0,1.0
93417103,personal,2,2023-12-11,3,2024-01-08,31,28,True,False,37.4638,-77.398,2,True,29.0,27.0,True,1.0,1.0,2.5
78896470,personal,3,2023-12-11,3,2024-01-01,24,21,True,False,37.546,-77.3278,2,True,20.0,18.0,True,1.0,1.0,2.0
50341364,personal,2,2023-12-11,3,2024-01-08,31,28,False,True,37.5477,-77.3948,2,True,31.0,29.0,True,1.0,1.0,2.5
85351662,personal,4,2023-12-11,3,2023-12-25,17,14,True,False,37.5748,-77.4267,2,True,17.0,15.0,True,1.0,1.0,1.0
69805960,personal,5,2023-12-11,3,2023-12-18,10,7,True,False,37.4638,-77.398,2,True,10.0,8.0,True,6.0,5.0,1.0
92417394,personal,4,2023-12-11,3,2023-12-25,17,14,True,False,37.6628,-77.534,2,True,17.0,15.0,True,1.0,1.0,1.0
84187455,personal,4,2023-12-11,3,2023-12-25,17,14,True,False,37.5157,-77.2758,2,True,15.0,13.0,True,2.0,2.0,1.5003750937734435
99067980,personal,5,2023-12-11,3,2023-12-18,10,7,True,False,37.2876,-77.295,2,True,9.0,7.0,True,8.0,6.0,1.125
75078387,personal,3,2023-12-11,3,2024-01-01,24,21,True,False,37.546,-77.3278,2,True,24.0,22.0,True,1.0,1.0,2.0
13213973,personal,4,2023-12-11,3,2023-12-25,17,14,True,False,37.6247,-77.4351,2,True,16.0,14.0,True,1.0,1.0,1.0
95900829,personal,2,2023-12-11,3,2024-01-08,31,28,False,True,36.8191,-77.4832,2,True,31.0,29.0,True,1.0,1.0,2.5
30478428,personal,4,2023-12-12,4,2023-12-26,18,14,True,False,37.5477,-77.3948,2,True,18.0,15.0,True,2.0,2.0,1.5003750937734435
34480676,personal,4,2023-12-12,4,2023-12-26,18,14,True,False,37.1819,-77.3854,2,True,16.0,13.0,True,2.0,2.0,1.5003750937734435
72070529,personal,5,2023-12-12,4,2023-12-19,11,7,True,False,37.5748,-77.4267,2,True,11.0,8.0,True,6.0,6.0,1.0
60942014,personal,2,2023-12-12,4,2024-01-09,32,28,False,True,37.431,-77.6545,2,True,25.0,22.0,True,1.0,1.0,2.5
47468387,personal,5,2023-12-12,4,2023-12-19,11,7,True,False,37.3923,-77.5668,2,True,11.0,8.0,True,5.0,4.0,1.0
37884703,personal,4,2023-12-12,4,2023-12-26,18,14,True,False,37.5109,-77.6429,2,True,18.0,15.0,True,2.0,2.0,1.5003750937734435
23258833,personal,4,2023-12-13,5,2023-12-27,19,14,True,False,37.2333,-77.2747,2,True,19.0,15.0,True,2.0,2.0,1.5003750937734435
85510849,personal,3,2023-12-13,5,2024-01-03,26,21,True,False,37.3923,-77.5668,2,True,24.0,20.0,True,1.0,1.0,2.0
91153989,personal,3,2023-12-13,5,2024-01-03,26,21,True,False,38.2688,-77.5476,7,True,25.0,21.0,True,1.0,1.0,2.0
30871913,personal,4,2023-12-13,5,2023-12-27,19,14,True,False,37.4373,-77.4788,2,True,19.0,15.0,True,1.0,1.0,1.0
50924711,personal,5,2023-12-14,6,2023-12-21,13,7,True,False,37.7284,-77.5544,2,True,13.0,8.0,True,6.0,5.0,1.0
63571597,personal,4,2023-12-14,6,2023-12-28,20,14,True,False,37.6281,-77.3395,2,True,20.0,15.0,True,2.0,2.0,1.5003750937734435
49025991,personal,5,2023-12-16,8,2023-12-23,15,7,True,False,37.1819,-77.3854,2,True,15.0,8.0,True,6.0,5.0,1.0
35027658,personal,2,2023-12-18,10,2024-01-15,38,28,False,True,37.5825,-77.5197,2,True,35.0,26.0,True,1.0,1.0,2.5
59183717,personal,5,2023-12-20,12,2023-12-27,19,7,True,False,37.3475,-77.3386,2,True,19.0,8.0,True,5.0,4.0,1.0
62556373,personal,5,2023-12-21,13,2023-12-28,20,7,True,False,37.4638,-77.398,2,True,20.0,8.0,True,4.0,2.0,1.0
39643871,personal,3,2023-12-22,14,2024-01-12,35,21,True,False,36.9361,-77.4443,2,True,34.0,21.0,True,1.0,1.0,2.0
77941716,personal,4,2023-12-27,19,2024-01-10,33,14,True,False,37.3923,-77.5668,2,True,25.0,7.0,True,2.0,2.0,1.5003750937734435
52201538,personal,3,2023-12-29,21,2024-01-19,42,21,True,False,37.4638,-77.398,2,True,42.0,22.0,True,1.0,1.0,2.0
19300824,personal,4,2023-12-18,10,2024-01-01,24,14,True,False,38.2995,-77.4772,7,True,23.0,14.0,True,1.0,1.0,1.0
23030615,personal,5,2023-12-10,2,2023-12-17,9,7,True,False,37.5158,-77.5047,2,True,8.0,7.0,True,7.0,5.0,1.0
18073606,personal,4,2023-12-11,3,2023-12-25,17,14,True,False,37.5748,-77.4267,2,True,17.0,15.0,True,2.0,2.0,1.5003750937734435
87179753,personal,5,2023-12-12,4,2023-12-19,11,7,True,False,37.4373,-77.4788,2,True,11.0,8.0,True,8.0,5.0,1.0
54327101,business,4,2023-12-15,7,2023-12-29,21,14,True,False,38.806,-77.0529,7,True,21.0,15.0,True,2.0,2.0,1.5003750937734435
84465955,personal,3,2023-12-10,2,2023-12-31,23,21,True,False,39.0142,-77.5285,7,True,23.0,22.0,True,1.0,1.0,2.0
84044230,personal,3,2023-12-10,2,2023-12-31,23,21,True,False,38.928,-77.2649,7,True,21.0,20.0,True,1.0,1.0,2.0
18658831,personal,5,2023-12-10,2,2023-12-17,9,7,True,False,38.8157,-77.6216,7,True,9.0,8.0,True,8.0,7.0,1.125
97750287,personal,5,2023-12-11,3,2023-12-18,10,7,True,False,38.6665,-77.4248,7,True,9.0,7.0,True,6.0,5.0,1.125
84345271,personal,4,2023-12-11,3,2023-12-25,17,14,True,False,38.7492,-77.4878,7,True,14.0,12.0,True,2.0,2.0,1.5003750937734435
85018146,personal,4,2023-12-11,3,2023-12-25,17,14,True,False,38.859,-77.0997,7,True,15.0,13.0,True,1.0,1.0,1.0
56387680,personal,4,2023-12-11,3,2023-12-25,17,14,True,False,38.8149,-77.121,7,True,14.0,12.0,True,1.0,1.0,1.0
30575611,personal,4,2023-12-11,3,2023-12-25,17,14,True,False,38.7589,-77.0873,7,True,17.0,15.0,True,2.0,2.0,1.7501875468867216
60436427,personal,4,2023-12-11,3,2023-12-25,17,14,True,False,38.8177,-77.2925,7,True,14.0,12.0,True,1.0,1.0,1.0
54712848,personal,4,2023-12-11,3,2023-12-25,17,14,True,False,38.7153,-77.7417,7,True,16.0,14.0,True,2.0,2.0,1.5003750937734435
16849071,personal,3,2023-12-11,3,2024-01-01,24,21,True,False,38.7449,-77.237,7,True,24.0,22.0,True,1.0,1.0,2.0
34202490,personal,5,2023-12-12,4,2023-12-19,11,7,True,False,38.6438,-77.3451,7,True,11.0,8.0,True,6.0,5.0,1.0
66458608,personal,3,2023-12-12,4,2024-01-02,25,21,True,False,38.6356,-77.2683,7,True,25.0,22.0,True,1.0,1.0,2.0
82139923,personal,5,2023-12-12,4,2023-12-19,11,7,True,False,39.1501,-78.269,7,False,,,False,,,
90226321,personal,3,2023-12-12,4,2024-01-02,25,21,True,False,38.8177,-77.2925,7,True,24.0,21.0,True,1.0,1.0,2.0
70926162,personal,4,2023-12-14,6,2023-12-28,20,14,True,False,38.8448,-77.467,7,True,20.0,15.0,True,2.0,2.0,1.5003750937734435
96966689,personal,3,2023-12-14,6,2024-01-04,27,21,True,False,38.7894,-77.2818,7,True,21.0,16.0,True,1.0,1.0,2.0
19109947,personal,3,2023-12-15,7,2024-01-05,28,21,True,False,38.8029,-77.2116,7,True,25.0,19.0,True,1.0,1.0,2.0
37020735,personal,4,2023-12-15,7,2023-12-29,21,14,True,False,38.6356,-77.2683,7,True,21.0,15.0,True,1.0,1.0,1.0
62377651,personal,4,2023-12-16,8,2023-12-30,22,14,True,False,38.6356,-77.2683,7,True,19.0,12.0,True,2.0,2.0,1.5003750937734435
45394363,personal,5,2023-12-18,10,2023-12-25,17,7,True,False,39.0142,-77.5285,7,True,17.0,8.0,True,6.0,4.0,1.0
90403848,personal,5,2023-12-20,12,2023-12-27,19,7,True,False,38.6438,-77.3451,7,True,19.0,8.0,True,4.0,3.0,1.0
43229515,personal,2,2023-12-26,18,2024-01-23,46,28,False,True,38.6438,-77.3451,7,True,37.0,20.0,True,1.0,1.0,2.5
38244721,personal,5,2023-12-26,18,2024-01-02,25,7,True,False,38.8776,-77.3885,7,True,25.0,8.0,True,4.0,3.0,1.0
89367750,personal,5,2023-12-17,9,2023-12-24,16,7,True,False,38.9577,-77.6038,7,True,16.0,8.0,True,6.0,6.0,1.0
98153648,personal,3,2023-12-11,3,2024-01-01,24,21,True,False,38.7596,-77.1485,7,True,23.0,21.0,True,1.0,1.0,2.0
50699514,personal,3,2023-12-11,3,2024-01-01,24,21,True,False,38.8157,-77.6216,7,True,22.0,20.0,True,1.0,1.0,2.0
48744339,personal,5,2023-12-10,2,2023-12-17,9,7,True,False,36.8012,-76.423,2,False,,,False,,,
74647694,personal,5,2023-12-10,2,2023-12-17,9,7,True,False,36.7978,-76.1759,30,False,,,False,,,
74333754,personal,3,2023-12-11,3,2024-01-01,24,21,True,False,37.0156,-76.4332,2,True,24.0,22.0,True,1.0,1.0,1.6
44492783,personal,3,2023-12-15,7,2024-01-05,28,21,True,False,36.8586,-76.2686,2,True,21.0,15.0,True,1.0,1.0,1.2
50473912,personal,5,2023-12-17,9,2023-12-24,16,7,True,False,37.1132,-76.5179,2,True,16.0,8.0,True,7.0,6.0,1.125
72197177,personal,3,2023-12-11,3,2024-01-01,24,21,False,True,37.6027,-79.0506,2,True,21.0,19.0,True,1.0,1.0,2.0
54816181,personal,3,2023-12-11,3,2024-01-01,24,21,False,True,38.0936,-78.5611,2,True,23.0,21.0,True,1.0,1.0,2.0
71140260,personal,3,2023-12-30,22,2024-01-20,43,21,True,False,36.743,-79.458,9,True,37.0,16.0,True,2.0,2.0,1.5999999999999996
80382046,personal,4,2023-12-10,2,2023-12-24,16,14,True,False,36.5779,-79.4411,9,True,2.0,1.0,True,2.0,2.0,1.200300075018755
43144184,personal,2,2023-12-09,1,2024-01-06,29,28,False,True,36.3834,-86.4512,0,True,1.0,1.0,True,1.0,1.0,2.5
55698297,personal,3,2023-12-09,1,2023-12-30,22,21,True,False,36.5853,-87.4186,15,True,22.0,22.0,True,1.0,1.0,2.0
15394782,personal,5,2023-12-09,1,2023-12-16,8,7,True,False,36.3834,-86.4512,0,True,7.0,7.0,True,6.0,3.0,1.0
58421234,personal,3,2023-12-09,1,2023-12-30,22,21,True,False,36.3834,-86.4512,0,True,20.0,20.0,True,1.0,1.0,2.0
92775358,personal,5,2023-12-10,2,2023-12-17,9,7,True,False,36.2604,-86.7046,0,True,9.0,8.0,True,8.0,4.0,1.0
46023767,personal,2,2023-12-21,13,2024-01-18,41,28,False,True,36.3054,-86.6072,0,True,36.0,24.0,True,1.0,1.0,2.5
76058214,personal,4,2023-12-10,2,2023-12-24,16,14,True,False,35.4916,-84.3395,12,True,9.0,8.0,True,8.0,2.0,1.0
43018985,personal,1,2023-12-10,2,2024-01-07,30,28,False,True,35.9331,-84.0761,12,True,28.0,27.0,True,1.0,1.0,3.003003003003003
90997564,personal,3,2023-12-11,3,2024-01-01,24,21,True,False,36.0159,-84.2623,12,True,21.0,19.0,True,1.0,1.0,2.0
73439021,personal,2,2023-12-16,8,2024-01-13,36,28,True,False,35.5002,-85.0135,12,True,28.0,21.0,True,1.0,1.0,2.0
37428079,personal,4,2023-12-11,3,2023-12-25,17,14,True,False,36.0435,-84.04,12,True,16.0,14.0,True,8.0,2.0,1.0
45819546,personal,4,2023-12-12,4,2023-12-26,18,14,True,False,36.1055,-83.946,12,True,18.0,15.0,True,8.0,2.0,1.0
75125571,personal,5,2023-12-21,13,2023-12-28,20,7,True,False,35.2326,-86.0589,20,True,20.0,8.0,True,8.0,1.0,1.0
94636605,personal,3,2023-12-28,20,2024-01-18,41,21,True,False,35.946,-84.0235,12,True,34.0,15.0,True,1.0,1.0,2.0
27360664,personal,4,2023-12-11,3,2023-12-25,17,14,True,False,35.998,-83.9152,12,True,17.0,15.0,True,8.0,2.0,1.0
85163935,personal,2,2023-12-10,2,2024-01-07,30,28,True,False,36.0501,-83.9226,12,True,21.0,20.0,True,1.0,1.0,2.5
39620107,personal,5,2023-12-13,5,2023-12-20,12,7,True,False,38.3045,-85.5815,29,True,12.0,8.0,True,8.0,1.0,1.0
53803182,personal,3,2023-12-19,11,2024-01-09,32,21,True,False,38.3326,-85.461,29,True,19.0,9.0,True,1.0,1.0,2.0
19528147,personal,4,2023-12-13,5,2023-12-27,19,14,True,False,35.251,-90.0296,4,True,19.0,15.0,True,10.0,2.0,1.0
52777855,personal,4,2023-12-14,6,2023-12-28,20,14,True,False,35.2461,-89.0007,25,True,20.0,15.0,True,8.0,3.0,1.0
80881288,business,4,2023-12-11,3,2023-12-25,17,14,True,False,36.2604,-86.7046,0,True,15.0,13.0,True,1.0,1.0,1.0
22854179,business,3,2023-12-11,3,2024-01-01,24,21,True,False,35.4958,-86.0816,0,True,17.0,15.0,True,1.0,1.0,1.199400299850075
54470931,business,3,2023-12-11,3,2024-01-01,24,21,True,False,36.3054,-86.6072,0,True,24.0,22.0,True,1.0,1.0,2.0
45346385,business,3,2023-12-13,5,2024-01-03,26,21,True,False,36.3054,-86.6072,0,True,26.0,22.0,True,1.0,1.0,2.0
49946138,business,3,2023-12-22,14,2024-01-12,35,21,True,False,36.3054,-86.6072,0,True,35.0,22.0,True,1.0,1.0,2.0
48763537,personal,4,2023-12-09,1,2023-12-23,15,14,True,False,36.2195,-86.774,0,True,14.0,14.0,True,2.0,2.0,1.5003750937734435
54502170,personal,3,2023-12-09,1,2023-12-30,22,21,False,True,36.1052,-86.6591,0,True,1.0,1.0,True,1.0,1.0,2.0
79916476,personal,2,2023-12-09,1,2024-01-06,29,28,False,True,36.3054,-86.6072,0,True,1.0,1.0,True,1.0,1.0,2.5
24098320,personal,5,2023-12-09,1,2023-12-16,8,7,True,False,36.2604,-86.7046,0,True,7.0,7.0,True,8.0,4.0,1.0
59111999,personal,5,2023-12-09,1,2023-12-16,8,7,True,False,35.7173,-86.9048,0,True,6.0,6.0,True,5.0,5.0,1.0
35404467,personal,1,2023-12-09,1,2024-01-06,29,28,False,True,36.3834,-86.4512,0,True,1.0,1.0,True,1.0,1.0,3.003003003003003
43901627,personal,1,2023-12-10,2,2024-01-07,30,28,False,True,36.3054,-86.6072,0,True,28.0,27.0,True,1.0,1.0,3.003003003003003
51082650,personal,3,2023-12-10,2,2023-12-31,23,21,True,False,36.2604,-86.7046,0,True,19.0,18.0,True,1.0,1.0,2.0
29535293,personal,2,2023-12-10,2,2024-01-07,30,28,False,True,36.3834,-86.4512,0,True,23.0,22.0,True,1.0,1.0,2.5
10391891,personal,3,2023-12-10,2,2023-12-31,23,21,True,False,36.3834,-86.4512,0,True,21.0,20.0,True,1.0,1.0,2.0
30291491,personal,3,2023-12-10,2,2023-12-31,23,21,True,False,36.3834,-86.4512,0,True,23.0,22.0,True,1.0,1.0,2.0
98389919,personal,3,2023-12-11,3,2024-01-01,24,21,True,False,36.3054,-86.6072,0,True,22.0,20.0,True,1.0,1.0,2.0
94436633,personal,3,2023-12-11,3,2024-01-01,24,21,False,True,36.3834,-86.4512,0,True,23.0,21.0,True,1.0,1.0,2.0
40228476,personal,3,2023-12-11,3,2024-01-01,24,21,True,False,36.3834,-86.4512,0,True,21.0,19.0,True,1.0,1.0,2.0
45058397,personal,3,2023-12-11,3,2024-01-01,24,21,True,False,36.3834,-86.4512,0,True,19.0,17.0,True,1.0,1.0,2.0
89284617,personal,3,2023-12-11,3,2024-01-01,24,21,True,False,36.3834,-86.4512,0,True,23.0,21.0,True,1.0,1.0,2.0
17022546,personal,3,2023-12-11,3,2024-01-01,24,21,False,True,36.3834,-86.4512,0,True,14.0,12.0,True,1.0,1.0,2.0
89949894,personal,3,2023-12-11,3,2024-01-01,24,21,True,False,36.3054,-86.6072,0,True,22.0,20.0,True,1.0,1.0,2.0
20775919,personal,2,2023-12-11,3,2024-01-08,31,28,True,False,36.3054,-86.6072,0,True,29.0,27.0,True,1.0,1.0,2.5
32699004,personal,3,2023-12-11,3,2024-01-01,24,21,True,False,36.3834,-86.4512,0,True,20.0,18.0,True,1.0,1.0,2.0
93775756,personal,3,2023-12-11,3,2024-01-01,24,21,True,False,36.3834,-86.4512,0,True,22.0,20.0,True,1.0,1.0,2.0
53915976,personal,2,2023-12-11,3,2024-01-08,31,28,True,False,36.2604,-86.7046,0,True,30.0,28.0,True,1.0,1.0,2.5
41832880,personal,2,2023-12-11,3,2024-01-08,31,28,True,False,36.3834,-86.4512,0,True,30.0,28.0,True,1.0,1.0,2.5
56814124,personal,3,2023-12-11,3,2024-01-01,24,21,False,True,36.3054,-86.6072,0,True,23.0,21.0,True,1.0,1.0,2.0
74465705,personal,2,2023-12-11,3,2024-01-08,31,28,False,True,36.3054,-86.6072,0,True,31.0,29.0,True,1.0,1.0,2.5
78858418,personal,3,2023-12-11,3,2024-01-01,24,21,True,False,36.3834,-86.4512,0,True,22.0,20.0,True,1.0,1.0,2.0
68184818,personal,3,2023-12-11,3,2024-01-01,24,21,False,True,36.3054,-86.6072,0,True,23.0,21.0,True,1.0,1.0,2.0
48169659,personal,3,2023-12-11,3,2024-01-01,24,21,True,False,36.3054,-86.6072,0,True,23.0,21.0,True,1.0,1.0,2.0
86996734,personal,4,2023-12-11,3,2023-12-25,17,14,True,False,36.3054,-86.6072,0,True,16.0,14.0,True,2.0,2.0,1.5003750937734435
37126672,personal,3,2023-12-11,3,2024-01-01,24,21,False,True,36.2604,-86.7046,0,True,14.0,12.0,True,1.0,1.0,2.0
47273118,personal,3,2023-12-11,3,2024-01-01,24,21,True,False,36.3054,-86.6072,0,True,22.0,20.0,True,1.0,1.0,2.0
25615616,personal,3,2023-12-11,3,2024-01-01,24,21,True,False,36.3834,-86.4512,0,True,17.0,15.0,True,1.0,1.0,2.0
38491260,personal,5,2023-12-12,4,2023-12-19,11,7,True,False,36.3054,-86.6072,0,True,11.0,8.0,True,4.0,3.0,1.0
39922836,personal,3,2023-12-12,4,2024-01-02,25,21,True,False,36.3834,-86.4512,0,True,25.0,22.0,True,1.0,1.0,2.0
57005518,personal,3,2023-12-12,4,2024-01-02,25,21,True,False,36.3054,-86.6072,0,True,25.0,22.0,True,1.0,1.0,2.0
26054055,personal,3,2023-12-12,4,2024-01-02,25,21,False,True,36.2416,-86.6117,0,True,23.0,20.0,True,1.0,1.0,2.0
94797444,personal,3,2023-12-12,4,2024-01-02,25,21,True,False,36.3834,-86.4512,0,True,25.0,22.0,True,1.0,1.0,2.0
44297641,personal,3,2023-12-12,4,2024-01-02,25,21,True,False,36.3806,-86.3107,0,True,25.0,22.0,True,1.0,1.0,2.0
68938414,personal,3,2023-12-13,5,2024-01-03,26,21,True,False,36.3054,-86.6072,0,True,26.0,22.0,True,1.0,1.0,2.0
25554645,personal,4,2023-12-13,5,2023-12-27,19,14,True,False,36.1897,-86.5023,0,True,18.0,14.0,True,1.0,1.0,1.0
95199437,personal,5,2023-12-13,5,2023-12-20,12,7,True,False,36.3834,-86.4512,0,True,12.0,8.0,True,6.0,5.0,1.0
37996477,personal,3,2023-12-13,5,2024-01-03,26,21,True,False,36.3834,-86.4512,0,True,26.0,22.0,True,1.0,1.0,2.0
26978722,personal,3,2023-12-13,5,2024-01-03,26,21,True,False,36.2604,-86.7046,0,True,25.0,21.0,True,1.0,1.0,2.0
99656328,personal,3,2023-12-13,5,2024-01-03,26,21,True,False,35.9121,-86.7655,0,True,26.0,22.0,True,1.0,1.0,2.0
84574331,personal,3,2023-12-13,5,2024-01-03,26,21,False,True,36.5853,-87.4186,15,True,25.0,21.0,True,1.0,1.0,1.4992503748125936
20865042,personal,3,2023-12-14,6,2024-01-04,27,21,True,False,36.3054,-86.6072,0,True,27.0,22.0,True,1.0,1.0,2.0
24965377,personal,4,2023-12-14,6,2023-12-28,20,14,True,False,36.3834,-86.4512,0,True,19.0,14.0,True,1.0,1.0,1.0
34532795,personal,3,2023-12-14,6,2024-01-04,27,21,True,False,36.2604,-86.7046,0,True,26.0,21.0,True,1.0,1.0,2.0
97932087,personal,5,2023-12-14,6,2023-12-21,13,7,True,False,36.5853,-87.4186,15,True,12.0,7.0,True,5.0,5.0,1.0
94040332,personal,3,2023-12-14,6,2024-01-04,27,21,False,True,36.3834,-86.4512,0,True,26.0,21.0,True,1.0,1.0,2.0
89453595,personal,3,2023-12-14,6,2024-01-04,27,21,True,False,36.3834,-86.4512,0,True,26.0,21.0,True,1.0,1.0,2.0
98338244,personal,3,2023-12-14,6,2024-01-04,27,21,False,True,36.2604,-86.7046,0,True,26.0,21.0,True,1.0,1.0,2.0
28941777,personal,2,2023-12-14,6,2024-01-11,34,28,True,False,36.3834,-86.4512,0,True,34.0,29.0,True,1.0,1.0,2.5
51008414,personal,3,2023-12-15,7,2024-01-05,28,21,True,False,36.2195,-86.774,0,True,28.0,22.0,True,1.0,1.0,2.0
31727016,personal,3,2023-12-18,10,2024-01-08,31,21,False,True,36.3054,-86.6072,0,True,24.0,15.0,True,1.0,1.0,2.0
42074158,personal,1,2023-12-18,10,2024-01-15,38,28,False,True,36.5853,-87.4186,15,True,37.0,28.0,True,1.0,1.0,3.003003003003003
55633404,personal,3,2023-12-18,10,2024-01-08,31,21,False,True,36.2098,-86.3024,0,True,28.0,19.0,True,1.0,1.0,2.0
32211722,personal,3,2023-12-18,10,2024-01-08,31,21,True,False,36.3054,-86.6072,0,True,31.0,22.0,True,1.0,1.0,2.0
11098869,personal,1,2023-12-18,10,2024-01-15,38,28,False,True,36.2604,-86.7046,0,True,37.0,28.0,True,1.0,1.0,3.003003003003003
27739886,personal,5,2023-12-18,10,2023-12-25,17,7,True,False,36.1798,-86.7411,0,True,17.0,8.0,True,6.0,4.0,1.0
14421545,personal,3,2023-12-19,11,2024-01-09,32,21,False,True,36.3834,-86.4512,0,True,27.0,17.0,True,1.0,1.0,2.0
35859743,personal,3,2023-12-19,11,2024-01-09,32,21,True,False,36.0556,-88.1119,15,True,29.0,19.0,True,1.0,1.0,1.6
61544233,personal,3,2023-12-19,11,2024-01-09,32,21,True,False,36.3054,-86.6072,0,True,28.0,18.0,True,1.0,1.0,2.0
37788556,personal,4,2023-12-19,11,2024-01-02,25,14,True,False,36.5853,-87.4186,15,True,13.0,3.0,True,2.0,2.0,1.5003750937734435
33988441,personal,3,2023-12-21,13,2024-01-11,34,21,True,False,35.1864,-86.113,20,True,21.0,9.0,True,1.0,1.0,2.0
21990170,personal,4,2023-12-22,14,2024-01-05,28,14,True,False,36.5853,-87.4186,15,True,28.0,15.0,True,2.0,2.0,1.5003750937734435
78176410,personal,3,2023-12-22,14,2024-01-12,35,21,True,False,36.5107,-87.2757,15,True,28.0,15.0,True,1.0,1.0,2.0
38868304,personal,3,2023-12-23,15,2024-01-13,36,21,True,False,36.3054,-86.6072,0,True,30.0,16.0,True,1.0,1.0,2.0
69621229,personal,3,2023-12-23,15,2024-01-13,36,21,True,False,36.3054,-86.6072,0,True,31.0,17.0,True,1.0,1.0,2.0
92812584,personal,2,2023-12-26,18,2024-01-23,46,28,True,False,36.5853,-87.4186,15,True,46.0,29.0,True,1.0,1.0,2.5
67219441,personal,3,2023-12-26,18,2024-01-16,39,21,True,False,36.3054,-86.6072,0,True,38.0,21.0,True,1.0,1.0,2.0
55953788,personal,3,2023-12-27,19,2024-01-17,40,21,True,False,36.5853,-87.4186,15,True,34.0,16.0,True,1.0,1.0,2.0
65282607,personal,4,2023-12-27,19,2024-01-10,33,14,True,False,36.2604,-86.7046,0,True,32.0,14.0,True,1.0,1.0,1.0
77585273,personal,5,2023-12-27,19,2024-01-03,26,7,True,False,36.522,-87.349,15,True,26.0,8.0,True,5.0,5.0,1.0
50403060,personal,3,2023-12-27,19,2024-01-17,40,21,True,False,36.2604,-86.7046,0,True,40.0,22.0,True,1.0,1.0,2.0
66233106,personal,3,2023-12-28,20,2024-01-18,41,21,True,False,36.1546,-86.8602,0,True,37.0,18.0,True,1.0,1.0,2.0
40232358,personal,4,2023-12-28,20,2024-01-11,34,14,True,False,36.522,-87.349,15,True,24.0,5.0,True,2.0,2.0,1.5003750937734435
18870797,personal,2,2023-12-28,20,2024-01-25,48,28,False,True,36.3834,-86.4512,0,True,34.0,15.0,True,1.0,1.0,2.5
51962308,personal,3,2023-12-28,20,2024-01-18,41,21,True,False,36.5853,-87.4186,15,True,27.0,8.0,True,1.0,1.0,2.0
99544326,personal,2,2023-12-28,20,2024-01-25,48,28,True,False,36.5147,-87.5393,15,True,37.0,18.0,True,1.0,1.0,2.5
78685358,personal,2,2023-12-28,20,2024-01-25,48,28,True,False,36.5853,-87.4186,15,True,23.0,4.0,True,1.0,1.0,2.5
93756859,personal,5,2023-12-29,21,2024-01-05,28,7,True,False,36.5853,-87.4186,15,True,25.0,5.0,True,5.0,5.0,1.0
75203309,personal,3,2023-12-29,21,2024-01-19,42,21,False,True,36.2604,-86.7046,0,True,38.0,18.0,True,1.0,1.0,2.0
46099406,personal,4,2023-12-15,7,2023-12-29,21,14,True,False,36.0662,-86.9639,0,True,20.0,14.0,True,1.0,1.0,1.0
15822139,personal,3,2023-12-10,2,2023-12-31,23,21,True,False,36.3834,-86.4512,0,True,18.0,17.0,True,1.0,1.0,2.0
97803185,personal,2,2023-12-11,3,2024-01-08,31,28,False,True,36.2125,-86.7257,0,True,26.0,24.0,True,1.0,1.0,2.5
72237706,personal,2,2023-12-09,1,2024-01-06,29,28,True,False,36.3834,-86.4512,0,True,27.0,27.0,True,1.0,1.0,2.5
76845443,personal,1,2023-12-10,2,2024-01-07,30,28,False,True,36.2604,-86.7046,0,True,29.0,28.0,True,1.0,1.0,3.003003003003003
54922553,business,3,2023-12-11,3,2024-01-01,24,21,False,True,36.3054,-86.6072,0,True,22.0,20.0,True,1.0,1.0,2.0
24073253,business,4,2023-12-12,4,2023-12-26,18,14,True,False,41.7472,-72.6103,6,True,18.0,15.0,True,3.0,3.0,1.0001875468867216
62687338,personal,4,2023-12-11,3,2023-12-25,17,14,True,False,42.7198,-73.8207,18,True,13.0,11.0,True,2.0,2.0,1.5003750937734435
27243643,personal,5,2023-12-12,4,2023-12-19,11,7,True,False,42.6365,-73.5504,18,True,11.0,8.0,True,8.0,2.0,1.0
63385788,personal,4,2023-12-12,4,2023-12-26,18,14,True,False,42.6683,-73.7744,18,True,18.0,15.0,True,2.0,1.0,1.5003750937734435
82528579,personal,4,2023-12-12,4,2023-12-26,18,14,True,False,43.0708,-73.7408,18,True,16.0,13.0,True,2.0,1.0,1.5003750937734435
96326859,personal,4,2023-12-13,5,2023-12-27,19,14,True,False,42.9255,-78.7481,16,True,19.0,15.0,True,8.0,1.0,1.0
19727765,personal,5,2023-12-11,3,2023-12-18,10,7,True,False,42.0738,-73.9797,18,True,10.0,8.0,True,10.0,2.0,1.0
86576632,personal,2,2023-12-12,4,2024-01-09,32,28,True,False,41.1472,-73.9962,10,True,32.0,29.0,True,1.0,1.0,2.5
29582688,personal,4,2023-12-13,5,2023-12-27,19,14,True,False,41.0914,-73.9252,10,True,19.0,15.0,True,2.0,2.0,1.5003750937734435
62840533,personal,3,2023-12-13,5,2024-01-03,26,21,False,True,41.0629,-74.0159,10,True,24.0,20.0,True,1.0,1.0,2.0
39314202,personal,4,2023-12-26,18,2024-01-09,32,14,True,False,41.3717,-73.7508,10,True,28.0,11.0,True,2.0,2.0,1.5003750937734435
82908253,personal,4,2023-12-12,4,2023-12-26,18,14,True,False,43.2196,-77.4616,16,True,13.0,10.0,True,8.0,1.0,1.0
13124031,personal,5,2023-12-15,7,2023-12-22,14,7,True,False,42.0811,-75.8977,19,True,11.0,5.0,True,8.0,2.0,1.0
94141142,personal,5,2023-12-28,20,2024-01-04,27,7,True,False,43.1158,-75.3095,18,True,27.0,8.0,True,10.0,2.0,1.0
34907160,business,3,2023-12-13,5,2024-01-03,26,21,True,False,31.5858,-90.452,14,,,,,,,
51730988,personal,1,2023-12-12,4,2024-01-09,32,28,False,True,35.1602,-89.7816,4,True,32.0,29.0,True,1.0,1.0,3.003003003003003
13637202,business,5,2023-12-09,1,2023-12-16,8,7,True,False,36.5853,-87.4186,15,True,5.0,5.0,True,6.0,6.0,1.0
43809509,business,2,2023-12-10,2,2024-01-07,30,28,True,False,36.5107,-87.2757,15,True,30.0,29.0,True,1.0,1.0,2.5
94084217,business,2,2023-12-10,2,2024-01-07,30,28,False,True,36.3054,-86.6072,0,True,20.0,19.0,True,1.0,1.0,2.0
85158978,business,2,2023-12-10,2,2024-01-07,30,28,True,False,36.3054,-86.6072,0,True,29.0,28.0,True,1.0,1.0,2.5
74978693,personal,1,2023-12-09,1,2024-01-06,29,28,False,True,36.5853,-87.4186,15,True,1.0,1.0,True,1.0,1.0,3.003003003003003
31477599,personal,2,2023-12-11,3,2024-01-08,31,28,False,True,36.5853,-87.4186,15,True,29.0,27.0,True,1.0,1.0,2.5
42093983,personal,1,2023-12-11,3,2024-01-08,31,28,False,True,36.522,-87.349,15,True,28.0,26.0,True,1.0,1.0,3.003003003003003
36865649,personal,1,2023-12-11,3,2024-01-08,31,28,False,True,36.5853,-87.4186,15,True,18.0,16.0,True,1.0,1.0,3.003003003003003
52797566,personal,1,2023-12-11,3,2024-01-08,31,28,False,True,36.5853,-87.4186,15,True,25.0,23.0,True,1.0,1.0,3.003003003003003
38545745,personal,1,2023-12-11,3,2024-01-08,31,28,False,True,36.3054,-86.6072,0,True,18.0,16.0,True,1.0,1.0,3.003003003003003
15620237,personal,1,2023-12-11,3,2024-01-08,31,28,False,True,36.5853,-87.4186,15,True,25.0,23.0,True,1.0,1.0,3.003003003003003
80640362,personal,2,2023-12-11,3,2024-01-08,31,28,True,False,36.3054,-86.6072,0,True,28.0,26.0,True,1.0,1.0,2.5
10341659,personal,1,2023-12-11,3,2024-01-08,31,28,False,True,36.5853,-87.4186,15,True,31.0,29.0,True,1.0,1.0,3.003003003003003
73035281,personal,1,2023-12-11,3,2024-01-08,31,28,False,True,36.5853,-87.4186,15,True,29.0,27.0,True,1.0,1.0,3.003003003003003
94816267,personal,1,2023-12-11,3,2024-01-08,31,28,False,True,36.5853,-87.4186,15,True,28.0,26.0,True,1.0,1.0,3.003003003003003
34379279,personal,1,2023-12-12,4,2024-01-09,32,28,False,True,36.5853,-87.4186,15,True,30.0,27.0,True,1.0,1.0,3.003003003003003
45882137,personal,1,2023-12-12,4,2024-01-09,32,28,False,True,36.3054,-86.6072,0,True,32.0,29.0,True,1.0,1.0,3.003003003003003
58949952,personal,1,2023-12-12,4,2024-01-09,32,28,False,True,36.5853,-87.4186,15,True,32.0,29.0,True,1.0,1.0,3.003003003003003
71499375,personal,1,2023-12-12,4,2024-01-09,32,28,False,True,36.5853,-87.4186,15,True,32.0,29.0,True,1.0,1.0,3.003003003003003
83921644,personal,1,2023-12-12,4,2024-01-09,32,28,False,True,36.5853,-87.4186,15,True,32.0,29.0,True,1.0,1.0,3.003003003003003
85713053,personal,1,2023-12-12,4,2024-01-09,32,28,False,True,36.5853,-87.4186,15,True,32.0,29.0,True,1.0,1.0,3.003003003003003
88384460,personal,1,2023-12-13,5,2024-01-10,33,28,False,True,36.5853,-87.4186,15,True,33.0,29.0,True,1.0,1.0,3.003003003003003
79028590,personal,1,2023-12-13,5,2024-01-10,33,28,False,True,36.3054,-86.6072,0,True,33.0,29.0,True,1.0,1.0,3.003003003003003
75219971,personal,1,2023-12-13,5,2024-01-10,33,28,False,True,36.3054,-86.6072,0,True,33.0,29.0,True,1.0,1.0,3.003003003003003
23641394,personal,1,2023-12-13,5,2024-01-10,33,28,False,True,36.5853,-87.4186,15,True,33.0,29.0,True,1.0,1.0,3.003003003003003
50173728,personal,1,2023-12-14,6,2024-01-11,34,28,False,True,36.522,-87.349,15,True,32.0,27.0,True,1.0,1.0,3.003003003003003
11928202,personal,1,2023-12-14,6,2024-01-11,34,28,False,True,36.5853,-87.4186,15,True,32.0,27.0,True,1.0,1.0,3.003003003003003
25193138,personal,1,2023-12-14,6,2024-01-11,34,28,False,True,36.5853,-87.4186,15,True,32.0,27.0,True,1.0,1.0,3.003003003003003
50634251,personal,1,2023-12-15,7,2024-01-12,35,28,False,True,36.3054,-86.6072,0,True,35.0,29.0,True,1.0,1.0,3.003003003003003
13851832,personal,4,2023-12-09,1,2023-12-23,15,14,True,False,36.5853,-87.4186,15,True,15.0,15.0,True,1.0,1.0,1.0
49092192,personal,5,2023-12-10,2,2023-12-17,9,7,True,False,36.5853,-87.4186,15,True,9.0,8.0,True,5.0,5.0,1.0
62669017,personal,5,2023-12-10,2,2023-12-17,9,7,True,False,36.5853,-87.4186,15,True,9.0,8.0,True,6.0,5.0,1.0
41585723,personal,3,2023-12-10,2,2023-12-31,23,21,True,False,36.5853,-87.4186,15,True,19.0,18.0,True,1.0,1.0,2.0
88835179,personal,1,2023-12-10,2,2024-01-07,30,28,False,True,36.3834,-86.4512,0,True,29.0,28.0,True,1.0,1.0,3.003003003003003
92764143,personal,4,2023-12-10,2,2023-12-24,16,14,True,False,36.5853,-87.4186,15,True,13.0,12.0,True,2.0,2.0,1.5003750937734435
12656013,personal,3,2023-12-10,2,2023-12-31,23,21,True,False,36.522,-87.349,15,True,19.0,18.0,True,1.0,1.0,2.0
82368108,personal,1,2023-12-10,2,2024-01-07,30,28,False,True,36.3834,-86.4512,0,True,28.0,27.0,True,1.0,1.0,3.003003003003003
36849606,personal,1,2023-12-10,2,2024-01-07,30,28,False,True,36.5853,-87.4186,15,True,30.0,29.0,True,1.0,1.0,3.003003003003003
69038390,personal,1,2023-12-11,3,2024-01-08,31,28,False,True,36.522,-87.349,15,True,28.0,26.0,True,1.0,1.0,3.003003003003003
99062635,personal,4,2023-12-11,3,2023-12-25,17,14,True,False,36.5853,-87.4186,15,True,15.0,13.0,True,1.0,1.0,1.0
42054372,personal,4,2023-12-11,3,2023-12-25,17,14,True,False,36.5853,-87.4186,15,True,17.0,15.0,True,1.0,1.0,1.0
33007303,personal,1,2023-12-12,4,2024-01-09,32,28,False,True,36.2604,-86.7046,0,True,32.0,29.0,True,1.0,1.0,3.003003003003003
77583238,personal,1,2023-12-12,4,2024-01-09,32,28,False,True,36.5853,-87.4186,15,True,32.0,29.0,True,1.0,1.0,3.003003003003003
26258354,personal,1,2023-12-12,4,2024-01-09,32,28,False,True,36.5853,-87.4186,15,True,30.0,27.0,True,1.0,1.0,3.003003003003003
98475746,personal,1,2023-12-12,4,2024-01-09,32,28,False,True,36.5853,-87.4186,15,True,32.0,29.0,True,1.0,1.0,3.003003003003003
41830248,personal,5,2023-12-12,4,2023-12-19,11,7,True,False,36.3054,-86.6072,0,True,8.0,5.0,True,5.0,5.0,1.0
66351845,personal,5,2023-12-15,7,2023-12-22,14,7,True,False,36.5853,-87.4186,15,True,14.0,8.0,True,5.0,5.0,1.0
27266096,personal,1,2023-12-16,8,2024-01-13,36,28,False,True,36.3054,-86.6072,0,True,36.0,29.0,True,1.0,1.0,3.003003003003003
49316395,personal,2,2023-12-16,8,2024-01-13,36,28,False,True,36.5853,-87.4186,15,True,33.0,26.0,True,1.0,1.0,2.5
46779660,personal,1,2023-12-18,10,2024-01-15,38,28,False,True,36.2195,-86.774,0,True,37.0,28.0,True,1.0,1.0,3.003003003003003
39487175,personal,1,2023-12-10,2,2024-01-07,30,28,False,True,36.522,-87.349,15,True,24.0,23.0,True,1.0,1.0,3.003003003003003
88891728,personal,3,2023-12-12,4,2024-01-02,25,21,True,False,41.3312,-73.2243,6,True,22.0,19.0,True,1.0,1.0,2.0
89700308,personal,3,2023-12-11,3,2024-01-01,24,21,True,False,41.424,-73.4716,6,True,21.0,19.0,True,1.0,1.0,2.0
87305335,personal,4,2023-12-11,3,2023-12-25,17,14,True,False,41.5022,-72.9788,6,True,17.0,15.0,True,3.0,2.0,1.0001875468867216
78405399,personal,4,2023-12-11,3,2023-12-25,17,14,True,False,41.3082,-72.9282,6,True,14.0,12.0,True,3.0,2.0,1.0001875468867216
58916221,personal,4,2023-12-12,4,2023-12-26,18,14,True,False,41.5371,-72.0849,6,True,18.0,15.0,True,3.0,3.0,1.0001875468867216
54794966,personal,5,2023-12-11,3,2023-12-18,10,7,True,False,41.5662,-72.3441,6,True,10.0,8.0,True,8.0,5.0,1.0
51989309,personal,4,2023-12-11,3,2023-12-25,17,14,True,False,41.2701,-72.9638,6,True,17.0,15.0,True,3.0,3.0,1.0001875468867216
10892619,personal,4,2023-12-11,3,2023-12-25,17,14,True,False,41.3229,-73.08,6,True,17.0,15.0,True,3.0,3.0,1.0001875468867216
85876972,personal,5,2023-12-11,3,2023-12-18,10,7,True,False,41.28,-72.8106,6,True,9.0,7.0,True,8.0,5.0,1.0
94178133,personal,4,2023-12-11,3,2023-12-25,17,14,True,False,41.5569,-72.6652,6,True,16.0,14.0,True,3.0,3.0,1.0001875468867216
14117027,personal,4,2023-12-11,3,2023-12-25,17,14,True,False,41.5055,-72.9081,6,True,16.0,14.0,True,3.0,2.0,1.0001875468867216
75931096,personal,4,2023-12-12,4,2023-12-26,18,14,True,False,41.7997,-72.2478,6,True,18.0,15.0,True,3.0,3.0,1.0001875468867216
47555912,personal,4,2023-12-12,4,2023-12-26,18,14,True,False,41.4097,-72.911,6,True,18.0,15.0,True,3.0,3.0,1.0001875468867216
44564234,personal,5,2023-12-12,4,2023-12-19,11,7,True,False,41.2091,-73.2086,6,True,11.0,8.0,True,8.0,6.0,1.0
60167696,personal,5,2023-12-12,4,2023-12-19,11,7,True,False,41.7822,-72.3332,6,True,11.0,8.0,True,8.0,5.0,1.0
54070382,personal,4,2023-12-12,4,2023-12-26,18,14,True,False,41.3047,-73.1294,6,True,18.0,15.0,True,3.0,3.0,1.0001875468867216
82661340,personal,3,2023-12-13,5,2024-01-03,26,21,True,False,41.3862,-73.0817,6,True,24.0,20.0,True,1.0,1.0,2.0
92471125,personal,5,2023-12-13,5,2023-12-20,12,7,True,False,41.6105,-72.6663,6,True,12.0,8.0,True,8.0,7.0,1.0
92883991,personal,4,2023-12-13,5,2023-12-27,19,14,True,False,41.465,-72.6875,6,True,19.0,15.0,True,2.0,2.0,1.5003750937734435
82473832,personal,5,2023-12-13,5,2023-12-20,12,7,True,False,41.46,-72.8222,6,True,12.0,8.0,True,8.0,7.0,1.0
16728333,personal,4,2023-12-13,5,2023-12-27,19,14,True,False,41.3862,-73.0817,6,True,19.0,15.0,True,2.0,2.0,1.5003750937734435
41740920,personal,3,2023-12-14,6,2024-01-04,27,21,True,False,41.5371,-72.0849,6,True,19.0,14.0,True,1.0,1.0,2.0
78257789,personal,5,2023-12-14,6,2023-12-21,13,7,True,False,41.5761,-72.5093,6,True,13.0,8.0,True,8.0,6.0,1.0
68161694,personal,3,2023-12-15,7,2024-01-05,28,21,True,False,41.362,-72.9361,6,True,26.0,20.0,True,1.0,1.0,2.0
88730886,personal,4,2023-12-16,8,2023-12-30,22,14,True,False,41.7472,-72.6103,6,True,21.0,14.0,True,2.0,2.0,1.5003750937734435
84177662,personal,5,2023-12-17,9,2023-12-24,16,7,True,False,41.2175,-73.0549,6,True,16.0,8.0,True,8.0,5.0,1.0
34312761,personal,4,2023-12-18,10,2024-01-01,24,14,True,False,41.4262,-73.0007,6,True,21.0,12.0,True,2.0,2.0,1.5003750937734435
90137660,personal,5,2023-12-18,10,2023-12-25,17,7,True,False,41.4087,-73.2485,6,True,17.0,8.0,True,8.0,5.0,1.0
84730110,personal,5,2023-12-11,3,2023-12-18,10,7,True,False,41.7556,-72.7532,6,True,10.0,8.0,True,8.0,7.0,1.0
60462289,personal,2,2023-12-11,3,2024-01-08,31,28,False,True,39.9441,-75.5882,1,True,31.0,29.0,True,1.0,1.0,2.5
75944436,personal,1,2023-12-14,6,2024-01-11,34,28,False,True,36.6543,-87.4606,15,True,33.0,28.0,True,1.0,1.0,3.003003003003003
45251105,business,4,2023-12-13,5,2023-12-27,19,14,True,False,33.4816,-86.859,8,True,19.0,15.0,True,1.0,1.0,1.0
36436985,business,2,2023-12-21,13,2024-01-18,41,28,True,False,34.1761,-86.8298,8,True,25.0,13.0,True,1.0,1.0,2.5
19453686,personal,1,2023-12-10,2,2024-01-07,30,28,False,True,33.4459,-86.7502,8,True,29.0,28.0,True,1.0,1.0,3.003003003003003
43013345,personal,2,2023-12-11,3,2024-01-08,31,28,True,False,33.4653,-86.8082,8,True,29.0,27.0,True,1.0,1.0,2.5
12044608,personal,3,2023-12-19,11,2024-01-09,32,21,True,False,33.3967,-86.8346,8,True,25.0,15.0,True,1.0,1.0,2.0
63650990,personal,1,2023-12-11,3,2024-01-08,31,28,False,True,33.5066,-86.7428,8,True,31.0,29.0,True,1.0,1.0,3.003003003003003
14829022,personal,2,2023-12-10,2,2024-01-07,30,28,True,False,33.3813,-86.7046,8,True,21.0,20.0,True,1.0,1.0,2.5
16864876,personal,2,2023-12-14,6,2024-01-11,34,28,False,True,34.9341,-84.2541,12,True,26.0,21.0,True,1.0,1.0,2.5
75276484,personal,1,2023-12-11,3,2024-01-08,31,28,False,True,30.7977,-81.7075,11,True,29.0,27.0,True,1.0,1.0,3.003003003003003
92521157,personal,2,2023-12-15,7,2024-01-12,35,28,False,True,30.8385,-83.9696,11,True,33.0,27.0,True,1.0,1.0,2.5
60177649,personal,4,2023-12-11,3,2023-12-25,17,14,True,False,32.8595,-83.802,5,True,15.0,13.0,True,2.0,2.0,1.6
33047846,personal,2,2023-12-10,2,2024-01-07,30,28,True,False,30.9742,-84.055,28,True,9.0,8.0,True,1.0,1.0,2.0
21167710,personal,2,2023-12-11,3,2024-01-08,31,28,False,True,30.9742,-84.055,11,True,31.0,29.0,True,1.0,1.0,2.5
68076342,personal,2,2023-12-15,7,2024-01-12,35,28,True,False,33.9382,-84.5403,5,True,34.0,28.0,True,1.0,1.0,2.5
69417955,personal,3,2023-12-13,5,2024-01-03,26,21,True,False,39.1125,-77.2515,7,True,15.0,11.0,True,1.0,1.0,2.0
56991996,personal,4,2023-12-11,3,2023-12-25,17,14,True,False,34.9847,-80.4476,3,True,17.0,15.0,True,1.0,1.0,1.0
63577916,personal,3,2023-12-14,6,2024-01-04,27,21,True,False,35.3716,-80.53,3,True,14.0,9.0,True,1.0,1.0,2.0
40123897,personal,1,2023-12-11,3,2024-01-08,31,28,False,True,35.1697,-79.3957,9,True,31.0,29.0,True,1.0,1.0,3.003003003003003
22265186,personal,3,2023-12-11,3,2024-01-01,24,21,True,False,36.0318,-79.4889,9,True,22.0,20.0,True,1.0,1.0,2.0
84607862,personal,2,2023-12-12,4,2024-01-09,32,28,True,False,36.1024,-80.2228,3,True,32.0,29.0,True,1.0,1.0,2.5
34052085,personal,3,2023-12-15,7,2024-01-05,28,21,True,False,38.6955,-76.6061,7,True,28.0,22.0,True,1.0,1.0,2.0
16376540,personal,3,2023-12-11,3,2024-01-01,24,21,True,False,38.5257,-76.9865,7,True,14.0,12.0,True,1.0,1.0,2.0
77004428,business,5,2023-12-12,4,2023-12-19,11,7,True,False,37.7284,-77.5544,2,True,11.0,8.0,True,8.0,3.0,1.0
68550850,personal,3,2023-12-11,3,2024-01-01,24,21,True,False,37.4638,-77.398,2,True,20.0,18.0,True,1.0,1.0,2.0
38345481,personal,3,2023-12-14,6,2024-01-04,27,21,True,False,37.27,-77.4038,2,True,22.0,17.0,True,1.0,1.0,2.0
47872044,personal,4,2023-12-12,4,2023-12-26,18,14,True,False,37.2876,-77.295,2,True,17.0,14.0,True,2.0,2.0,1.5003750937734435
93076070,personal,3,2023-12-11,3,2024-01-01,24,21,True,False,38.9033,-77.1263,7,True,24.0,22.0,True,1.0,1.0,2.0
49689566,personal,3,2023-12-11,3,2024-01-01,24,21,True,False,36.8581,-82.7627,23,True,24.0,22.0,True,3.0,1.0,1.1999999999999997
84080874,personal,2,2023-12-11,3,2024-01-08,31,28,True,False,37.4376,-79.205,24,True,31.0,29.0,True,1.0,1.0,2.0
33943820,personal,1,2023-12-10,2,2024-01-07,30,28,False,True,37.2206,-82.2853,12,True,28.0,27.0,True,1.0,1.0,3.003003003003003
33870428,personal,4,2023-12-11,3,2023-12-25,17,14,True,False,41.3087,-72.9271,6,True,15.0,13.0,True,3.0,3.0,1.0001875468867216
33540615,personal,4,2023-12-12,4,2023-12-26,18,14,True,False,40.7051,-73.243,10,True,18.0,15.0,True,3.0,3.0,1.0001875468867216
36095364,personal,4,2023-12-11,3,2023-12-25,17,14,True,False,36.3054,-86.6072,0,True,15.0,13.0,True,2.0,2.0,1.5003750937734435
69194463,personal,4,2023-12-10,2,2023-12-24,16,14,True,False,36.3834,-86.4512,0,True,13.0,12.0,True,2.0,2.0,1.5003750937734435
51033345,personal,4,2023-12-11,3,2023-12-25,17,14,True,False,36.3834,-86.4512,0,True,14.0,12.0,True,2.0,2.0,1.5003750937734435
18516429,business,3,2023-12-11,3,2024-01-01,24,21,True,False,32.5286,-92.1061,14,,,,,,,
88123043,business,3,2023-12-11,3,2024-01-01,24,21,True,False,32.5286,-92.1061,14,,,,,,,
24180856,business,3,2023-12-11,3,2024-01-01,24,21,True,False,32.553,-92.0422,14,,,,,,,
77132975,business,3,2023-12-18,10,2024-01-08,31,21,True,False,32.6971,-91.8634,14,,,,,,,
99123981,business,3,2023-12-11,3,2024-01-01,24,21,True,False,32.553,-92.0422,14,,,,,,,
51440708,personal,3,2023-12-12,4,2024-01-02,25,21,False,True,39.3914,-76.4871,13,True,23.0,20.0,True,1.0,1.0,2.0
92065055,personal,4,2023-12-28,20,2024-01-11,34,14,True,False,35.5393,-82.518,23,True,33.0,14.0,True,8.0,1.0,1.0
25952259,personal,4,2023-12-12,4,2023-12-26,18,14,True,False,38.8377,-76.798,7,True,18.0,15.0,True,1.0,1.0,1.0
75719762,personal,2,2023-12-12,4,2024-01-09,32,28,True,False,42.9192,-73.8552,18,True,32.0,29.0,True,1.0,1.0,2.5
40115937,personal,5,2023-12-11,3,2023-12-18,10,7,True,False,39.1551,-76.7215,13,True,7.0,5.0,True,4.0,2.0,1.0
63105228,personal,4,2023-12-11,3,2023-12-25,17,14,True,False,41.216,-73.1304,6,True,15.0,13.0,True,3.0,3.0,1.0001875468867216
86517267,personal,4,2023-12-11,3,2023-12-25,17,14,True,False,41.9185,-71.8968,17,True,12.0,10.0,True,2.0,1.0,1.5003750937734435
61866275,personal,2,2023-12-12,4,2024-01-09,32,28,False,True,41.7905,-72.8653,6,True,25.0,22.0,True,1.0,1.0,2.5
33010398,personal,3,2023-12-12,4,2024-01-02,25,21,True,False,41.2701,-72.9638,6,True,24.0,21.0,True,1.0,1.0,2.0
54359883,personal,4,2023-12-12,4,2023-12-26,18,14,True,False,41.2701,-72.9638,6,True,18.0,15.0,True,3.0,3.0,1.0001875468867216
29524718,personal,4,2023-12-14,6,2023-12-28,20,14,True,False,41.3072,-72.8654,6,True,20.0,15.0,True,2.0,2.0,1.5003750937734435
74419280,personal,4,2023-12-12,4,2023-12-26,18,14,True,False,36.0595,-86.6592,0,True,18.0,15.0,True,1.0,1.0,1.0
54515224,personal,3,2023-12-15,7,2024-01-05,28,21,False,True,36.5853,-87.4186,15,True,28.0,22.0,True,1.0,1.0,2.0
47158309,personal,3,2023-12-11,3,2024-01-01,24,21,True,False,35.4837,-80.9898,3,True,18.0,16.0,True,1.0,1.0,2.0
92830955,personal,4,2023-12-12,4,2023-12-26,18,14,True,False,35.6813,-78.5975,9,True,14.0,11.0,True,2.0,1.0,1.5003750937734435
99435436,personal,4,2023-12-10,2,2023-12-24,16,14,True,False,35.5494,-80.4226,3,True,2.0,1.0,True,1.0,1.0,1.0
76648186,personal,4,2023-12-11,3,2023-12-25,17,14,True,False,38.7587,-76.9835,7,True,17.0,15.0,True,1.0,1.0,1.0
87459649,personal,3,2023-12-12,4,2024-01-02,25,21,True,False,38.2495,-76.4529,7,True,23.0,20.0,True,1.0,1.0,1.6
24915230,personal,2,2023-12-12,4,2024-01-09,32,28,False,True,39.1275,-76.698,13,True,25.0,22.0,True,1.0,1.0,2.5
51681149,personal,3,2023-12-13,5,2024-01-03,26,21,True,False,38.928,-77.2649,7,True,25.0,21.0,True,1.0,1.0,2.0
37946335,personal,5,2023-12-10,2,2023-12-17,9,7,True,False,33.4653,-86.8082,8,True,8.0,7.0,True,6.0,4.0,1.0
85614782,personal,3,2023-12-10,2,2023-12-31,23,21,True,False,33.2845,-87.1024,8,True,22.0,21.0,True,1.0,1.0,2.0
98815343,personal,3,2023-12-10,2,2023-12-31,23,21,True,False,33.4653,-86.8082,8,True,22.0,21.0,True,1.0,1.0,2.0
96670406,business,5,2023-12-15,7,2023-12-22,14,7,True,False,36.3054,-86.6072,0,True,14.0,8.0,True,4.0,3.0,1.0
43631890,personal,5,2023-12-09,1,2023-12-16,8,7,True,False,36.5853,-87.4186,15,True,8.0,8.0,True,8.0,5.0,1.0
35181090,personal,4,2023-12-09,1,2023-12-23,15,14,True,False,36.5853,-87.4186,15,True,15.0,15.0,True,1.0,1.0,1.0
75745580,personal,3,2023-12-09,1,2023-12-30,22,21,False,True,36.522,-87.349,15,True,1.0,1.0,True,1.0,1.0,2.0
75208548,personal,4,2023-12-09,1,2023-12-23,15,14,True,False,36.2604,-86.7046,0,True,12.0,12.0,True,2.0,2.0,1.5003750937734435
29135757,personal,5,2023-12-09,1,2023-12-16,8,7,True,False,36.3834,-86.4512,0,True,6.0,6.0,True,5.0,4.0,1.0
95647390,personal,3,2023-12-10,2,2023-12-31,23,21,True,False,36.3834,-86.4512,0,True,21.0,20.0,True,1.0,1.0,2.0
33476502,personal,3,2023-12-10,2,2023-12-31,23,21,False,True,36.3834,-86.4512,0,True,2.0,1.0,True,1.0,1.0,2.0
40114190,personal,5,2023-12-10,2,2023-12-17,9,7,True,False,36.522,-87.349,15,True,9.0,8.0,True,8.0,5.0,1.0
50984520,personal,5,2023-12-10,2,2023-12-17,9,7,True,False,36.5853,-87.4186,15,True,9.0,8.0,True,7.0,4.0,1.0
95886590,personal,3,2023-12-10,2,2023-12-31,23,21,True,False,36.522,-87.349,15,True,23.0,22.0,True,1.0,1.0,2.0
70479662,personal,4,2023-12-11,3,2023-12-25,17,14,True,False,36.5853,-87.4186,15,True,17.0,15.0,True,1.0,1.0,1.0
43685517,personal,3,2023-12-11,3,2024-01-01,24,21,False,True,36.522,-87.349,15,True,23.0,21.0,True,1.0,1.0,2.0
42069937,personal,5,2023-12-17,9,2023-12-24,16,7,True,False,36.3054,-86.6072,0,True,16.0,8.0,True,4.0,3.0,1.0
80794183,personal,4,2023-12-10,2,2023-12-24,16,14,True,False,36.2604,-86.7046,0,True,14.0,13.0,True,1.0,1.0,1.0
81401247,personal,3,2023-12-10,2,2023-12-31,23,21,True,False,36.2604,-86.7046,0,True,22.0,21.0,True,1.0,1.0,2.0
62583355,personal,2,2023-12-11,3,2024-01-08,31,28,True,False,31.3247,-86.5067,22,True,6.0,4.0,True,1.0,1.0,1.5
98771101,personal,4,2023-12-11,3,2023-12-25,17,14,True,False,39.6045,-75.9538,13,True,13.0,11.0,True,1.0,1.0,1.0
52750269,business,3,2023-12-11,3,2024-01-01,24,21,False,True,32.553,-92.0422,14,True,22.0,20.0,True,1.0,1.0,2.0
66223766,business,3,2023-12-11,3,2024-01-01,24,21,False,True,33.4816,-86.859,8,True,22.0,20.0,True,1.0,1.0,2.0
42537717,personal,3,2023-12-10,2,2023-12-31,23,21,True,False,33.4459,-86.7502,8,True,20.0,19.0,True,1.0,1.0,2.0
99061701,personal,3,2023-12-10,2,2023-12-31,23,21,False,True,33.4188,-86.7867,8,True,23.0,22.0,True,1.0,1.0,2.0
98229611,personal,5,2023-12-10,2,2023-12-17,9,7,True,False,33.4459,-86.7502,8,True,9.0,8.0,True,5.0,4.0,1.0
33931618,personal,3,2023-12-10,2,2023-12-31,23,21,True,False,33.4653,-86.8082,8,True,21.0,20.0,True,1.0,1.0,2.0
39278652,personal,3,2023-12-10,2,2023-12-31,23,21,True,False,33.4459,-86.7502,8,True,21.0,20.0,True,1.0,1.0,2.0
67091841,personal,3,2023-12-10,2,2023-12-31,23,21,True,False,33.4653,-86.8082,8,True,23.0,22.0,True,1.0,1.0,2.0
55388403,personal,5,2023-12-10,2,2023-12-17,9,7,True,False,33.3967,-86.8346,8,True,8.0,7.0,True,5.0,4.0,1.0
74810352,personal,4,2023-12-10,2,2023-12-24,16,14,True,False,33.4995,-86.7268,8,True,13.0,12.0,True,1.0,1.0,1.0
40737428,personal,5,2023-12-10,2,2023-12-17,9,7,True,False,33.4995,-86.7268,8,True,5.0,4.0,True,7.0,6.0,1.0
55903838,personal,4,2023-12-10,2,2023-12-24,16,14,True,False,33.4653,-86.8082,8,True,12.0,11.0,True,2.0,2.0,1.5003750937734435
68070900,personal,3,2023-12-10,2,2023-12-31,23,21,True,False,33.4995,-86.7268,8,True,12.0,11.0,True,1.0,1.0,2.0
85903801,personal,4,2023-12-10,2,2023-12-24,16,14,True,False,33.4653,-86.8082,8,True,13.0,12.0,True,1.0,1.0,1.0
17573177,personal,3,2023-12-11,3,2024-01-01,24,21,False,True,33.3967,-86.8346,8,True,20.0,18.0,True,1.0,1.0,2.0
36464638,personal,3,2023-12-11,3,2024-01-01,24,21,True,False,33.4653,-86.8082,8,True,23.0,21.0,True,1.0,1.0,2.0
91456579,personal,3,2023-12-11,3,2024-01-01,24,21,False,True,33.3967,-86.8346,8,True,24.0,22.0,True,1.0,1.0,2.0
94835245,personal,5,2023-12-11,3,2023-12-18,10,7,True,False,33.4459,-86.7502,8,True,10.0,8.0,True,6.0,4.0,1.125
34607809,personal,3,2023-12-11,3,2024-01-01,24,21,False,True,33.4653,-86.8082,8,True,22.0,20.0,True,1.0,1.0,2.0
63197914,personal,3,2023-12-11,3,2024-01-01,24,21,False,True,33.4653,-86.8082,8,True,23.0,21.0,True,1.0,1.0,2.0
39112945,personal,3,2023-12-10,2,2023-12-31,23,21,True,False,33.4653,-86.8082,8,True,23.0,22.0,True,1.0,1.0,2.0
90142511,personal,3,2023-12-10,2,2023-12-31,23,21,False,True,33.4653,-86.8082,8,True,16.0,15.0,True,1.0,1.0,2.0
53976647,personal,4,2023-12-10,2,2023-12-24,16,14,True,False,33.4459,-86.7502,8,True,11.0,10.0,True,2.0,2.0,1.5003750937734435
76247345,personal,3,2023-12-10,2,2023-12-31,23,21,True,False,33.4188,-86.7867,8,True,21.0,20.0,True,1.0,1.0,2.0
95279447,personal,3,2023-12-22,14,2024-01-12,35,21,False,True,39.4332,-76.6546,13,True,30.0,17.0,True,1.0,1.0,2.0
13989168,personal,3,2023-12-28,20,2024-01-18,41,21,True,False,39.2856,-76.6899,13,True,32.0,13.0,True,1.0,1.0,2.0
56052364,personal,4,2023-12-11,3,2023-12-25,17,14,True,False,34.0031,-84.0126,5,True,17.0,15.0,True,1.0,1.0,1.0
47254755,personal,4,2023-12-12,4,2023-12-26,18,14,True,False,41.6823,-72.9302,6,True,18.0,15.0,True,3.0,2.0,1.0001875468867216
14427676,personal,2,2023-12-11,3,2024-01-08,31,28,True,False,41.5761,-72.5093,6,True,27.0,25.0,True,1.0,1.0,2.5
71015832,personal,4,2023-12-11,3,2023-12-25,17,14,True,False,41.3484,-72.9117,6,True,15.0,13.0,True,3.0,3.0,1.0001875468867216
39034200,personal,4,2023-12-11,3,2023-12-25,17,14,True,False,41.3822,-72.8585,6,True,17.0,15.0,True,3.0,3.0,1.0001875468867216
72828702,personal,3,2023-12-11,3,2024-01-01,24,21,True,False,41.5511,-73.0645,6,True,23.0,21.0,True,1.0,1.0,2.0
36513892,personal,4,2023-12-11,3,2023-12-25,17,14,True,False,41.3962,-72.7809,6,True,17.0,15.0,True,3.0,2.0,1.0001875468867216
93666596,personal,4,2023-12-11,3,2023-12-25,17,14,True,False,41.7807,-71.9541,17,True,17.0,15.0,True,2.0,2.0,1.5003750937734435
88878361,personal,4,2023-12-11,3,2023-12-25,17,14,True,False,41.8697,-71.982,17,True,16.0,14.0,True,3.0,2.0,1.0001875468867216
23539645,personal,3,2023-12-11,3,2024-01-01,24,21,True,False,41.473,-73.4978,6,True,24.0,22.0,True,1.0,1.0,2.0
52947904,personal,3,2023-12-11,3,2024-01-01,24,21,True,False,41.3917,-73.4532,6,True,23.0,21.0,True,1.0,1.0,2.0
61894420,personal,4,2023-12-11,3,2023-12-25,17,14,True,False,41.5371,-72.0849,6,True,17.0,15.0,True,3.0,2.0,1.0001875468867216
43420345,personal,2,2023-12-11,3,2024-01-08,31,28,False,True,41.8696,-72.3718,6,True,31.0,29.0,True,1.0,1.0,2.5
34500973,personal,4,2023-12-11,3,2023-12-25,17,14,True,False,41.7556,-72.7532,6,True,17.0,15.0,True,3.0,3.0,1.0001875468867216
21571015,personal,3,2023-12-11,3,2024-01-01,24,21,False,True,41.7638,-72.673,6,True,24.0,22.0,True,1.0,1.0,2.0
56835375,personal,5,2023-12-11,3,2023-12-18,10,7,True,False,41.28,-72.8106,6,True,7.0,5.0,True,8.0,6.0,1.0
50871797,personal,4,2023-12-11,3,2023-12-25,17,14,True,False,41.8561,-72.6639,6,True,17.0,15.0,True,3.0,2.0,1.0001875468867216
95190490,personal,4,2023-12-11,3,2023-12-25,17,14,True,False,41.5569,-72.6652,6,True,13.0,11.0,True,3.0,3.0,1.0001875468867216
44545163,personal,4,2023-12-18,10,2024-01-01,24,14,True,False,41.473,-73.4978,6,True,20.0,11.0,True,2.0,2.0,1.5003750937734435
34670293,personal,4,2023-12-19,11,2024-01-02,25,14,True,False,41.5371,-72.0849,6,True,22.0,12.0,True,2.0,2.0,1.5003750937734435
80636212,personal,4,2023-12-19,11,2024-01-02,25,14,True,False,41.28,-72.8106,6,True,21.0,11.0,True,2.0,2.0,1.5003750937734435
36599335,personal,4,2023-12-11,3,2023-12-25,17,14,True,False,41.5168,-72.7186,6,True,14.0,12.0,True,3.0,3.0,1.0001875468867216
71714404,personal,2,2023-12-11,3,2024-01-08,31,28,False,True,41.3572,-72.0579,6,True,26.0,24.0,True,1.0,1.0,2.5
52235288,personal,4,2023-12-11,3,2023-12-25,17,14,True,False,41.6867,-72.7908,6,True,13.0,11.0,True,3.0,2.0,1.0001875468867216
20075564,personal,5,2023-12-19,11,2023-12-26,18,7,True,False,42.4843,-71.2768,17,True,18.0,8.0,True,8.0,4.0,1.0
68714832,personal,3,2023-12-28,20,2024-01-18,41,21,True,False,42.2113,-70.9582,17,True,40.0,21.0,True,1.0,1.0,2.0
71615680,personal,1,2023-12-29,21,2024-01-26,49,28,False,True,42.5694,-70.9425,17,True,39.0,19.0,True,1.0,1.0,3.003003003003003
91523808,personal,4,2023-12-11,3,2023-12-25,17,14,True,False,33.857,-84.216,5,True,14.0,12.0,True,1.0,1.0,1.0
28143961,personal,4,2023-12-19,11,2024-01-02,25,14,True,False,39.0496,-77.1204,7,True,25.0,15.0,True,1.0,1.0,1.0
50324291,personal,5,2023-12-21,13,2023-12-28,20,7,True,False,39.2387,-77.2794,7,True,20.0,8.0,True,6.0,3.0,1.0
15011884,personal,5,2023-12-28,20,2024-01-04,27,7,True,False,39.0887,-77.095,7,True,27.0,8.0,True,4.0,3.0,1.0
83144084,personal,4,2023-12-28,20,2024-01-11,34,14,True,False,39.0668,-76.9969,7,True,29.0,10.0,True,2.0,2.0,1.5003750937734435
63533246,business,5,2023-12-11,3,2023-12-18,10,7,True,False,36.2604,-86.7046,0,True,10.0,8.0,True,5.0,4.0,1.0
80386487,business,3,2023-12-11,3,2024-01-01,24,21,True,False,36.3054,-86.6072,0,True,20.0,18.0,True,1.0,1.0,2.0
23573807,business,3,2023-12-11,3,2024-01-01,24,21,True,False,36.4774,-87.3772,15,True,24.0,22.0,True,1.0,1.0,2.0
18664311,business,3,2023-12-11,3,2024-01-01,24,21,True,False,36.3054,-86.6072,0,True,23.0,21.0,True,1.0,1.0,2.0
53619360,business,3,2023-12-28,20,2024-01-18,41,21,True,False,36.3054,-86.6072,0,True,41.0,22.0,True,1.0,1.0,2.0
93121434,personal,4,2023-12-09,1,2023-12-23,15,14,True,False,36.3054,-86.6072,0,True,15.0,15.0,True,1.0,1.0,1.0
90352127,personal,2,2023-12-10,2,2024-01-07,30,28,False,True,36.2604,-86.7046,0,True,24.0,23.0,True,1.0,1.0,2.5
89095133,personal,3,2023-12-10,2,2023-12-31,23,21,False,True,36.3834,-86.4512,0,True,20.0,19.0,True,1.0,1.0,2.0
45934863,personal,4,2023-12-09,1,2023-12-23,15,14,True,False,36.5853,-87.4186,15,True,15.0,15.0,True,2.0,2.0,1.5003750937734435
67410106,personal,5,2023-12-09,1,2023-12-16,8,7,True,False,36.5853,-87.4186,15,True,7.0,7.0,True,5.0,4.0,1.0
95801842,personal,3,2023-12-09,1,2023-12-30,22,21,True,False,36.5853,-87.4186,15,True,22.0,22.0,True,1.0,1.0,2.0
94065300,personal,4,2023-12-09,1,2023-12-23,15,14,True,False,36.5853,-87.4186,15,True,11.0,11.0,True,2.0,2.0,1.5003750937734435
58386645,personal,3,2023-12-09,1,2023-12-30,22,21,True,False,36.522,-87.349,15,True,22.0,22.0,True,1.0,1.0,2.0
60702931,personal,3,2023-12-09,1,2023-12-30,22,21,False,True,36.522,-87.349,15,True,20.0,20.0,True,1.0,1.0,2.0
87178272,personal,3,2023-12-09,1,2023-12-30,22,21,True,False,36.5853,-87.4186,15,True,18.0,18.0,True,1.0,1.0,2.0
35054537,personal,1,2023-12-09,1,2024-01-06,29,28,False,True,36.522,-87.349,15,True,28.0,28.0,True,1.0,1.0,3.003003003003003
65692182,personal,3,2023-12-09,1,2023-12-30,22,21,True,False,36.5853,-87.4186,15,True,22.0,22.0,True,1.0,1.0,2.0
41735900,personal,4,2023-12-09,1,2023-12-23,15,14,True,False,36.5853,-87.4186,15,True,15.0,15.0,True,2.0,2.0,1.5003750937734435
59458268,personal,3,2023-12-09,1,2023-12-30,22,21,True,False,36.522,-87.349,15,True,14.0,14.0,True,1.0,1.0,2.0
67235920,personal,3,2023-12-09,1,2023-12-30,22,21,True,False,36.3054,-86.6072,0,True,22.0,22.0,True,1.0,1.0,2.0
49631463,personal,3,2023-12-09,1,2023-12-30,22,21,True,False,36.522,-87.349,15,True,11.0,11.0,True,1.0,1.0,2.0
71760872,personal,5,2023-12-09,1,2023-12-16,8,7,True,False,36.5853,-87.4186,15,True,7.0,7.0,True,6.0,5.0,1.0
38660125,personal,3,2023-12-09,1,2023-12-30,22,21,True,False,36.5853,-87.4186,15,True,20.0,20.0,True,1.0,1.0,2.0
92352574,personal,4,2023-12-09,1,2023-12-23,15,14,True,False,36.3834,-86.4512,0,True,11.0,11.0,True,2.0,2.0,1.5003750937734435
75728900,personal,3,2023-12-09,1,2023-12-30,22,21,True,False,36.3834,-86.4512,0,True,20.0,20.0,True,1.0,1.0,2.0
19806199,personal,4,2023-12-09,1,2023-12-23,15,14,True,False,36.522,-87.349,15,True,14.0,14.0,True,2.0,2.0,1.5003750937734435
18915815,personal,4,2023-12-09,1,2023-12-23,15,14,True,False,36.3834,-86.4512,0,True,15.0,15.0,True,1.0,1.0,1.0
55612037,personal,3,2023-12-09,1,2023-12-30,22,21,True,False,36.522,-87.349,15,True,22.0,22.0,True,1.0,1.0,2.0
87106153,personal,3,2023-12-10,2,2023-12-31,23,21,True,False,36.5018,-86.8769,0,True,17.0,16.0,True,1.0,1.0,2.0
99615756,personal,3,2023-12-10,2,2023-12-31,23,21,False,True,36.3834,-86.4512,0,True,23.0,22.0,True,1.0,1.0,2.0
53853343,personal,3,2023-12-10,2,2023-12-31,23,21,True,False,36.2604,-86.7046,0,True,21.0,20.0,True,1.0,1.0,2.0
12343114,personal,5,2023-12-10,2,2023-12-17,9,7,True,False,36.3834,-86.4512,0,True,9.0,8.0,True,6.0,3.0,1.125
47699157,personal,5,2023-12-10,2,2023-12-17,9,7,True,False,36.522,-87.349,15,False,,,False,,,
59301149,personal,3,2023-12-10,2,2023-12-31,23,21,False,True,36.3806,-86.3107,0,True,2.0,1.0,True,1.0,1.0,2.0
47879707,personal,5,2023-12-10,2,2023-12-17,9,7,True,False,36.5853,-87.4186,15,True,8.0,7.0,True,7.0,7.0,1.0
65463716,personal,3,2023-12-10,2,2023-12-31,23,21,True,False,36.5853,-87.4186,15,True,20.0,19.0,True,1.0,1.0,2.0
68435739,personal,2,2023-12-10,2,2024-01-07,30,28,True,False,36.3834,-86.4512,0,True,28.0,27.0,True,1.0,1.0,2.5
34289454,personal,3,2023-12-10,2,2023-12-31,23,21,False,True,36.3054,-86.6072,0,True,23.0,22.0,True,1.0,1.0,2.0
68390470,personal,3,2023-12-10,2,2023-12-31,23,21,True,False,36.2604,-86.7046,0,True,17.0,16.0,True,1.0,1.0,2.0
48135440,personal,3,2023-12-10,2,2023-12-31,23,21,True,False,36.2604,-86.7046,0,True,23.0,22.0,True,1.0,1.0,2.0
67975870,personal,3,2023-12-10,2,2023-12-31,23,21,True,False,36.3054,-86.6072,0,True,20.0,19.0,True,1.0,1.0,2.0
44633479,personal,3,2023-12-10,2,2023-12-31,23,21,True,False,36.522,-87.349,15,True,18.0,17.0,True,1.0,1.0,2.0
11738311,personal,3,2023-12-10,2,2023-12-31,23,21,True,False,36.3834,-86.4512,0,True,19.0,18.0,True,1.0,1.0,2.0
27935826,personal,3,2023-12-10,2,2023-12-31,23,21,True,False,36.5853,-87.4186,15,True,19.0,18.0,True,1.0,1.0,2.0
28699898,personal,3,2023-12-10,2,2023-12-31,23,21,True,False,36.3834,-86.4512,0,True,21.0,20.0,True,1.0,1.0,2.0
54532624,personal,2,2023-12-10,2,2024-01-07,30,28,False,True,36.5853,-87.4186,15,True,28.0,27.0,True,1.0,1.0,2.5
54610468,personal,3,2023-12-10,2,2023-12-31,23,21,False,True,36.2604,-86.7046,0,True,23.0,22.0,True,1.0,1.0,2.0
25168299,personal,3,2023-12-10,2,2023-12-31,23,21,True,False,36.5853,-87.4186,15,True,22.0,21.0,True,1.0,1.0,2.0
79719922,personal,3,2023-12-10,2,2023-12-31,23,21,False,True,36.5018,-86.8769,0,True,23.0,22.0,True,1.0,1.0,2.0
99379271,personal,4,2023-12-10,2,2023-12-24,16,14,True,False,36.5853,-87.4186,15,True,14.0,13.0,True,2.0,2.0,1.5003750937734435
61261482,personal,3,2023-12-10,2,2023-12-31,23,21,True,False,36.5853,-87.4186,15,True,19.0,18.0,True,1.0,1.0,2.0
62177143,personal,3,2023-12-10,2,2023-12-31,23,21,True,False,36.3054,-86.6072,0,True,20.0,19.0,True,1.0,1.0,2.0
16403894,personal,3,2023-12-10,2,2023-12-31,23,21,True,False,36.522,-87.349,15,True,19.0,18.0,True,1.0,1.0,2.0
87020892,personal,3,2023-12-10,2,2023-12-31,23,21,True,False,36.3834,-86.4512,0,True,18.0,17.0,True,1.0,1.0,2.0
18186790,personal,3,2023-12-10,2,2023-12-31,23,21,True,False,36.2604,-86.7046,0,True,19.0,18.0,True,1.0,1.0,2.0
86723437,personal,3,2023-12-10,2,2023-12-31,23,21,True,False,36.2604,-86.7046,0,True,21.0,20.0,True,1.0,1.0,2.0
34336286,personal,4,2023-12-10,2,2023-12-24,16,14,True,False,36.3834,-86.4512,0,True,14.0,13.0,True,1.0,1.0,1.0
90880063,personal,3,2023-12-10,2,2023-12-31,23,21,True,False,36.3834,-86.4512,0,True,19.0,18.0,True,1.0,1.0,2.0
65526976,personal,3,2023-12-10,2,2023-12-31,23,21,False,True,36.2604,-86.7046,0,True,16.0,15.0,True,1.0,1.0,2.0
98908009,personal,5,2023-12-10,2,2023-12-17,9,7,True,False,36.5853,-87.4186,15,True,9.0,8.0,True,6.0,5.0,1.0
69618328,personal,3,2023-12-10,2,2023-12-31,23,21,True,False,36.5853,-87.4186,15,True,23.0,22.0,True,1.0,1.0,2.0
96626645,personal,3,2023-12-10,2,2023-12-31,23,21,True,False,36.5853,-87.4186,15,True,19.0,18.0,True,1.0,1.0,2.0
13828931,personal,3,2023-12-11,3,2024-01-01,24,21,True,False,36.5853,-87.4186,15,True,23.0,21.0,True,1.0,1.0,2.0
85559919,personal,2,2023-12-11,3,2024-01-08,31,28,True,False,36.5853,-87.4186,15,True,30.0,28.0,True,1.0,1.0,2.5
90390571,personal,3,2023-12-11,3,2024-01-01,24,21,False,True,36.522,-87.349,15,True,23.0,21.0,True,1.0,1.0,2.0
90275645,personal,2,2023-12-11,3,2024-01-08,31,28,True,False,36.2604,-86.7046,0,True,31.0,29.0,True,1.0,1.0,2.5
15400518,personal,5,2023-12-11,3,2023-12-18,10,7,True,False,36.3834,-86.4512,0,True,10.0,8.0,True,6.0,6.0,1.0
82408034,personal,5,2023-12-11,3,2023-12-18,10,7,True,False,36.522,-87.349,15,True,10.0,8.0,True,4.0,4.0,1.0
37712464,personal,3,2023-12-11,3,2024-01-01,24,21,True,False,36.2604,-86.7046,0,True,19.0,17.0,True,1.0,1.0,2.0
77519781,personal,3,2023-12-11,3,2024-01-01,24,21,True,False,36.2604,-86.7046,0,True,18.0,16.0,True,1.0,1.0,2.0
27132449,personal,3,2023-12-11,3,2024-01-01,24,21,True,False,36.2604,-86.7046,0,True,24.0,22.0,True,1.0,1.0,2.0
93410999,personal,2,2023-12-11,3,2024-01-08,31,28,True,False,36.2604,-86.7046,0,True,30.0,28.0,True,1.0,1.0,2.5
48618286,personal,2,2023-12-11,3,2024-01-08,31,28,True,False,36.5853,-87.4186,15,True,27.0,25.0,True,1.0,1.0,2.5
79215234,personal,5,2023-12-11,3,2023-12-18,10,7,True,False,36.3834,-86.4512,0,True,10.0,8.0,True,8.0,6.0,1.125
16947841,personal,2,2023-12-11,3,2024-01-08,31,28,True,False,36.5853,-87.4186,15,True,27.0,25.0,True,1.0,1.0,2.5
81276423,personal,5,2023-12-11,3,2023-12-18,10,7,True,False,36.522,-87.349,15,True,10.0,8.0,True,7.0,5.0,1.0
67251615,personal,3,2023-12-11,3,2024-01-01,24,21,True,False,36.5853,-87.4186,15,True,20.0,18.0,True,1.0,1.0,2.0
23584752,personal,3,2023-12-11,3,2024-01-01,24,21,True,False,36.2604,-86.7046,0,True,24.0,22.0,True,1.0,1.0,2.0
70059778,personal,3,2023-12-11,3,2024-01-01,24,21,True,False,36.3834,-86.4512,0,True,21.0,19.0,True,1.0,1.0,2.0
79303757,personal,3,2023-12-11,3,2024-01-01,24,21,False,True,36.2604,-86.7046,0,True,24.0,22.0,True,1.0,1.0,2.0
12509957,personal,3,2023-12-11,3,2024-01-01,24,21,True,False,36.3834,-86.4512,0,True,24.0,22.0,True,1.0,1.0,2.0
34721191,personal,3,2023-12-11,3,2024-01-01,24,21,True,False,36.522,-87.349,15,True,23.0,21.0,True,1.0,1.0,2.0
68066256,personal,3,2023-12-11,3,2024-01-01,24,21,True,False,36.1798,-86.7411,0,True,18.0,16.0,True,1.0,1.0,2.0
30460395,personal,3,2023-12-11,3,2024-01-01,24,21,True,False,36.522,-87.349,15,True,23.0,21.0,True,1.0,1.0,2.0
15670276,personal,3,2023-12-11,3,2024-01-01,24,21,True,False,36.3834,-86.4512,0,True,24.0,22.0,True,1.0,1.0,2.0
70087922,personal,3,2023-12-11,3,2024-01-01,24,21,True,False,36.3834,-86.4512,0,True,18.0,16.0,True,1.0,1.0,2.0
29599524,personal,3,2023-12-11,3,2024-01-01,24,21,False,True,36.5853,-87.4186,15,True,16.0,14.0,True,1.0,1.0,2.0
97394220,personal,2,2023-12-11,3,2024-01-08,31,28,False,True,36.3054,-86.6072,0,True,31.0,29.0,True,1.0,1.0,2.5
20670989,personal,1,2023-12-11,3,2024-01-08,31,28,False,True,36.5853,-87.4186,15,True,30.0,28.0,True,1.0,1.0,3.003003003003003
28229164,personal,3,2023-12-11,3,2024-01-01,24,21,True,False,36.3834,-86.4512,0,True,24.0,22.0,True,1.0,1.0,2.0
58146778,personal,4,2023-12-11,3,2023-12-25,17,14,True,False,36.3834,-86.4512,0,True,17.0,15.0,True,1.0,1.0,1.0
44438241,personal,3,2023-12-11,3,2024-01-01,24,21,False,True,36.3834,-86.4512,0,True,14.0,12.0,True,1.0,1.0,2.0
82280556,personal,3,2023-12-11,3,2024-01-01,24,21,True,False,36.2604,-86.7046,0,True,23.0,21.0,True,1.0,1.0,2.0
19106941,personal,3,2023-12-11,3,2024-01-01,24,21,True,False,36.5673,-86.5059,0,True,20.0,18.0,True,1.0,1.0,2.0
37086983,personal,5,2023-12-11,3,2023-12-18,10,7,True,False,36.2604,-86.7046,0,True,10.0,8.0,True,5.0,5.0,1.0
24005038,personal,3,2023-12-11,3,2024-01-01,24,21,True,False,36.2604,-86.7046,0,True,23.0,21.0,True,1.0,1.0,2.0
68068737,personal,2,2023-12-11,3,2024-01-08,31,28,False,True,36.3054,-86.6072,0,True,31.0,29.0,True,1.0,1.0,2.5
58588247,personal,3,2023-12-11,3,2024-01-01,24,21,True,False,36.3834,-86.4512,0,True,24.0,22.0,True,1.0,1.0,2.0
19551080,personal,4,2023-12-11,3,2023-12-25,17,14,True,False,36.5853,-87.4186,15,True,16.0,14.0,True,2.0,2.0,1.5003750937734435
76765208,personal,3,2023-12-11,3,2024-01-01,24,21,True,False,36.522,-87.349,15,True,20.0,18.0,True,1.0,1.0,2.0
48114411,personal,2,2023-12-12,4,2024-01-09,32,28,True,False,36.522,-87.349,15,True,31.0,28.0,True,1.0,1.0,2.5
79890536,personal,3,2023-12-12,4,2024-01-02,25,21,True,False,36.5853,-87.4186,15,True,22.0,19.0,True,1.0,1.0,2.0
57986793,personal,3,2023-12-12,4,2024-01-02,25,21,True,False,36.522,-87.349,15,True,25.0,22.0,True,1.0,1.0,2.0
75395824,personal,2,2023-12-12,4,2024-01-09,32,28,True,False,36.5853,-87.4186,15,True,32.0,29.0,True,1.0,1.0,2.5
50017519,personal,3,2023-12-12,4,2024-01-02,25,21,False,True,36.3417,-86.7212,0,True,8.0,5.0,True,1.0,1.0,2.0
26043468,personal,3,2023-12-12,4,2024-01-02,25,21,True,False,36.5853,-87.4186,15,True,22.0,19.0,True,1.0,1.0,2.0
12562183,personal,3,2023-12-12,4,2024-01-02,25,21,False,True,36.2604,-86.7046,0,True,23.0,20.0,True,1.0,1.0,2.0
88103198,personal,3,2023-12-12,4,2024-01-02,25,21,True,False,36.5853,-87.4186,15,True,22.0,19.0,True,1.0,1.0,2.0
33668434,personal,5,2023-12-13,5,2023-12-20,12,7,True,False,36.522,-87.349,15,True,12.0,8.0,True,4.0,4.0,1.0
52917637,personal,2,2023-12-13,5,2024-01-10,33,28,False,True,36.5853,-87.4186,15,True,26.0,22.0,True,1.0,1.0,2.5
62482328,personal,3,2023-12-13,5,2024-01-03,26,21,True,False,36.5853,-87.4186,15,True,15.0,11.0,True,1.0,1.0,2.0
24667385,personal,3,2023-12-14,6,2024-01-04,27,21,True,False,36.5853,-87.4186,15,True,13.0,8.0,True,1.0,1.0,2.0
45779025,personal,3,2023-12-14,6,2024-01-04,27,21,True,False,36.522,-87.349,15,True,24.0,19.0,True,1.0,1.0,2.0
64518651,personal,3,2023-12-15,7,2024-01-05,28,21,True,False,36.3054,-86.6072,0,True,28.0,22.0,True,1.0,1.0,2.0
70000816,personal,3,2023-12-15,7,2024-01-05,28,21,True,False,36.3054,-86.6072,0,True,25.0,19.0,True,1.0,1.0,2.0
38490624,personal,3,2023-12-15,7,2024-01-05,28,21,True,False,36.3834,-86.4512,0,True,28.0,22.0,True,1.0,1.0,2.0
12903742,personal,3,2023-12-15,7,2024-01-05,28,21,False,True,36.3054,-86.6072,0,True,28.0,22.0,True,1.0,1.0,2.0
89722181,personal,3,2023-12-16,8,2024-01-06,29,21,True,False,36.3054,-86.6072,0,True,29.0,22.0,True,1.0,1.0,2.0
62915506,personal,3,2023-12-16,8,2024-01-06,29,21,True,False,36.3054,-86.6072,0,True,27.0,20.0,True,1.0,1.0,2.0
64732138,personal,3,2023-12-16,8,2024-01-06,29,21,True,False,36.2195,-86.774,0,True,27.0,20.0,True,1.0,1.0,2.0
79204406,personal,4,2023-12-16,8,2023-12-30,22,14,True,False,36.5853,-87.4186,15,True,16.0,9.0,True,2.0,2.0,1.5003750937734435
45785981,personal,3,2023-12-17,9,2024-01-07,30,21,True,False,36.3834,-86.4512,0,True,29.0,21.0,True,1.0,1.0,2.0
84003540,personal,3,2023-12-18,10,2024-01-08,31,21,True,False,36.5018,-86.8769,0,True,29.0,20.0,True,1.0,1.0,2.0
60375227,personal,3,2023-12-18,10,2024-01-08,31,21,True,False,36.5853,-87.4186,15,True,20.0,11.0,True,1.0,1.0,2.0
34926876,personal,2,2023-12-20,12,2024-01-17,40,28,False,True,36.4229,-86.7914,0,True,32.0,21.0,True,1.0,1.0,2.5
79604516,personal,3,2023-12-20,12,2024-01-10,33,21,True,False,36.539,-86.0242,0,True,33.0,22.0,True,1.0,1.0,2.0
97569558,personal,3,2023-12-20,12,2024-01-10,33,21,True,False,36.3054,-86.6072,0,True,32.0,21.0,True,1.0,1.0,2.0
14016899,personal,3,2023-12-20,12,2024-01-10,33,21,False,True,36.3834,-86.4512,0,True,33.0,22.0,True,1.0,1.0,2.0
45174426,personal,3,2023-12-12,4,2024-01-02,25,21,True,False,36.5853,-87.4186,15,True,25.0,22.0,True,1.0,1.0,2.0
84346161,personal,3,2023-12-10,2,2023-12-31,23,21,True,False,36.3834,-86.4512,0,True,17.0,16.0,True,1.0,1.0,2.0
53702340,personal,3,2023-12-10,2,2023-12-31,23,21,False,True,36.3834,-86.4512,0,True,23.0,22.0,True,1.0,1.0,2.0
45594890,personal,2,2023-12-10,2,2024-01-07,30,28,True,False,36.5853,-87.4186,15,True,26.0,25.0,True,1.0,1.0,2.5
36393664,personal,4,2023-12-10,2,2023-12-24,16,14,True,False,36.3834,-86.4512,0,True,12.0,11.0,True,2.0,2.0,1.5003750937734435
82019812,personal,3,2023-12-10,2,2023-12-31,23,21,False,True,36.3834,-86.4512,0,True,21.0,20.0,True,1.0,1.0,2.0
13376386,personal,3,2023-12-09,1,2023-12-30,22,21,False,True,36.3834,-86.4512,0,True,1.0,1.0,True,1.0,1.0,2.0
58768390,personal,3,2023-12-10,2,2023-12-31,23,21,False,True,36.3834,-86.4512,0,True,23.0,22.0,True,1.0,1.0,2.0
53310059,personal,3,2023-12-10,2,2023-12-31,23,21,True,False,36.5853,-87.4186,15,True,18.0,17.0,True,1.0,1.0,2.0
41716518,personal,5,2023-12-10,2,2023-12-17,9,7,True,False,36.3834,-86.4512,0,True,7.0,6.0,True,6.0,5.0,1.0
25881538,personal,3,2023-12-10,2,2023-12-31,23,21,True,False,36.3834,-86.4512,0,True,21.0,20.0,True,1.0,1.0,2.0
10941562,personal,3,2023-12-10,2,2023-12-31,23,21,True,False,36.2604,-86.7046,0,True,18.0,17.0,True,1.0,1.0,2.0
51967161,personal,3,2023-12-10,2,2023-12-31,23,21,False,True,36.5853,-87.4186,15,True,21.0,20.0,True,1.0,1.0,2.0
90092190,personal,3,2023-12-27,19,2024-01-17,40,21,False,True,40.7952,-74.4873,10,True,40.0,22.0,True,1.0,1.0,2.0
65947359,personal,5,2023-12-11,3,2023-12-18,10,7,True,False,38.5257,-76.9865,7,True,6.0,4.0,True,5.0,5.0,1.0
27646906,personal,2,2023-12-11,3,2024-01-08,31,28,False,True,38.8377,-76.798,7,True,31.0,29.0,True,1.0,1.0,2.5
29397931,personal,5,2023-12-11,3,2023-12-18,10,7,True,False,38.6294,-76.9769,7,True,8.0,6.0,True,5.0,4.0,1.0
94662445,personal,5,2023-12-11,3,2023-12-18,10,7,True,False,38.5257,-76.9865,7,True,9.0,7.0,True,6.0,4.0,1.125
45600752,personal,3,2023-12-11,3,2024-01-01,24,21,True,False,38.9963,-76.9299,7,True,23.0,21.0,True,1.0,1.0,2.0
33875686,personal,4,2023-12-12,4,2023-12-26,18,14,True,False,38.5974,-76.9903,7,True,18.0,15.0,True,2.0,2.0,1.5003750937734435
49989156,personal,4,2023-12-13,5,2023-12-27,19,14,True,False,38.1441,-76.4083,7,True,19.0,15.0,True,2.0,2.0,1.050112528132033
39086722,personal,5,2023-12-13,5,2023-12-20,12,7,True,False,38.8108,-76.9898,7,True,12.0,8.0,True,7.0,4.0,1.0
39449946,personal,4,2023-12-14,6,2023-12-28,20,14,True,False,38.8425,-76.9222,7,True,19.0,14.0,True,2.0,2.0,1.5003750937734435
46902838,personal,3,2023-12-16,8,2024-01-06,29,21,True,False,38.7829,-76.5515,7,True,28.0,21.0,True,1.0,1.0,2.0
72621526,personal,3,2023-12-19,11,2024-01-09,32,21,True,False,38.8377,-76.798,7,True,31.0,21.0,True,1.0,1.0,2.0
18979824,personal,5,2023-12-23,15,2023-12-30,22,7,True,False,38.584,-76.8942,7,True,22.0,8.0,True,4.0,3.0,1.0
20243729,personal,5,2023-12-23,15,2023-12-30,22,7,True,False,38.584,-76.8942,7,True,22.0,8.0,True,7.0,6.0,1.0
19012650,personal,4,2023-12-11,3,2023-12-25,17,14,True,False,38.8539,-76.8891,7,True,16.0,14.0,True,2.0,2.0,1.5003750937734435
97077356,personal,3,2023-12-13,5,2024-01-03,26,21,False,True,38.7829,-76.5515,7,True,26.0,22.0,True,1.0,1.0,2.0
70946685,personal,3,2023-12-11,3,2024-01-01,24,21,True,False,31.3247,-86.5067,22,True,3.0,1.0,True,1.0,1.0,1.2
31301509,personal,4,2023-12-09,1,2023-12-23,15,14,True,False,36.9375,-86.4481,0,True,13.0,13.0,True,2.0,2.0,1.5003750937734435
34101951,personal,5,2023-12-11,3,2023-12-18,10,7,True,False,37.0344,-87.4891,15,True,10.0,8.0,True,6.0,6.0,1.0
26347945,personal,3,2023-12-19,11,2024-01-09,32,21,False,True,36.9663,-86.3933,0,True,32.0,22.0,True,1.0,1.0,2.0
39210969,business,3,2023-12-14,6,2024-01-04,27,21,True,False,32.7119,-92.0981,14,,,,,,,
18149250,personal,5,2023-12-10,2,2023-12-17,9,7,True,False,36.3834,-86.4512,0,True,9.0,8.0,True,4.0,3.0,1.0
27929077,business,3,2023-12-11,3,2024-01-01,24,21,True,False,36.13,-88.9849,25,True,23.0,21.0,True,2.0,2.0,1.5999999999999996
46524537,personal,4,2023-12-11,3,2023-12-25,17,14,True,False,36.1485,-88.7453,25,True,17.0,15.0,True,20.0,3.0,0.9999999999999998
94603692,personal,5,2023-12-11,3,2023-12-18,10,7,True,False,36.6517,-80.2392,24,False,,,False,,,
24350390,personal,5,2023-12-11,3,2023-12-18,10,7,True,False,37.857,-76.2829,2,False,,,False,,,
17574155,personal,5,2023-12-10,2,2023-12-17,9,7,True,False,33.4995,-86.7268,8,True,9.0,8.0,True,5.0,5.0,1.0
26512783,personal,5,2023-12-10,2,2023-12-17,9,7,True,False,33.4653,-86.8082,8,True,8.0,7.0,True,7.0,6.0,1.0
40984670,personal,5,2023-12-10,2,2023-12-17,9,7,True,False,33.4459,-86.7502,8,True,8.0,7.0,True,7.0,7.0,1.0
17090145,personal,4,2023-12-10,2,2023-12-24,16,14,True,False,33.3967,-86.8346,8,True,12.0,11.0,True,1.0,1.0,1.0
26027239,business,3,2023-12-10,2,2023-12-31,23,21,False,True,36.3054,-86.6072,0,True,3.0,2.0,True,1.0,1.0,2.0
55007093,business,3,2023-12-10,2,2023-12-31,23,21,True,False,36.3054,-86.6072,0,True,22.0,21.0,True,1.0,1.0,2.0
29744388,business,3,2023-12-11,3,2024-01-01,24,21,False,True,36.3054,-86.6072,0,True,22.0,20.0,True,1.0,1.0,2.0
10419250,business,3,2023-12-11,3,2024-01-01,24,21,True,False,36.2604,-86.7046,0,True,19.0,17.0,True,1.0,1.0,2.0
61059101,business,3,2023-12-11,3,2024-01-01,24,21,True,False,36.2604,-86.7046,0,True,24.0,22.0,True,1.0,1.0,2.0
57381509,business,3,2023-12-15,7,2024-01-05,28,21,True,False,36.5853,-87.4186,15,True,25.0,19.0,True,1.0,1.0,2.0
80065108,business,4,2023-12-10,2,2023-12-24,16,14,True,False,36.2604,-86.7046,0,True,14.0,13.0,True,2.0,1.0,1.5003750937734435
49078084,business,3,2023-12-10,2,2023-12-31,23,21,True,False,36.3054,-86.6072,0,True,23.0,22.0,True,1.0,1.0,2.0
94426110,personal,5,2023-12-09,1,2023-12-16,8,7,True,False,36.5853,-87.4186,15,True,7.0,7.0,True,5.0,4.0,1.0
26000831,personal,5,2023-12-09,1,2023-12-16,8,7,True,False,36.5853,-87.4186,15,True,4.0,4.0,True,5.0,5.0,1.0
26961910,personal,5,2023-12-09,1,2023-12-16,8,7,True,False,36.5853,-87.4186,15,True,8.0,8.0,True,5.0,5.0,1.0
44997027,personal,3,2023-12-09,1,2023-12-30,22,21,True,False,36.5853,-87.4186,15,True,22.0,22.0,True,1.0,1.0,2.0
20407921,personal,5,2023-12-09,1,2023-12-16,8,7,True,False,36.5853,-87.4186,15,True,7.0,7.0,True,5.0,5.0,1.0
37785214,personal,5,2023-12-09,1,2023-12-16,8,7,True,False,36.5853,-87.4186,15,True,7.0,7.0,True,8.0,6.0,1.0
20404074,personal,5,2023-12-09,1,2023-12-16,8,7,True,False,36.3834,-86.4512,0,False,,,False,,,
96497996,personal,5,2023-12-10,2,2023-12-17,9,7,True,False,36.5853,-87.4186,15,True,7.0,6.0,True,5.0,5.0,1.0
34364820,personal,5,2023-12-11,3,2023-12-18,10,7,True,False,36.5853,-87.4186,15,True,10.0,8.0,True,6.0,5.0,1.0
27252372,personal,4,2023-12-10,2,2023-12-24,16,14,True,False,37.4782,-77.5854,2,True,16.0,15.0,True,2.0,2.0,1.5003750937734435
90198592,business,3,2023-12-11,3,2024-01-01,24,21,True,False,33.3967,-86.8346,8,True,17.0,15.0,True,1.0,1.0,2.0
34785007,business,3,2023-12-11,3,2024-01-01,24,21,False,True,36.3834,-86.4512,0,True,22.0,20.0,True,1.0,1.0,2.0
18373836,business,3,2023-12-14,6,2024-01-04,27,21,True,False,36.3834,-86.4512,0,True,27.0,22.0,True,1.0,1.0,2.0
